PID,abs_velocity_mm_yr,stability_level,agent_predicted_level,recommended_action
3,61.64506875000001,4,4,FIELD INSPECTION
3,11.817866666666669,3,3,ENHANCED MONITORING
3,24.176506250000006,3,3,ENHANCED MONITORING
3,12.16079583333333,3,3,ENHANCED MONITORING
3,36.5432625,4,4,FIELD INSPECTION
3,27.322729166666665,3,3,ENHANCED MONITORING
3,21.85615416666667,3,3,ENHANCED MONITORING
3,10.728204166666664,3,3,ENHANCED MONITORING
3,47.22986875,4,4,FIELD INSPECTION
3,21.812527083333325,3,3,ENHANCED MONITORING
3,2.299045833333333,2,3,ENHANCED MONITORING
3,19.829016666666657,3,3,ENHANCED MONITORING
3,3.3501541666666603,2,3,ENHANCED MONITORING
3,15.433841666666666,3,3,ENHANCED MONITORING
3,74.85392916666667,4,4,FIELD INSPECTION
3,77.87738750000001,4,4,FIELD INSPECTION
3,51.171525,4,4,FIELD INSPECTION
3,5.581222916666673,2,3,ENHANCED MONITORING
3,7.332393750000004,2,3,ENHANCED MONITORING
3,37.69481458333332,4,4,FIELD INSPECTION
3,15.27658125,3,3,ENHANCED MONITORING
3,10.390347916666663,3,3,ENHANCED MONITORING
3,11.838158333333338,3,3,ENHANCED MONITORING
3,4.472283333333336,2,3,ENHANCED MONITORING
3,28.168891666666664,3,3,ENHANCED MONITORING
3,41.994618749999994,4,4,FIELD INSPECTION
3,17.82318541666666,4,3,ENHANCED MONITORING
3,8.399735416666672,2,3,ENHANCED MONITORING
3,48.50317083333332,4,4,FIELD INSPECTION
3,32.46768124999999,4,4,FIELD INSPECTION
3,34.248275,4,4,FIELD INSPECTION
3,67.1999125,4,4,FIELD INSPECTION
3,57.70442708333332,4,4,FIELD INSPECTION
3,22.424320833333336,3,3,ENHANCED MONITORING
3,14.738852083333335,3,3,ENHANCED MONITORING
3,7.90969166666667,2,3,ENHANCED MONITORING
3,15.565737500000003,3,3,ENHANCED MONITORING
3,21.705488541666668,3,3,ENHANCED MONITORING
3,55.860421874999986,4,4,FIELD INSPECTION
3,28.223171874999995,3,3,ENHANCED MONITORING
3,52.11204374999999,4,4,FIELD INSPECTION
3,34.165079166666665,4,4,FIELD INSPECTION
3,47.50380625,4,4,FIELD INSPECTION
3,5.247425000000007,2,3,ENHANCED MONITORING
3,20.437766666666658,3,3,ENHANCED MONITORING
3,42.04534791666666,4,4,FIELD INSPECTION
3,15.958381250000004,3,3,ENHANCED MONITORING
3,10.413683333333324,3,3,ENHANCED MONITORING
3,39.04522499999999,4,4,FIELD INSPECTION
3,43.267920833333335,4,4,FIELD INSPECTION
3,22.369533333333347,3,3,ENHANCED MONITORING
3,80.7141625,4,4,FIELD INSPECTION
3,6.408108333333321,2,3,ENHANCED MONITORING
3,21.79730833333332,3,3,ENHANCED MONITORING
3,19.490145833333344,3,3,ENHANCED MONITORING
3,53.83176249999999,4,4,FIELD INSPECTION
3,43.29024166666667,5,5,REINFORCE / ALARM
3,162.70467083333332,5,5,REINFORCE / ALARM
3,254.9120333333333,5,5,REINFORCE / ALARM
3,313.13288333333327,5,5,REINFORCE / ALARM
3,265.4332625,5,5,REINFORCE / ALARM
3,157.51609166666665,5,5,REINFORCE / ALARM
3,60.31900833333336,4,4,FIELD INSPECTION
3,36.82125833333334,4,4,FIELD INSPECTION
3,69.8418875,4,4,FIELD INSPECTION
3,43.722454166666665,5,5,REINFORCE / ALARM
3,96.38541666666667,4,4,FIELD INSPECTION
3,6.061120833333329,3,5,REINFORCE / ALARM
3,69.94131666666665,4,4,FIELD INSPECTION
3,138.85181666666668,5,5,REINFORCE / ALARM
3,74.94219791666667,4,4,FIELD INSPECTION
3,50.89860208333332,4,4,FIELD INSPECTION
3,9.051097916666654,2,3,ENHANCED MONITORING
3,40.258666666666706,4,4,FIELD INSPECTION
3,35.91219166666671,4,4,FIELD INSPECTION
3,34.58511666666669,4,4,FIELD INSPECTION
3,75.22120833333338,4,4,FIELD INSPECTION
3,111.32414166666668,5,5,REINFORCE / ALARM
3,14.66072916666666,4,3,ENHANCED MONITORING
3,39.69049999999999,4,4,FIELD INSPECTION
7,25.665914583333333,3,3,ENHANCED MONITORING
7,20.504729166666667,3,3,ENHANCED MONITORING
7,14.09154791666667,3,3,ENHANCED MONITORING
7,8.793393749999993,2,3,ENHANCED MONITORING
7,68.8131,4,4,FIELD INSPECTION
7,29.794254166666658,3,3,ENHANCED MONITORING
7,20.08469166666667,3,3,ENHANCED MONITORING
7,4.6508499999999975,2,3,ENHANCED MONITORING
7,16.648297916666664,3,3,ENHANCED MONITORING
7,27.115754166666672,3,3,ENHANCED MONITORING
7,90.6307,4,5,REINFORCE / ALARM
7,49.74603541666668,4,4,FIELD INSPECTION
7,62.38267083333334,4,4,FIELD INSPECTION
7,4.015720833333334,2,3,ENHANCED MONITORING
7,0.5042479166666668,1,3,ENHANCED MONITORING
7,19.128954166666666,3,3,ENHANCED MONITORING
7,2.897650000000001,2,3,ENHANCED MONITORING
7,34.49684791666667,4,4,FIELD INSPECTION
7,45.351875,4,4,FIELD INSPECTION
7,30.32082291666667,4,4,FIELD INSPECTION
7,4.726436458333332,2,3,ENHANCED MONITORING
7,10.467963541666668,3,3,ENHANCED MONITORING
7,27.756463541666673,3,3,ENHANCED MONITORING
7,25.20833750000001,3,3,ENHANCED MONITORING
7,21.137829166666666,3,3,ENHANCED MONITORING
7,35.93349791666666,4,4,FIELD INSPECTION
7,36.168881250000005,5,5,REINFORCE / ALARM
7,58.06156041666667,4,4,FIELD INSPECTION
7,87.96031666666666,4,4,FIELD INSPECTION
7,21.36306666666667,3,3,ENHANCED MONITORING
7,86.2537875,4,4,FIELD INSPECTION
7,39.02493333333334,4,4,FIELD INSPECTION
7,25.337189583333338,4,3,ENHANCED MONITORING
7,70.68500625,4,4,FIELD INSPECTION
7,38.27617083333334,4,4,FIELD INSPECTION
7,15.627627083333337,3,3,ENHANCED MONITORING
7,48.64724166666667,4,4,FIELD INSPECTION
7,84.72176666666667,4,4,FIELD INSPECTION
7,11.95179166666667,3,3,ENHANCED MONITORING
7,5.012041666666664,2,3,ENHANCED MONITORING
7,38.277185416666676,4,4,FIELD INSPECTION
7,34.42887083333334,5,5,REINFORCE / ALARM
7,7.342539583333344,2,3,ENHANCED MONITORING
7,70.70732708333333,4,4,FIELD INSPECTION
7,3.602785416666663,2,3,ENHANCED MONITORING
7,13.643102083333327,3,3,ENHANCED MONITORING
7,9.24183958333333,2,3,ENHANCED MONITORING
7,22.40301458333333,3,3,ENHANCED MONITORING
7,30.59577499999999,4,4,FIELD INSPECTION
7,18.289893749999997,3,3,ENHANCED MONITORING
7,7.846787499999995,2,3,ENHANCED MONITORING
7,16.792368749999994,3,3,ENHANCED MONITORING
7,49.07843958333333,4,4,FIELD INSPECTION
7,12.650839583333337,3,3,ENHANCED MONITORING
7,39.94617500000001,4,4,FIELD INSPECTION
7,24.44334166666667,3,3,ENHANCED MONITORING
7,108.85261666666663,5,5,REINFORCE / ALARM
7,24.65843333333332,3,3,ENHANCED MONITORING
7,2.5668958333333323,2,3,ENHANCED MONITORING
7,82.72506666666665,4,4,FIELD INSPECTION
7,23.992866666666657,3,3,ENHANCED MONITORING
7,76.56248749999999,4,4,FIELD INSPECTION
7,14.551154166666672,3,3,ENHANCED MONITORING
7,56.38648333333334,4,4,FIELD INSPECTION
7,9.046025000000002,2,3,ENHANCED MONITORING
7,97.83424166666667,4,5,REINFORCE / ALARM
7,14.123,4,3,ENHANCED MONITORING
7,24.636112500000014,3,3,ENHANCED MONITORING
7,95.39721249999998,5,5,REINFORCE / ALARM
7,64.67157083333333,5,5,REINFORCE / ALARM
7,98.48661874999998,5,5,REINFORCE / ALARM
7,152.4167958333333,5,5,REINFORCE / ALARM
7,36.096845833333326,4,4,FIELD INSPECTION
7,10.510068749999997,3,3,ENHANCED MONITORING
7,39.114216666666664,4,4,FIELD INSPECTION
7,27.044733333333344,3,3,ENHANCED MONITORING
7,8.236387499999998,2,3,ENHANCED MONITORING
7,105.51463749999999,5,5,REINFORCE / ALARM
7,30.839275,5,5,REINFORCE / ALARM
7,57.043933333333335,4,4,FIELD INSPECTION
8,6.009377083333331,2,3,ENHANCED MONITORING
8,11.430295833333332,3,3,ENHANCED MONITORING
8,0.24857291666666725,1,3,ENHANCED MONITORING
8,12.759400000000001,3,3,ENHANCED MONITORING
8,45.76683958333333,4,4,FIELD INSPECTION
8,43.118777083333335,4,4,FIELD INSPECTION
8,27.661599999999996,3,3,ENHANCED MONITORING
8,1.1581468749999975,1,3,ENHANCED MONITORING
8,1.3062760416666659,1,3,ENHANCED MONITORING
8,20.800480208333333,3,3,ENHANCED MONITORING
8,22.603902083333335,3,3,ENHANCED MONITORING
8,33.515745833333334,4,4,FIELD INSPECTION
8,72.74968333333332,4,4,FIELD INSPECTION
8,7.494727083333333,2,3,ENHANCED MONITORING
8,42.37508750000001,4,4,FIELD INSPECTION
8,9.562447916666663,2,3,ENHANCED MONITORING
8,18.825593749999992,3,3,ENHANCED MONITORING
8,72.04759166666666,4,4,FIELD INSPECTION
8,41.39195624999999,4,4,FIELD INSPECTION
8,7.313116666666666,2,3,ENHANCED MONITORING
8,44.54984687499999,4,4,FIELD INSPECTION
8,9.827761458333327,2,3,ENHANCED MONITORING
8,28.443336458333334,3,3,ENHANCED MONITORING
8,42.778891666666674,4,4,FIELD INSPECTION
8,37.819608333333335,4,4,FIELD INSPECTION
8,50.489725,4,4,FIELD INSPECTION
8,10.104235416666663,4,3,ENHANCED MONITORING
8,43.56316458333333,4,4,FIELD INSPECTION
8,94.08129791666666,4,5,REINFORCE / ALARM
8,27.688993749999998,3,3,ENHANCED MONITORING
8,62.16149166666667,4,4,FIELD INSPECTION
8,47.58091458333333,4,4,FIELD INSPECTION
8,5.0830624999999925,3,3,ENHANCED MONITORING
8,47.629614583333336,4,4,FIELD INSPECTION
8,72.01005208333335,4,4,FIELD INSPECTION
8,11.518564583333331,3,3,ENHANCED MONITORING
8,1.8952416666666636,1,3,ENHANCED MONITORING
8,49.14895312499999,4,4,FIELD INSPECTION
8,43.26741354166666,4,4,FIELD INSPECTION
8,18.005303125,3,3,ENHANCED MONITORING
8,40.71624375,4,4,FIELD INSPECTION
8,53.090102083333335,4,4,FIELD INSPECTION
8,5.447805208333335,2,3,ENHANCED MONITORING
8,20.818742708333335,3,3,ENHANCED MONITORING
8,0.2683572916666653,1,3,ENHANCED MONITORING
8,12.172970833333336,3,3,ENHANCED MONITORING
8,10.965616666666667,3,3,ENHANCED MONITORING
8,1.2641708333333348,1,3,ENHANCED MONITORING
8,13.758764583333338,3,3,ENHANCED MONITORING
8,5.8602333333333325,2,3,ENHANCED MONITORING
8,11.769166666666669,3,3,ENHANCED MONITORING
8,14.26707083333334,3,3,ENHANCED MONITORING
8,130.48353333333333,5,5,REINFORCE / ALARM
8,50.12244583333335,5,5,REINFORCE / ALARM
8,20.391095833333328,4,5,REINFORCE / ALARM
8,102.94165416666665,5,5,REINFORCE / ALARM
8,8.583374999999995,2,3,ENHANCED MONITORING
8,22.74290000000002,3,3,ENHANCED MONITORING
8,30.94073333333333,4,4,FIELD INSPECTION
8,80.62284999999999,4,4,FIELD INSPECTION
8,149.10925416666666,5,5,REINFORCE / ALARM
8,132.8799791666667,5,5,REINFORCE / ALARM
8,111.72794583333335,5,5,REINFORCE / ALARM
8,15.2491875,3,3,ENHANCED MONITORING
8,15.547475000000029,3,3,ENHANCED MONITORING
8,6.732774999999985,2,3,ENHANCED MONITORING
8,29.542637499999994,3,4,FIELD INSPECTION
8,106.8478,5,5,REINFORCE / ALARM
8,13.56700833333332,4,3,ENHANCED MONITORING
8,51.2384875,4,4,FIELD INSPECTION
8,8.830933333333325,2,3,ENHANCED MONITORING
8,63.89440000000001,4,4,FIELD INSPECTION
8,42.60032499999997,4,4,FIELD INSPECTION
8,30.443587500000024,4,4,FIELD INSPECTION
8,56.07602083333335,4,4,FIELD INSPECTION
8,0.8989208333334062,1,3,ENHANCED MONITORING
8,38.53184583333336,4,4,FIELD INSPECTION
8,83.87357500000003,4,4,FIELD INSPECTION
8,26.51106249999999,4,5,REINFORCE / ALARM
8,33.47313333333332,4,4,FIELD INSPECTION
10,130.03711666666666,5,5,REINFORCE / ALARM
10,33.826208333333334,5,4,FIELD INSPECTION
10,22.732754166666666,3,3,ENHANCED MONITORING
10,4.066450000000003,3,3,ENHANCED MONITORING
10,38.416690625,4,4,FIELD INSPECTION
10,49.47564895833333,4,4,FIELD INSPECTION
10,61.04494270833334,4,4,FIELD INSPECTION
10,59.17202187500001,4,4,FIELD INSPECTION
10,50.23252812500001,4,4,FIELD INSPECTION
10,49.806403125,4,4,FIELD INSPECTION
10,65.7510875,4,4,FIELD INSPECTION
10,89.89005416666664,4,4,FIELD INSPECTION
10,23.51296875,3,3,ENHANCED MONITORING
10,34.13058333333334,4,4,FIELD INSPECTION
10,46.10672499999999,4,4,FIELD INSPECTION
10,19.618997916666668,3,3,ENHANCED MONITORING
10,12.371829166666666,3,3,ENHANCED MONITORING
10,34.536416666666675,4,4,FIELD INSPECTION
10,45.63595833333334,4,4,FIELD INSPECTION
10,12.062381250000001,3,3,ENHANCED MONITORING
10,27.963438541666672,3,3,ENHANCED MONITORING
10,7.827003125000009,2,3,ENHANCED MONITORING
10,5.551292708333327,2,3,ENHANCED MONITORING
10,71.88119999999999,4,4,FIELD INSPECTION
10,51.35719375,4,4,FIELD INSPECTION
10,35.54897083333333,4,4,FIELD INSPECTION
10,4.565624999999998,2,3,ENHANCED MONITORING
10,37.73742708333333,4,4,FIELD INSPECTION
10,60.55439166666667,4,4,FIELD INSPECTION
10,123.74669999999999,5,5,REINFORCE / ALARM
10,103.6396875,5,5,REINFORCE / ALARM
10,162.99078333333333,5,5,REINFORCE / ALARM
10,119.81113125000002,5,5,REINFORCE / ALARM
10,107.1339125,5,5,REINFORCE / ALARM
10,31.8437125,4,4,FIELD INSPECTION
10,58.84177500000002,4,4,FIELD INSPECTION
10,87.81218750000001,4,4,FIELD INSPECTION
10,74.95792395833332,4,4,FIELD INSPECTION
10,31.184740625000007,4,4,FIELD INSPECTION
10,6.6886406250000014,2,3,ENHANCED MONITORING
10,23.422670833333356,3,3,ENHANCED MONITORING
10,1.8181333333333463,1,3,ENHANCED MONITORING
10,35.084291666666665,4,4,FIELD INSPECTION
10,116.69433125000005,5,5,REINFORCE / ALARM
10,41.26716250000001,5,5,REINFORCE / ALARM
10,12.880135416666675,3,3,ENHANCED MONITORING
10,64.39763333333337,4,4,FIELD INSPECTION
10,28.277452083333326,3,4,FIELD INSPECTION
10,7.1802062500000305,2,3,ENHANCED MONITORING
10,28.430654166666667,3,4,FIELD INSPECTION
10,10.492820833333314,3,3,ENHANCED MONITORING
10,74.41562916666665,4,4,FIELD INSPECTION
10,12.816216666666685,3,3,ENHANCED MONITORING
10,79.49057499999998,4,4,FIELD INSPECTION
10,87.68232083333335,4,4,FIELD INSPECTION
10,214.05070416666672,5,5,REINFORCE / ALARM
10,106.47849166666663,5,5,REINFORCE / ALARM
10,25.58779166666672,4,5,REINFORCE / ALARM
10,23.842708333333423,4,5,REINFORCE / ALARM
10,56.95667916666664,4,4,FIELD INSPECTION
10,192.498925,5,5,REINFORCE / ALARM
10,120.16927916666667,5,5,REINFORCE / ALARM
10,141.59322083333345,5,5,REINFORCE / ALARM
10,81.15246249999996,4,4,FIELD INSPECTION
10,15.71386666666666,4,3,ENHANCED MONITORING
10,26.571937499999994,4,3,ENHANCED MONITORING
10,1.2459083333333183,1,3,ENHANCED MONITORING
10,18.652100000000075,4,3,ENHANCED MONITORING
10,25.395020833333334,3,4,FIELD INSPECTION
10,135.89734999999988,5,5,REINFORCE / ALARM
10,29.103322916666702,4,5,REINFORCE / ALARM
10,62.110762499999986,4,4,FIELD INSPECTION
10,102.4343624999999,5,5,REINFORCE / ALARM
10,37.55480208333329,4,4,FIELD INSPECTION
10,5.086106250000081,2,3,ENHANCED MONITORING
10,129.24878541666666,5,5,REINFORCE / ALARM
10,31.984739583333294,5,5,REINFORCE / ALARM
10,19.473912499999965,3,3,ENHANCED MONITORING
10,29.288991666666735,4,5,REINFORCE / ALARM
10,29.652212500000033,3,4,FIELD INSPECTION
12,18.668333333333333,3,3,ENHANCED MONITORING
12,46.87780833333332,4,4,FIELD INSPECTION
12,24.95672083333334,3,3,ENHANCED MONITORING
12,10.525287500000006,3,3,ENHANCED MONITORING
12,49.93525520833333,4,4,FIELD INSPECTION
12,10.562319791666669,3,3,ENHANCED MONITORING
12,28.05069270833333,3,3,ENHANCED MONITORING
12,32.895328125,4,4,FIELD INSPECTION
12,48.70659479166665,4,4,FIELD INSPECTION
12,7.137086458333343,2,3,ENHANCED MONITORING
12,13.616722916666646,3,3,ENHANCED MONITORING
12,15.879243749999981,3,3,ENHANCED MONITORING
12,22.37765,3,3,ENHANCED MONITORING
12,33.19716666666665,4,4,FIELD INSPECTION
12,10.847924999999988,3,3,ENHANCED MONITORING
12,17.435614583333322,3,3,ENHANCED MONITORING
12,54.92548333333332,4,4,FIELD INSPECTION
12,35.052839583333316,4,4,FIELD INSPECTION
12,28.271364583333337,3,3,ENHANCED MONITORING
12,7.691556250000025,2,3,ENHANCED MONITORING
12,2.862646874999978,2,3,ENHANCED MONITORING
12,0.7797072916666679,1,3,ENHANCED MONITORING
12,0.2754593750000254,1,3,ENHANCED MONITORING
12,11.204043749999984,3,3,ENHANCED MONITORING
12,12.855785416666658,3,3,ENHANCED MONITORING
12,7.752431250000029,2,3,ENHANCED MONITORING
12,4.329227083333338,2,3,ENHANCED MONITORING
12,53.716100000000004,4,4,FIELD INSPECTION
12,21.17638333333333,3,3,ENHANCED MONITORING
12,43.06500416666669,4,4,FIELD INSPECTION
12,21.246389583333343,3,3,ENHANCED MONITORING
12,52.254085416666676,4,4,FIELD INSPECTION
12,31.713845833333313,4,4,FIELD INSPECTION
12,3.2253604166666463,2,3,ENHANCED MONITORING
12,4.421554166666636,2,3,ENHANCED MONITORING
12,19.155333333333314,3,3,ENHANCED MONITORING
12,16.139991666666646,3,3,ENHANCED MONITORING
12,35.69202708333331,4,4,FIELD INSPECTION
12,19.516525000000005,3,3,ENHANCED MONITORING
12,19.701179166666634,3,3,ENHANCED MONITORING
12,45.76379583333334,4,4,FIELD INSPECTION
12,18.441066666666686,3,3,ENHANCED MONITORING
12,8.65642499999999,2,3,ENHANCED MONITORING
12,1.9946708333333163,1,3,ENHANCED MONITORING
12,1.4579562499999763,1,3,ENHANCED MONITORING
12,8.163337500000004,2,3,ENHANCED MONITORING
12,19.88583333333334,3,3,ENHANCED MONITORING
12,47.72295624999998,4,4,FIELD INSPECTION
12,0.2221937499999882,1,3,ENHANCED MONITORING
12,52.89022916666668,4,4,FIELD INSPECTION
12,54.44051250000001,4,4,FIELD INSPECTION
12,9.588827083333333,2,3,ENHANCED MONITORING
12,87.54332291666667,4,4,FIELD INSPECTION
12,105.6292854166666,5,5,REINFORCE / ALARM
12,104.6644166666667,5,5,REINFORCE / ALARM
12,54.60284583333331,4,4,FIELD INSPECTION
12,26.541499999999996,3,3,ENHANCED MONITORING
12,4.951166666666665,2,3,ENHANCED MONITORING
12,100.48027499999996,5,5,REINFORCE / ALARM
12,1.9358250000000983,1,3,ENHANCED MONITORING
12,70.01436666666655,5,5,REINFORCE / ALARM
12,4.190229166666768,2,3,ENHANCED MONITORING
12,199.33721666666665,5,5,REINFORCE / ALARM
12,87.73710833333347,5,5,REINFORCE / ALARM
12,74.60637083333327,4,4,FIELD INSPECTION
12,64.9678291666667,4,4,FIELD INSPECTION
12,39.50381666666672,4,4,FIELD INSPECTION
12,116.55533333333331,5,5,REINFORCE / ALARM
12,134.27198750000002,5,5,REINFORCE / ALARM
12,74.94321250000003,5,5,REINFORCE / ALARM
12,35.79855833333338,4,4,FIELD INSPECTION
12,41.75010416666668,4,4,FIELD INSPECTION
12,13.767895833333254,3,3,ENHANCED MONITORING
12,46.09252083333333,4,4,FIELD INSPECTION
12,31.06958541666667,4,4,FIELD INSPECTION
12,13.103343750000063,3,3,ENHANCED MONITORING
12,20.29876875000002,3,3,ENHANCED MONITORING
12,27.799583333333278,3,4,FIELD INSPECTION
12,78.6058583333334,4,4,FIELD INSPECTION
12,111.64880833333338,5,5,REINFORCE / ALARM
22,75.79444791666667,4,4,FIELD INSPECTION
22,25.029770833333334,3,3,ENHANCED MONITORING
22,1.269243749999994,1,3,ENHANCED MONITORING
22,1.94292708333334,1,3,ENHANCED MONITORING
22,48.56150937499999,4,4,FIELD INSPECTION
22,12.291169791666674,3,3,ENHANCED MONITORING
22,0.675205208333343,1,3,ENHANCED MONITORING
22,6.699801041666653,2,3,ENHANCED MONITORING
22,93.39594687499999,5,5,REINFORCE / ALARM
22,35.05233229166668,5,5,REINFORCE / ALARM
22,1.107925000000004,1,3,ENHANCED MONITORING
22,68.776575,4,4,FIELD INSPECTION
22,22.3715625,3,3,ENHANCED MONITORING
22,1.0074812500000025,1,3,ENHANCED MONITORING
22,22.51563333333334,3,3,ENHANCED MONITORING
22,4.9755166666666595,2,3,ENHANCED MONITORING
22,35.393739583333335,4,4,FIELD INSPECTION
22,38.77027291666668,4,4,FIELD INSPECTION
22,13.367135416666676,3,3,ENHANCED MONITORING
22,2.3741250000000007,2,3,ENHANCED MONITORING
22,8.72998229166666,2,3,ENHANCED MONITORING
22,9.893709375000002,2,3,ENHANCED MONITORING
22,5.451863541666675,2,3,ENHANCED MONITORING
22,0.9973354166666676,1,3,ENHANCED MONITORING
22,18.702829166666657,3,3,ENHANCED MONITORING
22,39.856891666666655,4,4,FIELD INSPECTION
22,77.14080000000001,4,4,FIELD INSPECTION
22,38.50343750000001,4,4,FIELD INSPECTION
22,63.67119166666668,4,4,FIELD INSPECTION
22,10.02002500000001,3,3,ENHANCED MONITORING
22,54.31977708333333,4,4,FIELD INSPECTION
22,27.308525000000014,3,3,ENHANCED MONITORING
22,10.797195833333356,4,3,ENHANCED MONITORING
22,13.700933333333337,3,3,ENHANCED MONITORING
22,42.92702083333335,4,4,FIELD INSPECTION
22,9.255029166666686,2,3,ENHANCED MONITORING
22,75.31962291666665,4,4,FIELD INSPECTION
22,93.85808958333332,4,4,FIELD INSPECTION
22,67.69604375,4,4,FIELD INSPECTION
22,57.98343750000001,4,4,FIELD INSPECTION
22,81.93673541666668,4,4,FIELD INSPECTION
22,67.92432500000001,4,4,FIELD INSPECTION
22,6.913370833333333,2,3,ENHANCED MONITORING
22,49.689218749999974,4,4,FIELD INSPECTION
22,26.16711875,4,3,ENHANCED MONITORING
22,12.649825000000002,3,3,ENHANCED MONITORING
22,24.744672916666662,3,3,ENHANCED MONITORING
22,49.04901666666666,4,4,FIELD INSPECTION
22,32.817712500000034,5,5,REINFORCE / ALARM
22,44.94198333333329,4,4,FIELD INSPECTION
22,85.57807499999996,4,4,FIELD INSPECTION
22,50.36290208333329,4,4,FIELD INSPECTION
22,71.50276041666666,4,4,FIELD INSPECTION
22,43.34807291666669,5,5,REINFORCE / ALARM
22,34.30306250000001,5,5,REINFORCE / ALARM
22,44.58282083333336,4,4,FIELD INSPECTION
22,92.19518750000003,4,4,FIELD INSPECTION
22,51.81477083333332,5,5,REINFORCE / ALARM
22,24.950633333333325,3,3,ENHANCED MONITORING
22,151.2459666666667,5,5,REINFORCE / ALARM
22,56.78825833333335,4,4,FIELD INSPECTION
22,98.55459583333334,4,5,REINFORCE / ALARM
22,4.451991666666676,2,3,ENHANCED MONITORING
22,93.17527499999998,5,5,REINFORCE / ALARM
22,42.72207499999999,4,4,FIELD INSPECTION
22,137.73171666666664,5,5,REINFORCE / ALARM
22,32.16432083333334,4,4,FIELD INSPECTION
22,224.25944166666667,5,5,REINFORCE / ALARM
22,177.5115000000001,5,5,REINFORCE / ALARM
22,259.95654166666674,5,5,REINFORCE / ALARM
22,149.31115625000004,5,5,REINFORCE / ALARM
22,99.83398541666668,5,5,REINFORCE / ALARM
22,3.777293750000098,2,3,ENHANCED MONITORING
22,51.09847500000007,4,4,FIELD INSPECTION
22,51.84115000000008,4,4,FIELD INSPECTION
22,39.13653750000005,4,4,FIELD INSPECTION
22,44.99271249999996,4,4,FIELD INSPECTION
22,74.74232499999998,4,4,FIELD INSPECTION
22,42.37914583333341,5,5,REINFORCE / ALARM
22,22.897116666666648,4,5,REINFORCE / ALARM
26,45.41173541666668,4,4,FIELD INSPECTION
26,1.6497124999999926,1,3,ENHANCED MONITORING
26,15.752420833333334,3,3,ENHANCED MONITORING
26,130.28974791666667,5,5,REINFORCE / ALARM
26,80.86279895833333,5,5,REINFORCE / ALARM
26,62.495796875,4,4,FIELD INSPECTION
26,2.828151041666667,2,3,ENHANCED MONITORING
26,25.473651041666667,3,3,ENHANCED MONITORING
26,5.7044947916666615,2,3,ENHANCED MONITORING
26,24.976505208333325,3,3,ENHANCED MONITORING
26,5.247424999999993,2,3,ENHANCED MONITORING
26,40.958729166666664,4,4,FIELD INSPECTION
26,31.15785416666667,4,4,FIELD INSPECTION
26,67.74474375000001,4,4,FIELD INSPECTION
26,28.064389583333337,3,3,ENHANCED MONITORING
26,14.973220833333334,3,3,ENHANCED MONITORING
26,15.402389583333326,3,3,ENHANCED MONITORING
26,16.555970833333337,4,3,ENHANCED MONITORING
26,8.372341666666662,2,3,ENHANCED MONITORING
26,11.900047916666667,3,3,ENHANCED MONITORING
26,33.8952,4,4,FIELD INSPECTION
26,23.195404166666673,3,3,ENHANCED MONITORING
26,24.553931249999994,3,3,ENHANCED MONITORING
26,10.507024999999997,3,3,ENHANCED MONITORING
26,12.905499999999998,3,3,ENHANCED MONITORING
26,36.40223541666666,5,5,REINFORCE / ALARM
26,68.99268125,4,4,FIELD INSPECTION
26,130.85892916666668,5,5,REINFORCE / ALARM
26,68.32711458333334,4,4,FIELD INSPECTION
26,21.259579166666665,3,3,ENHANCED MONITORING
26,40.92524791666666,4,4,FIELD INSPECTION
26,55.257252083333334,4,4,FIELD INSPECTION
26,93.65314375000001,4,4,FIELD INSPECTION
26,78.42932083333334,4,4,FIELD INSPECTION
26,49.472097916666655,4,4,FIELD INSPECTION
26,12.027885416666678,3,3,ENHANCED MONITORING
26,39.999947916666656,4,4,FIELD INSPECTION
26,66.91684375,4,4,FIELD INSPECTION
26,23.144675000000007,3,3,ENHANCED MONITORING
26,24.26578958333332,3,3,ENHANCED MONITORING
26,44.452954166666665,4,4,FIELD INSPECTION
26,54.30050000000001,4,4,FIELD INSPECTION
26,44.028858333333325,4,4,FIELD INSPECTION
26,40.231272916666676,4,4,FIELD INSPECTION
26,10.883435416666662,3,3,ENHANCED MONITORING
26,14.983366666666676,3,3,ENHANCED MONITORING
26,1.9703208333333393,1,3,ENHANCED MONITORING
26,40.165325,4,4,FIELD INSPECTION
26,15.034095833333334,3,3,ENHANCED MONITORING
26,26.088995833333325,3,3,ENHANCED MONITORING
26,7.792000000000006,2,3,ENHANCED MONITORING
26,0.5519333333333236,1,3,ENHANCED MONITORING
26,17.268208333333373,3,3,ENHANCED MONITORING
26,81.66178333333332,4,4,FIELD INSPECTION
26,72.42095833333336,4,4,FIELD INSPECTION
26,7.731125000000006,2,3,ENHANCED MONITORING
26,71.6965458333333,4,4,FIELD INSPECTION
26,43.698104166666646,4,4,FIELD INSPECTION
26,151.8810958333333,5,5,REINFORCE / ALARM
26,96.92923333333333,5,5,REINFORCE / ALARM
26,59.27804583333333,5,5,REINFORCE / ALARM
26,31.360770833333277,5,5,REINFORCE / ALARM
26,65.38989583333333,4,4,FIELD INSPECTION
26,69.91290833333333,5,5,REINFORCE / ALARM
26,62.04177083333335,4,4,FIELD INSPECTION
26,63.514945833333314,4,4,FIELD INSPECTION
26,111.30587916666668,5,5,REINFORCE / ALARM
26,71.38811250000002,4,4,FIELD INSPECTION
26,21.22711250000007,4,5,REINFORCE / ALARM
26,73.79470416666665,4,4,FIELD INSPECTION
26,87.3678,4,4,FIELD INSPECTION
26,34.316252083333346,4,4,FIELD INSPECTION
26,33.401097916666714,4,4,FIELD INSPECTION
26,3.513502083333364,2,3,ENHANCED MONITORING
26,22.21328749999996,3,3,ENHANCED MONITORING
26,102.7752625,5,5,REINFORCE / ALARM
26,13.43917083333333,4,5,REINFORCE / ALARM
26,8.763970833333309,2,3,ENHANCED MONITORING
26,13.102329166666635,4,3,ENHANCED MONITORING
26,2.739374999999967,3,3,ENHANCED MONITORING
30,62.55210625,4,4,FIELD INSPECTION
30,75.42919791666667,4,4,FIELD INSPECTION
30,25.468070833333332,3,3,ENHANCED MONITORING
30,5.353956250000006,2,3,ENHANCED MONITORING
30,14.460348958333336,3,3,ENHANCED MONITORING
30,8.17297604166667,2,3,ENHANCED MONITORING
30,8.771580208333338,2,3,ENHANCED MONITORING
30,15.854893749999995,3,3,ENHANCED MONITORING
30,39.221762500000004,4,4,FIELD INSPECTION
30,25.91144375,3,3,ENHANCED MONITORING
30,28.034966666666666,3,3,ENHANCED MONITORING
30,31.99995833333334,4,4,FIELD INSPECTION
30,48.703043750000006,4,4,FIELD INSPECTION
30,16.391608333333334,3,3,ENHANCED MONITORING
30,5.300183333333322,2,3,ENHANCED MONITORING
30,37.92613958333333,4,4,FIELD INSPECTION
30,37.967737500000005,4,4,FIELD INSPECTION
30,37.58828333333332,4,4,FIELD INSPECTION
30,20.15469791666666,3,3,ENHANCED MONITORING
30,8.654395833333325,2,3,ENHANCED MONITORING
30,18.532886458333344,3,3,ENHANCED MONITORING
30,27.62558229166666,3,3,ENHANCED MONITORING
30,16.379940625,3,3,ENHANCED MONITORING
30,11.160416666666661,3,3,ENHANCED MONITORING
30,5.279891666666669,2,3,ENHANCED MONITORING
30,27.69000833333332,3,3,ENHANCED MONITORING
30,0.767025000000018,1,3,ENHANCED MONITORING
30,6.27418333333333,2,3,ENHANCED MONITORING
30,21.77295833333332,3,3,ENHANCED MONITORING
30,26.767752083333324,3,3,ENHANCED MONITORING
30,1.977422916666652,1,3,ENHANCED MONITORING
30,6.73581875,2,3,ENHANCED MONITORING
30,22.891029166666666,3,3,ENHANCED MONITORING
30,14.762187500000003,3,3,ENHANCED MONITORING
30,2.0423562499999974,2,3,ENHANCED MONITORING
30,11.022433333333325,3,3,ENHANCED MONITORING
30,27.21213958333333,3,3,ENHANCED MONITORING
30,4.1937802083333455,2,3,ENHANCED MONITORING
30,10.671894791666666,3,3,ENHANCED MONITORING
30,42.278194791666664,4,4,FIELD INSPECTION
30,49.589789583333335,4,4,FIELD INSPECTION
30,40.46868541666668,4,4,FIELD INSPECTION
30,15.97106354166666,3,3,ENHANCED MONITORING
30,13.42750312500001,3,3,ENHANCED MONITORING
30,19.11525729166665,3,3,ENHANCED MONITORING
30,4.796949999999995,2,3,ENHANCED MONITORING
30,0.9922624999999942,1,3,ENHANCED MONITORING
30,17.092685416666658,3,3,ENHANCED MONITORING
30,33.51676041666666,4,4,FIELD INSPECTION
30,20.422547916666684,4,3,ENHANCED MONITORING
30,6.671900000000022,2,3,ENHANCED MONITORING
30,1.32606041666664,1,3,ENHANCED MONITORING
30,42.84889791666668,4,4,FIELD INSPECTION
30,31.858931249999966,4,4,FIELD INSPECTION
30,22.777395833333305,3,3,ENHANCED MONITORING
30,24.13287916666665,3,3,ENHANCED MONITORING
30,21.316395833333395,3,3,ENHANCED MONITORING
30,16.00403749999997,3,3,ENHANCED MONITORING
30,34.07579583333328,4,4,FIELD INSPECTION
30,35.78841249999999,4,4,FIELD INSPECTION
30,2.154975000000025,2,3,ENHANCED MONITORING
30,55.65598333333338,5,5,REINFORCE / ALARM
30,52.61426250000002,4,4,FIELD INSPECTION
30,50.77380833333337,4,4,FIELD INSPECTION
30,7.7148916666667136,2,3,ENHANCED MONITORING
30,24.02330416666669,3,3,ENHANCED MONITORING
30,42.05042083333338,5,5,REINFORCE / ALARM
30,40.36012499999995,4,4,FIELD INSPECTION
30,37.121575,4,4,FIELD INSPECTION
30,30.674912500000023,4,4,FIELD INSPECTION
30,11.585527083333295,3,3,ENHANCED MONITORING
30,5.961691666666649,2,3,ENHANCED MONITORING
30,20.011641666666634,3,3,ENHANCED MONITORING
30,49.20424791666667,5,5,REINFORCE / ALARM
30,31.75645833333333,4,4,FIELD INSPECTION
30,21.963699999999964,3,3,ENHANCED MONITORING
30,1.398095833333277,1,3,ENHANCED MONITORING
30,29.301166666666727,3,4,FIELD INSPECTION
30,107.76904166666668,5,5,REINFORCE / ALARM
30,66.8164,4,4,FIELD INSPECTION
37,28.55747708333334,3,3,ENHANCED MONITORING
37,7.512989583333332,2,3,ENHANCED MONITORING
37,13.698904166666665,3,3,ENHANCED MONITORING
37,31.561658333333337,4,4,FIELD INSPECTION
37,12.274429166666666,3,3,ENHANCED MONITORING
37,23.758497916666666,3,3,ENHANCED MONITORING
37,18.888497916666665,3,3,ENHANCED MONITORING
37,5.760804166666663,2,3,ENHANCED MONITORING
37,58.95033541666667,4,4,FIELD INSPECTION
37,2.754593749999998,2,3,ENHANCED MONITORING
37,9.307787499999998,2,3,ENHANCED MONITORING
37,40.39462083333334,4,4,FIELD INSPECTION
37,23.461224999999995,3,3,ENHANCED MONITORING
37,29.394508333333334,3,4,FIELD INSPECTION
37,33.19513750000001,4,4,FIELD INSPECTION
37,15.756479166666665,3,3,ENHANCED MONITORING
37,33.91650625,4,4,FIELD INSPECTION
37,21.321468749999998,3,3,ENHANCED MONITORING
37,21.80441041666666,3,3,ENHANCED MONITORING
37,25.336175,3,3,ENHANCED MONITORING
37,5.624342708333327,2,3,ENHANCED MONITORING
37,28.37130104166667,3,4,FIELD INSPECTION
37,3.586044791666675,2,3,ENHANCED MONITORING
37,74.34460833333333,5,5,REINFORCE / ALARM
37,32.92322916666665,4,4,FIELD INSPECTION
37,66.94017916666665,4,4,FIELD INSPECTION
37,14.962060416666652,3,3,ENHANCED MONITORING
37,3.8574458333333372,2,3,ENHANCED MONITORING
37,10.037272916666668,3,3,ENHANCED MONITORING
37,5.953575000000002,2,3,ENHANCED MONITORING
37,2.5252979166666747,2,3,ENHANCED MONITORING
37,12.683306249999996,3,3,ENHANCED MONITORING
37,18.776893750000017,3,3,ENHANCED MONITORING
37,36.974460416666666,4,4,FIELD INSPECTION
37,7.589083333333339,3,3,ENHANCED MONITORING
37,3.4617583333333166,2,3,ENHANCED MONITORING
37,33.01251250000001,4,4,FIELD INSPECTION
37,28.80351354166665,3,3,ENHANCED MONITORING
37,12.471765625000005,3,3,ENHANCED MONITORING
37,0.621432291666674,1,3,ENHANCED MONITORING
37,10.446150000000005,3,3,ENHANCED MONITORING
37,18.33250625000001,3,3,ENHANCED MONITORING
37,12.27138541666666,3,3,ENHANCED MONITORING
37,3.188835416666669,2,3,ENHANCED MONITORING
37,9.886100000000003,2,3,ENHANCED MONITORING
37,12.909558333333328,3,3,ENHANCED MONITORING
37,20.484437500000002,3,3,ENHANCED MONITORING
37,18.304097916666667,3,3,ENHANCED MONITORING
37,3.5104583333333346,2,3,ENHANCED MONITORING
37,9.181979166666679,2,3,ENHANCED MONITORING
37,95.14559583333335,5,5,REINFORCE / ALARM
37,67.06598749999999,4,4,FIELD INSPECTION
37,68.74613749999999,4,4,FIELD INSPECTION
37,11.535812500000006,3,3,ENHANCED MONITORING
37,8.074054166666665,2,3,ENHANCED MONITORING
37,5.492954166666661,2,3,ENHANCED MONITORING
37,48.085162499999996,4,4,FIELD INSPECTION
37,25.171812499999977,3,3,ENHANCED MONITORING
37,44.172929166666655,4,4,FIELD INSPECTION
37,28.408333333333342,3,3,ENHANCED MONITORING
37,44.86690416666667,4,4,FIELD INSPECTION
37,24.19578333333331,3,3,ENHANCED MONITORING
37,100.85972916666667,5,5,REINFORCE / ALARM
37,16.486979166666647,4,3,ENHANCED MONITORING
37,44.49759583333335,4,4,FIELD INSPECTION
37,63.22883333333332,4,4,FIELD INSPECTION
37,34.3517625,4,4,FIELD INSPECTION
37,55.95832916666666,5,5,REINFORCE / ALARM
37,16.67569166666665,3,3,ENHANCED MONITORING
37,50.81236249999998,4,4,FIELD INSPECTION
37,14.81798958333333,3,3,ENHANCED MONITORING
37,8.702081249999994,2,3,ENHANCED MONITORING
37,5.717177083333329,2,3,ENHANCED MONITORING
37,75.75284999999998,4,5,REINFORCE / ALARM
37,42.49176458333331,4,4,FIELD INSPECTION
37,27.536806249999984,3,3,ENHANCED MONITORING
37,35.52157708333335,4,4,FIELD INSPECTION
37,34.32538333333331,4,4,FIELD INSPECTION
37,57.16974166666665,4,4,FIELD INSPECTION
37,81.097675,4,4,FIELD INSPECTION
39,107.0426,5,5,REINFORCE / ALARM
39,42.25942499999999,4,4,FIELD INSPECTION
39,3.61901875,2,3,ENHANCED MONITORING
39,2.7627104166666623,2,3,ENHANCED MONITORING
39,29.031287500000005,3,3,ENHANCED MONITORING
39,13.078993749999995,3,3,ENHANCED MONITORING
39,26.42380833333334,3,3,ENHANCED MONITORING
39,20.452985416666678,3,3,ENHANCED MONITORING
39,2.702849999999984,2,3,ENHANCED MONITORING
39,11.97106875,3,3,ENHANCED MONITORING
39,33.55734375,4,4,FIELD INSPECTION
39,69.6957875,4,4,FIELD INSPECTION
39,38.877818749999996,4,4,FIELD INSPECTION
39,19.791477083333334,3,3,ENHANCED MONITORING
39,27.237504166666668,3,4,FIELD INSPECTION
39,12.243991666666668,3,3,ENHANCED MONITORING
39,19.85438125,3,3,ENHANCED MONITORING
39,47.64889166666666,4,4,FIELD INSPECTION
39,2.0504729166666635,2,3,ENHANCED MONITORING
39,1.868862499999994,1,3,ENHANCED MONITORING
39,9.781090625000001,2,3,ENHANCED MONITORING
39,2.981353125000003,2,3,ENHANCED MONITORING
39,27.858936458333336,3,3,ENHANCED MONITORING
39,37.54161250000001,4,4,FIELD INSPECTION
39,8.39770625,2,3,ENHANCED MONITORING
39,45.273752083333335,4,4,FIELD INSPECTION
39,69.78811458333332,4,4,FIELD INSPECTION
39,108.14139375,5,5,REINFORCE / ALARM
39,11.447543749999994,4,3,ENHANCED MONITORING
39,6.9194583333333375,2,3,ENHANCED MONITORING
39,38.16862499999999,4,4,FIELD INSPECTION
39,7.386166666666663,2,3,ENHANCED MONITORING
39,53.856112499999995,4,4,FIELD INSPECTION
39,32.484929166666674,4,4,FIELD INSPECTION
39,33.05411041666667,4,4,FIELD INSPECTION
39,34.12753958333332,4,4,FIELD INSPECTION
39,16.401754166666667,3,3,ENHANCED MONITORING
39,36.84408645833333,4,4,FIELD INSPECTION
39,12.308417708333339,3,3,ENHANCED MONITORING
39,12.99427604166668,3,3,ENHANCED MONITORING
39,21.366110416666668,3,3,ENHANCED MONITORING
39,17.760281250000002,3,3,ENHANCED MONITORING
39,14.632828124999994,3,3,ENHANCED MONITORING
39,5.031826041666672,2,3,ENHANCED MONITORING
39,24.06946770833332,3,3,ENHANCED MONITORING
39,25.21746874999998,3,3,ENHANCED MONITORING
39,16.245508333333337,3,3,ENHANCED MONITORING
39,10.075827083333335,3,3,ENHANCED MONITORING
39,17.771441666666664,3,3,ENHANCED MONITORING
39,93.81040416666666,5,5,REINFORCE / ALARM
39,115.47175833333334,5,5,REINFORCE / ALARM
39,118.87365625,5,5,REINFORCE / ALARM
39,57.87081875000003,4,4,FIELD INSPECTION
39,12.23891875000001,4,3,ENHANCED MONITORING
39,42.892525,4,4,FIELD INSPECTION
39,120.60149166666667,5,5,REINFORCE / ALARM
39,19.58145833333333,4,5,REINFORCE / ALARM
39,63.0238875,5,5,REINFORCE / ALARM
39,43.46272083333333,4,4,FIELD INSPECTION
39,60.01463333333331,5,5,REINFORCE / ALARM
39,61.46751666666669,5,5,REINFORCE / ALARM
39,27.771175000000017,3,4,FIELD INSPECTION
39,114.24614166666667,5,5,REINFORCE / ALARM
39,55.66612916666662,4,4,FIELD INSPECTION
39,16.982095833333332,3,3,ENHANCED MONITORING
39,38.828104166666655,4,4,FIELD INSPECTION
39,23.98272083333339,3,3,ENHANCED MONITORING
39,34.43292916666665,4,4,FIELD INSPECTION
39,43.36937916666667,4,4,FIELD INSPECTION
39,32.18867083333329,4,4,FIELD INSPECTION
39,55.225800000000014,4,4,FIELD INSPECTION
39,18.382220833333314,3,3,ENHANCED MONITORING
39,9.4193916666667,2,3,ENHANCED MONITORING
39,55.29885000000005,4,4,FIELD INSPECTION
39,14.441579166666711,3,3,ENHANCED MONITORING
39,19.97917500000004,3,3,ENHANCED MONITORING
39,97.6779958333334,4,5,REINFORCE / ALARM
39,150.56010833333337,5,5,REINFORCE / ALARM
39,69.50301666666668,5,5,REINFORCE / ALARM
39,31.208583333333326,4,4,FIELD INSPECTION
52,2.518195833333337,2,3,ENHANCED MONITORING
52,1.770447916666664,1,3,ENHANCED MONITORING
52,4.133412499999996,2,3,ENHANCED MONITORING
52,32.34593125,4,4,FIELD INSPECTION
52,6.203669791666669,2,3,ENHANCED MONITORING
52,17.67251979166667,3,3,ENHANCED MONITORING
52,7.127955208333333,2,3,ENHANCED MONITORING
52,16.35914166666667,3,3,ENHANCED MONITORING
52,18.563831250000003,3,3,ENHANCED MONITORING
52,9.164731249999997,2,3,ENHANCED MONITORING
52,36.258164583333325,4,4,FIELD INSPECTION
52,15.103087499999996,3,3,ENHANCED MONITORING
52,9.550272916666668,2,3,ENHANCED MONITORING
52,1.309827083333334,1,3,ENHANCED MONITORING
52,53.690735416666676,4,4,FIELD INSPECTION
52,56.81159375000001,4,4,FIELD INSPECTION
52,33.58575208333335,4,4,FIELD INSPECTION
52,10.44107708333333,3,3,ENHANCED MONITORING
52,3.046793749999999,2,3,ENHANCED MONITORING
52,37.361016666666664,4,4,FIELD INSPECTION
52,19.004160416666668,3,3,ENHANCED MONITORING
52,41.15961666666667,4,4,FIELD INSPECTION
52,22.57042083333332,3,3,ENHANCED MONITORING
52,9.922624999999998,2,3,ENHANCED MONITORING
52,32.084168749999996,4,4,FIELD INSPECTION
52,54.47297916666667,4,4,FIELD INSPECTION
52,50.39942708333333,4,4,FIELD INSPECTION
52,9.994660416666674,2,3,ENHANCED MONITORING
52,15.886345833333328,3,3,ENHANCED MONITORING
52,14.863645833333322,3,3,ENHANCED MONITORING
52,29.73642291666666,3,4,FIELD INSPECTION
52,4.880145833333337,2,3,ENHANCED MONITORING
52,27.0224125,3,3,ENHANCED MONITORING
52,56.3885125,4,4,FIELD INSPECTION
52,38.00629166666666,4,4,FIELD INSPECTION
52,1.2032958333333312,1,3,ENHANCED MONITORING
52,27.94974166666667,3,3,ENHANCED MONITORING
52,30.088483333333333,4,3,ENHANCED MONITORING
52,56.609691666666684,4,4,FIELD INSPECTION
52,18.291922916666667,3,3,ENHANCED MONITORING
52,40.30330833333334,4,4,FIELD INSPECTION
52,6.259979166666658,2,3,ENHANCED MONITORING
52,6.820536458333333,2,3,ENHANCED MONITORING
52,21.384880208333342,3,3,ENHANCED MONITORING
52,29.45994895833333,3,4,FIELD INSPECTION
52,7.966508333333327,2,3,ENHANCED MONITORING
52,10.414697916666675,3,3,ENHANCED MONITORING
52,15.946206249999987,3,3,ENHANCED MONITORING
52,67.11874583333332,4,4,FIELD INSPECTION
52,61.52331874999999,4,4,FIELD INSPECTION
52,44.43266249999999,4,4,FIELD INSPECTION
52,3.051866666666662,2,3,ENHANCED MONITORING
52,21.18450000000001,3,3,ENHANCED MONITORING
52,39.88327083333334,4,4,FIELD INSPECTION
52,66.67435833333332,5,5,REINFORCE / ALARM
52,166.06294166666666,5,5,REINFORCE / ALARM
52,98.68852083333331,5,5,REINFORCE / ALARM
52,0.004058333333326465,1,3,ENHANCED MONITORING
52,75.9151833333333,5,5,REINFORCE / ALARM
52,84.28549583333333,5,5,REINFORCE / ALARM
52,130.49976666666663,5,5,REINFORCE / ALARM
52,66.29287499999998,4,4,FIELD INSPECTION
52,85.89665416666669,5,5,REINFORCE / ALARM
52,55.98267916666663,5,5,REINFORCE / ALARM
52,65.10378333333337,4,4,FIELD INSPECTION
52,37.261587500000026,4,4,FIELD INSPECTION
52,105.01140416666664,5,5,REINFORCE / ALARM
52,40.80451249999999,4,4,FIELD INSPECTION
52,149.8478708333333,5,5,REINFORCE / ALARM
52,133.5354,5,5,REINFORCE / ALARM
52,166.1014958333333,5,5,REINFORCE / ALARM
52,8.304364583333372,2,3,ENHANCED MONITORING
52,25.726789583333353,3,3,ENHANCED MONITORING
52,115.60263958333333,5,5,REINFORCE / ALARM
52,74.59622500000002,4,4,FIELD INSPECTION
52,112.29611249999998,5,5,REINFORCE / ALARM
52,68.01969583333333,4,4,FIELD INSPECTION
52,84.13127916666667,4,4,FIELD INSPECTION
52,71.60929166666669,4,4,FIELD INSPECTION
52,65.65368750000003,5,5,REINFORCE / ALARM
56,44.25003749999999,4,4,FIELD INSPECTION
56,6.597835416666669,3,3,ENHANCED MONITORING
56,26.974727083333324,4,5,REINFORCE / ALARM
56,8.838035416666663,2,3,ENHANCED MONITORING
56,46.273623958333324,4,4,FIELD INSPECTION
56,11.340505208333328,3,3,ENHANCED MONITORING
56,30.52830520833334,4,4,FIELD INSPECTION
56,30.716003124999997,4,3,ENHANCED MONITORING
56,16.76142395833334,3,3,ENHANCED MONITORING
56,8.273419791666669,2,3,ENHANCED MONITORING
56,20.185135416666682,3,3,ENHANCED MONITORING
56,33.74402708333334,4,4,FIELD INSPECTION
56,37.63393958333334,4,4,FIELD INSPECTION
56,35.753916666666676,4,4,FIELD INSPECTION
56,0.37945416666666176,1,3,ENHANCED MONITORING
56,19.341002083333333,3,3,ENHANCED MONITORING
56,1.4863645833333656,1,3,ENHANCED MONITORING
56,70.27308541666666,4,4,FIELD INSPECTION
56,68.09680416666667,4,4,FIELD INSPECTION
56,64.27892708333336,4,4,FIELD INSPECTION
56,22.150383333333348,3,3,ENHANCED MONITORING
56,6.555222916666654,2,3,ENHANCED MONITORING
56,1.3838916666666672,1,3,ENHANCED MONITORING
56,15.590087500000001,3,3,ENHANCED MONITORING
56,12.038031249999987,3,3,ENHANCED MONITORING
56,59.65344166666667,5,5,REINFORCE / ALARM
56,42.86513124999998,4,4,FIELD INSPECTION
56,65.24481041666665,4,4,FIELD INSPECTION
56,17.32198125,3,3,ENHANCED MONITORING
56,49.13119791666664,4,4,FIELD INSPECTION
56,80.26571666666665,4,4,FIELD INSPECTION
56,39.878197916666686,4,4,FIELD INSPECTION
56,2.339629166666693,2,3,ENHANCED MONITORING
56,42.14071874999998,4,4,FIELD INSPECTION
56,15.873156250000024,3,3,ENHANCED MONITORING
56,15.088883333333348,3,3,ENHANCED MONITORING
56,28.243970833333364,3,3,ENHANCED MONITORING
56,17.606064583333318,3,3,ENHANCED MONITORING
56,26.418735416666664,3,3,ENHANCED MONITORING
56,29.110424999999992,3,3,ENHANCED MONITORING
56,66.10111875000001,4,4,FIELD INSPECTION
56,50.435952083333326,4,4,FIELD INSPECTION
56,10.164603124999996,3,3,ENHANCED MONITORING
56,3.801136458333341,2,3,ENHANCED MONITORING
56,42.136153124999986,4,4,FIELD INSPECTION
56,58.2624479166667,4,4,FIELD INSPECTION
56,19.378541666666667,3,3,ENHANCED MONITORING
56,23.71487083333336,3,3,ENHANCED MONITORING
56,1.9824958333332556,1,3,ENHANCED MONITORING
56,95.57070624999994,4,5,REINFORCE / ALARM
56,10.49890833333337,4,3,ENHANCED MONITORING
56,15.181210416666723,3,3,ENHANCED MONITORING
56,12.295735416666659,3,3,ENHANCED MONITORING
56,31.69862708333339,4,4,FIELD INSPECTION
56,11.949762500000048,3,3,ENHANCED MONITORING
56,106.23296250000004,5,5,REINFORCE / ALARM
56,54.12396250000009,5,5,REINFORCE / ALARM
56,13.144941666666599,3,3,ENHANCED MONITORING
56,94.36436666666675,4,5,REINFORCE / ALARM
56,0.13392499999997654,1,3,ENHANCED MONITORING
56,32.88467499999992,4,4,FIELD INSPECTION
56,71.94816250000007,4,4,FIELD INSPECTION
56,65.4081583333333,5,5,REINFORCE / ALARM
56,51.441404166666665,5,5,REINFORCE / ALARM
56,52.18407916666666,4,4,FIELD INSPECTION
56,51.41705416666658,4,4,FIELD INSPECTION
56,2.28687083333341,2,3,ENHANCED MONITORING
56,71.6234958333333,4,4,FIELD INSPECTION
56,61.31329999999999,4,4,FIELD INSPECTION
56,18.907775000000054,3,3,ENHANCED MONITORING
56,27.220256249999995,3,3,ENHANCED MONITORING
56,1.0866187500000244,1,3,ENHANCED MONITORING
56,118.08836874999999,5,5,REINFORCE / ALARM
56,106.57995,5,5,REINFORCE / ALARM
56,95.13139166666672,5,5,REINFORCE / ALARM
56,13.266691666666674,3,3,ENHANCED MONITORING
56,32.825829166666644,4,4,FIELD INSPECTION
56,0.750791666666648,1,3,ENHANCED MONITORING
56,84.6487166666667,4,5,REINFORCE / ALARM
56,100.85364166666663,5,5,REINFORCE / ALARM
62,36.32106875,4,4,FIELD INSPECTION
62,20.97651041666666,3,3,ENHANCED MONITORING
62,20.150639583333344,3,3,ENHANCED MONITORING
62,47.64787708333335,4,4,FIELD INSPECTION
62,64.00498958333334,4,4,FIELD INSPECTION
62,31.338450000000005,4,4,FIELD INSPECTION
62,44.32105833333333,4,4,FIELD INSPECTION
62,22.707896875,3,3,ENHANCED MONITORING
62,8.161815625000001,2,3,ENHANCED MONITORING
62,25.911951041666672,3,3,ENHANCED MONITORING
62,24.59552916666667,3,3,ENHANCED MONITORING
62,12.59199375,3,3,ENHANCED MONITORING
62,28.387027083333333,3,3,ENHANCED MONITORING
62,20.348483333333334,3,3,ENHANCED MONITORING
62,40.0131375,4,4,FIELD INSPECTION
62,26.113345833333327,3,3,ENHANCED MONITORING
62,62.67182708333333,4,4,FIELD INSPECTION
62,24.352029166666668,3,3,ENHANCED MONITORING
62,9.42142083333333,2,3,ENHANCED MONITORING
62,12.773604166666672,3,3,ENHANCED MONITORING
62,6.628272916666664,2,3,ENHANCED MONITORING
62,6.404050000000001,2,3,ENHANCED MONITORING
62,32.10344583333333,4,4,FIELD INSPECTION
62,15.789960416666664,3,3,ENHANCED MONITORING
62,20.263258333333336,3,3,ENHANCED MONITORING
62,44.2135125,4,4,FIELD INSPECTION
62,52.40120000000001,5,5,REINFORCE / ALARM
62,91.29220833333333,4,4,FIELD INSPECTION
62,50.642927083333326,5,5,REINFORCE / ALARM
62,40.09531875000001,4,4,FIELD INSPECTION
62,36.25512083333334,4,4,FIELD INSPECTION
62,6.445647916666668,2,3,ENHANCED MONITORING
62,13.638029166666664,3,3,ENHANCED MONITORING
62,11.305502083333336,3,3,ENHANCED MONITORING
62,14.993512500000003,3,3,ENHANCED MONITORING
62,85.19963541666667,4,5,REINFORCE / ALARM
62,17.80289375000001,4,3,ENHANCED MONITORING
62,23.825967708333327,3,3,ENHANCED MONITORING
62,67.89743854166666,4,4,FIELD INSPECTION
62,30.539465624999995,4,4,FIELD INSPECTION
62,11.740758333333345,3,3,ENHANCED MONITORING
62,27.969018749999993,3,3,ENHANCED MONITORING
62,19.983740625000006,3,3,ENHANCED MONITORING
62,12.897890625000011,3,3,ENHANCED MONITORING
62,24.886207291666665,3,3,ENHANCED MONITORING
62,23.037129166666656,3,3,ENHANCED MONITORING
62,8.429158333333334,2,3,ENHANCED MONITORING
62,16.01519791666667,3,3,ENHANCED MONITORING
62,28.173964583333326,3,3,ENHANCED MONITORING
62,166.8157625,5,5,REINFORCE / ALARM
62,202.71375,5,5,REINFORCE / ALARM
62,146.12739375,5,5,REINFORCE / ALARM
62,43.35010208333335,4,4,FIELD INSPECTION
62,18.157997916666663,3,3,ENHANCED MONITORING
62,0.9415333333333334,1,3,ENHANCED MONITORING
62,109.73733333333335,5,5,REINFORCE / ALARM
62,78.00522500000001,4,5,REINFORCE / ALARM
62,108.33315,5,5,REINFORCE / ALARM
62,93.72314999999999,5,5,REINFORCE / ALARM
62,38.785491666666665,5,5,REINFORCE / ALARM
62,56.256616666666666,4,4,FIELD INSPECTION
62,105.12706666666666,5,5,REINFORCE / ALARM
62,5.107412500000014,2,3,ENHANCED MONITORING
62,40.40070833333332,4,4,FIELD INSPECTION
62,12.386033333333339,3,3,ENHANCED MONITORING
62,79.32418333333334,4,4,FIELD INSPECTION
62,1.4407083333333333,1,3,ENHANCED MONITORING
62,21.825716666666665,3,3,ENHANCED MONITORING
62,65.17480416666666,4,4,FIELD INSPECTION
62,32.373325,4,4,FIELD INSPECTION
62,3.6484416666666655,2,3,ENHANCED MONITORING
62,9.318947916666671,2,3,ENHANCED MONITORING
62,43.97305624999999,4,4,FIELD INSPECTION
62,3.0752020833333376,2,3,ENHANCED MONITORING
62,7.219775000000003,2,3,ENHANCED MONITORING
62,87.32112916666665,4,4,FIELD INSPECTION
62,70.28018750000001,4,4,FIELD INSPECTION
62,86.1807375,4,4,FIELD INSPECTION
62,45.3944875,4,4,FIELD INSPECTION
62,69.89261666666667,4,4,FIELD INSPECTION
67,58.2878125,4,4,FIELD INSPECTION
67,35.0944375,4,4,FIELD INSPECTION
67,15.285712499999997,3,3,ENHANCED MONITORING
67,39.82036666666667,4,4,FIELD INSPECTION
67,44.37483125,4,4,FIELD INSPECTION
67,13.778041666666676,3,3,ENHANCED MONITORING
67,0.15421666666666786,1,3,ENHANCED MONITORING
67,7.341525,2,3,ENHANCED MONITORING
67,9.812035416666669,2,3,ENHANCED MONITORING
67,4.907539583333336,2,3,ENHANCED MONITORING
67,0.25973333333333076,1,3,ENHANCED MONITORING
67,19.097502083333335,3,3,ENHANCED MONITORING
67,12.17804375,3,3,ENHANCED MONITORING
67,16.56104375,3,3,ENHANCED MONITORING
67,8.617870833333331,2,3,ENHANCED MONITORING
67,20.925781249999996,3,3,ENHANCED MONITORING
67,7.59415625,2,3,ENHANCED MONITORING
67,13.043483333333336,3,3,ENHANCED MONITORING
67,25.720702083333325,3,3,ENHANCED MONITORING
67,0.7426750000000008,1,3,ENHANCED MONITORING
67,0.6143302083333332,1,3,ENHANCED MONITORING
67,39.487076041666676,4,4,FIELD INSPECTION
67,126.66210520833333,5,5,REINFORCE / ALARM
67,97.37463541666665,5,5,REINFORCE / ALARM
67,14.864660416666666,3,3,ENHANCED MONITORING
67,36.502679166666674,4,4,FIELD INSPECTION
67,24.33985416666667,3,3,ENHANCED MONITORING
67,36.6771875,4,4,FIELD INSPECTION
67,35.924366666666664,4,4,FIELD INSPECTION
67,58.20461666666666,4,4,FIELD INSPECTION
67,18.57904999999999,3,3,ENHANCED MONITORING
67,13.269735416666668,3,3,ENHANCED MONITORING
67,5.24945416666667,2,3,ENHANCED MONITORING
67,0.09334166666666495,1,3,ENHANCED MONITORING
67,42.560756250000004,4,4,FIELD INSPECTION
67,29.172314583333335,3,4,FIELD INSPECTION
67,0.8207979166666656,1,3,ENHANCED MONITORING
67,36.121703124999996,4,4,FIELD INSPECTION
67,27.773711458333334,3,3,ENHANCED MONITORING
67,3.914769791666682,2,3,ENHANCED MONITORING
67,16.227245833333324,3,3,ENHANCED MONITORING
67,9.643614583333333,2,3,ENHANCED MONITORING
67,7.496756249999993,2,3,ENHANCED MONITORING
67,32.08518333333333,4,4,FIELD INSPECTION
67,11.66060625,3,3,ENHANCED MONITORING
67,22.49635625,3,3,ENHANCED MONITORING
67,13.765866666666662,3,3,ENHANCED MONITORING
67,22.327935416666662,3,3,ENHANCED MONITORING
67,7.640827083333334,2,3,ENHANCED MONITORING
67,9.77551041666666,2,3,ENHANCED MONITORING
67,31.460199999999997,4,4,FIELD INSPECTION
67,22.434466666666662,3,3,ENHANCED MONITORING
67,49.08757083333336,4,4,FIELD INSPECTION
67,12.345450000000012,3,3,ENHANCED MONITORING
67,47.21059166666664,4,4,FIELD INSPECTION
67,97.30665833333335,4,5,REINFORCE / ALARM
67,108.39402499999998,5,5,REINFORCE / ALARM
67,57.5694875,4,4,FIELD INSPECTION
67,78.04580833333337,4,4,FIELD INSPECTION
67,19.19388749999996,4,3,ENHANCED MONITORING
67,47.178124999999994,5,5,REINFORCE / ALARM
67,52.173933333333345,4,5,REINFORCE / ALARM
67,65.38177916666662,4,4,FIELD INSPECTION
67,91.91516249999997,5,5,REINFORCE / ALARM
67,40.69899583333335,5,5,REINFORCE / ALARM
67,52.01159999999998,4,4,FIELD INSPECTION
67,122.8741583333333,5,5,REINFORCE / ALARM
67,3.650470833333325,3,3,ENHANCED MONITORING
67,16.02838749999998,3,3,ENHANCED MONITORING
67,32.730458333333324,5,5,REINFORCE / ALARM
67,34.643962499999965,4,4,FIELD INSPECTION
67,65.55425833333335,4,4,FIELD INSPECTION
67,15.196429166666682,3,3,ENHANCED MONITORING
67,24.078091666666648,3,3,ENHANCED MONITORING
67,0.10044375000001082,1,3,ENHANCED MONITORING
67,20.92983958333333,3,3,ENHANCED MONITORING
67,61.679564583333296,4,4,FIELD INSPECTION
67,80.52342083333332,4,4,FIELD INSPECTION
67,87.27242916666667,4,4,FIELD INSPECTION
67,26.517150000000044,3,3,ENHANCED MONITORING
80,8.97500416666667,2,3,ENHANCED MONITORING
80,15.098014583333336,3,3,ENHANCED MONITORING
80,7.924910416666671,2,3,ENHANCED MONITORING
80,19.67175625,3,3,ENHANCED MONITORING
80,14.831686458333332,3,3,ENHANCED MONITORING
80,10.011401041666664,3,3,ENHANCED MONITORING
80,0.8152177083333297,1,3,ENHANCED MONITORING
80,8.895866666666661,2,3,ENHANCED MONITORING
80,4.4245979166666665,2,3,ENHANCED MONITORING
80,13.473666666666666,3,3,ENHANCED MONITORING
80,14.058066666666669,3,3,ENHANCED MONITORING
80,2.9402624999999993,2,3,ENHANCED MONITORING
80,28.69241666666667,3,4,FIELD INSPECTION
80,32.32868333333334,4,4,FIELD INSPECTION
80,10.691679166666669,3,3,ENHANCED MONITORING
80,55.98978125,4,4,FIELD INSPECTION
80,45.85815208333332,4,4,FIELD INSPECTION
80,64.07905416666667,4,4,FIELD INSPECTION
80,19.781331249999997,3,3,ENHANCED MONITORING
80,5.8358833333333395,2,3,ENHANCED MONITORING
80,0.47025937500001264,1,3,ENHANCED MONITORING
80,26.523744791666658,3,3,ENHANCED MONITORING
80,29.520823958333335,3,4,FIELD INSPECTION
80,26.640929166666663,3,3,ENHANCED MONITORING
80,43.93450208333332,4,4,FIELD INSPECTION
80,54.09048124999998,4,4,FIELD INSPECTION
80,41.07946458333333,4,4,FIELD INSPECTION
80,20.1131,3,3,ENHANCED MONITORING
80,61.758702083333326,4,4,FIELD INSPECTION
80,83.46774166666667,4,4,FIELD INSPECTION
80,86.50236041666665,4,4,FIELD INSPECTION
80,39.59208541666667,4,4,FIELD INSPECTION
80,17.12210833333333,3,3,ENHANCED MONITORING
80,15.938089583333314,3,3,ENHANCED MONITORING
80,5.924152083333332,2,3,ENHANCED MONITORING
80,16.524518750000023,3,3,ENHANCED MONITORING
80,2.035254166666681,2,3,ENHANCED MONITORING
80,1.5228895833333163,1,3,ENHANCED MONITORING
80,19.52565625000002,3,3,ENHANCED MONITORING
80,1.580720833333326,1,3,ENHANCED MONITORING
80,30.732743749999997,4,4,FIELD INSPECTION
80,9.916537499999992,2,3,ENHANCED MONITORING
80,1.99619270833335,1,3,ENHANCED MONITORING
80,51.92485312499997,4,4,FIELD INSPECTION
80,24.848667708333323,3,3,ENHANCED MONITORING
80,9.542156249999998,2,3,ENHANCED MONITORING
80,45.31535,4,4,FIELD INSPECTION
80,10.35483749999998,3,3,ENHANCED MONITORING
80,9.13733749999997,2,3,ENHANCED MONITORING
80,16.058825000000024,3,3,ENHANCED MONITORING
80,26.535412500000007,3,3,ENHANCED MONITORING
80,0.9496500000000196,1,3,ENHANCED MONITORING
80,41.965195833333354,4,4,FIELD INSPECTION
80,56.970883333333354,4,4,FIELD INSPECTION
80,32.61073749999998,4,4,FIELD INSPECTION
80,54.698216666666646,4,4,FIELD INSPECTION
80,17.62128333333328,3,3,ENHANCED MONITORING
80,47.53728750000001,4,4,FIELD INSPECTION
80,47.949208333333324,4,4,FIELD INSPECTION
80,84.79684583333338,4,4,FIELD INSPECTION
80,14.538979166666664,3,3,ENHANCED MONITORING
80,0.05275833333335811,1,3,ENHANCED MONITORING
80,71.80003333333332,4,4,FIELD INSPECTION
80,8.374370833333282,2,3,ENHANCED MONITORING
80,12.373858333333336,3,3,ENHANCED MONITORING
80,78.12494583333329,4,4,FIELD INSPECTION
80,56.8673958333333,4,4,FIELD INSPECTION
80,56.528524999999966,4,4,FIELD INSPECTION
80,29.215941666666634,4,5,REINFORCE / ALARM
80,9.782612499999985,2,3,ENHANCED MONITORING
80,13.611649999999957,3,3,ENHANCED MONITORING
80,48.69797083333331,4,4,FIELD INSPECTION
80,35.60984583333332,4,4,FIELD INSPECTION
80,35.914220833333296,4,4,FIELD INSPECTION
80,32.60262083333333,4,4,FIELD INSPECTION
80,37.289995833333364,4,4,FIELD INSPECTION
80,3.8635333333333413,2,3,ENHANCED MONITORING
80,91.49715416666668,5,5,REINFORCE / ALARM
80,4.1029750000001,3,3,ENHANCED MONITORING
80,26.168133333333333,3,3,ENHANCED MONITORING
83,4.114135416666667,2,3,ENHANCED MONITORING
83,38.53083125,4,4,FIELD INSPECTION
83,10.273670833333332,3,3,ENHANCED MONITORING
83,16.40987083333334,3,3,ENHANCED MONITORING
83,0.637158333333326,1,3,ENHANCED MONITORING
83,26.814422916666672,3,3,ENHANCED MONITORING
83,25.27732916666667,3,3,ENHANCED MONITORING
83,26.74188020833334,3,3,ENHANCED MONITORING
83,53.096696875,4,4,FIELD INSPECTION
83,4.551928124999999,2,3,ENHANCED MONITORING
83,33.944914583333336,4,4,FIELD INSPECTION
83,48.09530833333334,4,4,FIELD INSPECTION
83,5.1895937499999905,3,3,ENHANCED MONITORING
83,20.914620833333338,3,3,ENHANCED MONITORING
83,25.107893750000006,3,3,ENHANCED MONITORING
83,7.529222916666678,2,3,ENHANCED MONITORING
83,0.4626499999999923,1,3,ENHANCED MONITORING
83,84.69234374999998,4,4,FIELD INSPECTION
83,49.58776041666667,4,4,FIELD INSPECTION
83,32.314479166666665,4,4,FIELD INSPECTION
83,24.68734895833333,3,3,ENHANCED MONITORING
83,27.631669791666667,3,3,ENHANCED MONITORING
83,35.56266770833333,4,4,FIELD INSPECTION
83,36.80603958333333,4,4,FIELD INSPECTION
83,32.95265208333333,4,4,FIELD INSPECTION
83,14.638408333333336,3,3,ENHANCED MONITORING
83,41.68821458333334,4,4,FIELD INSPECTION
83,3.3501541666666697,2,3,ENHANCED MONITORING
83,19.756981249999992,3,3,ENHANCED MONITORING
83,0.4098916666666644,1,3,ENHANCED MONITORING
83,48.11864375000001,4,4,FIELD INSPECTION
83,28.729956250000015,3,3,ENHANCED MONITORING
83,36.68023125000002,4,4,FIELD INSPECTION
83,39.17813541666667,4,4,FIELD INSPECTION
83,55.58191875000002,4,4,FIELD INSPECTION
83,59.915204166666655,4,4,FIELD INSPECTION
83,11.420149999999998,4,3,ENHANCED MONITORING
83,0.8730489583333328,1,3,ENHANCED MONITORING
83,60.468659374999994,4,4,FIELD INSPECTION
83,2.0377906250000044,2,3,ENHANCED MONITORING
83,12.407339583333345,3,3,ENHANCED MONITORING
83,7.467333333333332,2,3,ENHANCED MONITORING
83,2.5953041666666636,2,3,ENHANCED MONITORING
83,15.10410208333334,3,3,ENHANCED MONITORING
83,56.20182916666667,4,4,FIELD INSPECTION
83,73.92558541666666,4,4,FIELD INSPECTION
83,40.80248333333332,5,5,REINFORCE / ALARM
83,56.73651458333334,4,4,FIELD INSPECTION
83,147.22314375,5,5,REINFORCE / ALARM
83,57.61311458333331,5,5,REINFORCE / ALARM
83,49.931704166666655,4,4,FIELD INSPECTION
83,1.853643750000013,1,3,ENHANCED MONITORING
83,125.12754791666667,5,5,REINFORCE / ALARM
83,47.25016041666667,5,5,REINFORCE / ALARM
83,23.083800000000007,3,3,ENHANCED MONITORING
83,33.3899375,4,4,FIELD INSPECTION
83,78.00522500000001,4,4,FIELD INSPECTION
83,91.92530833333335,4,4,FIELD INSPECTION
83,83.64833750000001,4,4,FIELD INSPECTION
83,65.90327500000001,4,4,FIELD INSPECTION
83,3.0498375000000046,3,3,ENHANCED MONITORING
83,26.21074583333333,3,3,ENHANCED MONITORING
83,18.562816666666674,3,3,ENHANCED MONITORING
83,73.66077916666666,4,4,FIELD INSPECTION
83,27.184745833333324,4,5,REINFORCE / ALARM
83,41.752133333333326,4,4,FIELD INSPECTION
83,45.31940833333332,4,4,FIELD INSPECTION
83,10.446149999999994,3,3,ENHANCED MONITORING
83,30.236612500000003,4,4,FIELD INSPECTION
83,46.277175,4,4,FIELD INSPECTION
83,93.47863541666668,4,5,REINFORCE / ALARM
83,77.66533958333333,5,5,REINFORCE / ALARM
83,5.1023395833333325,2,3,ENHANCED MONITORING
83,6.069237500000004,3,3,ENHANCED MONITORING
83,27.45158125,3,3,ENHANCED MONITORING
83,54.26296041666666,4,4,FIELD INSPECTION
83,36.917643749999996,4,4,FIELD INSPECTION
83,52.25307083333333,4,4,FIELD INSPECTION
83,119.73503749999999,5,5,REINFORCE / ALARM
83,103.18718333333334,5,5,REINFORCE / ALARM
84,57.149449999999995,4,4,FIELD INSPECTION
84,39.837614583333334,4,4,FIELD INSPECTION
84,8.87050208333334,2,3,ENHANCED MONITORING
84,26.603389583333325,3,3,ENHANCED MONITORING
84,31.95024375000001,4,4,FIELD INSPECTION
84,9.907406250000001,2,3,ENHANCED MONITORING
84,5.132777083333335,2,3,ENHANCED MONITORING
84,15.486599999999997,3,3,ENHANCED MONITORING
84,36.481372916666665,4,4,FIELD INSPECTION
84,40.453466666666664,4,4,FIELD INSPECTION
84,4.658966666666676,2,3,ENHANCED MONITORING
84,31.90458749999999,4,4,FIELD INSPECTION
84,41.28441041666666,4,4,FIELD INSPECTION
84,23.34556249999999,3,3,ENHANCED MONITORING
84,13.173350000000001,3,3,ENHANCED MONITORING
84,6.476085416666666,2,3,ENHANCED MONITORING
84,23.002633333333332,3,3,ENHANCED MONITORING
84,17.383870833333336,3,3,ENHANCED MONITORING
84,9.052112499999998,2,3,ENHANCED MONITORING
84,16.73961041666666,3,3,ENHANCED MONITORING
84,0.795940625000001,1,3,ENHANCED MONITORING
84,41.238246874999994,4,4,FIELD INSPECTION
84,71.74981145833334,4,4,FIELD INSPECTION
84,45.4431875,4,4,FIELD INSPECTION
84,13.624839583333328,3,3,ENHANCED MONITORING
84,56.723324999999996,4,4,FIELD INSPECTION
84,69.3975,4,4,FIELD INSPECTION
84,51.63011666666667,4,4,FIELD INSPECTION
84,46.21528541666666,4,4,FIELD INSPECTION
84,7.846787500000005,2,3,ENHANCED MONITORING
84,51.11876666666666,4,4,FIELD INSPECTION
84,58.43492708333335,4,4,FIELD INSPECTION
84,58.890475000000016,4,4,FIELD INSPECTION
84,6.067208333333322,2,3,ENHANCED MONITORING
84,28.759379166666665,3,4,FIELD INSPECTION
84,51.535760416666676,4,4,FIELD INSPECTION
84,9.878997916666677,2,3,ENHANCED MONITORING
84,1.4919447916666568,1,3,ENHANCED MONITORING
84,9.167267708333332,2,3,ENHANCED MONITORING
84,77.105796875,4,4,FIELD INSPECTION
84,88.98098750000001,4,4,FIELD INSPECTION
84,82.31618958333334,4,4,FIELD INSPECTION
84,6.132141666666669,2,3,ENHANCED MONITORING
84,13.643102083333327,3,3,ENHANCED MONITORING
84,84.29259791666668,4,4,FIELD INSPECTION
84,33.43660833333334,4,4,FIELD INSPECTION
84,25.606054166666656,3,3,ENHANCED MONITORING
84,78.14828125000001,4,4,FIELD INSPECTION
84,45.63392916666667,4,4,FIELD INSPECTION
84,25.278343750000005,3,3,ENHANCED MONITORING
84,9.102841666666665,2,3,ENHANCED MONITORING
84,13.149000000000001,3,3,ENHANCED MONITORING
84,12.27442916666667,3,3,ENHANCED MONITORING
84,57.356425,4,4,FIELD INSPECTION
84,66.75755416666665,4,4,FIELD INSPECTION
84,21.941379166666675,4,3,ENHANCED MONITORING
84,77.54460416666666,4,4,FIELD INSPECTION
84,1.3696874999999882,1,3,ENHANCED MONITORING
84,56.54881666666668,4,4,FIELD INSPECTION
84,117.59020833333334,5,5,REINFORCE / ALARM
84,35.14110833333334,4,4,FIELD INSPECTION
84,36.30179166666667,4,4,FIELD INSPECTION
84,27.594637499999994,3,4,FIELD INSPECTION
84,3.467845833333333,2,3,ENHANCED MONITORING
84,32.48695833333333,4,4,FIELD INSPECTION
84,46.0884625,4,4,FIELD INSPECTION
84,14.81494583333334,3,3,ENHANCED MONITORING
84,81.08955833333334,4,4,FIELD INSPECTION
84,23.213666666666672,4,5,REINFORCE / ALARM
84,64.09731666666669,4,4,FIELD INSPECTION
84,105.62624166666667,5,5,REINFORCE / ALARM
84,49.46905416666667,4,4,FIELD INSPECTION
84,22.623179166666677,4,3,ENHANCED MONITORING
84,36.8111125,4,4,FIELD INSPECTION
84,64.39154583333334,4,4,FIELD INSPECTION
84,27.452595833333334,3,3,ENHANCED MONITORING
84,93.68662499999998,4,4,FIELD INSPECTION
84,15.6509625,4,5,REINFORCE / ALARM
84,14.67899166666668,3,3,ENHANCED MONITORING
84,50.10824166666666,4,4,FIELD INSPECTION
87,18.150895833333337,3,3,ENHANCED MONITORING
87,27.764072916666667,3,3,ENHANCED MONITORING
87,2.0880124999999956,2,3,ENHANCED MONITORING
87,18.67442083333334,3,3,ENHANCED MONITORING
87,32.37180312500001,4,4,FIELD INSPECTION
87,54.023011458333336,4,4,FIELD INSPECTION
87,33.57915729166667,4,4,FIELD INSPECTION
87,18.24778854166667,3,3,ENHANCED MONITORING
87,10.421292708333336,3,3,ENHANCED MONITORING
87,4.361186458333331,2,3,ENHANCED MONITORING
87,37.31231666666667,4,4,FIELD INSPECTION
87,7.990858333333335,2,3,ENHANCED MONITORING
87,4.176024999999998,2,3,ENHANCED MONITORING
87,15.87011249999999,3,3,ENHANCED MONITORING
87,44.79892708333333,4,4,FIELD INSPECTION
87,36.301791666666674,4,4,FIELD INSPECTION
87,17.12616666666667,3,3,ENHANCED MONITORING
87,31.006681250000003,4,4,FIELD INSPECTION
87,16.93441041666667,3,3,ENHANCED MONITORING
87,28.259189583333335,3,3,ENHANCED MONITORING
87,3.9487583333333327,2,3,ENHANCED MONITORING
87,4.839562499999997,2,3,ENHANCED MONITORING
87,45.47058125000001,4,4,FIELD INSPECTION
87,19.87974583333333,3,3,ENHANCED MONITORING
87,7.642856249999999,2,3,ENHANCED MONITORING
87,43.54794583333334,4,4,FIELD INSPECTION
87,2.629800000000003,2,3,ENHANCED MONITORING
87,52.315975,4,4,FIELD INSPECTION
87,105.10373125,5,5,REINFORCE / ALARM
87,75.49007291666666,4,4,FIELD INSPECTION
87,87.71986041666668,4,4,FIELD INSPECTION
87,16.57321875,3,3,ENHANCED MONITORING
87,9.621293749999998,2,3,ENHANCED MONITORING
87,49.20323333333334,4,4,FIELD INSPECTION
87,39.77572499999999,4,4,FIELD INSPECTION
87,31.145679166666678,4,4,FIELD INSPECTION
87,36.45195000000001,4,4,FIELD INSPECTION
87,57.27525833333333,4,4,FIELD INSPECTION
87,37.11853125000001,4,4,FIELD INSPECTION
87,65.80587500000001,4,4,FIELD INSPECTION
87,74.76160208333333,4,4,FIELD INSPECTION
87,53.053577083333316,4,4,FIELD INSPECTION
87,14.323887499999977,3,3,ENHANCED MONITORING
87,1.466072916666656,1,3,ENHANCED MONITORING
87,6.626243750000003,2,3,ENHANCED MONITORING
87,17.039927083333342,3,3,ENHANCED MONITORING
87,29.765845833333348,3,4,FIELD INSPECTION
87,19.584502083333323,3,3,ENHANCED MONITORING
87,0.9202270833333159,1,3,ENHANCED MONITORING
87,58.606391666666696,4,4,FIELD INSPECTION
87,43.27400833333334,4,4,FIELD INSPECTION
87,89.38783541666669,4,4,FIELD INSPECTION
87,35.62303541666669,5,5,REINFORCE / ALARM
87,12.543293749999966,3,3,ENHANCED MONITORING
87,26.52932500000003,4,5,REINFORCE / ALARM
87,166.6696625,5,5,REINFORCE / ALARM
87,189.08383749999993,5,5,REINFORCE / ALARM
87,134.55607083333325,5,5,REINFORCE / ALARM
87,86.45061666666675,4,4,FIELD INSPECTION
87,31.14365000000008,4,4,FIELD INSPECTION
87,52.4296083333334,4,4,FIELD INSPECTION
87,18.274675000000087,3,3,ENHANCED MONITORING
87,6.353320833333304,2,3,ENHANCED MONITORING
87,75.1217791666667,4,4,FIELD INSPECTION
87,54.943745833333395,5,5,REINFORCE / ALARM
87,45.504062499999975,5,5,REINFORCE / ALARM
87,36.04814583333333,4,4,FIELD INSPECTION
87,85.52937500000006,4,4,FIELD INSPECTION
87,4.216608333333315,2,3,ENHANCED MONITORING
87,33.531979166666595,4,4,FIELD INSPECTION
87,10.208737499999925,3,3,ENHANCED MONITORING
87,22.637383333333347,3,3,ENHANCED MONITORING
87,52.1252333333334,5,5,REINFORCE / ALARM
87,19.8878625,4,3,ENHANCED MONITORING
87,22.028633333333318,3,3,ENHANCED MONITORING
87,52.15770000000014,4,4,FIELD INSPECTION
87,41.1088875,4,4,FIELD INSPECTION
87,41.77242499999997,4,4,FIELD INSPECTION
87,47.167979166666676,4,4,FIELD INSPECTION
87,7.266445833333338,2,3,ENHANCED MONITORING
89,46.721562500000005,4,4,FIELD INSPECTION
89,51.68997708333334,4,4,FIELD INSPECTION
89,5.058712499999999,2,3,ENHANCED MONITORING
89,15.357747916666673,3,3,ENHANCED MONITORING
89,26.065153125,3,3,ENHANCED MONITORING
89,14.496873958333344,3,3,ENHANCED MONITORING
89,5.514767708333342,2,3,ENHANCED MONITORING
89,2.2665791666666606,2,3,ENHANCED MONITORING
89,9.00442708333334,2,3,ENHANCED MONITORING
89,8.334802083333336,2,3,ENHANCED MONITORING
89,34.65309374999999,4,4,FIELD INSPECTION
89,41.80590625,4,4,FIELD INSPECTION
89,39.89443124999998,4,4,FIELD INSPECTION
89,1.0490791666666723,1,3,ENHANCED MONITORING
89,10.957500000000001,3,3,ENHANCED MONITORING
89,7.953318749999994,2,3,ENHANCED MONITORING
89,24.265789583333333,3,3,ENHANCED MONITORING
89,60.26929374999998,4,4,FIELD INSPECTION
89,8.285087499999998,2,3,ENHANCED MONITORING
89,20.944043749999995,3,3,ENHANCED MONITORING
89,12.408354166666655,3,3,ENHANCED MONITORING
89,18.78501041666668,3,3,ENHANCED MONITORING
89,5.228147916666666,2,3,ENHANCED MONITORING
89,16.877593749999992,3,3,ENHANCED MONITORING
89,34.31219375,4,4,FIELD INSPECTION
89,20.75837499999999,3,3,ENHANCED MONITORING
89,9.772466666666668,2,3,ENHANCED MONITORING
89,28.27745208333332,3,3,ENHANCED MONITORING
89,40.35708125000003,4,4,FIELD INSPECTION
89,3.55510000000001,2,3,ENHANCED MONITORING
89,5.0901645833333236,2,3,ENHANCED MONITORING
89,3.306527083333336,2,3,ENHANCED MONITORING
89,0.7842729166666752,1,3,ENHANCED MONITORING
89,21.95659791666668,3,3,ENHANCED MONITORING
89,13.53352708333333,3,3,ENHANCED MONITORING
89,57.46802916666669,4,4,FIELD INSPECTION
89,32.5762416666667,4,4,FIELD INSPECTION
89,26.749489583333332,3,3,ENHANCED MONITORING
89,25.609097916666656,3,3,ENHANCED MONITORING
89,2.073808333333311,2,3,ENHANCED MONITORING
89,18.342652083333334,3,3,ENHANCED MONITORING
89,45.02517916666665,4,4,FIELD INSPECTION
89,22.590712500000013,3,3,ENHANCED MONITORING
89,27.633191666666647,3,3,ENHANCED MONITORING
89,50.252312499999995,4,4,FIELD INSPECTION
89,53.68058958333334,4,4,FIELD INSPECTION
89,37.660318749999995,4,4,FIELD INSPECTION
89,19.23852916666667,3,3,ENHANCED MONITORING
89,36.04205833333332,4,4,FIELD INSPECTION
89,31.15785416666665,5,5,REINFORCE / ALARM
89,30.086454166666698,4,3,ENHANCED MONITORING
89,29.657285416666685,3,3,ENHANCED MONITORING
89,43.49011458333334,4,4,FIELD INSPECTION
89,1.9774229166666686,1,3,ENHANCED MONITORING
89,25.82520416666667,3,3,ENHANCED MONITORING
89,14.938725000000005,4,3,ENHANCED MONITORING
89,14.883937500000059,3,3,ENHANCED MONITORING
89,57.85154166666672,4,4,FIELD INSPECTION
89,0.32669583333336644,1,3,ENHANCED MONITORING
89,10.675445833333326,3,3,ENHANCED MONITORING
89,31.652970833333388,4,4,FIELD INSPECTION
89,21.190587499999992,3,3,ENHANCED MONITORING
89,72.47980416666665,5,5,REINFORCE / ALARM
89,29.554812500000043,4,5,REINFORCE / ALARM
89,105.41926666666666,5,5,REINFORCE / ALARM
89,72.42501666666664,4,5,REINFORCE / ALARM
89,38.31269583333337,4,4,FIELD INSPECTION
89,49.6334166666667,4,4,FIELD INSPECTION
89,35.81682083333334,4,4,FIELD INSPECTION
89,39.1000125,4,4,FIELD INSPECTION
89,30.761152083333332,4,3,ENHANCED MONITORING
89,18.916906249999997,3,3,ENHANCED MONITORING
89,72.75069791666664,5,5,REINFORCE / ALARM
89,47.81934166666667,4,4,FIELD INSPECTION
89,46.42327500000002,4,4,FIELD INSPECTION
89,48.64521249999996,4,4,FIELD INSPECTION
89,19.64842083333332,3,3,ENHANCED MONITORING
89,9.833341666666675,2,3,ENHANCED MONITORING
89,36.42759999999995,4,4,FIELD INSPECTION
89,35.626079166666685,4,4,FIELD INSPECTION
92,11.383625000000004,3,3,ENHANCED MONITORING
92,12.222685416666666,3,3,ENHANCED MONITORING
92,53.73740624999999,4,4,FIELD INSPECTION
92,14.311712500000004,3,3,ENHANCED MONITORING
92,29.254495833333326,3,4,FIELD INSPECTION
92,19.547977083333333,3,3,ENHANCED MONITORING
92,49.499491666666664,4,4,FIELD INSPECTION
92,5.7932708333333265,2,3,ENHANCED MONITORING
92,6.385787499999993,2,3,ENHANCED MONITORING
92,27.682906250000002,3,3,ENHANCED MONITORING
92,43.34198541666667,4,4,FIELD INSPECTION
92,41.39195625,4,4,FIELD INSPECTION
92,7.978683333333337,2,3,ENHANCED MONITORING
92,35.39678333333334,4,4,FIELD INSPECTION
92,22.801745833333328,3,3,ENHANCED MONITORING
92,23.505866666666662,3,3,ENHANCED MONITORING
92,18.60847291666667,3,3,ENHANCED MONITORING
92,51.55097916666667,4,4,FIELD INSPECTION
92,53.233158333333336,4,4,FIELD INSPECTION
92,39.89747499999999,4,4,FIELD INSPECTION
92,6.255413541666659,2,3,ENHANCED MONITORING
92,7.651480208333318,2,3,ENHANCED MONITORING
92,17.181461458333345,3,3,ENHANCED MONITORING
92,13.893704166666675,3,3,ENHANCED MONITORING
92,29.723233333333326,3,4,FIELD INSPECTION
92,16.325660416666665,3,3,ENHANCED MONITORING
92,19.377527083333337,3,3,ENHANCED MONITORING
92,12.219641666666666,3,3,ENHANCED MONITORING
92,3.683952083333345,2,3,ENHANCED MONITORING
92,23.537318750000008,3,3,ENHANCED MONITORING
92,7.981727083333349,2,3,ENHANCED MONITORING
92,7.921866666666657,2,3,ENHANCED MONITORING
92,29.815560416666653,3,3,ENHANCED MONITORING
92,69.10225625,4,4,FIELD INSPECTION
92,43.75187708333333,4,4,FIELD INSPECTION
92,10.929091666666679,3,3,ENHANCED MONITORING
92,79.14054375,5,5,REINFORCE / ALARM
92,68.64670833333334,4,4,FIELD INSPECTION
92,92.86684166666669,4,4,FIELD INSPECTION
92,41.11091666666667,4,4,FIELD INSPECTION
92,40.43317499999999,4,4,FIELD INSPECTION
92,8.520470833333329,3,3,ENHANCED MONITORING
92,38.659176041666676,4,4,FIELD INSPECTION
92,11.277601041666657,3,3,ENHANCED MONITORING
92,36.75581770833333,4,4,FIELD INSPECTION
92,10.655154166666671,3,3,ENHANCED MONITORING
92,82.06660208333334,4,4,FIELD INSPECTION
92,44.323087500000014,4,4,FIELD INSPECTION
92,33.24180833333332,4,4,FIELD INSPECTION
92,17.250960416666693,3,3,ENHANCED MONITORING
92,17.818112499999994,3,3,ENHANCED MONITORING
92,32.390572916666656,4,4,FIELD INSPECTION
92,7.993902083333336,2,3,ENHANCED MONITORING
92,19.300418750000006,3,3,ENHANCED MONITORING
92,27.998441666666654,3,3,ENHANCED MONITORING
92,33.477191666666684,4,4,FIELD INSPECTION
92,4.689404166666658,2,3,ENHANCED MONITORING
92,74.47244583333337,4,4,FIELD INSPECTION
92,35.9608916666667,4,4,FIELD INSPECTION
92,87.9522,4,4,FIELD INSPECTION
92,5.208870833333374,2,3,ENHANCED MONITORING
92,9.561433333333394,2,3,ENHANCED MONITORING
92,47.61439583333338,4,4,FIELD INSPECTION
92,2.428912500000036,2,3,ENHANCED MONITORING
92,1.9581458333333852,1,3,ENHANCED MONITORING
92,12.769545833333348,3,3,ENHANCED MONITORING
92,1.8729208333332938,1,3,ENHANCED MONITORING
92,22.77942499999997,3,3,ENHANCED MONITORING
92,4.113120833333331,2,3,ENHANCED MONITORING
92,10.655154166666629,3,3,ENHANCED MONITORING
92,68.41031041666663,4,4,FIELD INSPECTION
92,4.230812499999975,2,3,ENHANCED MONITORING
92,35.98118333333335,4,4,FIELD INSPECTION
92,4.341402083333366,2,3,ENHANCED MONITORING
92,11.534797916666633,3,3,ENHANCED MONITORING
92,55.66308541666674,4,4,FIELD INSPECTION
92,83.1136520833333,4,4,FIELD INSPECTION
92,86.55410416666665,4,4,FIELD INSPECTION
92,55.93397916666665,4,4,FIELD INSPECTION
92,35.91827916666665,4,4,FIELD INSPECTION
97,68.65888333333332,4,4,FIELD INSPECTION
97,54.03975208333333,4,4,FIELD INSPECTION
97,30.25690416666667,5,5,REINFORCE / ALARM
97,102.84222499999998,5,4,FIELD INSPECTION
97,81.20927916666666,4,4,FIELD INSPECTION
97,5.099295833333331,2,3,ENHANCED MONITORING
97,16.160283333333336,3,3,ENHANCED MONITORING
97,29.077451041666666,3,3,ENHANCED MONITORING
97,0.5341781250000016,1,3,ENHANCED MONITORING
97,13.321986458333328,3,3,ENHANCED MONITORING
97,43.48707083333333,4,4,FIELD INSPECTION
97,68.53206041666667,4,4,FIELD INSPECTION
97,23.390204166666663,3,3,ENHANCED MONITORING
97,67.00206874999999,4,4,FIELD INSPECTION
97,29.21086875,3,4,FIELD INSPECTION
97,30.397931249999996,4,4,FIELD INSPECTION
97,5.865306250000008,2,3,ENHANCED MONITORING
97,22.216331250000007,3,3,ENHANCED MONITORING
97,34.735275,4,4,FIELD INSPECTION
97,2.16004791666667,2,3,ENHANCED MONITORING
97,15.927943750000003,3,3,ENHANCED MONITORING
97,68.92876249999999,4,4,FIELD INSPECTION
97,31.67123333333333,4,4,FIELD INSPECTION
97,24.600602083333328,3,3,ENHANCED MONITORING
97,1.0663270833333354,1,3,ENHANCED MONITORING
97,40.790308333333336,4,4,FIELD INSPECTION
97,13.673539583333332,3,3,ENHANCED MONITORING
97,1.7471125000000012,1,3,ENHANCED MONITORING
97,54.49732916666668,5,5,REINFORCE / ALARM
97,62.650520833333324,4,4,FIELD INSPECTION
97,60.22059375000001,4,4,FIELD INSPECTION
97,7.032077083333312,2,3,ENHANCED MONITORING
97,29.453354166666696,3,3,ENHANCED MONITORING
97,29.672504166666652,3,3,ENHANCED MONITORING
97,11.128964583333348,3,3,ENHANCED MONITORING
97,21.308279166666637,3,3,ENHANCED MONITORING
97,12.959272916666672,3,3,ENHANCED MONITORING
97,16.138469791666687,3,3,ENHANCED MONITORING
97,15.854386458333328,3,3,ENHANCED MONITORING
97,29.37472395833336,3,3,ENHANCED MONITORING
97,29.958616666666668,3,3,ENHANCED MONITORING
97,39.42265,4,4,FIELD INSPECTION
97,28.43674166666665,3,3,ENHANCED MONITORING
97,71.75539166666668,4,4,FIELD INSPECTION
97,36.384987500000015,4,4,FIELD INSPECTION
97,101.04438333333333,5,5,REINFORCE / ALARM
97,62.71849791666667,4,4,FIELD INSPECTION
97,45.214906249999984,4,4,FIELD INSPECTION
97,22.96813749999996,3,3,ENHANCED MONITORING
97,30.73680208333339,4,4,FIELD INSPECTION
97,36.44383333333332,4,4,FIELD INSPECTION
97,8.863399999999961,2,3,ENHANCED MONITORING
97,17.590845833333358,3,3,ENHANCED MONITORING
97,34.19957500000003,4,4,FIELD INSPECTION
97,53.829733333333316,4,4,FIELD INSPECTION
97,15.790975000000108,3,3,ENHANCED MONITORING
97,44.79791250000005,4,4,FIELD INSPECTION
97,52.56150416666665,4,4,FIELD INSPECTION
97,16.01824166666668,3,3,ENHANCED MONITORING
97,64.83796250000006,4,4,FIELD INSPECTION
97,42.25739583333339,4,4,FIELD INSPECTION
97,41.00945833333335,4,4,FIELD INSPECTION
97,17.75723750000007,3,3,ENHANCED MONITORING
97,22.099654166666706,3,3,ENHANCED MONITORING
97,70.29033333333331,4,4,FIELD INSPECTION
97,20.867950000000096,4,3,ENHANCED MONITORING
97,105.81698333333327,5,5,REINFORCE / ALARM
97,40.56912916666678,4,4,FIELD INSPECTION
97,110.92439583333326,5,5,REINFORCE / ALARM
97,10.00987916666662,3,3,ENHANCED MONITORING
97,31.116256249999974,4,4,FIELD INSPECTION
97,19.354191666666768,3,3,ENHANCED MONITORING
97,1.6578291666665546,1,3,ENHANCED MONITORING
97,27.317656249999956,3,3,ENHANCED MONITORING
97,33.528935416666705,4,4,FIELD INSPECTION
97,123.3337645833335,5,5,REINFORCE / ALARM
97,134.04167708333327,5,5,REINFORCE / ALARM
97,166.93345416666668,5,5,REINFORCE / ALARM
97,47.15783333333329,4,4,FIELD INSPECTION
97,106.53530833333332,5,5,REINFORCE / ALARM
99,42.119412499999996,4,4,FIELD INSPECTION
99,84.13838125,4,4,FIELD INSPECTION
99,8.339874999999992,2,3,ENHANCED MONITORING
99,36.67820208333333,4,4,FIELD INSPECTION
99,22.357358333333327,3,3,ENHANCED MONITORING
99,43.15124374999999,4,4,FIELD INSPECTION
99,46.312685416666675,4,4,FIELD INSPECTION
99,29.381318750000005,3,3,ENHANCED MONITORING
99,26.8641375,3,3,ENHANCED MONITORING
99,4.485472916666676,2,3,ENHANCED MONITORING
99,57.62224583333335,5,5,REINFORCE / ALARM
99,56.497072916666674,4,4,FIELD INSPECTION
99,93.07686041666665,4,4,FIELD INSPECTION
99,25.78867916666665,3,3,ENHANCED MONITORING
99,14.926549999999994,3,3,ENHANCED MONITORING
99,37.38841041666669,4,4,FIELD INSPECTION
99,45.17939583333333,4,4,FIELD INSPECTION
99,29.459441666666674,3,4,FIELD INSPECTION
99,105.20518958333334,5,5,REINFORCE / ALARM
99,58.49783125,5,5,REINFORCE / ALARM
99,53.38636041666668,4,4,FIELD INSPECTION
99,76.82120624999997,4,4,FIELD INSPECTION
99,14.50549791666667,3,3,ENHANCED MONITORING
99,16.570174999999985,3,3,ENHANCED MONITORING
99,14.554197916666665,3,3,ENHANCED MONITORING
99,36.307879166666645,4,4,FIELD INSPECTION
99,58.0564875,4,4,FIELD INSPECTION
99,1.7572583333333398,1,3,ENHANCED MONITORING
99,75.16439166666665,4,4,FIELD INSPECTION
99,104.21901458333336,5,5,REINFORCE / ALARM
99,20.19325208333335,3,3,ENHANCED MONITORING
99,4.246031249999997,2,3,ENHANCED MONITORING
99,10.50398125000001,3,3,ENHANCED MONITORING
99,38.73780624999999,4,4,FIELD INSPECTION
99,43.00920208333334,4,4,FIELD INSPECTION
99,2.0880125,2,3,ENHANCED MONITORING
99,31.874149999999982,4,4,FIELD INSPECTION
99,20.21455833333333,3,3,ENHANCED MONITORING
99,41.82416874999999,4,4,FIELD INSPECTION
99,4.39010208333334,2,3,ENHANCED MONITORING
99,19.831045833333338,3,3,ENHANCED MONITORING
99,29.351895833333334,3,3,ENHANCED MONITORING
99,20.366238541666675,3,3,ENHANCED MONITORING
99,16.72794270833333,3,3,ENHANCED MONITORING
99,10.264032291666664,3,3,ENHANCED MONITORING
99,36.94300833333333,4,4,FIELD INSPECTION
99,19.824958333333342,3,3,ENHANCED MONITORING
99,36.172939583333324,4,4,FIELD INSPECTION
99,62.95692499999999,5,5,REINFORCE / ALARM
99,11.546972916666638,4,3,ENHANCED MONITORING
99,122.49876249999998,5,5,REINFORCE / ALARM
99,38.54604999999999,4,4,FIELD INSPECTION
99,129.34517083333336,5,5,REINFORCE / ALARM
99,57.28540416666666,4,4,FIELD INSPECTION
99,19.23041249999999,4,3,ENHANCED MONITORING
99,140.0409083333333,5,5,REINFORCE / ALARM
99,101.36499166666664,5,5,REINFORCE / ALARM
99,102.44247916666666,5,5,REINFORCE / ALARM
99,39.53831250000005,5,5,REINFORCE / ALARM
99,156.9560416666667,5,5,REINFORCE / ALARM
99,46.47806250000003,5,5,REINFORCE / ALARM
99,24.104470833333306,3,3,ENHANCED MONITORING
99,36.155691666666684,4,4,FIELD INSPECTION
99,26.00580000000001,3,3,ENHANCED MONITORING
99,49.31889583333329,4,4,FIELD INSPECTION
99,135.50166249999998,5,5,REINFORCE / ALARM
99,48.90494583333333,5,5,REINFORCE / ALARM
99,161.01843333333338,5,5,REINFORCE / ALARM
99,54.19701250000003,4,4,FIELD INSPECTION
99,72.35196666666666,4,4,FIELD INSPECTION
99,17.553306250000002,3,3,ENHANCED MONITORING
99,10.579060416666687,3,3,ENHANCED MONITORING
99,3.3531979166666557,2,3,ENHANCED MONITORING
99,44.46107083333336,4,4,FIELD INSPECTION
99,90.25124583333333,4,4,FIELD INSPECTION
99,76.57872083333332,4,4,FIELD INSPECTION
99,0.3124916666666782,1,3,ENHANCED MONITORING
99,81.36755416666664,4,4,FIELD INSPECTION
99,74.39939583333334,5,5,REINFORCE / ALARM
99,193.99847916666667,5,5,REINFORCE / ALARM
101,71.89134583333332,4,4,FIELD INSPECTION
101,27.911187499999993,3,3,ENHANCED MONITORING
101,25.67808958333332,3,3,ENHANCED MONITORING
101,1.397081250000004,1,3,ENHANCED MONITORING
101,11.811271875000012,3,3,ENHANCED MONITORING
101,11.73416354166666,3,3,ENHANCED MONITORING
101,2.7358239583333366,2,3,ENHANCED MONITORING
101,11.275064583333352,3,3,ENHANCED MONITORING
101,10.15192083333334,3,3,ENHANCED MONITORING
101,25.648666666666674,3,3,ENHANCED MONITORING
101,11.491170833333333,3,3,ENHANCED MONITORING
101,18.312214583333333,3,3,ENHANCED MONITORING
101,8.862385416666665,2,3,ENHANCED MONITORING
101,41.777497916666654,4,4,FIELD INSPECTION
101,93.10729791666665,4,4,FIELD INSPECTION
101,69.85812083333333,4,4,FIELD INSPECTION
101,168.81652083333336,5,5,REINFORCE / ALARM
101,98.06962500000002,4,5,REINFORCE / ALARM
101,81.52684374999995,5,5,REINFORCE / ALARM
101,25.673016666666665,4,3,ENHANCED MONITORING
101,42.732220833333336,4,4,FIELD INSPECTION
101,35.93349791666669,4,4,FIELD INSPECTION
101,54.31876250000004,4,4,FIELD INSPECTION
101,56.994218749999995,4,4,FIELD INSPECTION
101,16.894841666666657,3,3,ENHANCED MONITORING
101,126.78537708333339,5,5,REINFORCE / ALARM
101,171.49907916666666,5,5,REINFORCE / ALARM
101,178.04821458333336,5,5,REINFORCE / ALARM
101,60.68527291666664,4,4,FIELD INSPECTION
101,56.80956458333333,4,4,FIELD INSPECTION
101,63.11925833333336,4,4,FIELD INSPECTION
101,65.77949583333337,4,4,FIELD INSPECTION
101,86.73875833333331,5,5,REINFORCE / ALARM
101,40.145033333333345,5,5,REINFORCE / ALARM
101,65.56846250000002,4,4,FIELD INSPECTION
101,8.22218333333327,2,3,ENHANCED MONITORING
101,7.563718749999997,2,3,ENHANCED MONITORING
101,35.12386041666667,4,4,FIELD INSPECTION
101,28.98867499999999,3,3,ENHANCED MONITORING
101,10.2381604166667,3,3,ENHANCED MONITORING
101,15.169035416666679,3,3,ENHANCED MONITORING
101,89.1352041666667,4,4,FIELD INSPECTION
101,101.84083125000002,5,4,FIELD INSPECTION
101,10.872274999999965,4,3,ENHANCED MONITORING
101,5.832839583333334,2,3,ENHANCED MONITORING
101,21.691791666666656,3,3,ENHANCED MONITORING
101,57.02972916666669,4,4,FIELD INSPECTION
101,53.08807291666668,4,4,FIELD INSPECTION
101,25.176885416666636,3,3,ENHANCED MONITORING
101,72.61778749999996,4,4,FIELD INSPECTION
101,29.832808333333304,3,4,FIELD INSPECTION
101,28.71981041666667,3,3,ENHANCED MONITORING
101,62.5906604166666,4,4,FIELD INSPECTION
101,44.45599791666669,4,4,FIELD INSPECTION
101,7.917808333333336,2,3,ENHANCED MONITORING
101,65.29655416666667,4,4,FIELD INSPECTION
101,145.02657083333338,5,5,REINFORCE / ALARM
101,69.49084166666678,5,5,REINFORCE / ALARM
101,109.25439166666666,5,5,REINFORCE / ALARM
101,73.40510416666665,4,4,FIELD INSPECTION
101,92.4894166666666,5,5,REINFORCE / ALARM
101,61.382291666666646,5,5,REINFORCE / ALARM
101,80.31644583333336,5,5,REINFORCE / ALARM
101,17.122108333333284,4,5,REINFORCE / ALARM
101,164.99965833333331,5,5,REINFORCE / ALARM
101,93.29905416666664,4,4,FIELD INSPECTION
101,71.95627916666665,4,4,FIELD INSPECTION
101,22.495341666666718,3,3,ENHANCED MONITORING
101,9.752174999999985,2,3,ENHANCED MONITORING
101,6.369554166666664,2,3,ENHANCED MONITORING
101,4.445904166666655,2,3,ENHANCED MONITORING
101,7.43080833333335,2,3,ENHANCED MONITORING
101,6.540004166666672,2,3,ENHANCED MONITORING
101,53.271712500000056,4,4,FIELD INSPECTION
101,73.09464166666673,4,4,FIELD INSPECTION
101,24.745687499999992,4,5,REINFORCE / ALARM
101,73.05811666666666,4,4,FIELD INSPECTION
101,300.5906041666667,5,5,REINFORCE / ALARM
101,196.55522916666666,5,5,REINFORCE / ALARM
101,224.36495833333342,5,5,REINFORCE / ALARM
116,9.066316666666674,2,3,ENHANCED MONITORING
116,6.786547916666663,2,3,ENHANCED MONITORING
116,27.506368749999996,3,3,ENHANCED MONITORING
116,11.109687499999998,3,3,ENHANCED MONITORING
116,29.899263541666667,3,3,ENHANCED MONITORING
116,6.213815624999999,2,3,ENHANCED MONITORING
116,27.018861458333333,3,3,ENHANCED MONITORING
116,1.729864583333331,1,3,ENHANCED MONITORING
116,28.383983333333333,3,3,ENHANCED MONITORING
116,26.740358333333333,3,3,ENHANCED MONITORING
116,28.160775,3,3,ENHANCED MONITORING
116,4.9562395833333355,2,3,ENHANCED MONITORING
116,10.836764583333332,3,3,ENHANCED MONITORING
116,7.474435416666666,2,3,ENHANCED MONITORING
116,0.8644249999999994,1,3,ENHANCED MONITORING
116,8.327700000000002,2,3,ENHANCED MONITORING
116,31.207568750000004,4,4,FIELD INSPECTION
116,21.681645833333324,3,3,ENHANCED MONITORING
116,25.862743750000003,3,3,ENHANCED MONITORING
116,30.09152708333333,4,4,FIELD INSPECTION
116,11.116282291666662,3,3,ENHANCED MONITORING
116,0.31401354166666096,1,3,ENHANCED MONITORING
116,7.482044791666666,2,3,ENHANCED MONITORING
116,16.335806250000005,3,3,ENHANCED MONITORING
116,83.38251666666666,4,4,FIELD INSPECTION
116,0.07102083333333553,1,3,ENHANCED MONITORING
116,13.610635416666666,3,3,ENHANCED MONITORING
116,26.579039583333337,3,3,ENHANCED MONITORING
116,5.935312499999999,2,3,ENHANCED MONITORING
116,6.855539583333336,2,3,ENHANCED MONITORING
116,22.622164583333333,3,3,ENHANCED MONITORING
116,4.95218125,2,3,ENHANCED MONITORING
116,11.450587499999997,3,3,ENHANCED MONITORING
116,2.761695833333333,2,3,ENHANCED MONITORING
116,9.121104166666667,2,3,ENHANCED MONITORING
116,8.6138125,2,3,ENHANCED MONITORING
116,57.58166249999999,4,4,FIELD INSPECTION
116,56.43974895833333,4,4,FIELD INSPECTION
116,5.044001041666661,3,3,ENHANCED MONITORING
116,8.125290625,3,3,ENHANCED MONITORING
116,21.67860208333334,3,3,ENHANCED MONITORING
116,54.681983333333335,4,4,FIELD INSPECTION
116,14.681020833333333,3,3,ENHANCED MONITORING
116,49.407164583333355,4,4,FIELD INSPECTION
116,43.327781249999994,4,4,FIELD INSPECTION
116,31.634708333333336,4,4,FIELD INSPECTION
116,35.169516666666674,4,4,FIELD INSPECTION
116,13.22915208333334,3,3,ENHANCED MONITORING
116,14.149379166666705,3,3,ENHANCED MONITORING
116,43.77115416666663,4,4,FIELD INSPECTION
116,30.222408333333323,5,5,REINFORCE / ALARM
116,53.444191666666704,4,4,FIELD INSPECTION
116,70.43034583333332,4,4,FIELD INSPECTION
116,17.17486666666667,3,3,ENHANCED MONITORING
116,34.167108333333324,4,4,FIELD INSPECTION
116,74.05849583333337,4,4,FIELD INSPECTION
116,0.2516166666666588,1,3,ENHANCED MONITORING
116,13.56092083333334,3,3,ENHANCED MONITORING
116,74.56578750000004,4,4,FIELD INSPECTION
116,2.090041666666663,2,3,ENHANCED MONITORING
116,26.072762500000007,3,3,ENHANCED MONITORING
116,62.413108333333355,4,4,FIELD INSPECTION
116,15.95939583333334,4,3,ENHANCED MONITORING
116,66.54246249999998,5,5,REINFORCE / ALARM
116,85.44009166666667,5,5,REINFORCE / ALARM
116,13.995162500000015,3,3,ENHANCED MONITORING
116,80.99012916666663,4,4,FIELD INSPECTION
116,40.20387916666669,4,4,FIELD INSPECTION
116,9.023704166666652,2,3,ENHANCED MONITORING
116,27.2050375,3,3,ENHANCED MONITORING
116,2.22903958333333,2,3,ENHANCED MONITORING
116,36.119166666666665,4,4,FIELD INSPECTION
116,61.28894999999999,5,5,REINFORCE / ALARM
116,45.69784791666666,4,4,FIELD INSPECTION
116,66.99293749999998,4,4,FIELD INSPECTION
116,74.63072083333333,4,4,FIELD INSPECTION
116,21.04854583333334,3,3,ENHANCED MONITORING
116,40.92423333333333,4,4,FIELD INSPECTION
116,77.34980416666666,5,5,REINFORCE / ALARM
116,57.17177083333336,4,4,FIELD INSPECTION
117,9.747102083333324,2,3,ENHANCED MONITORING
117,19.534787499999993,3,3,ENHANCED MONITORING
117,28.416450000000008,3,3,ENHANCED MONITORING
117,27.631162500000002,3,3,ENHANCED MONITORING
117,20.278984374999997,3,3,ENHANCED MONITORING
117,0.03804687500000389,1,3,ENHANCED MONITORING
117,36.05169687499999,4,4,FIELD INSPECTION
117,34.41517395833332,4,4,FIELD INSPECTION
117,9.11653854166667,2,3,ENHANCED MONITORING
117,33.50306354166667,4,4,FIELD INSPECTION
117,13.448302083333333,3,3,ENHANCED MONITORING
117,16.35914166666667,3,3,ENHANCED MONITORING
117,8.176527083333344,2,3,ENHANCED MONITORING
117,22.37257708333333,3,3,ENHANCED MONITORING
117,41.370650000000005,4,4,FIELD INSPECTION
117,33.65880208333334,4,4,FIELD INSPECTION
117,62.135112499999984,4,4,FIELD INSPECTION
117,9.634483333333336,2,3,ENHANCED MONITORING
117,34.230012499999994,4,4,FIELD INSPECTION
117,24.07098958333332,3,3,ENHANCED MONITORING
117,7.997960416666664,2,3,ENHANCED MONITORING
117,30.939718749999997,4,4,FIELD INSPECTION
117,10.625731250000001,3,3,ENHANCED MONITORING
117,3.030560416666672,2,3,ENHANCED MONITORING
117,55.361754166666685,4,4,FIELD INSPECTION
117,33.47008958333333,5,5,REINFORCE / ALARM
117,60.87702916666667,4,4,FIELD INSPECTION
117,103.36473541666669,5,5,REINFORCE / ALARM
117,43.157331250000006,4,4,FIELD INSPECTION
117,45.308247916666666,4,4,FIELD INSPECTION
117,0.0629041666666647,1,3,ENHANCED MONITORING
117,46.99448541666667,4,4,FIELD INSPECTION
117,15.887360416666658,3,3,ENHANCED MONITORING
117,29.261597916666677,3,4,FIELD INSPECTION
117,7.937085416666666,2,3,ENHANCED MONITORING
117,36.902425,4,4,FIELD INSPECTION
117,10.682547916666666,3,3,ENHANCED MONITORING
117,24.792865625,3,3,ENHANCED MONITORING
117,87.96386770833332,4,4,FIELD INSPECTION
117,50.88896354166666,4,4,FIELD INSPECTION
117,54.43848333333333,4,4,FIELD INSPECTION
117,20.29268125,3,3,ENHANCED MONITORING
117,6.053004166666663,2,3,ENHANCED MONITORING
117,14.585649999999987,3,3,ENHANCED MONITORING
117,36.233814583333334,4,4,FIELD INSPECTION
117,46.181804166666666,4,4,FIELD INSPECTION
117,1.177931250000012,1,3,ENHANCED MONITORING
117,9.597958333333331,2,3,ENHANCED MONITORING
117,7.841714583333352,2,3,ENHANCED MONITORING
117,13.736443749999992,3,3,ENHANCED MONITORING
117,19.11069166666668,3,3,ENHANCED MONITORING
117,20.98158333333333,3,3,ENHANCED MONITORING
117,21.095216666666648,3,3,ENHANCED MONITORING
117,38.018466666666676,4,4,FIELD INSPECTION
117,75.43224166666668,4,4,FIELD INSPECTION
117,88.56500833333331,4,4,FIELD INSPECTION
117,35.18980833333332,4,4,FIELD INSPECTION
117,85.2594958333333,5,5,REINFORCE / ALARM
117,25.459954166666662,3,3,ENHANCED MONITORING
117,53.99003750000001,4,4,FIELD INSPECTION
117,11.667708333333335,3,3,ENHANCED MONITORING
117,46.48820833333334,4,4,FIELD INSPECTION
117,30.007316666666657,4,4,FIELD INSPECTION
117,23.934020833333335,3,3,ENHANCED MONITORING
117,44.73297916666666,4,4,FIELD INSPECTION
117,23.93199166666665,3,3,ENHANCED MONITORING
117,28.37586666666664,3,3,ENHANCED MONITORING
117,65.73485416666666,4,4,FIELD INSPECTION
117,22.941758333333322,3,3,ENHANCED MONITORING
117,7.167016666666651,2,3,ENHANCED MONITORING
117,16.61786041666668,3,3,ENHANCED MONITORING
117,29.869333333333334,3,4,FIELD INSPECTION
117,16.509300000000014,3,3,ENHANCED MONITORING
117,2.233097916666654,2,3,ENHANCED MONITORING
117,21.818614583333346,3,3,ENHANCED MONITORING
117,68.67613125,4,4,FIELD INSPECTION
117,93.23716458333332,4,4,FIELD INSPECTION
117,36.074525,4,4,FIELD INSPECTION
117,83.75791249999999,5,5,REINFORCE / ALARM
117,128.39349166666668,5,5,REINFORCE / ALARM
121,3.414072916666669,2,3,ENHANCED MONITORING
121,45.072864583333335,4,4,FIELD INSPECTION
121,21.650193749999996,3,3,ENHANCED MONITORING
121,30.007316666666668,4,3,ENHANCED MONITORING
121,73.89616249999999,4,4,FIELD INSPECTION
121,45.90989583333334,4,4,FIELD INSPECTION
121,37.23419375000001,4,4,FIELD INSPECTION
121,53.37469270833335,4,4,FIELD INSPECTION
121,22.867186458333336,3,3,ENHANCED MONITORING
121,39.270969791666666,4,4,FIELD INSPECTION
121,52.87399583333333,5,5,REINFORCE / ALARM
121,35.455629166666675,4,4,FIELD INSPECTION
121,64.67867291666668,4,4,FIELD INSPECTION
121,8.744693749999985,2,3,ENHANCED MONITORING
121,18.84588541666667,3,3,ENHANCED MONITORING
121,50.99092916666667,4,4,FIELD INSPECTION
121,55.820345833333334,4,4,FIELD INSPECTION
121,126.06400833333335,5,5,REINFORCE / ALARM
121,42.29087708333335,4,4,FIELD INSPECTION
121,19.43535833333334,3,3,ENHANCED MONITORING
121,62.83111666666667,4,4,FIELD INSPECTION
121,31.68442291666666,5,5,REINFORCE / ALARM
121,83.67776041666666,4,4,FIELD INSPECTION
121,112.37322083333332,5,5,REINFORCE / ALARM
121,24.15012708333333,4,3,ENHANCED MONITORING
121,16.119700000000005,4,3,ENHANCED MONITORING
121,37.30927291666666,4,4,FIELD INSPECTION
121,76.96730625,5,5,REINFORCE / ALARM
121,21.276827083333327,3,3,ENHANCED MONITORING
121,63.82236458333333,4,4,FIELD INSPECTION
121,18.577020833333336,3,3,ENHANCED MONITORING
121,23.02495416666666,3,3,ENHANCED MONITORING
121,53.16416666666667,4,4,FIELD INSPECTION
121,31.581950000000003,4,4,FIELD INSPECTION
121,81.10071875,4,4,FIELD INSPECTION
121,52.80601875,4,4,FIELD INSPECTION
121,123.26781666666666,5,5,REINFORCE / ALARM
121,106.818884375,5,5,REINFORCE / ALARM
121,102.04628437499998,5,5,REINFORCE / ALARM
121,6.04032187499998,2,3,ENHANCED MONITORING
121,6.093587500000001,2,3,ENHANCED MONITORING
121,25.51981458333333,3,3,ENHANCED MONITORING
121,32.65284270833332,4,3,ENHANCED MONITORING
121,35.552521875000004,4,4,FIELD INSPECTION
121,17.16319895833334,3,3,ENHANCED MONITORING
121,30.59374583333333,4,4,FIELD INSPECTION
121,17.63548750000003,3,3,ENHANCED MONITORING
121,29.341749999999994,3,4,FIELD INSPECTION
121,22.98437083333333,3,3,ENHANCED MONITORING
121,10.706897916666657,3,3,ENHANCED MONITORING
121,49.29657500000002,4,4,FIELD INSPECTION
121,81.14333125000002,4,4,FIELD INSPECTION
121,20.14861041666667,3,3,ENHANCED MONITORING
121,62.76111041666663,4,4,FIELD INSPECTION
121,62.3704958333333,4,4,FIELD INSPECTION
121,183.94395833333337,5,5,REINFORCE / ALARM
121,69.54968750000005,5,5,REINFORCE / ALARM
121,115.1268,5,5,REINFORCE / ALARM
121,152.48578750000001,5,5,REINFORCE / ALARM
121,68.08462916666667,5,5,REINFORCE / ALARM
121,5.896758333333288,2,3,ENHANCED MONITORING
121,190.4494666666667,5,5,REINFORCE / ALARM
121,104.37627500000006,5,5,REINFORCE / ALARM
121,92.76944166666668,4,4,FIELD INSPECTION
121,48.27590416666669,4,4,FIELD INSPECTION
121,73.10681666666672,4,4,FIELD INSPECTION
121,18.585137500000013,4,5,REINFORCE / ALARM
121,47.78484583333334,5,5,REINFORCE / ALARM
121,139.78320416666665,5,5,REINFORCE / ALARM
121,45.757708333333234,4,4,FIELD INSPECTION
121,159.02071874999996,5,5,REINFORCE / ALARM
121,6.0834416666666895,2,3,ENHANCED MONITORING
121,112.99008749999994,5,5,REINFORCE / ALARM
121,82.80116041666656,4,4,FIELD INSPECTION
121,93.5303791666666,4,4,FIELD INSPECTION
121,3.3014541666666872,2,3,ENHANCED MONITORING
121,61.43505,4,4,FIELD INSPECTION
121,13.36003333333334,4,3,ENHANCED MONITORING
121,22.44461249999996,3,3,ENHANCED MONITORING
121,42.856000000000044,5,5,REINFORCE / ALARM
127,17.232697916666663,3,3,ENHANCED MONITORING
127,17.4285125,3,3,ENHANCED MONITORING
127,0.8299291666666603,1,3,ENHANCED MONITORING
127,21.861227083333336,3,3,ENHANCED MONITORING
127,23.082785416666667,3,3,ENHANCED MONITORING
127,25.243847916666667,3,3,ENHANCED MONITORING
127,32.89583541666667,4,4,FIELD INSPECTION
127,23.388175,3,3,ENHANCED MONITORING
127,32.30737708333334,4,4,FIELD INSPECTION
127,33.73692500000001,4,4,FIELD INSPECTION
127,55.790922916666666,4,4,FIELD INSPECTION
127,31.98879791666667,4,4,FIELD INSPECTION
127,47.52917083333333,4,4,FIELD INSPECTION
127,0.1704499999999977,1,3,ENHANCED MONITORING
127,14.210254166666678,3,3,ENHANCED MONITORING
127,6.8819187500000005,2,3,ENHANCED MONITORING
127,24.30130000000001,3,3,ENHANCED MONITORING
127,39.984729166666654,4,4,FIELD INSPECTION
127,5.989085416666678,2,3,ENHANCED MONITORING
127,6.6617541666666575,2,3,ENHANCED MONITORING
127,22.281771875000004,3,3,ENHANCED MONITORING
127,3.3729822916666534,2,3,ENHANCED MONITORING
127,12.955721875000004,3,3,ENHANCED MONITORING
127,29.08100208333332,3,3,ENHANCED MONITORING
127,47.79803541666664,4,4,FIELD INSPECTION
127,55.94513958333332,4,4,FIELD INSPECTION
127,30.225452083333334,4,4,FIELD INSPECTION
127,28.236868750000014,3,3,ENHANCED MONITORING
127,48.85421666666667,4,4,FIELD INSPECTION
127,50.049395833333335,4,4,FIELD INSPECTION
127,6.389845833333339,2,3,ENHANCED MONITORING
127,11.21621875000001,3,3,ENHANCED MONITORING
127,11.707277083333338,3,3,ENHANCED MONITORING
127,22.835227083333336,3,3,ENHANCED MONITORING
127,8.679760416666662,2,3,ENHANCED MONITORING
127,20.44994166666667,3,3,ENHANCED MONITORING
127,37.24231041666667,4,4,FIELD INSPECTION
127,30.544031250000003,4,4,FIELD INSPECTION
127,17.202260416666675,3,3,ENHANCED MONITORING
127,48.77507916666667,4,4,FIELD INSPECTION
127,22.027618750000002,3,3,ENHANCED MONITORING
127,25.887093750000005,3,3,ENHANCED MONITORING
127,13.07899375,3,3,ENHANCED MONITORING
127,12.684320833333336,3,3,ENHANCED MONITORING
127,22.758118749999998,3,3,ENHANCED MONITORING
127,38.78041875,4,4,FIELD INSPECTION
127,25.604025000000007,3,3,ENHANCED MONITORING
127,13.334668749999993,3,3,ENHANCED MONITORING
127,42.3142125,4,4,FIELD INSPECTION
127,16.27898958333333,3,3,ENHANCED MONITORING
127,35.033562499999995,4,4,FIELD INSPECTION
127,5.351927083333334,2,3,ENHANCED MONITORING
127,45.49493125,4,4,FIELD INSPECTION
127,46.39588125,4,4,FIELD INSPECTION
127,74.1761875,4,4,FIELD INSPECTION
127,27.45056666666667,3,3,ENHANCED MONITORING
127,52.26524583333333,4,4,FIELD INSPECTION
127,6.990479166666674,2,3,ENHANCED MONITORING
127,24.27897916666667,3,3,ENHANCED MONITORING
127,16.389579166666667,3,3,ENHANCED MONITORING
127,57.76022916666667,4,4,FIELD INSPECTION
127,120.18754166666668,5,5,REINFORCE / ALARM
127,118.21925,5,5,REINFORCE / ALARM
127,130.4754166666667,5,5,REINFORCE / ALARM
127,66.31113750000002,4,4,FIELD INSPECTION
127,41.472108333333324,4,4,FIELD INSPECTION
127,2.477612500000029,2,3,ENHANCED MONITORING
127,33.28239166666666,4,4,FIELD INSPECTION
127,26.78702916666667,3,3,ENHANCED MONITORING
127,22.493312499999984,3,3,ENHANCED MONITORING
127,7.213687499999985,2,3,ENHANCED MONITORING
127,0.5986041666666774,1,3,ENHANCED MONITORING
127,1.523904166666649,1,3,ENHANCED MONITORING
127,16.07505833333332,3,3,ENHANCED MONITORING
127,54.07221875,4,4,FIELD INSPECTION
127,9.16473124999998,2,3,ENHANCED MONITORING
127,6.451735416666662,2,3,ENHANCED MONITORING
127,34.591204166666685,4,4,FIELD INSPECTION
127,84.56755,4,4,FIELD INSPECTION
127,120.73744583333335,5,5,REINFORCE / ALARM
128,21.158120833333324,3,3,ENHANCED MONITORING
128,50.085920833333326,4,4,FIELD INSPECTION
128,53.786106249999996,4,4,FIELD INSPECTION
128,56.02326250000001,4,4,FIELD INSPECTION
128,33.895199999999996,4,4,FIELD INSPECTION
128,12.405310416666666,3,3,ENHANCED MONITORING
128,22.718549999999997,3,3,ENHANCED MONITORING
128,15.203023958333333,3,3,ENHANCED MONITORING
128,5.553321874999999,2,3,ENHANCED MONITORING
128,10.940759375,3,3,ENHANCED MONITORING
128,50.9097625,4,4,FIELD INSPECTION
128,45.15200208333332,4,4,FIELD INSPECTION
128,32.85322291666666,4,4,FIELD INSPECTION
128,3.9883270833333335,2,3,ENHANCED MONITORING
128,5.963720833333333,2,3,ENHANCED MONITORING
128,18.228004166666665,3,3,ENHANCED MONITORING
128,9.558389583333337,2,3,ENHANCED MONITORING
128,26.904720833333332,3,3,ENHANCED MONITORING
128,10.801254166666672,3,3,ENHANCED MONITORING
128,0.29828750000000187,1,3,ENHANCED MONITORING
128,24.174477083333333,3,3,ENHANCED MONITORING
128,2.233097916666664,2,3,ENHANCED MONITORING
128,3.6413395833333326,2,3,ENHANCED MONITORING
128,7.045266666666666,2,3,ENHANCED MONITORING
128,31.4297625,4,4,FIELD INSPECTION
128,37.32855,4,4,FIELD INSPECTION
128,70.43541875000001,4,4,FIELD INSPECTION
128,65.78558333333332,4,4,FIELD INSPECTION
128,74.34765208333334,4,4,FIELD INSPECTION
128,12.3150125,3,3,ENHANCED MONITORING
128,32.84409166666666,4,4,FIELD INSPECTION
128,17.552291666666665,3,3,ENHANCED MONITORING
128,29.35899791666667,3,4,FIELD INSPECTION
128,51.05992083333334,4,4,FIELD INSPECTION
128,17.4772125,3,3,ENHANCED MONITORING
128,11.784385416666671,3,3,ENHANCED MONITORING
128,38.4669125,4,4,FIELD INSPECTION
128,51.61794166666666,4,4,FIELD INSPECTION
128,43.928414583333335,4,4,FIELD INSPECTION
128,37.25245625000002,4,4,FIELD INSPECTION
128,20.778666666666684,3,3,ENHANCED MONITORING
128,9.743043749999984,2,3,ENHANCED MONITORING
128,4.500691666666684,2,3,ENHANCED MONITORING
128,5.809504166666627,2,3,ENHANCED MONITORING
128,28.310933333333335,3,3,ENHANCED MONITORING
128,2.185412499999989,2,3,ENHANCED MONITORING
128,21.348862499999985,3,3,ENHANCED MONITORING
128,54.29542708333333,4,4,FIELD INSPECTION
128,39.368877083333295,5,5,REINFORCE / ALARM
128,11.242597916666654,4,3,ENHANCED MONITORING
128,17.600991666666665,3,3,ENHANCED MONITORING
128,50.70988958333328,5,5,REINFORCE / ALARM
128,32.15316041666665,4,4,FIELD INSPECTION
128,114.41557708333333,5,5,REINFORCE / ALARM
128,82.50591666666665,4,4,FIELD INSPECTION
128,63.596112500000004,4,4,FIELD INSPECTION
128,31.81936250000002,4,4,FIELD INSPECTION
128,47.27349583333331,4,4,FIELD INSPECTION
128,21.823687499999977,4,3,ENHANCED MONITORING
128,27.7062416666667,3,3,ENHANCED MONITORING
128,49.826187499999946,4,4,FIELD INSPECTION
128,58.69161666666664,4,4,FIELD INSPECTION
128,1.4467958333333495,1,3,ENHANCED MONITORING
128,27.489120833333278,3,3,ENHANCED MONITORING
128,61.735366666666685,4,4,FIELD INSPECTION
128,26.062616666666628,3,3,ENHANCED MONITORING
128,42.04433333333332,4,4,FIELD INSPECTION
128,63.730037500000044,4,4,FIELD INSPECTION
128,39.26640416666663,4,4,FIELD INSPECTION
128,46.54096666666669,4,4,FIELD INSPECTION
128,21.40669375000003,3,3,ENHANCED MONITORING
128,0.44844583333336985,1,3,ENHANCED MONITORING
128,17.568525000000005,3,3,ENHANCED MONITORING
128,22.28126458333335,3,3,ENHANCED MONITORING
128,1.479262500000014,1,3,ENHANCED MONITORING
128,42.17420000000004,4,4,FIELD INSPECTION
128,32.92728750000004,4,4,FIELD INSPECTION
128,92.6253708333333,5,5,REINFORCE / ALARM
128,75.91518333333332,5,5,REINFORCE / ALARM
128,150.6737416666667,5,5,REINFORCE / ALARM
129,18.18133333333333,3,3,ENHANCED MONITORING
129,7.5627041666666655,2,3,ENHANCED MONITORING
129,21.115508333333334,3,3,ENHANCED MONITORING
129,58.304045833333326,4,4,FIELD INSPECTION
129,50.740327083333334,4,4,FIELD INSPECTION
129,42.613514583333334,4,4,FIELD INSPECTION
129,40.43926249999999,4,4,FIELD INSPECTION
129,24.13034270833333,3,3,ENHANCED MONITORING
129,3.891434375000012,2,3,ENHANCED MONITORING
129,15.94366979166667,3,3,ENHANCED MONITORING
129,9.68419791666667,2,3,ENHANCED MONITORING
129,34.251318749999996,4,4,FIELD INSPECTION
129,16.503212499999986,3,3,ENHANCED MONITORING
129,42.49785208333332,4,4,FIELD INSPECTION
129,3.10665416666667,2,3,ENHANCED MONITORING
129,1.5431812499999988,1,3,ENHANCED MONITORING
129,26.892545833333333,3,3,ENHANCED MONITORING
129,29.809472916666667,3,4,FIELD INSPECTION
129,24.863379166666665,3,3,ENHANCED MONITORING
129,40.530575,4,4,FIELD INSPECTION
129,24.437254166666673,3,3,ENHANCED MONITORING
129,8.486989583333333,2,3,ENHANCED MONITORING
129,1.6091291666666667,1,3,ENHANCED MONITORING
129,22.80276041666666,3,3,ENHANCED MONITORING
129,35.56621875,4,4,FIELD INSPECTION
129,15.427754166666674,3,3,ENHANCED MONITORING
129,8.907027083333338,2,3,ENHANCED MONITORING
129,21.485831250000004,3,3,ENHANCED MONITORING
129,53.63290416666667,4,4,FIELD INSPECTION
129,11.687999999999997,3,3,ENHANCED MONITORING
129,38.13108541666667,4,4,FIELD INSPECTION
129,28.9460625,3,3,ENHANCED MONITORING
129,36.22569791666667,4,4,FIELD INSPECTION
129,35.54288333333334,4,4,FIELD INSPECTION
129,20.99172916666667,3,3,ENHANCED MONITORING
129,5.248439583333334,2,3,ENHANCED MONITORING
129,8.337845833333335,2,3,ENHANCED MONITORING
129,32.048658333333336,4,4,FIELD INSPECTION
129,15.231939583333334,3,3,ENHANCED MONITORING
129,23.910685416666663,3,3,ENHANCED MONITORING
129,20.329206249999995,3,3,ENHANCED MONITORING
129,10.918945833333334,3,3,ENHANCED MONITORING
129,2.8722854166666636,2,3,ENHANCED MONITORING
129,19.8878625,3,3,ENHANCED MONITORING
129,3.6585875000000008,2,3,ENHANCED MONITORING
129,2.613566666666666,2,3,ENHANCED MONITORING
129,6.648564583333339,2,3,ENHANCED MONITORING
129,14.682035416666665,3,3,ENHANCED MONITORING
129,23.294833333333326,3,3,ENHANCED MONITORING
129,11.291297916666673,3,3,ENHANCED MONITORING
129,20.204412500000007,3,3,ENHANCED MONITORING
129,34.58511666666666,4,4,FIELD INSPECTION
129,2.9524375000000043,2,3,ENHANCED MONITORING
129,27.282145833333335,3,3,ENHANCED MONITORING
129,45.03126666666666,5,5,REINFORCE / ALARM
129,133.44205833333334,5,5,REINFORCE / ALARM
129,74.57187500000002,5,5,REINFORCE / ALARM
129,20.71170416666666,3,3,ENHANCED MONITORING
129,41.00134166666671,4,4,FIELD INSPECTION
129,43.750862500000004,5,5,REINFORCE / ALARM
129,66.03314166666665,4,4,FIELD INSPECTION
129,101.61863749999998,5,5,REINFORCE / ALARM
129,47.813254166666674,4,4,FIELD INSPECTION
129,20.423562500000003,3,3,ENHANCED MONITORING
129,64.17645416666666,4,4,FIELD INSPECTION
129,8.928333333333327,2,3,ENHANCED MONITORING
129,98.89549583333333,4,5,REINFORCE / ALARM
129,8.690920833333331,2,3,ENHANCED MONITORING
129,23.58094583333333,3,3,ENHANCED MONITORING
129,58.44811666666667,4,4,FIELD INSPECTION
129,4.708681250000008,2,3,ENHANCED MONITORING
129,37.301156250000005,4,4,FIELD INSPECTION
129,31.913718749999997,4,4,FIELD INSPECTION
129,75.14612916666665,4,4,FIELD INSPECTION
129,78.15944166666667,4,5,REINFORCE / ALARM
129,12.426616666666668,3,3,ENHANCED MONITORING
129,34.81238333333334,4,4,FIELD INSPECTION
129,8.745708333333324,2,3,ENHANCED MONITORING
129,27.389691666666664,3,3,ENHANCED MONITORING
129,53.983950000000014,5,5,REINFORCE / ALARM
130,5.337722916666666,2,3,ENHANCED MONITORING
130,9.304743749999993,2,3,ENHANCED MONITORING
130,5.309314583333332,2,3,ENHANCED MONITORING
130,31.663116666666657,4,4,FIELD INSPECTION
130,27.484047916666665,3,3,ENHANCED MONITORING
130,19.206062499999998,3,3,ENHANCED MONITORING
130,12.442849999999998,3,3,ENHANCED MONITORING
130,19.802637500000003,3,3,ENHANCED MONITORING
130,3.927452083333326,2,3,ENHANCED MONITORING
130,19.86554166666667,3,3,ENHANCED MONITORING
130,7.343554166666668,2,3,ENHANCED MONITORING
130,30.99349166666667,4,4,FIELD INSPECTION
130,52.77659583333334,4,4,FIELD INSPECTION
130,33.64155416666667,4,4,FIELD INSPECTION
130,21.684689583333334,3,3,ENHANCED MONITORING
130,10.150906250000002,3,3,ENHANCED MONITORING
130,31.461214583333334,4,3,ENHANCED MONITORING
130,4.5067791666666706,2,3,ENHANCED MONITORING
130,20.238908333333335,3,3,ENHANCED MONITORING
130,11.701189583333333,3,3,ENHANCED MONITORING
130,6.77234375,2,3,ENHANCED MONITORING
130,6.856554166666666,2,3,ENHANCED MONITORING
130,0.9364604166666682,1,3,ENHANCED MONITORING
130,10.997068749999999,3,3,ENHANCED MONITORING
130,14.907272916666669,3,3,ENHANCED MONITORING
130,22.457802083333334,3,3,ENHANCED MONITORING
130,7.960420833333333,2,3,ENHANCED MONITORING
130,15.318179166666669,3,3,ENHANCED MONITORING
130,6.687118750000003,2,3,ENHANCED MONITORING
130,53.59942291666667,4,4,FIELD INSPECTION
130,29.1043375,3,3,ENHANCED MONITORING
130,8.65743958333333,2,3,ENHANCED MONITORING
130,16.73352291666666,3,3,ENHANCED MONITORING
130,5.068858333333334,2,3,ENHANCED MONITORING
130,2.6561791666666643,2,3,ENHANCED MONITORING
130,24.329708333333325,3,3,ENHANCED MONITORING
130,4.782745833333334,2,3,ENHANCED MONITORING
130,2.6013916666666663,2,3,ENHANCED MONITORING
130,13.943418750000001,3,3,ENHANCED MONITORING
130,31.343522916666668,4,4,FIELD INSPECTION
130,23.612397916666666,3,3,ENHANCED MONITORING
130,28.294699999999995,3,3,ENHANCED MONITORING
130,1.1332895833333343,1,3,ENHANCED MONITORING
130,32.87960208333333,4,4,FIELD INSPECTION
130,35.951760416666666,4,4,FIELD INSPECTION
130,3.8888979166666693,2,3,ENHANCED MONITORING
130,16.144049999999993,3,3,ENHANCED MONITORING
130,71.47638124999999,4,4,FIELD INSPECTION
130,49.409193749999986,4,4,FIELD INSPECTION
130,79.74827916666665,4,4,FIELD INSPECTION
130,50.47755,4,4,FIELD INSPECTION
130,48.865377083333335,4,4,FIELD INSPECTION
130,22.082406250000005,3,3,ENHANCED MONITORING
130,32.244472916666666,4,4,FIELD INSPECTION
130,8.859341666666664,2,3,ENHANCED MONITORING
130,10.851983333333338,3,3,ENHANCED MONITORING
130,58.2025875,4,4,FIELD INSPECTION
130,34.32335416666667,4,4,FIELD INSPECTION
130,13.1307375,3,3,ENHANCED MONITORING
130,23.191345833333333,3,3,ENHANCED MONITORING
130,42.12144166666667,4,4,FIELD INSPECTION
130,21.304220833333336,3,3,ENHANCED MONITORING
130,16.706129166666667,3,3,ENHANCED MONITORING
130,26.454245833333335,3,3,ENHANCED MONITORING
130,37.81757916666667,4,4,FIELD INSPECTION
130,33.71054583333333,4,4,FIELD INSPECTION
130,26.782970833333337,3,3,ENHANCED MONITORING
130,35.812762500000005,4,4,FIELD INSPECTION
130,43.245599999999996,4,4,FIELD INSPECTION
130,10.618629166666658,3,3,ENHANCED MONITORING
130,12.775633333333332,4,3,ENHANCED MONITORING
130,0.7031062500000095,1,3,ENHANCED MONITORING
130,8.57221458333334,2,3,ENHANCED MONITORING
130,51.34704791666667,4,4,FIELD INSPECTION
130,21.46756875,3,3,ENHANCED MONITORING
130,20.446897916666675,3,3,ENHANCED MONITORING
130,29.94542708333334,3,4,FIELD INSPECTION
130,5.470633333333329,2,3,ENHANCED MONITORING
130,18.053495833333326,3,3,ENHANCED MONITORING
130,3.025487499999997,3,3,ENHANCED MONITORING
132,25.58373333333334,3,3,ENHANCED MONITORING
132,68.04404583333333,4,4,FIELD INSPECTION
132,33.89215624999999,4,4,FIELD INSPECTION
132,29.332618749999998,3,3,ENHANCED MONITORING
132,42.86563854166667,4,4,FIELD INSPECTION
132,67.59204895833334,4,4,FIELD INSPECTION
132,21.325019791666673,3,3,ENHANCED MONITORING
132,19.461737499999995,3,3,ENHANCED MONITORING
132,8.866443750000014,2,3,ENHANCED MONITORING
132,26.552660416666683,3,3,ENHANCED MONITORING
132,40.160252083333326,4,4,FIELD INSPECTION
132,63.88121041666667,4,4,FIELD INSPECTION
132,39.99791875000003,4,4,FIELD INSPECTION
132,3.4292916666666735,2,3,ENHANCED MONITORING
132,17.19414374999999,3,3,ENHANCED MONITORING
132,6.726687499999984,2,3,ENHANCED MONITORING
132,52.989658333333324,4,4,FIELD INSPECTION
132,74.78696666666666,4,4,FIELD INSPECTION
132,88.67762708333333,4,4,FIELD INSPECTION
132,41.42949583333333,4,4,FIELD INSPECTION
132,6.2386729166666655,2,3,ENHANCED MONITORING
132,16.464658333333333,3,3,ENHANCED MONITORING
132,5.385408333333335,2,3,ENHANCED MONITORING
132,5.591368749999998,2,3,ENHANCED MONITORING
132,17.416337499999994,3,3,ENHANCED MONITORING
132,80.43109374999999,4,4,FIELD INSPECTION
132,86.26799166666666,4,4,FIELD INSPECTION
132,69.91290833333333,4,4,FIELD INSPECTION
132,22.86870833333333,3,3,ENHANCED MONITORING
132,3.384650000000004,2,3,ENHANCED MONITORING
132,25.194133333333337,3,3,ENHANCED MONITORING
132,44.90850208333334,4,4,FIELD INSPECTION
132,66.28983125,4,4,FIELD INSPECTION
132,14.2751875,3,3,ENHANCED MONITORING
132,9.31184583333333,2,3,ENHANCED MONITORING
132,6.481158333333333,2,3,ENHANCED MONITORING
132,16.40073958333332,3,3,ENHANCED MONITORING
132,10.556739583333313,3,3,ENHANCED MONITORING
132,12.277472916666673,3,3,ENHANCED MONITORING
132,31.23090416666665,4,4,FIELD INSPECTION
132,1.4985395833333353,1,3,ENHANCED MONITORING
132,32.307377083333336,4,4,FIELD INSPECTION
132,66.70631770833333,4,4,FIELD INSPECTION
132,47.08833437500002,4,4,FIELD INSPECTION
132,5.37576979166668,2,3,ENHANCED MONITORING
132,49.50659375000001,4,4,FIELD INSPECTION
132,36.39716250000003,4,4,FIELD INSPECTION
132,67.91316458333337,4,4,FIELD INSPECTION
132,7.643870833333325,2,3,ENHANCED MONITORING
132,37.59842916666671,4,4,FIELD INSPECTION
132,85.59836666666672,4,4,FIELD INSPECTION
132,94.75295208333335,4,4,FIELD INSPECTION
132,22.997560416666662,3,3,ENHANCED MONITORING
132,5.985027083333336,2,3,ENHANCED MONITORING
132,26.764708333333317,3,3,ENHANCED MONITORING
132,74.03008749999998,4,4,FIELD INSPECTION
132,17.49750416666663,4,3,ENHANCED MONITORING
132,12.01266666666671,3,3,ENHANCED MONITORING
132,48.96784999999999,4,4,FIELD INSPECTION
132,6.050975000000026,2,3,ENHANCED MONITORING
132,66.1183666666667,5,4,FIELD INSPECTION
132,108.2763333333333,5,5,REINFORCE / ALARM
132,26.90066250000001,4,5,REINFORCE / ALARM
132,44.75530000000003,4,4,FIELD INSPECTION
132,24.358116666666643,4,5,REINFORCE / ALARM
132,48.30228333333329,4,4,FIELD INSPECTION
132,52.7867416666667,4,4,FIELD INSPECTION
132,127.59602916666667,5,5,REINFORCE / ALARM
132,174.6544333333333,5,5,REINFORCE / ALARM
132,176.61257916666673,5,5,REINFORCE / ALARM
132,60.731943750000006,4,4,FIELD INSPECTION
132,4.560552083333408,2,3,ENHANCED MONITORING
132,16.804543749999944,3,3,ENHANCED MONITORING
132,49.16873750000004,4,4,FIELD INSPECTION
132,20.837512500000063,3,3,ENHANCED MONITORING
132,36.13134166666677,4,4,FIELD INSPECTION
132,35.826966666666614,4,4,FIELD INSPECTION
132,29.110424999999992,3,4,FIELD INSPECTION
132,0.355104166666635,1,3,ENHANCED MONITORING
132,41.374708333333224,4,4,FIELD INSPECTION
136,52.04913958333335,4,4,FIELD INSPECTION
136,48.98712708333333,4,4,FIELD INSPECTION
136,23.30497916666667,3,3,ENHANCED MONITORING
136,45.50101874999999,4,4,FIELD INSPECTION
136,1.9835104166666657,1,3,ENHANCED MONITORING
136,10.677475000000001,3,3,ENHANCED MONITORING
136,49.577614583333336,4,4,FIELD INSPECTION
136,69.89413854166666,4,4,FIELD INSPECTION
136,102.43081145833334,5,5,REINFORCE / ALARM
136,61.68210104166667,4,4,FIELD INSPECTION
136,56.54780208333335,4,4,FIELD INSPECTION
136,2.115406250000009,2,3,ENHANCED MONITORING
136,16.53162083333332,3,3,ENHANCED MONITORING
136,2.7698124999999956,2,3,ENHANCED MONITORING
136,2.6257416666666558,2,3,ENHANCED MONITORING
136,6.55420833333334,2,3,ENHANCED MONITORING
136,69.86725208333333,4,4,FIELD INSPECTION
136,26.366991666666678,3,3,ENHANCED MONITORING
136,50.63379583333333,4,4,FIELD INSPECTION
136,0.046670833333346685,1,3,ENHANCED MONITORING
136,25.760270833333326,3,3,ENHANCED MONITORING
136,16.77512083333333,3,3,ENHANCED MONITORING
136,2.997079166666666,2,3,ENHANCED MONITORING
136,8.329729166666674,2,3,ENHANCED MONITORING
136,32.870470833333336,4,4,FIELD INSPECTION
136,29.044477083333337,3,3,ENHANCED MONITORING
136,17.227625000000003,3,3,ENHANCED MONITORING
136,50.0088125,4,4,FIELD INSPECTION
136,11.243612499999998,3,3,ENHANCED MONITORING
136,4.999866666666665,2,3,ENHANCED MONITORING
136,29.925135416666663,3,4,FIELD INSPECTION
136,26.10522916666666,3,3,ENHANCED MONITORING
136,25.615185416666673,3,3,ENHANCED MONITORING
136,29.83077916666667,3,4,FIELD INSPECTION
136,65.38685208333334,4,4,FIELD INSPECTION
136,20.456029166666678,4,3,ENHANCED MONITORING
136,12.458068750000004,3,3,ENHANCED MONITORING
136,2.333034375000006,2,3,ENHANCED MONITORING
136,32.03191770833333,4,4,FIELD INSPECTION
136,103.13797604166666,5,5,REINFORCE / ALARM
136,88.42499583333334,4,4,FIELD INSPECTION
136,39.393227083333336,5,5,REINFORCE / ALARM
136,73.91239583333333,4,4,FIELD INSPECTION
136,90.9898625,4,4,FIELD INSPECTION
136,27.318670833333332,3,4,FIELD INSPECTION
136,12.752297916666665,3,3,ENHANCED MONITORING
136,6.480143749999999,2,3,ENHANCED MONITORING
136,18.47251875,3,3,ENHANCED MONITORING
136,41.19918541666667,4,4,FIELD INSPECTION
136,4.298789583333331,3,3,ENHANCED MONITORING
136,76.50567083333333,5,5,REINFORCE / ALARM
136,36.20439166666666,4,4,FIELD INSPECTION
136,117.1295875,5,5,REINFORCE / ALARM
136,21.762812500000006,4,3,ENHANCED MONITORING
136,29.69076666666668,3,4,FIELD INSPECTION
136,26.985887500000008,3,3,ENHANCED MONITORING
136,23.94213749999999,3,3,ENHANCED MONITORING
136,24.35608749999999,3,3,ENHANCED MONITORING
136,94.60177916666665,4,5,REINFORCE / ALARM
136,56.78217083333333,4,4,FIELD INSPECTION
136,76.11810000000001,4,4,FIELD INSPECTION
136,27.269970833333332,4,5,REINFORCE / ALARM
136,85.32442916666666,5,5,REINFORCE / ALARM
136,101.45427500000001,5,5,REINFORCE / ALARM
136,63.21665833333331,5,5,REINFORCE / ALARM
136,102.9538291666667,5,5,REINFORCE / ALARM
136,69.68767083333331,4,4,FIELD INSPECTION
136,86.58048333333333,4,4,FIELD INSPECTION
136,14.189962500000002,3,3,ENHANCED MONITORING
136,17.6476625,3,3,ENHANCED MONITORING
136,1.4701312499999943,1,3,ENHANCED MONITORING
136,12.968404166666668,3,3,ENHANCED MONITORING
136,13.962695833333342,3,3,ENHANCED MONITORING
136,70.48411875000001,4,4,FIELD INSPECTION
136,55.65192500000001,4,4,FIELD INSPECTION
136,25.833320833333335,3,3,ENHANCED MONITORING
136,31.75037083333333,4,4,FIELD INSPECTION
136,190.34800833333335,5,5,REINFORCE / ALARM
136,173.78392083333333,5,5,REINFORCE / ALARM
136,240.70177916666663,5,5,REINFORCE / ALARM
143,33.95303125,4,4,FIELD INSPECTION
143,45.585229166666664,4,4,FIELD INSPECTION
143,33.22456041666668,4,4,FIELD INSPECTION
143,61.983939583333346,4,4,FIELD INSPECTION
143,2.280783333333337,2,3,ENHANCED MONITORING
143,24.89888958333333,3,3,ENHANCED MONITORING
143,22.280250000000006,3,3,ENHANCED MONITORING
143,35.689490625,4,4,FIELD INSPECTION
143,76.21397812500003,4,4,FIELD INSPECTION
143,34.04485104166667,4,4,FIELD INSPECTION
143,53.54260625000001,4,4,FIELD INSPECTION
143,35.140093750000005,4,4,FIELD INSPECTION
143,42.49886666666668,5,5,REINFORCE / ALARM
143,26.888487500000007,3,3,ENHANCED MONITORING
143,8.294218749999999,3,3,ENHANCED MONITORING
143,82.83667083333334,4,4,FIELD INSPECTION
143,79.31200833333334,4,4,FIELD INSPECTION
143,68.1860875,5,5,REINFORCE / ALARM
143,57.79269583333333,4,4,FIELD INSPECTION
143,50.669306250000005,4,4,FIELD INSPECTION
143,21.521848958333322,3,3,ENHANCED MONITORING
143,8.231821875000001,2,3,ENHANCED MONITORING
143,36.90901979166666,4,4,FIELD INSPECTION
143,64.37328333333333,5,5,REINFORCE / ALARM
143,108.41736041666665,5,5,REINFORCE / ALARM
143,80.39558333333332,5,5,REINFORCE / ALARM
143,18.911833333333327,3,3,ENHANCED MONITORING
143,42.27261458333333,4,4,FIELD INSPECTION
143,20.493568750000005,3,3,ENHANCED MONITORING
143,39.37597916666667,4,4,FIELD INSPECTION
143,13.984002083333328,3,3,ENHANCED MONITORING
143,56.71723750000001,4,4,FIELD INSPECTION
143,74.63173541666667,4,4,FIELD INSPECTION
143,31.998943750000006,4,4,FIELD INSPECTION
143,4.307920833333331,2,3,ENHANCED MONITORING
143,37.98498541666667,4,4,FIELD INSPECTION
143,51.20196250000001,5,5,REINFORCE / ALARM
143,20.195788541666673,4,3,ENHANCED MONITORING
143,93.02562395833333,4,5,REINFORCE / ALARM
143,26.089503125000004,3,3,ENHANCED MONITORING
143,30.237627083333336,4,3,ENHANCED MONITORING
143,21.051589583333328,3,3,ENHANCED MONITORING
143,18.707902083333327,3,3,ENHANCED MONITORING
143,7.206585416666667,2,3,ENHANCED MONITORING
143,59.66967499999999,4,4,FIELD INSPECTION
143,40.80146875,4,4,FIELD INSPECTION
143,18.293952083333338,3,3,ENHANCED MONITORING
143,46.30558333333334,4,4,FIELD INSPECTION
143,80.98809999999999,4,4,FIELD INSPECTION
143,12.30283750000001,3,3,ENHANCED MONITORING
143,29.222029166666683,3,4,FIELD INSPECTION
143,6.908297916666659,3,3,ENHANCED MONITORING
143,35.040664583333324,4,4,FIELD INSPECTION
143,86.65657708333335,4,4,FIELD INSPECTION
143,35.32373333333333,4,4,FIELD INSPECTION
143,58.604362499999986,4,4,FIELD INSPECTION
143,43.02847916666666,4,4,FIELD INSPECTION
143,41.63444166666667,4,4,FIELD INSPECTION
143,107.99427916666666,5,5,REINFORCE / ALARM
143,75.90097916666669,4,4,FIELD INSPECTION
143,90.00774583333335,4,4,FIELD INSPECTION
143,5.196695833333335,2,3,ENHANCED MONITORING
143,104.36612916666665,5,5,REINFORCE / ALARM
143,101.50297499999995,5,5,REINFORCE / ALARM
143,63.056354166666694,5,5,REINFORCE / ALARM
143,9.498529166666662,2,3,ENHANCED MONITORING
143,41.80895000000003,4,4,FIELD INSPECTION
143,74.6084,4,4,FIELD INSPECTION
143,23.112208333333324,4,5,REINFORCE / ALARM
143,64.6147541666666,5,5,REINFORCE / ALARM
143,22.261987499999986,3,3,ENHANCED MONITORING
143,124.73084583333333,5,5,REINFORCE / ALARM
143,82.22589166666668,4,4,FIELD INSPECTION
143,79.15982083333331,4,5,REINFORCE / ALARM
143,27.807699999999993,3,3,ENHANCED MONITORING
143,51.66867083333333,5,5,REINFORCE / ALARM
143,63.821349999999974,4,4,FIELD INSPECTION
143,129.0712333333333,5,5,REINFORCE / ALARM
143,21.890649999999983,4,3,ENHANCED MONITORING
143,76.49146666666668,5,5,REINFORCE / ALARM
144,58.345643750000015,4,4,FIELD INSPECTION
144,49.11192083333331,5,5,REINFORCE / ALARM
144,42.92397708333332,4,4,FIELD INSPECTION
144,70.724575,4,4,FIELD INSPECTION
144,11.92845624999999,3,3,ENHANCED MONITORING
144,13.678612499999986,3,3,ENHANCED MONITORING
144,28.13338125,3,3,ENHANCED MONITORING
144,25.203264583333336,3,3,ENHANCED MONITORING
144,36.185114583333316,4,4,FIELD INSPECTION
144,32.26577916666667,4,4,FIELD INSPECTION
144,3.220287500000007,2,3,ENHANCED MONITORING
144,37.88454166666667,4,4,FIELD INSPECTION
144,21.164208333333338,3,3,ENHANCED MONITORING
144,34.236099999999986,4,4,FIELD INSPECTION
144,19.782345833333334,3,3,ENHANCED MONITORING
144,20.142522916666675,3,3,ENHANCED MONITORING
144,20.54125416666666,3,3,ENHANCED MONITORING
144,67.31963333333334,4,4,FIELD INSPECTION
144,54.100627083333336,4,4,FIELD INSPECTION
144,9.255029166666672,2,3,ENHANCED MONITORING
144,28.074535416666667,3,3,ENHANCED MONITORING
144,41.39804374999999,4,4,FIELD INSPECTION
144,61.79421249999999,4,4,FIELD INSPECTION
144,84.55841875,4,4,FIELD INSPECTION
144,48.247495833333346,4,4,FIELD INSPECTION
144,13.870368750000006,3,3,ENHANCED MONITORING
144,7.870122916666671,2,3,ENHANCED MONITORING
144,11.807720833333354,3,3,ENHANCED MONITORING
144,18.549627083333338,3,3,ENHANCED MONITORING
144,11.867581250000027,3,3,ENHANCED MONITORING
144,4.3160374999999975,2,3,ENHANCED MONITORING
144,25.440677083333338,3,3,ENHANCED MONITORING
144,4.2500895833333345,2,3,ENHANCED MONITORING
144,32.95366666666667,4,4,FIELD INSPECTION
144,73.16363333333332,4,4,FIELD INSPECTION
144,3.8097604166666534,2,3,ENHANCED MONITORING
144,19.29433124999998,3,3,ENHANCED MONITORING
144,11.887872916666664,3,3,ENHANCED MONITORING
144,7.319204166666661,2,3,ENHANCED MONITORING
144,87.53723541666666,4,4,FIELD INSPECTION
144,78.08842083333336,4,4,FIELD INSPECTION
144,37.65930416666667,4,4,FIELD INSPECTION
144,19.021408333333337,3,3,ENHANCED MONITORING
144,3.0772312500000063,2,3,ENHANCED MONITORING
144,65.86573541666667,4,4,FIELD INSPECTION
144,102.36435625000001,5,5,REINFORCE / ALARM
144,61.26764374999999,4,4,FIELD INSPECTION
144,16.655399999999997,3,3,ENHANCED MONITORING
144,45.03735416666669,5,5,REINFORCE / ALARM
144,23.725016666666672,3,3,ENHANCED MONITORING
144,134.37953333333334,5,5,REINFORCE / ALARM
144,0.5712104166666734,1,3,ENHANCED MONITORING
144,24.580310416666666,3,3,ENHANCED MONITORING
144,76.04606458333332,4,5,REINFORCE / ALARM
144,17.101816666666668,3,3,ENHANCED MONITORING
144,137.02759583333332,5,5,REINFORCE / ALARM
144,51.725487499999964,5,5,REINFORCE / ALARM
144,88.8003916666667,5,5,REINFORCE / ALARM
144,178.06140416666668,5,5,REINFORCE / ALARM
144,255.20626249999995,5,5,REINFORCE / ALARM
144,96.88662083333331,5,5,REINFORCE / ALARM
144,137.1128208333333,5,5,REINFORCE / ALARM
144,52.53715416666663,4,4,FIELD INSPECTION
144,93.11034166666666,4,5,REINFORCE / ALARM
144,34.04738750000001,4,4,FIELD INSPECTION
144,150.9882625,5,5,REINFORCE / ALARM
144,83.10655000000003,4,4,FIELD INSPECTION
144,173.56477083333334,5,5,REINFORCE / ALARM
144,142.80463333333336,5,5,REINFORCE / ALARM
144,137.16355,5,5,REINFORCE / ALARM
144,29.31537083333332,3,3,ENHANCED MONITORING
144,0.8329729166667098,1,3,ENHANCED MONITORING
144,17.537072916666705,3,3,ENHANCED MONITORING
144,65.80080208333338,4,4,FIELD INSPECTION
144,73.09971458333338,4,4,FIELD INSPECTION
144,92.41535208333329,4,4,FIELD INSPECTION
144,85.4918354166666,4,4,FIELD INSPECTION
144,43.01021666666662,4,4,FIELD INSPECTION
144,34.34161666666665,4,4,FIELD INSPECTION
144,65.6841249999999,4,4,FIELD INSPECTION
148,56.027320833333334,4,4,FIELD INSPECTION
148,82.59317083333333,4,4,FIELD INSPECTION
148,4.186170833333336,2,3,ENHANCED MONITORING
148,6.1402583333333345,2,3,ENHANCED MONITORING
148,5.648692708333335,2,3,ENHANCED MONITORING
148,35.69862187500001,4,4,FIELD INSPECTION
148,8.714763541666672,2,3,ENHANCED MONITORING
148,3.589595833333327,2,3,ENHANCED MONITORING
148,1.2408354166666697,1,3,ENHANCED MONITORING
148,11.050841666666662,3,3,ENHANCED MONITORING
148,17.911454166666662,3,3,ENHANCED MONITORING
148,46.75402916666666,4,4,FIELD INSPECTION
148,33.682137499999996,4,4,FIELD INSPECTION
148,1.6831937500000034,1,3,ENHANCED MONITORING
148,7.269489583333335,2,3,ENHANCED MONITORING
148,27.988295833333336,3,3,ENHANCED MONITORING
148,25.114995833333328,3,3,ENHANCED MONITORING
148,12.3028375,3,3,ENHANCED MONITORING
148,7.746343750000004,2,3,ENHANCED MONITORING
148,36.741106249999994,4,4,FIELD INSPECTION
148,31.47136041666667,4,4,FIELD INSPECTION
148,28.012645833333334,3,3,ENHANCED MONITORING
148,4.320095833333331,2,3,ENHANCED MONITORING
148,20.580822916666666,3,3,ENHANCED MONITORING
148,46.77635,4,4,FIELD INSPECTION
148,37.250427083333335,4,4,FIELD INSPECTION
148,38.331972916666665,4,4,FIELD INSPECTION
148,9.375764583333336,2,3,ENHANCED MONITORING
148,3.8736791666666677,2,3,ENHANCED MONITORING
148,26.885443749999997,3,3,ENHANCED MONITORING
148,9.62636666666667,2,3,ENHANCED MONITORING
148,27.698125000000005,3,3,ENHANCED MONITORING
148,10.858070833333334,3,3,ENHANCED MONITORING
148,0.10957500000000664,1,3,ENHANCED MONITORING
148,41.49950208333333,4,4,FIELD INSPECTION
148,13.095227083333336,3,3,ENHANCED MONITORING
148,3.5256770833333277,2,3,ENHANCED MONITORING
148,5.981476041666667,2,3,ENHANCED MONITORING
148,15.810759375000002,3,3,ENHANCED MONITORING
148,5.056176041666663,2,3,ENHANCED MONITORING
148,15.260347916666666,3,3,ENHANCED MONITORING
148,6.183885416666663,2,3,ENHANCED MONITORING
148,24.100412499999994,3,3,ENHANCED MONITORING
148,6.989464583333334,2,3,ENHANCED MONITORING
148,33.1707875,4,4,FIELD INSPECTION
148,56.4433,4,4,FIELD INSPECTION
148,79.40230625000001,4,4,FIELD INSPECTION
148,61.15908333333334,4,4,FIELD INSPECTION
148,9.164731249999988,3,3,ENHANCED MONITORING
148,133.81948333333332,5,5,REINFORCE / ALARM
148,95.62245,5,5,REINFORCE / ALARM
148,46.65561458333334,4,4,FIELD INSPECTION
148,49.30976458333333,4,4,FIELD INSPECTION
148,4.455035416666669,2,3,ENHANCED MONITORING
148,6.048945833333334,2,3,ENHANCED MONITORING
148,2.798220833333332,2,3,ENHANCED MONITORING
148,0.8339875000000015,1,3,ENHANCED MONITORING
148,55.58699166666667,4,4,FIELD INSPECTION
148,28.179037500000003,3,3,ENHANCED MONITORING
148,12.586920833333338,3,3,ENHANCED MONITORING
148,25.30370833333333,3,3,ENHANCED MONITORING
148,19.234470833333344,3,3,ENHANCED MONITORING
148,20.05222500000001,3,3,ENHANCED MONITORING
148,70.17872916666667,4,4,FIELD INSPECTION
148,41.3158625,5,5,REINFORCE / ALARM
148,19.370424999999997,3,3,ENHANCED MONITORING
148,41.882,4,4,FIELD INSPECTION
148,18.493825,3,3,ENHANCED MONITORING
148,78.50642916666666,4,4,FIELD INSPECTION
148,71.27447916666667,4,4,FIELD INSPECTION
148,70.37352916666667,4,4,FIELD INSPECTION
148,19.781331250000004,3,3,ENHANCED MONITORING
148,2.030181250000003,2,3,ENHANCED MONITORING
148,21.41886875,3,3,ENHANCED MONITORING
148,15.111204166666665,3,3,ENHANCED MONITORING
148,54.91127916666667,4,4,FIELD INSPECTION
148,49.148445833333334,4,4,FIELD INSPECTION
148,78.18785000000001,4,4,FIELD INSPECTION
148,1.588837500000004,1,3,ENHANCED MONITORING
148,0.9902333333333347,1,3,ENHANCED MONITORING
151,7.603287500000001,2,3,ENHANCED MONITORING
151,32.373325,4,4,FIELD INSPECTION
151,6.812927083333331,2,3,ENHANCED MONITORING
151,33.77547916666666,4,4,FIELD INSPECTION
151,38.544020833333335,4,4,FIELD INSPECTION
151,20.358629166666674,3,3,ENHANCED MONITORING
151,0.4119208333333315,1,3,ENHANCED MONITORING
151,16.78273020833333,3,3,ENHANCED MONITORING
151,32.974465625,4,4,FIELD INSPECTION
151,40.40020104166667,4,4,FIELD INSPECTION
151,37.388410416666666,4,4,FIELD INSPECTION
151,30.341114583333336,4,4,FIELD INSPECTION
151,35.42620625,4,4,FIELD INSPECTION
151,11.069104166666667,3,3,ENHANCED MONITORING
151,10.623702083333335,3,3,ENHANCED MONITORING
151,22.138208333333335,3,3,ENHANCED MONITORING
151,15.967512499999993,3,3,ENHANCED MONITORING
151,21.026224999999993,3,3,ENHANCED MONITORING
151,8.850210416666664,2,3,ENHANCED MONITORING
151,23.749366666666663,3,3,ENHANCED MONITORING
151,12.572209375,3,3,ENHANCED MONITORING
151,1.0942281250000008,1,3,ENHANCED MONITORING
151,2.362457291666671,2,3,ENHANCED MONITORING
151,5.675579166666658,2,3,ENHANCED MONITORING
151,22.184879166666672,3,3,ENHANCED MONITORING
151,28.2155625,3,3,ENHANCED MONITORING
151,9.144439583333336,2,3,ENHANCED MONITORING
151,37.54668541666667,4,4,FIELD INSPECTION
151,47.39626041666667,4,4,FIELD INSPECTION
151,48.377362500000004,4,4,FIELD INSPECTION
151,36.85879791666667,4,4,FIELD INSPECTION
151,36.96127083333333,4,4,FIELD INSPECTION
151,36.96532916666667,4,4,FIELD INSPECTION
151,18.727179166666662,3,3,ENHANCED MONITORING
151,9.990602083333332,2,3,ENHANCED MONITORING
151,58.87119791666667,4,4,FIELD INSPECTION
151,89.99658541666668,4,4,FIELD INSPECTION
151,62.24620937500001,4,4,FIELD INSPECTION
151,31.57332604166667,4,4,FIELD INSPECTION
151,26.447651041666663,3,3,ENHANCED MONITORING
151,3.434364583333332,2,3,ENHANCED MONITORING
151,9.508674999999998,2,3,ENHANCED MONITORING
151,31.19032083333333,4,4,FIELD INSPECTION
151,27.89393958333333,3,3,ENHANCED MONITORING
151,22.833197916666663,3,3,ENHANCED MONITORING
151,16.036504166666663,3,3,ENHANCED MONITORING
151,14.854514583333327,3,3,ENHANCED MONITORING
151,0.9364604166666647,1,3,ENHANCED MONITORING
151,72.67663333333333,4,4,FIELD INSPECTION
151,26.69571666666668,3,3,ENHANCED MONITORING
151,123.47479166666669,5,5,REINFORCE / ALARM
151,54.037722916666674,4,4,FIELD INSPECTION
151,85.43096041666668,4,4,FIELD INSPECTION
151,9.489397916666682,2,3,ENHANCED MONITORING
151,21.941379166666678,3,3,ENHANCED MONITORING
151,49.14438749999997,4,4,FIELD INSPECTION
151,67.85533333333336,4,4,FIELD INSPECTION
151,63.17201666666668,4,4,FIELD INSPECTION
151,87.41244166666668,4,4,FIELD INSPECTION
151,66.0676375,4,4,FIELD INSPECTION
151,17.60099166666667,3,3,ENHANCED MONITORING
151,63.145637499999964,4,4,FIELD INSPECTION
151,62.66472500000001,4,4,FIELD INSPECTION
151,100.42345833333336,5,5,REINFORCE / ALARM
151,48.089220833333364,4,4,FIELD INSPECTION
151,18.940241666666648,3,3,ENHANCED MONITORING
151,0.47685416666667396,1,3,ENHANCED MONITORING
151,8.337845833333327,2,3,ENHANCED MONITORING
151,81.97021666666666,5,5,REINFORCE / ALARM
151,44.38193333333337,5,5,REINFORCE / ALARM
151,22.53085208333333,3,3,ENHANCED MONITORING
151,56.94551875000002,4,4,FIELD INSPECTION
151,1.6142020833333912,1,3,ENHANCED MONITORING
151,6.899166666666662,2,3,ENHANCED MONITORING
151,9.342283333333368,2,3,ENHANCED MONITORING
151,27.704212499999993,3,3,ENHANCED MONITORING
151,25.875933333333332,3,3,ENHANCED MONITORING
151,20.993758333333354,3,3,ENHANCED MONITORING
151,30.626212499999994,4,4,FIELD INSPECTION
151,29.065783333333357,3,4,FIELD INSPECTION
152,5.485852083333332,2,3,ENHANCED MONITORING
152,13.527439583333333,3,3,ENHANCED MONITORING
152,12.763458333333332,3,3,ENHANCED MONITORING
152,6.094602083333334,2,3,ENHANCED MONITORING
152,20.029904166666668,3,3,ENHANCED MONITORING
152,21.50612291666667,3,3,ENHANCED MONITORING
152,45.010974999999995,4,4,FIELD INSPECTION
152,62.96504166666667,4,4,FIELD INSPECTION
152,54.786485416666665,4,4,FIELD INSPECTION
152,11.762064583333332,3,3,ENHANCED MONITORING
152,9.856677083333338,2,3,ENHANCED MONITORING
152,34.44104583333335,4,4,FIELD INSPECTION
152,62.88184583333335,4,4,FIELD INSPECTION
152,28.320064583333345,3,3,ENHANCED MONITORING
152,22.10472708333333,3,3,ENHANCED MONITORING
152,41.473122916666654,4,4,FIELD INSPECTION
152,53.655225,4,4,FIELD INSPECTION
152,3.065056249999993,2,3,ENHANCED MONITORING
152,20.042079166666653,3,3,ENHANCED MONITORING
152,21.18247083333333,3,3,ENHANCED MONITORING
152,12.862380208333336,3,3,ENHANCED MONITORING
152,12.814694791666662,3,3,ENHANCED MONITORING
152,16.893319791666666,3,3,ENHANCED MONITORING
152,23.501808333333333,3,3,ENHANCED MONITORING
152,7.903604166666668,2,3,ENHANCED MONITORING
152,29.19260625,3,3,ENHANCED MONITORING
152,22.72768125,3,3,ENHANCED MONITORING
152,55.87006041666667,4,4,FIELD INSPECTION
152,40.71725833333334,4,4,FIELD INSPECTION
152,50.928025,4,4,FIELD INSPECTION
152,19.858439583333332,3,3,ENHANCED MONITORING
152,12.459083333333334,3,3,ENHANCED MONITORING
152,17.9763875,3,3,ENHANCED MONITORING
152,14.497381249999998,3,3,ENHANCED MONITORING
152,24.953677083333332,3,3,ENHANCED MONITORING
152,13.198714583333334,3,3,ENHANCED MONITORING
152,30.71042291666667,4,4,FIELD INSPECTION
152,22.049432291666665,3,3,ENHANCED MONITORING
152,21.722736458333333,3,3,ENHANCED MONITORING
152,6.005826041666665,2,3,ENHANCED MONITORING
152,17.63650208333333,3,3,ENHANCED MONITORING
152,12.417485416666665,3,3,ENHANCED MONITORING
152,9.075955208333335,2,3,ENHANCED MONITORING
152,20.290144791666666,3,3,ENHANCED MONITORING
152,16.519953125,3,3,ENHANCED MONITORING
152,13.204802083333334,3,3,ENHANCED MONITORING
152,20.33427916666667,3,3,ENHANCED MONITORING
152,7.865050000000001,2,3,ENHANCED MONITORING
152,69.85406250000001,4,4,FIELD INSPECTION
152,38.1808,4,4,FIELD INSPECTION
152,108.61723333333332,5,5,REINFORCE / ALARM
152,11.41609166666664,3,3,ENHANCED MONITORING
152,83.41904166666667,4,4,FIELD INSPECTION
152,8.885720833333364,2,3,ENHANCED MONITORING
152,53.80741250000002,4,4,FIELD INSPECTION
152,26.30814583333333,3,3,ENHANCED MONITORING
152,63.91469166666665,4,4,FIELD INSPECTION
152,93.89968749999998,4,4,FIELD INSPECTION
152,50.049395833333335,4,4,FIELD INSPECTION
152,27.022412499999987,3,3,ENHANCED MONITORING
152,57.934737500000004,4,4,FIELD INSPECTION
152,70.13205833333335,4,4,FIELD INSPECTION
152,36.26323750000001,4,4,FIELD INSPECTION
152,21.774987500000005,3,3,ENHANCED MONITORING
152,17.88913333333331,3,3,ENHANCED MONITORING
152,19.731616666666657,3,3,ENHANCED MONITORING
152,5.389466666666682,2,3,ENHANCED MONITORING
152,25.28138750000001,3,3,ENHANCED MONITORING
152,27.276058333333324,3,3,ENHANCED MONITORING
152,41.35238750000001,4,4,FIELD INSPECTION
152,24.218104166666663,3,3,ENHANCED MONITORING
152,63.35362708333332,4,4,FIELD INSPECTION
152,26.710935416666672,4,3,ENHANCED MONITORING
152,27.77218958333334,3,3,ENHANCED MONITORING
152,15.104102083333338,3,3,ENHANCED MONITORING
152,50.94121458333334,4,4,FIELD INSPECTION
152,43.48605624999999,5,5,REINFORCE / ALARM
152,33.14440833333332,4,4,FIELD INSPECTION
152,67.04975416666666,5,5,REINFORCE / ALARM
152,127.18816666666667,5,5,REINFORCE / ALARM
153,10.898654166666669,3,3,ENHANCED MONITORING
153,13.02826458333333,3,3,ENHANCED MONITORING
153,6.867714583333336,2,3,ENHANCED MONITORING
153,5.671520833333331,2,3,ENHANCED MONITORING
153,13.339741666666667,3,3,ENHANCED MONITORING
153,0.9953062500000011,1,3,ENHANCED MONITORING
153,2.1448291666666655,2,3,ENHANCED MONITORING
153,8.978047916666666,2,3,ENHANCED MONITORING
153,14.645510416666665,3,3,ENHANCED MONITORING
153,0.04768541666666574,1,3,ENHANCED MONITORING
153,9.403158333333332,2,3,ENHANCED MONITORING
153,31.191335416666664,4,4,FIELD INSPECTION
153,38.469956249999996,4,4,FIELD INSPECTION
153,11.137081250000001,3,3,ENHANCED MONITORING
153,6.812927083333332,2,3,ENHANCED MONITORING
153,25.3787875,3,3,ENHANCED MONITORING
153,3.086362500000007,2,3,ENHANCED MONITORING
153,10.415712500000007,3,3,ENHANCED MONITORING
153,38.91535833333333,4,4,FIELD INSPECTION
153,19.280127083333333,3,3,ENHANCED MONITORING
153,17.092178125,3,3,ENHANCED MONITORING
153,25.016073958333333,3,3,ENHANCED MONITORING
153,4.591496875,2,3,ENHANCED MONITORING
153,15.70575,3,3,ENHANCED MONITORING
153,38.31675416666666,4,4,FIELD INSPECTION
153,37.17737708333333,4,4,FIELD INSPECTION
153,49.77342916666666,4,4,FIELD INSPECTION
153,8.29320416666667,2,3,ENHANCED MONITORING
153,7.677352083333335,2,3,ENHANCED MONITORING
153,18.108283333333333,3,3,ENHANCED MONITORING
153,3.7701916666666655,2,3,ENHANCED MONITORING
153,5.408743750000002,2,3,ENHANCED MONITORING
153,10.288889583333335,3,3,ENHANCED MONITORING
153,16.280004166666668,3,3,ENHANCED MONITORING
153,10.428902083333336,3,3,ENHANCED MONITORING
153,11.322749999999997,3,3,ENHANCED MONITORING
153,19.657552083333332,3,3,ENHANCED MONITORING
153,15.736187499999998,3,3,ENHANCED MONITORING
153,28.579797916666667,3,3,ENHANCED MONITORING
153,27.199964583333337,3,3,ENHANCED MONITORING
153,30.595775,4,4,FIELD INSPECTION
153,12.733020833333335,3,3,ENHANCED MONITORING
153,4.6843312500000005,2,3,ENHANCED MONITORING
153,20.030918749999998,3,3,ENHANCED MONITORING
153,11.451602083333333,3,3,ENHANCED MONITORING
153,34.503949999999996,4,4,FIELD INSPECTION
153,27.204022916666663,3,3,ENHANCED MONITORING
153,42.46335625,4,4,FIELD INSPECTION
153,14.09966458333333,3,3,ENHANCED MONITORING
153,32.384485416666664,4,4,FIELD INSPECTION
153,13.246399999999996,3,3,ENHANCED MONITORING
153,12.431689583333332,3,3,ENHANCED MONITORING
153,19.468839583333335,3,3,ENHANCED MONITORING
153,21.03535625,3,3,ENHANCED MONITORING
153,0.4220666666666683,1,3,ENHANCED MONITORING
153,52.1759625,4,4,FIELD INSPECTION
153,62.246716666666664,4,4,FIELD INSPECTION
153,34.58714583333334,4,4,FIELD INSPECTION
153,37.632925,4,4,FIELD INSPECTION
153,29.023170833333328,3,4,FIELD INSPECTION
153,4.602150000000002,2,3,ENHANCED MONITORING
153,0.14812916666666354,1,3,ENHANCED MONITORING
153,24.494070833333335,3,3,ENHANCED MONITORING
153,42.381175,4,4,FIELD INSPECTION
153,4.6447625,2,3,ENHANCED MONITORING
153,60.051158333333326,4,4,FIELD INSPECTION
153,20.768520833333337,3,3,ENHANCED MONITORING
153,27.679862499999995,3,3,ENHANCED MONITORING
153,11.085337500000003,3,3,ENHANCED MONITORING
153,52.76442083333333,4,4,FIELD INSPECTION
153,13.728327083333332,3,3,ENHANCED MONITORING
153,30.731729166666668,4,4,FIELD INSPECTION
153,8.445391666666668,2,3,ENHANCED MONITORING
153,11.289268749999998,3,3,ENHANCED MONITORING
153,14.127058333333336,3,3,ENHANCED MONITORING
153,19.883804166666668,3,3,ENHANCED MONITORING
153,8.530616666666665,3,3,ENHANCED MONITORING
153,67.1146875,4,4,FIELD INSPECTION
153,42.860058333333335,5,5,REINFORCE / ALARM
153,23.35570833333333,3,3,ENHANCED MONITORING
155,19.508408333333325,3,3,ENHANCED MONITORING
155,50.42479166666666,4,4,FIELD INSPECTION
155,7.517047916666674,2,3,ENHANCED MONITORING
155,2.4339854166666623,2,3,ENHANCED MONITORING
155,11.223828124999997,3,3,ENHANCED MONITORING
155,18.498390625000013,3,3,ENHANCED MONITORING
155,10.160544791666675,3,3,ENHANCED MONITORING
155,9.791236458333339,2,3,ENHANCED MONITORING
155,42.24775729166668,4,4,FIELD INSPECTION
155,3.338486458333333,2,3,ENHANCED MONITORING
155,27.152279166666673,3,3,ENHANCED MONITORING
155,15.27556666666667,3,3,ENHANCED MONITORING
155,37.27477708333333,4,4,FIELD INSPECTION
155,19.03865625,3,3,ENHANCED MONITORING
155,9.535054166666663,2,3,ENHANCED MONITORING
155,16.262756250000002,3,3,ENHANCED MONITORING
155,8.558010416666665,2,3,ENHANCED MONITORING
155,11.614949999999999,3,3,ENHANCED MONITORING
155,7.658074999999994,2,3,ENHANCED MONITORING
155,0.9232708333333312,1,3,ENHANCED MONITORING
155,1.0470500000000023,1,3,ENHANCED MONITORING
155,8.800495833333335,2,3,ENHANCED MONITORING
155,28.758364583333336,3,3,ENHANCED MONITORING
155,19.66465416666667,3,3,ENHANCED MONITORING
155,61.15198125,4,4,FIELD INSPECTION
155,2.7474916666666616,3,3,ENHANCED MONITORING
155,5.696885416666659,2,3,ENHANCED MONITORING
155,45.006916666666655,4,4,FIELD INSPECTION
155,18.549627083333327,3,3,ENHANCED MONITORING
155,32.40782083333333,4,4,FIELD INSPECTION
155,45.775970833333325,4,4,FIELD INSPECTION
155,33.74402708333333,4,4,FIELD INSPECTION
155,60.800935416666654,4,4,FIELD INSPECTION
155,7.520091666666659,2,3,ENHANCED MONITORING
155,5.300183333333337,2,3,ENHANCED MONITORING
155,17.504606250000005,3,3,ENHANCED MONITORING
155,13.526424999999998,3,3,ENHANCED MONITORING
155,4.798979166666666,2,3,ENHANCED MONITORING
155,93.58212291666666,4,4,FIELD INSPECTION
155,17.044999999999998,3,3,ENHANCED MONITORING
155,45.86119583333332,4,4,FIELD INSPECTION
155,7.229920833333331,2,3,ENHANCED MONITORING
155,28.6660375,3,3,ENHANCED MONITORING
155,65.79065625,4,4,FIELD INSPECTION
155,76.84555624999999,4,4,FIELD INSPECTION
155,54.56632083333333,4,4,FIELD INSPECTION
155,9.882041666666664,2,3,ENHANCED MONITORING
155,45.78002916666666,4,4,FIELD INSPECTION
155,16.11259791666667,3,3,ENHANCED MONITORING
155,47.55757916666666,4,4,FIELD INSPECTION
155,11.513491666666672,3,3,ENHANCED MONITORING
155,50.91077708333333,4,4,FIELD INSPECTION
155,76.42348958333332,4,4,FIELD INSPECTION
155,65.20828541666668,5,5,REINFORCE / ALARM
155,19.41100833333334,3,3,ENHANCED MONITORING
155,101.35484583333333,5,5,REINFORCE / ALARM
155,78.57745,4,4,FIELD INSPECTION
155,65.08349166666666,4,4,FIELD INSPECTION
155,21.38944583333333,3,3,ENHANCED MONITORING
155,36.93894999999999,4,4,FIELD INSPECTION
155,43.407933333333325,4,4,FIELD INSPECTION
155,15.624583333333339,3,3,ENHANCED MONITORING
155,49.495433333333324,4,4,FIELD INSPECTION
155,21.777016666666658,3,3,ENHANCED MONITORING
155,88.49804583333334,4,4,FIELD INSPECTION
155,84.67915416666668,4,4,FIELD INSPECTION
155,103.30081666666668,5,5,REINFORCE / ALARM
155,51.48401666666668,4,4,FIELD INSPECTION
155,83.67268749999998,5,5,REINFORCE / ALARM
155,96.90488333333332,5,5,REINFORCE / ALARM
155,128.44827916666665,5,5,REINFORCE / ALARM
155,6.735818750000001,2,3,ENHANCED MONITORING
155,49.77444374999999,4,5,REINFORCE / ALARM
155,100.13836041666666,5,5,REINFORCE / ALARM
155,68.16985416666667,4,4,FIELD INSPECTION
155,10.651095833333327,3,3,ENHANCED MONITORING
155,42.642937499999995,4,4,FIELD INSPECTION
155,19.4860875,3,3,ENHANCED MONITORING
155,6.190987500000001,2,3,ENHANCED MONITORING
155,57.08045833333335,4,4,FIELD INSPECTION
167,0.6736833333333309,1,3,ENHANCED MONITORING
167,21.139858333333333,3,3,ENHANCED MONITORING
167,4.729987499999999,2,3,ENHANCED MONITORING
167,14.895097916666666,3,3,ENHANCED MONITORING
167,6.783504166666664,2,3,ENHANCED MONITORING
167,19.460722916666665,3,3,ENHANCED MONITORING
167,31.665145833333327,4,4,FIELD INSPECTION
167,16.030416666666664,3,3,ENHANCED MONITORING
167,4.157762499999997,2,3,ENHANCED MONITORING
167,5.96473541666666,2,3,ENHANCED MONITORING
167,27.68189166666666,3,3,ENHANCED MONITORING
167,0.46366458333333566,1,3,ENHANCED MONITORING
167,4.809124999999995,2,3,ENHANCED MONITORING
167,11.374493749999997,3,3,ENHANCED MONITORING
167,14.53695,3,3,ENHANCED MONITORING
167,7.476464583333336,2,3,ENHANCED MONITORING
167,29.42494583333334,3,4,FIELD INSPECTION
167,8.541777083333336,2,3,ENHANCED MONITORING
167,18.47657708333333,3,3,ENHANCED MONITORING
167,25.19311875,3,3,ENHANCED MONITORING
167,10.415205208333338,3,3,ENHANCED MONITORING
167,14.69776145833333,3,3,ENHANCED MONITORING
167,6.704873958333327,2,3,ENHANCED MONITORING
167,31.211627083333344,4,3,ENHANCED MONITORING
167,0.5996187499999953,1,3,ENHANCED MONITORING
167,2.242229166666666,2,3,ENHANCED MONITORING
167,42.51915833333334,4,4,FIELD INSPECTION
167,26.14073958333333,3,3,ENHANCED MONITORING
167,8.109564583333333,2,3,ENHANCED MONITORING
167,25.162681250000006,3,3,ENHANCED MONITORING
167,1.9033583333333297,1,3,ENHANCED MONITORING
167,54.746916666666664,4,4,FIELD INSPECTION
167,84.19418333333333,4,4,FIELD INSPECTION
167,80.65633125,4,4,FIELD INSPECTION
167,38.99652499999999,4,4,FIELD INSPECTION
167,35.53578125000001,4,4,FIELD INSPECTION
167,57.48527708333333,4,4,FIELD INSPECTION
167,12.785271875000007,3,3,ENHANCED MONITORING
167,11.590092708333335,3,3,ENHANCED MONITORING
167,38.33755312499999,4,4,FIELD INSPECTION
167,3.166514583333333,2,3,ENHANCED MONITORING
167,27.63014791666667,3,3,ENHANCED MONITORING
167,49.19511666666667,4,4,FIELD INSPECTION
167,52.428593750000005,4,4,FIELD INSPECTION
167,33.51980416666668,4,4,FIELD INSPECTION
167,36.535145833333345,4,4,FIELD INSPECTION
167,39.789929166666674,4,4,FIELD INSPECTION
167,14.982352083333323,3,3,ENHANCED MONITORING
167,27.636235416666665,3,3,ENHANCED MONITORING
167,0.47279583333332437,1,3,ENHANCED MONITORING
167,4.6305583333333145,2,3,ENHANCED MONITORING
167,44.860816666666686,4,4,FIELD INSPECTION
167,7.087879166666691,2,3,ENHANCED MONITORING
167,26.088995833333342,3,3,ENHANCED MONITORING
167,70.50339583333331,4,4,FIELD INSPECTION
167,46.4009541666667,4,4,FIELD INSPECTION
167,8.731504166666683,2,3,ENHANCED MONITORING
167,55.589020833333315,5,5,REINFORCE / ALARM
167,95.11312916666668,4,5,REINFORCE / ALARM
167,72.08411666666667,5,5,REINFORCE / ALARM
167,34.09608750000005,4,4,FIELD INSPECTION
167,14.325916666666657,3,3,ENHANCED MONITORING
167,23.459195833333307,3,3,ENHANCED MONITORING
167,39.1466833333333,4,4,FIELD INSPECTION
167,32.982075000000044,4,4,FIELD INSPECTION
167,57.34019166666669,4,4,FIELD INSPECTION
167,14.336062500000034,3,3,ENHANCED MONITORING
167,86.58860000000004,4,4,FIELD INSPECTION
167,15.368908333333346,3,3,ENHANCED MONITORING
167,34.152904166666666,4,4,FIELD INSPECTION
167,31.239020833333342,4,4,FIELD INSPECTION
167,36.64573541666665,4,4,FIELD INSPECTION
167,1.7724770833333483,1,3,ENHANCED MONITORING
167,25.536047916666664,3,3,ENHANCED MONITORING
167,6.257949999999977,2,3,ENHANCED MONITORING
167,13.558891666666712,3,3,ENHANCED MONITORING
167,7.158900000000038,2,3,ENHANCED MONITORING
167,0.6330999999999657,1,3,ENHANCED MONITORING
167,19.548991666666666,3,3,ENHANCED MONITORING
167,2.855037500000049,2,3,ENHANCED MONITORING
172,26.896604166666663,3,3,ENHANCED MONITORING
172,24.530595833333336,3,3,ENHANCED MONITORING
172,21.591347916666667,3,3,ENHANCED MONITORING
172,18.739354166666665,3,3,ENHANCED MONITORING
172,9.587812499999998,2,3,ENHANCED MONITORING
172,19.115764583333334,3,3,ENHANCED MONITORING
172,19.6321875,3,3,ENHANCED MONITORING
172,29.003386458333335,3,3,ENHANCED MONITORING
172,29.763309375000006,3,3,ENHANCED MONITORING
172,0.2064677083333303,1,3,ENHANCED MONITORING
172,25.63750625,3,3,ENHANCED MONITORING
172,25.062237500000005,3,3,ENHANCED MONITORING
172,14.294464583333331,3,3,ENHANCED MONITORING
172,21.108406249999998,3,3,ENHANCED MONITORING
172,19.34100208333333,3,3,ENHANCED MONITORING
172,19.60175,3,3,ENHANCED MONITORING
172,36.44687708333334,4,4,FIELD INSPECTION
172,43.65041875,4,4,FIELD INSPECTION
172,25.62025833333334,3,3,ENHANCED MONITORING
172,2.5648666666666635,2,3,ENHANCED MONITORING
172,8.737591666666662,2,3,ENHANCED MONITORING
172,10.434989583333333,3,3,ENHANCED MONITORING
172,16.409870833333333,3,3,ENHANCED MONITORING
172,48.75377291666667,4,4,FIELD INSPECTION
172,31.880237500000003,4,4,FIELD INSPECTION
172,10.818502083333337,3,3,ENHANCED MONITORING
172,46.288335416666676,4,4,FIELD INSPECTION
172,15.87417083333333,3,3,ENHANCED MONITORING
172,23.352664583333326,3,3,ENHANCED MONITORING
172,32.52348333333333,4,4,FIELD INSPECTION
172,6.801766666666665,2,3,ENHANCED MONITORING
172,16.06288333333333,3,3,ENHANCED MONITORING
172,7.879254166666662,2,3,ENHANCED MONITORING
172,2.5882020833333357,2,3,ENHANCED MONITORING
172,19.447533333333336,3,3,ENHANCED MONITORING
172,22.668835416666667,3,3,ENHANCED MONITORING
172,31.656014583333334,4,4,FIELD INSPECTION
172,17.717161458333333,3,3,ENHANCED MONITORING
172,15.063011458333335,3,3,ENHANCED MONITORING
172,42.817953125,4,4,FIELD INSPECTION
172,31.48657916666667,4,4,FIELD INSPECTION
172,29.058681250000003,3,3,ENHANCED MONITORING
172,11.378044791666667,3,3,ENHANCED MONITORING
172,3.587059375000002,2,3,ENHANCED MONITORING
172,27.089882291666665,3,3,ENHANCED MONITORING
172,44.12930208333333,4,4,FIELD INSPECTION
172,41.98447291666667,4,4,FIELD INSPECTION
172,10.432960416666669,3,3,ENHANCED MONITORING
172,45.46347916666667,4,4,FIELD INSPECTION
172,29.80135625,3,4,FIELD INSPECTION
172,18.481650000000002,3,3,ENHANCED MONITORING
172,29.975864583333333,3,4,FIELD INSPECTION
172,54.46587708333333,4,4,FIELD INSPECTION
172,32.161277083333324,4,4,FIELD INSPECTION
172,48.13183333333333,4,4,FIELD INSPECTION
172,89.0723,4,4,FIELD INSPECTION
172,75.34092916666667,4,4,FIELD INSPECTION
172,18.3659875,3,3,ENHANCED MONITORING
172,110.75191666666666,5,5,REINFORCE / ALARM
172,47.421625000000006,5,5,REINFORCE / ALARM
172,138.11117083333332,5,5,REINFORCE / ALARM
172,34.65613749999999,5,5,REINFORCE / ALARM
172,62.9995375,4,4,FIELD INSPECTION
172,111.44183333333332,5,5,REINFORCE / ALARM
172,19.43941666666667,4,3,ENHANCED MONITORING
172,93.08802083333335,4,4,FIELD INSPECTION
172,16.631049999999995,3,3,ENHANCED MONITORING
172,53.3265,4,4,FIELD INSPECTION
172,5.168287500000003,2,3,ENHANCED MONITORING
172,7.2765916666666675,2,3,ENHANCED MONITORING
172,4.796949999999999,2,3,ENHANCED MONITORING
172,7.019902083333332,2,3,ENHANCED MONITORING
172,4.91362708333333,2,3,ENHANCED MONITORING
172,42.613514583333334,4,4,FIELD INSPECTION
172,48.734495833333334,4,4,FIELD INSPECTION
172,45.08808333333334,4,4,FIELD INSPECTION
172,25.397049999999997,3,3,ENHANCED MONITORING
172,31.34656666666667,4,4,FIELD INSPECTION
172,50.0088125,4,4,FIELD INSPECTION
172,29.940354166666665,3,4,FIELD INSPECTION
180,0.5499041666666642,1,3,ENHANCED MONITORING
180,27.039660416666667,3,3,ENHANCED MONITORING
180,26.495843750000002,3,3,ENHANCED MONITORING
180,4.718827083333333,2,3,ENHANCED MONITORING
180,11.71133541666667,3,3,ENHANCED MONITORING
180,10.939237500000003,3,3,ENHANCED MONITORING
180,2.502977083333336,2,3,ENHANCED MONITORING
180,1.2585906249999999,1,3,ENHANCED MONITORING
180,18.006317708333334,3,3,ENHANCED MONITORING
180,13.716659375,3,3,ENHANCED MONITORING
180,20.425591666666666,3,3,ENHANCED MONITORING
180,1.518831250000001,1,3,ENHANCED MONITORING
180,32.35100416666666,4,4,FIELD INSPECTION
180,14.763202083333335,3,3,ENHANCED MONITORING
180,14.88596666666667,3,3,ENHANCED MONITORING
180,24.105485416666664,3,3,ENHANCED MONITORING
180,30.719554166666665,4,4,FIELD INSPECTION
180,51.39473333333333,4,4,FIELD INSPECTION
180,20.44385416666667,3,3,ENHANCED MONITORING
180,22.328950000000003,3,3,ENHANCED MONITORING
180,4.5793218750000015,2,3,ENHANCED MONITORING
180,9.169296875000006,2,3,ENHANCED MONITORING
180,19.599213541666675,3,3,ENHANCED MONITORING
180,5.627893749999996,2,3,ENHANCED MONITORING
180,2.502977083333336,2,3,ENHANCED MONITORING
180,11.840187499999994,3,3,ENHANCED MONITORING
180,40.919160416666664,4,4,FIELD INSPECTION
180,0.4890291666666684,1,3,ENHANCED MONITORING
180,40.698995833333335,4,4,FIELD INSPECTION
180,45.004887499999995,4,4,FIELD INSPECTION
180,1.0450208333333346,1,3,ENHANCED MONITORING
180,15.986789583333339,3,3,ENHANCED MONITORING
180,16.184633333333338,3,3,ENHANCED MONITORING
180,12.11209583333333,3,3,ENHANCED MONITORING
180,29.73439375,3,4,FIELD INSPECTION
180,0.6483187500000014,1,3,ENHANCED MONITORING
180,2.1996166666666688,2,3,ENHANCED MONITORING
180,8.06289375,2,3,ENHANCED MONITORING
180,41.94794791666667,4,4,FIELD INSPECTION
180,67.98621458333334,4,4,FIELD INSPECTION
180,4.147616666666674,2,3,ENHANCED MONITORING
180,11.312604166666675,3,3,ENHANCED MONITORING
180,49.60805208333334,4,4,FIELD INSPECTION
180,1.1322749999999988,1,3,ENHANCED MONITORING
180,19.496233333333333,3,3,ENHANCED MONITORING
180,4.293716666666671,2,3,ENHANCED MONITORING
180,10.471514583333338,3,3,ENHANCED MONITORING
180,38.22747083333334,4,4,FIELD INSPECTION
180,7.9898437499999995,2,3,ENHANCED MONITORING
180,0.8065937500000006,1,3,ENHANCED MONITORING
180,19.281141666666667,3,3,ENHANCED MONITORING
180,30.46387916666667,4,4,FIELD INSPECTION
180,56.601575000000004,4,4,FIELD INSPECTION
180,5.095237500000006,2,3,ENHANCED MONITORING
180,46.6606875,4,4,FIELD INSPECTION
180,91.1359625,4,4,FIELD INSPECTION
180,26.24727083333333,3,3,ENHANCED MONITORING
180,35.855374999999995,4,4,FIELD INSPECTION
180,9.652745833333341,2,3,ENHANCED MONITORING
180,21.32045416666666,3,3,ENHANCED MONITORING
180,12.97855,3,3,ENHANCED MONITORING
180,77.24834583333332,4,4,FIELD INSPECTION
180,63.0178,4,4,FIELD INSPECTION
180,99.506275,4,5,REINFORCE / ALARM
180,26.584112499999986,4,5,REINFORCE / ALARM
180,4.857825000000005,2,3,ENHANCED MONITORING
180,34.6561375,5,5,REINFORCE / ALARM
180,87.75537083333334,5,5,REINFORCE / ALARM
180,84.86177916666665,4,4,FIELD INSPECTION
180,54.76517916666668,4,4,FIELD INSPECTION
180,40.070968750000006,4,4,FIELD INSPECTION
180,47.40944999999999,4,4,FIELD INSPECTION
180,11.129979166666663,3,3,ENHANCED MONITORING
180,17.587802083333326,3,3,ENHANCED MONITORING
180,23.03104166666667,3,3,ENHANCED MONITORING
180,1.262141666666653,1,3,ENHANCED MONITORING
180,32.385500000000015,4,4,FIELD INSPECTION
180,49.92764583333335,4,4,FIELD INSPECTION
180,64.29211666666669,4,4,FIELD INSPECTION
180,3.873679166666669,2,3,ENHANCED MONITORING
181,26.986902083333334,3,3,ENHANCED MONITORING
181,21.87340208333333,3,3,ENHANCED MONITORING
181,42.51307083333333,4,4,FIELD INSPECTION
181,27.245620833333334,3,3,ENHANCED MONITORING
181,22.42939375,3,3,ENHANCED MONITORING
181,16.60568541666667,3,3,ENHANCED MONITORING
181,7.846787500000002,2,3,ENHANCED MONITORING
181,6.047931250000001,2,3,ENHANCED MONITORING
181,19.94467916666667,3,3,ENHANCED MONITORING
181,11.722495833333332,3,3,ENHANCED MONITORING
181,28.756335416666662,3,3,ENHANCED MONITORING
181,9.82218125,2,3,ENHANCED MONITORING
181,23.770672916666665,3,3,ENHANCED MONITORING
181,27.183731249999994,3,3,ENHANCED MONITORING
181,27.489120833333335,3,3,ENHANCED MONITORING
181,3.1239020833333364,2,3,ENHANCED MONITORING
181,20.820264583333337,3,3,ENHANCED MONITORING
181,35.52563541666667,4,4,FIELD INSPECTION
181,11.941645833333332,3,3,ENHANCED MONITORING
181,16.427118749999998,3,3,ENHANCED MONITORING
181,1.7197187500000009,1,3,ENHANCED MONITORING
181,46.83722499999999,4,4,FIELD INSPECTION
181,97.16055833333333,4,5,REINFORCE / ALARM
181,49.42948541666666,5,5,REINFORCE / ALARM
181,7.8934583333333395,2,3,ENHANCED MONITORING
181,27.857414583333323,3,3,ENHANCED MONITORING
181,3.2202874999999906,2,3,ENHANCED MONITORING
181,36.795893750000005,4,4,FIELD INSPECTION
181,35.762033333333335,4,4,FIELD INSPECTION
181,0.11870624999999298,1,3,ENHANCED MONITORING
181,31.525133333333333,4,4,FIELD INSPECTION
181,9.314889583333342,2,3,ENHANCED MONITORING
181,18.241193750000004,3,3,ENHANCED MONITORING
181,8.386545833333333,2,3,ENHANCED MONITORING
181,3.9122333333333272,2,3,ENHANCED MONITORING
181,12.084702083333335,3,3,ENHANCED MONITORING
181,51.34298958333334,5,5,REINFORCE / ALARM
181,42.01541770833334,4,4,FIELD INSPECTION
181,52.20081979166667,4,4,FIELD INSPECTION
181,13.843482291666666,3,3,ENHANCED MONITORING
181,12.827377083333339,3,3,ENHANCED MONITORING
181,24.592485416666662,3,3,ENHANCED MONITORING
181,36.91510729166667,4,4,FIELD INSPECTION
181,15.234476041666666,3,3,ENHANCED MONITORING
181,25.801361458333343,3,3,ENHANCED MONITORING
181,77.52735625,4,4,FIELD INSPECTION
181,63.13143333333334,4,4,FIELD INSPECTION
181,23.963443749999985,3,3,ENHANCED MONITORING
181,49.32701249999997,4,4,FIELD INSPECTION
181,2.415722916666662,3,3,ENHANCED MONITORING
181,28.14048333333331,3,3,ENHANCED MONITORING
181,3.302468750000011,2,3,ENHANCED MONITORING
181,28.83953125000001,4,5,REINFORCE / ALARM
181,95.02486041666667,4,5,REINFORCE / ALARM
181,128.80338333333333,5,5,REINFORCE / ALARM
181,54.937658333333296,4,4,FIELD INSPECTION
181,39.37395000000001,4,4,FIELD INSPECTION
181,21.292045833333308,3,3,ENHANCED MONITORING
181,71.80409166666664,4,4,FIELD INSPECTION
181,64.4605375,4,4,FIELD INSPECTION
181,59.223258333333355,4,4,FIELD INSPECTION
181,12.668087499999999,3,3,ENHANCED MONITORING
181,61.402583333333325,4,4,FIELD INSPECTION
181,37.40160000000003,5,5,REINFORCE / ALARM
181,20.427620833333346,3,3,ENHANCED MONITORING
181,75.85633750000001,4,4,FIELD INSPECTION
181,89.61814583333336,5,5,REINFORCE / ALARM
181,107.82585833333336,5,5,REINFORCE / ALARM
181,111.38704583333329,5,5,REINFORCE / ALARM
181,20.32616249999999,3,3,ENHANCED MONITORING
181,17.786660416666667,3,3,ENHANCED MONITORING
181,55.9116583333333,4,4,FIELD INSPECTION
181,59.6189458333333,5,5,REINFORCE / ALARM
181,42.78802291666664,4,5,REINFORCE / ALARM
181,87.02284166666664,4,4,FIELD INSPECTION
181,50.03316249999997,4,4,FIELD INSPECTION
181,15.275566666666684,3,3,ENHANCED MONITORING
181,134.02645833333335,5,5,REINFORCE / ALARM
181,133.92094166666672,5,5,REINFORCE / ALARM
181,165.83770416666664,5,5,REINFORCE / ALARM
186,7.887370833333333,2,3,ENHANCED MONITORING
186,42.86716041666667,4,4,FIELD INSPECTION
186,24.00808541666667,3,3,ENHANCED MONITORING
186,33.611116666666675,4,4,FIELD INSPECTION
186,4.884711458333331,2,3,ENHANCED MONITORING
186,33.008961458333346,4,4,FIELD INSPECTION
186,17.600484374999997,3,3,ENHANCED MONITORING
186,9.723259375000003,2,3,ENHANCED MONITORING
186,17.90181562500001,3,3,ENHANCED MONITORING
186,26.53591979166666,3,3,ENHANCED MONITORING
186,0.4961312499999953,1,3,ENHANCED MONITORING
186,16.34189375,3,3,ENHANCED MONITORING
186,25.155579166666666,3,3,ENHANCED MONITORING
186,37.244339583333335,4,4,FIELD INSPECTION
186,6.269110416666663,2,3,ENHANCED MONITORING
186,10.751539583333333,3,3,ENHANCED MONITORING
186,2.383256250000001,2,3,ENHANCED MONITORING
186,8.173483333333335,2,3,ENHANCED MONITORING
186,2.399489583333335,2,3,ENHANCED MONITORING
186,32.80046458333334,4,4,FIELD INSPECTION
186,19.283678124999998,3,3,ENHANCED MONITORING
186,50.283257291666665,4,4,FIELD INSPECTION
186,37.540090625,4,4,FIELD INSPECTION
186,49.890106249999995,4,4,FIELD INSPECTION
186,21.033327083333337,3,3,ENHANCED MONITORING
186,4.134427083333331,2,3,ENHANCED MONITORING
186,28.042068749999995,3,3,ENHANCED MONITORING
186,15.89141874999999,3,3,ENHANCED MONITORING
186,22.259958333333334,3,3,ENHANCED MONITORING
186,33.298625,4,4,FIELD INSPECTION
186,56.857249999999986,4,4,FIELD INSPECTION
186,61.355912499999995,4,4,FIELD INSPECTION
186,34.660195833333326,4,4,FIELD INSPECTION
186,19.276068750000004,3,3,ENHANCED MONITORING
186,0.402789583333328,1,3,ENHANCED MONITORING
186,11.512477083333337,3,3,ENHANCED MONITORING
186,20.556472916666667,3,3,ENHANCED MONITORING
186,3.0909281249999965,2,3,ENHANCED MONITORING
186,7.157378125,2,3,ENHANCED MONITORING
186,1.6177531250000026,1,3,ENHANCED MONITORING
186,1.2327187500000036,1,3,ENHANCED MONITORING
186,3.1320187500000003,2,3,ENHANCED MONITORING
186,29.044984375000002,3,3,ENHANCED MONITORING
186,20.66046770833334,3,3,ENHANCED MONITORING
186,35.206548958333336,4,4,FIELD INSPECTION
186,45.03431041666667,4,4,FIELD INSPECTION
186,73.95500833333334,4,4,FIELD INSPECTION
186,15.508920833333336,3,3,ENHANCED MONITORING
186,18.656158333333337,3,3,ENHANCED MONITORING
186,20.947087500000013,3,3,ENHANCED MONITORING
186,13.148999999999992,3,3,ENHANCED MONITORING
186,37.92309583333331,4,4,FIELD INSPECTION
186,31.370916666666687,4,4,FIELD INSPECTION
186,128.1743416666667,5,5,REINFORCE / ALARM
186,92.04300000000005,4,5,REINFORCE / ALARM
186,63.675250000000005,5,5,REINFORCE / ALARM
186,7.787941666666654,2,3,ENHANCED MONITORING
186,115.15520833333335,5,5,REINFORCE / ALARM
186,40.51637083333335,4,4,FIELD INSPECTION
186,132.68315000000004,5,5,REINFORCE / ALARM
186,60.42655416666667,5,5,REINFORCE / ALARM
186,106.41152916666665,5,5,REINFORCE / ALARM
186,12.885208333333338,4,3,ENHANCED MONITORING
186,66.4328875,5,5,REINFORCE / ALARM
186,75.47282499999999,4,4,FIELD INSPECTION
186,65.23973750000002,4,4,FIELD INSPECTION
186,185.96500833333334,5,5,REINFORCE / ALARM
186,111.7746166666667,5,5,REINFORCE / ALARM
186,66.38012916666668,4,4,FIELD INSPECTION
186,34.197545833333294,5,5,REINFORCE / ALARM
186,9.62433749999999,2,3,ENHANCED MONITORING
186,15.784887499999995,3,3,ENHANCED MONITORING
186,38.55213749999999,4,4,FIELD INSPECTION
186,14.269099999999996,3,3,ENHANCED MONITORING
186,14.224458333333322,3,3,ENHANCED MONITORING
186,11.485083333333327,3,3,ENHANCED MONITORING
186,65.96414999999998,5,5,REINFORCE / ALARM
186,137.25080416666665,5,5,REINFORCE / ALARM
186,218.09077499999998,5,5,REINFORCE / ALARM
186,129.47300833333333,5,5,REINFORCE / ALARM
194,26.512077083333338,3,3,ENHANCED MONITORING
194,50.2888375,4,4,FIELD INSPECTION
194,23.71994375,3,3,ENHANCED MONITORING
194,18.8286375,3,3,ENHANCED MONITORING
194,2.9843968749999994,2,3,ENHANCED MONITORING
194,13.052107291666658,3,3,ENHANCED MONITORING
194,3.1528177083333304,2,3,ENHANCED MONITORING
194,26.166611458333332,3,3,ENHANCED MONITORING
194,5.419396874999994,2,3,ENHANCED MONITORING
194,12.926298958333339,3,3,ENHANCED MONITORING
194,10.533404166666662,3,3,ENHANCED MONITORING
194,15.200487500000003,3,3,ENHANCED MONITORING
194,27.749868750000005,3,3,ENHANCED MONITORING
194,41.91953958333334,4,4,FIELD INSPECTION
194,39.075662500000014,5,5,REINFORCE / ALARM
194,51.764041666666664,4,4,FIELD INSPECTION
194,5.833854166666672,2,3,ENHANCED MONITORING
194,2.4035479166666582,2,3,ENHANCED MONITORING
194,27.018354166666665,3,3,ENHANCED MONITORING
194,41.48834166666666,4,4,FIELD INSPECTION
194,9.393012499999998,2,3,ENHANCED MONITORING
194,16.111583333333332,3,3,ENHANCED MONITORING
194,7.0625145833333365,2,3,ENHANCED MONITORING
194,10.864158333333336,3,3,ENHANCED MONITORING
194,8.388575000000003,2,3,ENHANCED MONITORING
194,14.086474999999988,3,3,ENHANCED MONITORING
194,34.36495208333333,4,4,FIELD INSPECTION
194,79.17909791666666,4,4,FIELD INSPECTION
194,73.72672708333333,4,4,FIELD INSPECTION
194,38.89202291666668,4,4,FIELD INSPECTION
194,13.95762291666667,3,3,ENHANCED MONITORING
194,37.01504375000001,4,4,FIELD INSPECTION
194,68.92368958333331,4,4,FIELD INSPECTION
194,124.59387708333334,5,5,REINFORCE / ALARM
194,85.34674999999999,4,4,FIELD INSPECTION
194,66.33954583333336,4,4,FIELD INSPECTION
194,25.858685416666663,3,3,ENHANCED MONITORING
194,6.465432291666666,2,3,ENHANCED MONITORING
194,20.715255208333318,3,3,ENHANCED MONITORING
194,62.266501041666665,4,4,FIELD INSPECTION
194,76.32101666666671,4,4,FIELD INSPECTION
194,44.97140625000001,4,4,FIELD INSPECTION
194,2.853008333333317,2,3,ENHANCED MONITORING
194,21.236243750000035,3,3,ENHANCED MONITORING
194,56.55591875000001,4,4,FIELD INSPECTION
194,44.45904166666668,4,4,FIELD INSPECTION
194,29.757729166666664,3,4,FIELD INSPECTION
194,17.90638125000001,3,3,ENHANCED MONITORING
194,45.33868541666666,4,4,FIELD INSPECTION
194,34.84789374999999,4,4,FIELD INSPECTION
194,96.31642500000002,5,5,REINFORCE / ALARM
194,44.93589583333337,5,5,REINFORCE / ALARM
194,32.89076250000006,4,4,FIELD INSPECTION
194,42.36697083333336,4,4,FIELD INSPECTION
194,17.83028750000004,3,3,ENHANCED MONITORING
194,1.9135041666666741,1,3,ENHANCED MONITORING
194,52.86182083333333,5,5,REINFORCE / ALARM
194,13.725283333333286,3,3,ENHANCED MONITORING
194,58.425795833333346,4,4,FIELD INSPECTION
194,24.757862500000044,3,3,ENHANCED MONITORING
194,13.28089583333338,3,3,ENHANCED MONITORING
194,14.234604166666651,3,3,ENHANCED MONITORING
194,44.568616666666685,4,4,FIELD INSPECTION
194,29.928179166666627,3,4,FIELD INSPECTION
194,68.71975833333336,5,5,REINFORCE / ALARM
194,46.820991666666686,4,4,FIELD INSPECTION
194,80.71010416666665,4,4,FIELD INSPECTION
194,8.289145833333336,2,3,ENHANCED MONITORING
194,15.3100625,3,3,ENHANCED MONITORING
194,24.69089999999999,3,3,ENHANCED MONITORING
194,23.76357083333332,3,3,ENHANCED MONITORING
194,31.47541875,4,4,FIELD INSPECTION
194,28.3058604166667,3,3,ENHANCED MONITORING
194,7.685468750000008,2,3,ENHANCED MONITORING
194,8.031441666666659,2,3,ENHANCED MONITORING
194,37.44015416666668,4,4,FIELD INSPECTION
194,5.139879166666618,2,3,ENHANCED MONITORING
194,36.52702916666667,4,4,FIELD INSPECTION
194,99.35814583333332,4,5,REINFORCE / ALARM
194,46.57343333333328,5,5,REINFORCE / ALARM
200,10.765743749999993,4,3,ENHANCED MONITORING
200,17.078481249999996,3,3,ENHANCED MONITORING
200,22.834212500000003,3,3,ENHANCED MONITORING
200,24.38348125,3,3,ENHANCED MONITORING
200,43.366335416666665,4,4,FIELD INSPECTION
200,49.0469875,4,4,FIELD INSPECTION
200,78.80065833333333,4,4,FIELD INSPECTION
200,57.967711458333326,4,4,FIELD INSPECTION
200,21.386909375000005,3,3,ENHANCED MONITORING
200,22.83471979166667,3,3,ENHANCED MONITORING
200,26.01493125,3,3,ENHANCED MONITORING
200,16.844112499999998,3,3,ENHANCED MONITORING
200,0.5356999999999937,1,3,ENHANCED MONITORING
200,3.40494166666666,2,3,ENHANCED MONITORING
200,41.930699999999995,4,4,FIELD INSPECTION
200,22.878854166666674,3,3,ENHANCED MONITORING
200,34.100145833333336,4,4,FIELD INSPECTION
200,11.638285416666676,3,3,ENHANCED MONITORING
200,43.042683333333336,4,4,FIELD INSPECTION
200,26.856020833333336,3,3,ENHANCED MONITORING
200,29.072378124999997,3,3,ENHANCED MONITORING
200,6.94634479166666,2,3,ENHANCED MONITORING
200,15.569288541666666,3,3,ENHANCED MONITORING
200,48.9130625,4,4,FIELD INSPECTION
200,81.00839166666667,4,4,FIELD INSPECTION
200,91.97705208333336,4,4,FIELD INSPECTION
200,106.35369791666669,5,5,REINFORCE / ALARM
200,79.30389166666664,4,4,FIELD INSPECTION
200,20.315002083333354,4,3,ENHANCED MONITORING
200,52.80906250000001,4,4,FIELD INSPECTION
200,70.03059999999999,4,4,FIELD INSPECTION
200,34.18537083333334,4,4,FIELD INSPECTION
200,60.73397291666665,4,4,FIELD INSPECTION
200,101.50297499999999,5,5,REINFORCE / ALARM
200,39.28162291666668,4,4,FIELD INSPECTION
200,42.86614583333335,4,4,FIELD INSPECTION
200,1.4630291666666484,1,3,ENHANCED MONITORING
200,42.31116875000001,4,4,FIELD INSPECTION
200,42.78092083333333,4,4,FIELD INSPECTION
200,99.4839541666666,4,5,REINFORCE / ALARM
200,50.99701666666662,4,4,FIELD INSPECTION
200,57.17988749999996,4,4,FIELD INSPECTION
200,14.08038750000002,3,3,ENHANCED MONITORING
200,5.723264583333328,2,3,ENHANCED MONITORING
200,47.45510624999999,4,4,FIELD INSPECTION
200,27.606812500000036,3,3,ENHANCED MONITORING
200,22.71347708333335,3,3,ENHANCED MONITORING
200,53.49695000000005,4,4,FIELD INSPECTION
200,52.01058541666661,4,4,FIELD INSPECTION
200,39.02797708333332,4,4,FIELD INSPECTION
200,44.739066666666645,4,4,FIELD INSPECTION
200,55.20449375000006,4,4,FIELD INSPECTION
200,65.90023124999999,5,5,REINFORCE / ALARM
200,76.67104791666664,4,4,FIELD INSPECTION
200,45.191570833333344,5,5,REINFORCE / ALARM
200,224.7931125,5,5,REINFORCE / ALARM
200,187.5335541666667,5,5,REINFORCE / ALARM
200,111.16586666666667,5,5,REINFORCE / ALARM
200,160.5699875,5,5,REINFORCE / ALARM
200,138.588025,5,5,REINFORCE / ALARM
200,164.8779083333333,5,5,REINFORCE / ALARM
200,66.48158749999997,4,4,FIELD INSPECTION
200,189.66823749999995,5,5,REINFORCE / ALARM
200,30.63838749999989,5,5,REINFORCE / ALARM
200,0.35916250000009126,1,3,ENHANCED MONITORING
200,98.57285833333329,4,5,REINFORCE / ALARM
200,20.65285833333336,4,3,ENHANCED MONITORING
200,141.24420416666672,5,5,REINFORCE / ALARM
200,67.83910000000006,5,5,REINFORCE / ALARM
200,46.49632499999992,4,4,FIELD INSPECTION
200,129.53286874999998,5,5,REINFORCE / ALARM
200,60.57671250000004,4,4,FIELD INSPECTION
200,7.17716250000007,2,3,ENHANCED MONITORING
200,83.90705625,5,5,REINFORCE / ALARM
200,52.37482083333339,4,4,FIELD INSPECTION
200,17.807966666666605,3,3,ENHANCED MONITORING
200,44.10393750000001,4,4,FIELD INSPECTION
200,19.02140833333326,3,3,ENHANCED MONITORING
200,79.97554583333344,4,4,FIELD INSPECTION
200,86.47699583333328,4,4,FIELD INSPECTION
202,7.2573145833333355,2,3,ENHANCED MONITORING
202,13.220020833333336,3,3,ENHANCED MONITORING
202,45.92511458333333,4,4,FIELD INSPECTION
202,13.595416666666665,3,3,ENHANCED MONITORING
202,8.217617708333336,2,3,ENHANCED MONITORING
202,32.20946979166667,4,4,FIELD INSPECTION
202,37.459938541666666,4,4,FIELD INSPECTION
202,27.654497916666667,3,3,ENHANCED MONITORING
202,13.047541666666666,3,3,ENHANCED MONITORING
202,11.88077083333333,3,3,ENHANCED MONITORING
202,55.0736125,4,4,FIELD INSPECTION
202,30.76723958333334,4,4,FIELD INSPECTION
202,55.33334583333333,4,4,FIELD INSPECTION
202,6.340131250000006,2,3,ENHANCED MONITORING
202,20.15063958333334,3,3,ENHANCED MONITORING
202,10.133658333333331,3,3,ENHANCED MONITORING
202,41.82315416666666,4,4,FIELD INSPECTION
202,43.76506666666666,5,5,REINFORCE / ALARM
202,27.77016041666668,3,5,REINFORCE / ALARM
202,32.326654166666664,4,4,FIELD INSPECTION
202,47.06449166666666,4,4,FIELD INSPECTION
202,26.606433333333324,3,3,ENHANCED MONITORING
202,42.18434583333334,4,4,FIELD INSPECTION
202,15.491672916666682,3,3,ENHANCED MONITORING
202,34.40655000000002,5,5,REINFORCE / ALARM
202,62.17873958333334,4,4,FIELD INSPECTION
202,101.85199166666666,5,5,REINFORCE / ALARM
202,67.81677916666666,4,4,FIELD INSPECTION
202,54.158458333333336,4,4,FIELD INSPECTION
202,51.044702083333355,4,4,FIELD INSPECTION
202,6.690162499999978,2,3,ENHANCED MONITORING
202,26.296985416666658,3,3,ENHANCED MONITORING
202,22.386781250000023,3,3,ENHANCED MONITORING
202,12.31399791666666,3,3,ENHANCED MONITORING
202,42.89455416666666,4,4,FIELD INSPECTION
202,42.57191666666669,4,4,FIELD INSPECTION
202,26.819495833333335,3,3,ENHANCED MONITORING
202,28.224186458333325,3,3,ENHANCED MONITORING
202,83.52303645833335,4,4,FIELD INSPECTION
202,32.32208854166665,4,4,FIELD INSPECTION
202,4.743177083333346,2,3,ENHANCED MONITORING
202,34.356835416666655,4,4,FIELD INSPECTION
202,19.891920833333312,3,3,ENHANCED MONITORING
202,33.47617708333333,4,4,FIELD INSPECTION
202,1.1799604166666715,1,3,ENHANCED MONITORING
202,26.17422083333332,3,3,ENHANCED MONITORING
202,24.56204791666666,3,3,ENHANCED MONITORING
202,48.99017083333331,4,4,FIELD INSPECTION
202,40.356066666666656,4,4,FIELD INSPECTION
202,42.18130208333332,4,4,FIELD INSPECTION
202,57.95908750000002,4,4,FIELD INSPECTION
202,34.51105208333335,4,4,FIELD INSPECTION
202,33.10281041666665,4,4,FIELD INSPECTION
202,38.96913125000001,4,4,FIELD INSPECTION
202,38.94376666666667,4,4,FIELD INSPECTION
202,155.6979583333333,5,5,REINFORCE / ALARM
202,57.019583333333316,5,5,REINFORCE / ALARM
202,22.75101666666664,3,3,ENHANCED MONITORING
202,41.76227916666665,4,4,FIELD INSPECTION
202,72.3864625,4,4,FIELD INSPECTION
202,116.38691250000004,5,5,REINFORCE / ALARM
202,64.35705000000006,4,4,FIELD INSPECTION
202,42.026070833333286,4,4,FIELD INSPECTION
202,55.14260416666667,5,5,REINFORCE / ALARM
202,27.63724999999995,4,5,REINFORCE / ALARM
202,119.65589999999996,5,5,REINFORCE / ALARM
202,3.3501541666667216,2,3,ENHANCED MONITORING
202,19.135041666666698,3,3,ENHANCED MONITORING
202,39.520050000000026,4,4,FIELD INSPECTION
202,38.923474999999975,4,4,FIELD INSPECTION
202,45.01300416666669,4,4,FIELD INSPECTION
202,51.43836041666663,4,4,FIELD INSPECTION
202,54.04989791666668,5,5,REINFORCE / ALARM
202,17.194143750000006,4,3,ENHANCED MONITORING
202,80.41587500000001,4,4,FIELD INSPECTION
202,5.80950416666668,2,3,ENHANCED MONITORING
202,9.001383333333337,3,3,ENHANCED MONITORING
202,71.96845416666662,5,5,REINFORCE / ALARM
202,153.97113750000003,5,5,REINFORCE / ALARM
202,132.87186249999996,5,5,REINFORCE / ALARM
207,10.620658333333333,3,3,ENHANCED MONITORING
207,34.84687916666666,4,4,FIELD INSPECTION
207,43.01630416666666,4,4,FIELD INSPECTION
207,6.57348541666666,2,3,ENHANCED MONITORING
207,13.561428125,3,3,ENHANCED MONITORING
207,15.974107291666668,3,3,ENHANCED MONITORING
207,11.065553125,3,3,ENHANCED MONITORING
207,2.349267708333334,2,3,ENHANCED MONITORING
207,7.881790624999998,2,3,ENHANCED MONITORING
207,3.085855208333335,2,3,ENHANCED MONITORING
207,18.69369791666667,3,3,ENHANCED MONITORING
207,0.3358270833333374,1,3,ENHANCED MONITORING
207,17.164720833333334,3,3,ENHANCED MONITORING
207,22.195025,3,3,ENHANCED MONITORING
207,10.143804166666666,3,3,ENHANCED MONITORING
207,17.7572375,3,3,ENHANCED MONITORING
207,52.70354583333333,4,4,FIELD INSPECTION
207,25.90637083333333,3,3,ENHANCED MONITORING
207,18.864147916666667,3,3,ENHANCED MONITORING
207,10.588191666666665,3,3,ENHANCED MONITORING
207,4.92428020833333,2,3,ENHANCED MONITORING
207,2.766261458333337,2,3,ENHANCED MONITORING
207,6.800244791666667,2,3,ENHANCED MONITORING
207,26.863122916666658,3,3,ENHANCED MONITORING
207,5.954589583333333,2,3,ENHANCED MONITORING
207,33.83331041666667,4,4,FIELD INSPECTION
207,5.9627062499999965,3,3,ENHANCED MONITORING
207,41.314847916666665,4,4,FIELD INSPECTION
207,35.42924999999999,5,5,REINFORCE / ALARM
207,1.559414583333331,1,3,ENHANCED MONITORING
207,38.20312083333334,4,4,FIELD INSPECTION
207,0.9658833333333311,1,3,ENHANCED MONITORING
207,25.24689166666667,3,3,ENHANCED MONITORING
207,52.12320416666666,4,4,FIELD INSPECTION
207,5.488895833333345,3,3,ENHANCED MONITORING
207,2.95953958333331,3,3,ENHANCED MONITORING
207,21.555837500000006,3,3,ENHANCED MONITORING
207,28.649296875,3,3,ENHANCED MONITORING
207,4.049709375000006,2,3,ENHANCED MONITORING
207,29.816067708333335,3,4,FIELD INSPECTION
207,27.754941666666664,3,3,ENHANCED MONITORING
207,10.150906249999997,3,3,ENHANCED MONITORING
207,16.725406250000006,3,3,ENHANCED MONITORING
207,0.5448312499999967,1,3,ENHANCED MONITORING
207,5.570062499999999,2,3,ENHANCED MONITORING
207,7.662133333333334,2,3,ENHANCED MONITORING
207,31.401354166666664,4,4,FIELD INSPECTION
207,28.591972916666663,3,4,FIELD INSPECTION
207,56.583312500000005,4,4,FIELD INSPECTION
207,19.61189583333333,3,3,ENHANCED MONITORING
207,31.59006666666669,4,4,FIELD INSPECTION
207,54.69212916666668,4,4,FIELD INSPECTION
207,51.575329166666656,5,5,REINFORCE / ALARM
207,28.497616666666662,3,4,FIELD INSPECTION
207,76.47929166666667,4,4,FIELD INSPECTION
207,63.28159166666665,4,4,FIELD INSPECTION
207,60.93587500000001,4,4,FIELD INSPECTION
207,12.110066666666663,3,3,ENHANCED MONITORING
207,34.256391666666666,5,5,REINFORCE / ALARM
207,10.496879166666682,4,3,ENHANCED MONITORING
207,42.517129166666656,4,4,FIELD INSPECTION
207,84.04605416666666,4,4,FIELD INSPECTION
207,1.438679166666662,1,3,ENHANCED MONITORING
207,57.3625125,4,4,FIELD INSPECTION
207,22.43446666666668,3,3,ENHANCED MONITORING
207,40.75378333333333,4,4,FIELD INSPECTION
207,130.59310833333336,5,5,REINFORCE / ALARM
207,57.6912375,5,5,REINFORCE / ALARM
207,53.00386250000005,4,4,FIELD INSPECTION
207,35.23445000000001,4,4,FIELD INSPECTION
207,15.697633333333316,3,3,ENHANCED MONITORING
207,1.6101437499999893,1,3,ENHANCED MONITORING
207,31.93603958333333,4,4,FIELD INSPECTION
207,30.213277083333328,4,4,FIELD INSPECTION
207,16.791354166666654,3,3,ENHANCED MONITORING
207,47.10101666666668,4,4,FIELD INSPECTION
207,76.85874583333334,4,4,FIELD INSPECTION
207,162.97860833333334,5,5,REINFORCE / ALARM
207,130.44700833333332,5,5,REINFORCE / ALARM
207,136.42899166666666,5,5,REINFORCE / ALARM
219,14.703341666666669,3,3,ENHANCED MONITORING
219,82.98682916666667,4,4,FIELD INSPECTION
219,48.253583333333324,4,4,FIELD INSPECTION
219,58.506962500000014,4,4,FIELD INSPECTION
219,24.52907395833333,3,3,ENHANCED MONITORING
219,4.134934375000006,2,3,ENHANCED MONITORING
219,14.015961458333344,3,3,ENHANCED MONITORING
219,9.400114583333341,2,3,ENHANCED MONITORING
219,7.343554166666674,2,3,ENHANCED MONITORING
219,2.949393749999993,2,3,ENHANCED MONITORING
219,19.540875000000003,3,3,ENHANCED MONITORING
219,28.80706458333333,3,3,ENHANCED MONITORING
219,51.989279166666655,4,4,FIELD INSPECTION
219,5.186550000000007,2,3,ENHANCED MONITORING
219,31.603256250000005,4,4,FIELD INSPECTION
219,37.96976666666666,4,4,FIELD INSPECTION
219,0.9141395833333282,1,3,ENHANCED MONITORING
219,82.48359583333334,5,5,REINFORCE / ALARM
219,74.79406875,4,4,FIELD INSPECTION
219,61.95654583333333,4,4,FIELD INSPECTION
219,39.626581250000015,4,4,FIELD INSPECTION
219,33.847514583333314,4,4,FIELD INSPECTION
219,13.24437083333334,3,3,ENHANCED MONITORING
219,14.931622916666669,3,3,ENHANCED MONITORING
219,17.93580416666664,3,3,ENHANCED MONITORING
219,16.92730833333334,3,3,ENHANCED MONITORING
219,1.143435416666667,1,3,ENHANCED MONITORING
219,18.773849999999985,3,3,ENHANCED MONITORING
219,1.8739354166666782,1,3,ENHANCED MONITORING
219,10.038287499999996,3,3,ENHANCED MONITORING
219,47.75440833333332,4,4,FIELD INSPECTION
219,1.4975250000000102,1,3,ENHANCED MONITORING
219,40.79639583333333,4,4,FIELD INSPECTION
219,2.0159770833333397,2,3,ENHANCED MONITORING
219,15.502833333333337,3,3,ENHANCED MONITORING
219,70.90415625000001,4,5,REINFORCE / ALARM
219,89.46088541666667,4,4,FIELD INSPECTION
219,61.26865833333334,4,4,FIELD INSPECTION
219,45.9667125,4,4,FIELD INSPECTION
219,14.246779166666661,3,3,ENHANCED MONITORING
219,23.231929166666664,3,3,ENHANCED MONITORING
219,50.187379166666666,4,4,FIELD INSPECTION
219,6.814448958333339,2,3,ENHANCED MONITORING
219,6.103226041666654,2,3,ENHANCED MONITORING
219,63.74373437500001,4,4,FIELD INSPECTION
219,17.548233333333332,4,3,ENHANCED MONITORING
219,33.71460416666667,4,4,FIELD INSPECTION
219,70.39179166666668,4,4,FIELD INSPECTION
219,58.95743749999999,4,4,FIELD INSPECTION
219,18.82255000000001,3,3,ENHANCED MONITORING
219,72.16122500000002,5,5,REINFORCE / ALARM
219,12.523002083333353,3,3,ENHANCED MONITORING
219,36.35353541666669,4,4,FIELD INSPECTION
219,66.91481458333332,4,4,FIELD INSPECTION
219,57.80284166666666,4,4,FIELD INSPECTION
219,5.967779166666669,2,3,ENHANCED MONITORING
219,10.927062499999977,3,3,ENHANCED MONITORING
219,27.625074999999995,3,4,FIELD INSPECTION
219,88.56500833333332,4,4,FIELD INSPECTION
219,64.22515416666664,4,4,FIELD INSPECTION
219,27.49317916666668,3,3,ENHANCED MONITORING
219,24.220133333333333,3,3,ENHANCED MONITORING
219,17.556350000000037,3,3,ENHANCED MONITORING
219,12.743166666666662,3,3,ENHANCED MONITORING
219,41.141354166666666,4,4,FIELD INSPECTION
219,47.959354166666664,4,4,FIELD INSPECTION
219,12.17905833333335,3,3,ENHANCED MONITORING
219,47.65092083333334,4,4,FIELD INSPECTION
219,46.89607083333333,4,4,FIELD INSPECTION
219,51.93043333333332,4,4,FIELD INSPECTION
219,57.76225833333331,4,4,FIELD INSPECTION
219,14.144306250000016,3,3,ENHANCED MONITORING
219,77.48068541666667,5,5,REINFORCE / ALARM
219,104.46251458333332,5,5,REINFORCE / ALARM
219,131.11764791666667,5,5,REINFORCE / ALARM
219,1.2489520833333405,1,3,ENHANCED MONITORING
219,9.024718749999982,2,3,ENHANCED MONITORING
219,48.07704583333331,5,5,REINFORCE / ALARM
219,52.244954166666695,5,5,REINFORCE / ALARM
219,4.143558333333327,3,3,ENHANCED MONITORING
223,119.55139791666666,5,5,REINFORCE / ALARM
223,114.68545625,5,5,REINFORCE / ALARM
223,59.703156250000006,4,4,FIELD INSPECTION
223,30.099643750000002,4,4,FIELD INSPECTION
223,50.04483020833334,4,4,FIELD INSPECTION
223,18.24170104166667,3,3,ENHANCED MONITORING
223,0.8882677083333353,1,3,ENHANCED MONITORING
223,8.336831249999998,2,3,ENHANCED MONITORING
223,43.037610416666666,4,4,FIELD INSPECTION
223,6.282300000000002,2,3,ENHANCED MONITORING
223,52.27945,4,4,FIELD INSPECTION
223,24.828883333333337,3,3,ENHANCED MONITORING
223,52.72586666666667,4,4,FIELD INSPECTION
223,1.6284062500000072,1,3,ENHANCED MONITORING
223,38.433431250000005,5,5,REINFORCE / ALARM
223,41.69836041666668,5,5,REINFORCE / ALARM
223,22.057041666666663,3,3,ENHANCED MONITORING
223,50.69771458333333,4,4,FIELD INSPECTION
223,4.188200000000001,2,3,ENHANCED MONITORING
223,11.679883333333335,3,3,ENHANCED MONITORING
223,13.532005208333333,3,3,ENHANCED MONITORING
223,33.613653125000006,4,4,FIELD INSPECTION
223,19.194394791666664,3,3,ENHANCED MONITORING
223,11.135052083333333,3,3,ENHANCED MONITORING
223,4.129354166666666,2,3,ENHANCED MONITORING
223,35.278077083333336,4,4,FIELD INSPECTION
223,7.725037499999999,2,3,ENHANCED MONITORING
223,2.88344583333333,2,3,ENHANCED MONITORING
223,42.04230416666667,4,4,FIELD INSPECTION
223,42.0281,4,4,FIELD INSPECTION
223,11.804677083333331,3,3,ENHANCED MONITORING
223,17.646647916666666,3,3,ENHANCED MONITORING
223,23.38107291666667,3,3,ENHANCED MONITORING
223,26.37612291666667,3,3,ENHANCED MONITORING
223,49.317881250000006,4,4,FIELD INSPECTION
223,4.686360416666666,2,3,ENHANCED MONITORING
223,55.01578125,4,4,FIELD INSPECTION
223,45.807930208333325,4,4,FIELD INSPECTION
223,66.8899572916667,4,4,FIELD INSPECTION
223,33.525384374999994,4,4,FIELD INSPECTION
223,1.1272020833333383,1,3,ENHANCED MONITORING
223,15.22077916666666,3,3,ENHANCED MONITORING
223,23.469848958333348,3,3,ENHANCED MONITORING
223,35.169009375,4,4,FIELD INSPECTION
223,44.17749479166665,4,4,FIELD INSPECTION
223,54.9823,4,4,FIELD INSPECTION
223,25.218483333333342,3,3,ENHANCED MONITORING
223,34.39843333333334,4,4,FIELD INSPECTION
223,37.246368749999995,4,4,FIELD INSPECTION
223,34.30509166666666,4,4,FIELD INSPECTION
223,55.653954166666644,4,4,FIELD INSPECTION
223,50.56378958333332,4,4,FIELD INSPECTION
223,11.220277083333388,3,3,ENHANCED MONITORING
223,38.86158541666668,4,4,FIELD INSPECTION
223,59.10353749999994,4,4,FIELD INSPECTION
223,56.64012916666673,4,4,FIELD INSPECTION
223,4.437787500000039,2,3,ENHANCED MONITORING
223,9.788699999999963,2,3,ENHANCED MONITORING
223,65.98849999999999,4,4,FIELD INSPECTION
223,46.18789166666672,5,5,REINFORCE / ALARM
223,137.2366,5,5,REINFORCE / ALARM
223,40.09430416666664,5,5,REINFORCE / ALARM
223,102.14216249999997,5,5,REINFORCE / ALARM
223,14.250837500000022,3,3,ENHANCED MONITORING
223,59.87867916666668,4,4,FIELD INSPECTION
223,63.53726666666665,4,4,FIELD INSPECTION
223,158.98723749999996,5,5,REINFORCE / ALARM
223,66.02096666666665,5,5,REINFORCE / ALARM
223,69.64708749999997,4,4,FIELD INSPECTION
223,24.49812916666674,3,3,ENHANCED MONITORING
223,84.62943958333337,4,4,FIELD INSPECTION
223,38.09861875000006,4,4,FIELD INSPECTION
223,53.02313958333329,4,4,FIELD INSPECTION
223,12.74925416666666,3,3,ENHANCED MONITORING
223,31.136547916666657,4,4,FIELD INSPECTION
223,2.9250437500000714,2,3,ENHANCED MONITORING
223,7.786927083333315,2,3,ENHANCED MONITORING
223,18.81240416666658,3,3,ENHANCED MONITORING
223,16.598583333333437,3,3,ENHANCED MONITORING
223,103.86086666666654,5,5,REINFORCE / ALARM
225,18.100166666666667,3,3,ENHANCED MONITORING
225,18.655143749999997,3,3,ENHANCED MONITORING
225,103.00861666666667,5,5,REINFORCE / ALARM
225,115.98615208333335,5,5,REINFORCE / ALARM
225,74.13103854166668,4,4,FIELD INSPECTION
225,37.54009062500001,4,4,FIELD INSPECTION
225,20.338844791666666,3,3,ENHANCED MONITORING
225,22.32032604166666,3,3,ENHANCED MONITORING
225,24.923746875000003,3,3,ENHANCED MONITORING
225,91.84261979166666,4,5,REINFORCE / ALARM
225,95.46011666666665,4,4,FIELD INSPECTION
225,33.40718541666667,5,5,REINFORCE / ALARM
225,19.803652083333322,4,3,ENHANCED MONITORING
225,39.17407708333332,5,5,REINFORCE / ALARM
225,71.87003958333332,5,5,REINFORCE / ALARM
225,71.39927291666665,4,4,FIELD INSPECTION
225,19.58145833333334,3,3,ENHANCED MONITORING
225,8.712227083333365,3,3,ENHANCED MONITORING
225,12.99782708333332,3,3,ENHANCED MONITORING
225,14.439549999999977,3,3,ENHANCED MONITORING
225,28.72336145833333,3,3,ENHANCED MONITORING
225,29.006430208333356,3,4,FIELD INSPECTION
225,46.62872812500001,4,4,FIELD INSPECTION
225,44.39106458333333,4,4,FIELD INSPECTION
225,5.005954166666679,2,3,ENHANCED MONITORING
225,25.835350000000005,3,3,ENHANCED MONITORING
225,24.09736875000002,3,3,ENHANCED MONITORING
225,77.01905000000001,4,4,FIELD INSPECTION
225,33.90331666666666,4,4,FIELD INSPECTION
225,80.81866458333333,4,4,FIELD INSPECTION
225,75.31150625,4,4,FIELD INSPECTION
225,45.576097916666676,5,4,FIELD INSPECTION
225,14.453754166666664,3,3,ENHANCED MONITORING
225,64.69795,4,4,FIELD INSPECTION
225,15.607335416666658,3,3,ENHANCED MONITORING
225,53.069810416666655,4,4,FIELD INSPECTION
225,89.41725833333332,4,5,REINFORCE / ALARM
225,18.508029166666677,4,3,ENHANCED MONITORING
225,24.659447916666675,4,5,REINFORCE / ALARM
225,11.121862499999986,3,3,ENHANCED MONITORING
225,113.25793750000001,5,5,REINFORCE / ALARM
225,57.109881249999994,5,5,REINFORCE / ALARM
225,57.759721875,4,4,FIELD INSPECTION
225,126.21670312500002,5,5,REINFORCE / ALARM
225,59.40639062500001,4,4,FIELD INSPECTION
225,14.99960000000003,3,3,ENHANCED MONITORING
225,19.53986041666666,3,3,ENHANCED MONITORING
225,30.800720833333326,5,5,REINFORCE / ALARM
225,70.18177291666665,4,4,FIELD INSPECTION
225,29.874406250000018,3,5,REINFORCE / ALARM
225,61.63796666666662,4,4,FIELD INSPECTION
225,81.80788333333328,4,4,FIELD INSPECTION
225,91.23945000000003,4,4,FIELD INSPECTION
225,92.90133750000005,4,4,FIELD INSPECTION
225,19.013291666666692,4,3,ENHANCED MONITORING
225,69.3548875,5,5,REINFORCE / ALARM
225,1.7227625000000018,1,3,ENHANCED MONITORING
225,20.918679166666625,4,5,REINFORCE / ALARM
225,2.372095833333352,3,3,ENHANCED MONITORING
225,107.62091250000003,5,5,REINFORCE / ALARM
225,158.34399166666665,5,5,REINFORCE / ALARM
225,80.35702916666669,4,4,FIELD INSPECTION
225,17.030795833333332,3,3,ENHANCED MONITORING
225,23.187287499999982,4,5,REINFORCE / ALARM
225,71.75742083333334,4,4,FIELD INSPECTION
225,158.70112500000002,5,5,REINFORCE / ALARM
225,39.607304166666665,5,5,REINFORCE / ALARM
225,69.0241333333333,4,4,FIELD INSPECTION
225,29.646124999999966,3,4,FIELD INSPECTION
225,66.11024999999998,4,4,FIELD INSPECTION
225,9.521864583333345,2,3,ENHANCED MONITORING
225,40.965831250000015,5,5,REINFORCE / ALARM
225,112.30930208333332,5,5,REINFORCE / ALARM
225,62.3562916666667,5,5,REINFORCE / ALARM
225,35.94973125000001,5,5,REINFORCE / ALARM
225,98.92491874999997,5,5,REINFORCE / ALARM
225,78.68803958333332,5,5,REINFORCE / ALARM
225,148.8515500000001,5,5,REINFORCE / ALARM
225,97.7469875,4,4,FIELD INSPECTION
225,128.8216458333333,5,5,REINFORCE / ALARM
233,32.549862499999996,4,4,FIELD INSPECTION
233,6.576529166666666,2,3,ENHANCED MONITORING
233,49.060177083333336,4,4,FIELD INSPECTION
233,45.17939583333334,4,4,FIELD INSPECTION
233,46.63227916666667,4,4,FIELD INSPECTION
233,2.6734270833333347,2,3,ENHANCED MONITORING
233,68.96224375000001,4,5,REINFORCE / ALARM
233,51.939057291666664,4,4,FIELD INSPECTION
233,40.50368854166668,4,4,FIELD INSPECTION
233,13.270242708333333,3,3,ENHANCED MONITORING
233,69.91392291666665,4,4,FIELD INSPECTION
233,16.655399999999997,3,3,ENHANCED MONITORING
233,4.066449999999999,2,3,ENHANCED MONITORING
233,3.770191666666657,3,3,ENHANCED MONITORING
233,12.415456249999993,3,3,ENHANCED MONITORING
233,10.265554166666655,3,3,ENHANCED MONITORING
233,44.886181250000014,4,4,FIELD INSPECTION
233,17.322995833333337,3,3,ENHANCED MONITORING
233,84.20128541666666,4,4,FIELD INSPECTION
233,99.32162083333334,4,4,FIELD INSPECTION
233,51.044194791666676,4,4,FIELD INSPECTION
233,12.421036458333342,3,3,ENHANCED MONITORING
233,4.034490625000004,2,3,ENHANCED MONITORING
233,28.340356250000003,3,3,ENHANCED MONITORING
233,18.61861875,3,3,ENHANCED MONITORING
233,36.951125,4,4,FIELD INSPECTION
233,61.13371875000001,4,4,FIELD INSPECTION
233,36.79487916666666,5,5,REINFORCE / ALARM
233,68.24899166666667,4,4,FIELD INSPECTION
233,90.35371875,4,4,FIELD INSPECTION
233,6.338102083333332,2,3,ENHANCED MONITORING
233,16.403783333333337,3,3,ENHANCED MONITORING
233,35.0700875,4,4,FIELD INSPECTION
233,18.08088958333333,3,3,ENHANCED MONITORING
233,10.839808333333337,3,3,ENHANCED MONITORING
233,52.470191666666665,4,4,FIELD INSPECTION
233,43.275022916666664,4,4,FIELD INSPECTION
233,61.64405416666667,4,4,FIELD INSPECTION
233,26.611506250000016,3,3,ENHANCED MONITORING
233,36.806039583333344,4,4,FIELD INSPECTION
233,105.98033125,5,5,REINFORCE / ALARM
233,1.2073541666666567,1,3,ENHANCED MONITORING
233,6.348247916666671,2,3,ENHANCED MONITORING
233,54.291368750000004,4,4,FIELD INSPECTION
233,19.75190833333333,3,3,ENHANCED MONITORING
233,50.42377708333333,4,4,FIELD INSPECTION
233,32.01822083333334,4,4,FIELD INSPECTION
233,10.059593750000005,3,3,ENHANCED MONITORING
233,15.972585416666655,3,3,ENHANCED MONITORING
233,26.419749999999997,3,3,ENHANCED MONITORING
233,6.444633333333331,2,3,ENHANCED MONITORING
233,33.35544166666666,4,4,FIELD INSPECTION
233,49.88706250000001,4,4,FIELD INSPECTION
233,36.25512083333334,4,4,FIELD INSPECTION
233,0.9516791666666672,1,3,ENHANCED MONITORING
233,34.430900000000015,4,4,FIELD INSPECTION
233,15.721983333333336,3,3,ENHANCED MONITORING
233,32.93743333333334,4,4,FIELD INSPECTION
233,47.805137499999994,4,4,FIELD INSPECTION
233,139.85625416666667,5,5,REINFORCE / ALARM
233,124.7551958333333,5,5,REINFORCE / ALARM
233,61.70492916666666,4,4,FIELD INSPECTION
233,20.539225000000002,3,3,ENHANCED MONITORING
233,15.052358333333366,3,3,ENHANCED MONITORING
233,48.47070416666667,4,4,FIELD INSPECTION
233,40.668558333333316,4,4,FIELD INSPECTION
233,1.0693708333333234,1,3,ENHANCED MONITORING
233,71.79800416666666,4,4,FIELD INSPECTION
233,36.387016666666675,5,5,REINFORCE / ALARM
233,7.493712499999977,2,3,ENHANCED MONITORING
233,58.04431249999999,4,4,FIELD INSPECTION
233,47.17609583333333,4,4,FIELD INSPECTION
233,54.4039875,4,4,FIELD INSPECTION
233,101.60443333333335,5,5,REINFORCE / ALARM
233,38.72360208333333,4,4,FIELD INSPECTION
233,65.83732708333335,4,4,FIELD INSPECTION
233,23.586018750000004,3,3,ENHANCED MONITORING
233,201.49827916666672,5,5,REINFORCE / ALARM
233,122.95126666666668,5,5,REINFORCE / ALARM
233,168.2889375,5,5,REINFORCE / ALARM
237,87.14053333333334,5,5,REINFORCE / ALARM
237,44.72486250000001,4,4,FIELD INSPECTION
237,16.058825000000002,3,3,ENHANCED MONITORING
237,18.93516875000001,3,3,ENHANCED MONITORING
237,10.392377083333336,3,3,ENHANCED MONITORING
237,36.48137291666668,4,4,FIELD INSPECTION
237,20.185135416666665,3,3,ENHANCED MONITORING
237,31.183218750000005,4,3,ENHANCED MONITORING
237,30.285312500000007,4,4,FIELD INSPECTION
237,21.64917916666667,3,3,ENHANCED MONITORING
237,39.71586458333332,4,4,FIELD INSPECTION
237,16.421031249999995,3,3,ENHANCED MONITORING
237,33.32601875000001,4,4,FIELD INSPECTION
237,41.22454999999997,4,4,FIELD INSPECTION
237,17.375754166666642,3,3,ENHANCED MONITORING
237,27.326787499999995,3,3,ENHANCED MONITORING
237,72.69692499999998,4,4,FIELD INSPECTION
237,13.287997916666654,3,3,ENHANCED MONITORING
237,15.726041666666669,3,3,ENHANCED MONITORING
237,30.604906250000003,4,4,FIELD INSPECTION
237,11.02750624999998,3,3,ENHANCED MONITORING
237,8.773102083333306,2,3,ENHANCED MONITORING
237,10.335560416666674,3,3,ENHANCED MONITORING
237,22.77333750000002,3,3,ENHANCED MONITORING
237,10.51412708333334,3,3,ENHANCED MONITORING
237,11.238539583333312,3,3,ENHANCED MONITORING
237,42.38827708333334,4,4,FIELD INSPECTION
237,8.996310416666644,2,3,ENHANCED MONITORING
237,11.885843749999983,3,3,ENHANCED MONITORING
237,5.380335416666672,2,3,ENHANCED MONITORING
237,18.835739583333343,3,3,ENHANCED MONITORING
237,15.270493749999991,3,3,ENHANCED MONITORING
237,20.62749375000001,3,3,ENHANCED MONITORING
237,11.149256250000006,3,3,ENHANCED MONITORING
237,28.891275000000018,3,4,FIELD INSPECTION
237,1.165756249999987,1,3,ENHANCED MONITORING
237,74.26445625000001,4,4,FIELD INSPECTION
237,114.49167083333334,5,5,REINFORCE / ALARM
237,85.09411875000002,4,4,FIELD INSPECTION
237,67.56617708333333,4,4,FIELD INSPECTION
237,37.752645833333375,4,4,FIELD INSPECTION
237,56.43619791666671,4,4,FIELD INSPECTION
237,24.74365833333334,3,3,ENHANCED MONITORING
237,37.40768749999997,4,4,FIELD INSPECTION
237,35.30242708333335,4,4,FIELD INSPECTION
237,4.3038624999999895,2,3,ENHANCED MONITORING
237,43.084281249999975,4,4,FIELD INSPECTION
237,24.41797708333334,3,3,ENHANCED MONITORING
237,38.810856250000064,4,4,FIELD INSPECTION
237,59.84722708333339,4,4,FIELD INSPECTION
237,57.259025000000065,4,4,FIELD INSPECTION
237,10.456295833333336,3,3,ENHANCED MONITORING
237,1.493466666666721,1,3,ENHANCED MONITORING
237,11.669737500000053,3,3,ENHANCED MONITORING
237,17.95000833333331,3,3,ENHANCED MONITORING
237,17.704479166666573,3,3,ENHANCED MONITORING
237,5.79327083333331,2,3,ENHANCED MONITORING
237,74.31822916666668,4,4,FIELD INSPECTION
237,71.01474583333341,4,4,FIELD INSPECTION
237,134.53983749999995,5,5,REINFORCE / ALARM
237,64.6289583333333,4,4,FIELD INSPECTION
237,90.40952083333336,4,4,FIELD INSPECTION
237,5.632966666666657,3,3,ENHANCED MONITORING
237,100.87799166666666,5,5,REINFORCE / ALARM
237,51.609825000000036,5,5,REINFORCE / ALARM
237,0.275966666666676,1,3,ENHANCED MONITORING
237,75.0162625,5,5,REINFORCE / ALARM
237,60.984575000000035,4,4,FIELD INSPECTION
237,12.834479166666663,4,5,REINFORCE / ALARM
237,43.458662499999996,4,4,FIELD INSPECTION
237,101.60443333333336,5,5,REINFORCE / ALARM
237,3.5845229166666734,2,3,ENHANCED MONITORING
237,2.050472916666719,2,3,ENHANCED MONITORING
237,69.01500208333331,4,4,FIELD INSPECTION
237,37.770908333333324,4,4,FIELD INSPECTION
237,32.77510000000002,4,4,FIELD INSPECTION
237,18.538466666666643,3,3,ENHANCED MONITORING
237,37.39145416666661,4,4,FIELD INSPECTION
237,25.293562499999947,3,3,ENHANCED MONITORING
237,35.739712500000046,4,4,FIELD INSPECTION
239,55.860929166666644,4,4,FIELD INSPECTION
239,91.74775625,4,4,FIELD INSPECTION
239,31.96038958333334,4,4,FIELD INSPECTION
239,121.52780624999998,5,5,REINFORCE / ALARM
239,118.229903125,5,5,REINFORCE / ALARM
239,86.30502395833332,4,4,FIELD INSPECTION
239,43.44395104166667,4,4,FIELD INSPECTION
239,82.22994999999999,4,4,FIELD INSPECTION
239,57.55223958333334,4,4,FIELD INSPECTION
239,36.228741666666664,4,4,FIELD INSPECTION
239,8.241460416666671,2,3,ENHANCED MONITORING
239,39.63774166666667,4,4,FIELD INSPECTION
239,44.699497916666665,4,4,FIELD INSPECTION
239,104.94647083333336,5,5,REINFORCE / ALARM
239,40.79132291666665,4,4,FIELD INSPECTION
239,36.82633125,4,4,FIELD INSPECTION
239,17.895220833333333,3,3,ENHANCED MONITORING
239,32.76596875000001,4,4,FIELD INSPECTION
239,13.850077083333312,3,3,ENHANCED MONITORING
239,47.84876458333334,4,4,FIELD INSPECTION
239,16.09027708333332,3,3,ENHANCED MONITORING
239,49.87184375000002,4,4,FIELD INSPECTION
239,26.264518749999993,3,3,ENHANCED MONITORING
239,96.46658333333333,4,5,REINFORCE / ALARM
239,66.01285,4,4,FIELD INSPECTION
239,76.94092708333334,4,4,FIELD INSPECTION
239,14.36345624999999,3,3,ENHANCED MONITORING
239,27.30751041666666,3,3,ENHANCED MONITORING
239,9.21241666666666,2,3,ENHANCED MONITORING
239,32.838004166666664,4,4,FIELD INSPECTION
239,1.445781249999996,1,3,ENHANCED MONITORING
239,8.450464583333341,2,3,ENHANCED MONITORING
239,96.47672916666666,4,5,REINFORCE / ALARM
239,15.95939583333334,4,3,ENHANCED MONITORING
239,27.129958333333345,3,3,ENHANCED MONITORING
239,37.434066666666666,5,5,REINFORCE / ALARM
239,16.46465833333333,3,3,ENHANCED MONITORING
239,55.66359270833334,4,4,FIELD INSPECTION
239,81.53140937499998,5,5,REINFORCE / ALARM
239,2.785538541666663,2,3,ENHANCED MONITORING
239,119.72184791666666,5,5,REINFORCE / ALARM
239,11.471893750000008,3,3,ENHANCED MONITORING
239,52.140452083333344,4,4,FIELD INSPECTION
239,14.569416666666669,3,3,ENHANCED MONITORING
239,47.87007083333333,4,4,FIELD INSPECTION
239,72.77809166666667,4,4,FIELD INSPECTION
239,31.405412499999997,4,4,FIELD INSPECTION
239,11.007214583333335,3,3,ENHANCED MONITORING
239,38.39487708333334,4,4,FIELD INSPECTION
239,57.51977291666665,4,4,FIELD INSPECTION
239,68.35247916666664,4,4,FIELD INSPECTION
239,10.56587083333335,4,3,ENHANCED MONITORING
239,21.3610375,3,3,ENHANCED MONITORING
239,0.21509166666665655,1,3,ENHANCED MONITORING
239,109.41266666666667,5,5,REINFORCE / ALARM
239,88.98098749999998,4,4,FIELD INSPECTION
239,61.6582583333333,4,4,FIELD INSPECTION
239,17.826229166666682,3,3,ENHANCED MONITORING
239,58.25331666666667,4,5,REINFORCE / ALARM
239,30.28328333333333,4,4,FIELD INSPECTION
239,132.29760833333336,5,5,REINFORCE / ALARM
239,36.669070833333336,4,4,FIELD INSPECTION
239,35.81276250000001,4,4,FIELD INSPECTION
239,60.52192499999999,4,4,FIELD INSPECTION
239,3.790483333333332,2,3,ENHANCED MONITORING
239,2.6196541666666526,2,3,ENHANCED MONITORING
239,124.54822083333329,5,5,REINFORCE / ALARM
239,111.29573333333333,5,5,REINFORCE / ALARM
239,87.72493333333334,5,5,REINFORCE / ALARM
239,33.21948750000004,4,4,FIELD INSPECTION
239,62.058004166666684,4,4,FIELD INSPECTION
239,109.17728333333332,5,5,REINFORCE / ALARM
239,178.53014166666665,5,5,REINFORCE / ALARM
239,136.71713333333335,5,5,REINFORCE / ALARM
239,139.52245625000003,5,5,REINFORCE / ALARM
239,9.030806250000003,2,3,ENHANCED MONITORING
239,62.32889791666667,4,4,FIELD INSPECTION
239,44.9480708333334,5,5,REINFORCE / ALARM
239,31.46425833333332,4,4,FIELD INSPECTION
239,31.30801249999999,4,4,FIELD INSPECTION
242,19.88887708333333,3,3,ENHANCED MONITORING
242,4.109062499999998,2,3,ENHANCED MONITORING
242,16.638152083333335,3,3,ENHANCED MONITORING
242,6.866699999999999,2,3,ENHANCED MONITORING
242,22.565347916666667,3,3,ENHANCED MONITORING
242,19.735674999999997,3,3,ENHANCED MONITORING
242,8.986164583333334,2,3,ENHANCED MONITORING
242,2.7074156249999977,2,3,ENHANCED MONITORING
242,18.244744791666665,3,3,ENHANCED MONITORING
242,0.3403927083333305,1,3,ENHANCED MONITORING
242,5.20887083333333,2,3,ENHANCED MONITORING
242,11.919325,3,3,ENHANCED MONITORING
242,3.4932104166666704,2,3,ENHANCED MONITORING
242,2.465437500000001,2,3,ENHANCED MONITORING
242,17.821156249999998,3,3,ENHANCED MONITORING
242,24.954691666666662,3,3,ENHANCED MONITORING
242,17.75723749999999,3,3,ENHANCED MONITORING
242,23.9299625,3,3,ENHANCED MONITORING
242,7.616477083333332,2,3,ENHANCED MONITORING
242,10.973733333333334,3,3,ENHANCED MONITORING
242,14.97727916666667,3,3,ENHANCED MONITORING
242,40.30127916666667,4,4,FIELD INSPECTION
242,14.216341666666667,3,3,ENHANCED MONITORING
242,19.892935416666663,3,3,ENHANCED MONITORING
242,43.927400000000006,4,4,FIELD INSPECTION
242,60.19117083333334,4,4,FIELD INSPECTION
242,65.69427083333333,4,4,FIELD INSPECTION
242,29.654241666666664,3,3,ENHANCED MONITORING
242,12.399222916666671,3,3,ENHANCED MONITORING
242,56.0110875,4,4,FIELD INSPECTION
242,25.554310416666677,3,3,ENHANCED MONITORING
242,46.30862708333333,4,4,FIELD INSPECTION
242,28.61835208333334,3,3,ENHANCED MONITORING
242,19.40593541666668,3,3,ENHANCED MONITORING
242,17.37473958333334,3,3,ENHANCED MONITORING
242,2.5506625000000014,2,3,ENHANCED MONITORING
242,23.387160416666678,3,3,ENHANCED MONITORING
242,20.14708854166666,3,3,ENHANCED MONITORING
242,8.106013541666657,2,3,ENHANCED MONITORING
242,56.04507604166667,4,4,FIELD INSPECTION
242,59.58647916666666,4,4,FIELD INSPECTION
242,52.965308333333326,4,4,FIELD INSPECTION
242,24.048161458333336,3,3,ENHANCED MONITORING
242,7.574371875,2,3,ENHANCED MONITORING
242,6.872280208333334,2,3,ENHANCED MONITORING
242,25.938837499999995,3,3,ENHANCED MONITORING
242,30.02557916666666,4,4,FIELD INSPECTION
242,5.515275000000003,2,3,ENHANCED MONITORING
242,17.408220833333342,3,3,ENHANCED MONITORING
242,11.78134166666666,3,3,ENHANCED MONITORING
242,50.388266666666674,4,4,FIELD INSPECTION
242,18.803272916666668,3,3,ENHANCED MONITORING
242,7.778810416666673,2,3,ENHANCED MONITORING
242,8.034485416666664,2,3,ENHANCED MONITORING
242,0.8116666666666674,1,3,ENHANCED MONITORING
242,5.614704166666665,2,3,ENHANCED MONITORING
242,30.794633333333337,4,4,FIELD INSPECTION
242,5.64514166666667,3,3,ENHANCED MONITORING
242,2.940262499999998,2,3,ENHANCED MONITORING
242,39.447,4,4,FIELD INSPECTION
242,6.241716666666661,2,3,ENHANCED MONITORING
242,105.05807499999999,5,5,REINFORCE / ALARM
242,41.94084583333333,5,5,REINFORCE / ALARM
242,88.23019583333333,4,4,FIELD INSPECTION
242,37.55987500000001,4,4,FIELD INSPECTION
242,33.76330416666667,4,4,FIELD INSPECTION
242,8.528587500000002,2,3,ENHANCED MONITORING
242,2.9382333333333293,2,3,ENHANCED MONITORING
242,37.586254166666684,4,4,FIELD INSPECTION
242,62.59573333333333,4,4,FIELD INSPECTION
242,10.945325000000004,3,3,ENHANCED MONITORING
242,7.696629166666664,2,3,ENHANCED MONITORING
242,25.433575000000005,3,3,ENHANCED MONITORING
242,64.98203333333335,4,4,FIELD INSPECTION
242,47.281612500000016,4,4,FIELD INSPECTION
242,29.717145833333337,3,4,FIELD INSPECTION
242,19.102574999999998,3,3,ENHANCED MONITORING
242,28.398187499999995,3,3,ENHANCED MONITORING
242,50.47957916666667,4,4,FIELD INSPECTION
242,55.74729583333334,4,4,FIELD INSPECTION
244,24.982085416666667,3,3,ENHANCED MONITORING
244,0.801520833333336,1,3,ENHANCED MONITORING
244,11.206072916666665,3,3,ENHANCED MONITORING
244,13.364091666666667,3,3,ENHANCED MONITORING
244,4.17906875,2,3,ENHANCED MONITORING
244,20.29876875,3,3,ENHANCED MONITORING
244,2.4634083333333336,2,3,ENHANCED MONITORING
244,3.7676552083333337,2,3,ENHANCED MONITORING
244,44.90495104166666,4,4,FIELD INSPECTION
244,18.480128124999997,3,3,ENHANCED MONITORING
244,23.241060416666667,3,3,ENHANCED MONITORING
244,9.693329166666667,2,3,ENHANCED MONITORING
244,11.52769583333333,3,3,ENHANCED MONITORING
244,23.786906249999998,3,3,ENHANCED MONITORING
244,3.1594124999999997,2,3,ENHANCED MONITORING
244,5.058712499999999,2,3,ENHANCED MONITORING
244,15.046270833333333,3,3,ENHANCED MONITORING
244,66.89147916666667,4,4,FIELD INSPECTION
244,27.308524999999992,3,3,ENHANCED MONITORING
244,22.923495833333334,3,3,ENHANCED MONITORING
244,17.29813854166667,3,3,ENHANCED MONITORING
244,38.642942708333344,4,4,FIELD INSPECTION
244,11.820403124999999,3,3,ENHANCED MONITORING
244,11.545958333333331,3,3,ENHANCED MONITORING
244,3.3998687499999973,2,3,ENHANCED MONITORING
244,0.21813541666667172,1,3,ENHANCED MONITORING
244,10.37005625,3,3,ENHANCED MONITORING
244,21.93630625,3,3,ENHANCED MONITORING
244,41.205272916666665,4,4,FIELD INSPECTION
244,36.56964166666667,4,4,FIELD INSPECTION
244,31.961404166666664,4,4,FIELD INSPECTION
244,35.71942083333334,4,4,FIELD INSPECTION
244,27.90408541666667,4,3,ENHANCED MONITORING
244,24.862364583333335,3,3,ENHANCED MONITORING
244,84.88612916666666,4,4,FIELD INSPECTION
244,2.1742520833333336,2,3,ENHANCED MONITORING
244,4.992764583333336,2,3,ENHANCED MONITORING
244,24.16788229166666,3,3,ENHANCED MONITORING
244,14.959523958333333,3,3,ENHANCED MONITORING
244,1.2626489583333331,1,3,ENHANCED MONITORING
244,24.738585416666666,3,3,ENHANCED MONITORING
244,1.0358895833333328,1,3,ENHANCED MONITORING
244,3.410014583333332,2,3,ENHANCED MONITORING
244,3.8259937500000034,2,3,ENHANCED MONITORING
244,11.148241666666665,3,3,ENHANCED MONITORING
244,16.352039583333333,3,3,ENHANCED MONITORING
244,14.878864583333337,3,3,ENHANCED MONITORING
244,21.983991666666665,3,3,ENHANCED MONITORING
244,72.49603750000001,4,4,FIELD INSPECTION
244,42.73932291666667,4,4,FIELD INSPECTION
244,72.32355833333332,4,4,FIELD INSPECTION
244,20.178033333333307,3,3,ENHANCED MONITORING
244,45.599433333333316,4,4,FIELD INSPECTION
244,6.339116666666672,2,3,ENHANCED MONITORING
244,1.3250458333333448,1,3,ENHANCED MONITORING
244,34.61352499999998,4,4,FIELD INSPECTION
244,21.076954166666678,3,3,ENHANCED MONITORING
244,6.840320833333358,2,3,ENHANCED MONITORING
244,23.869087500000006,3,3,ENHANCED MONITORING
244,5.598470833333333,2,3,ENHANCED MONITORING
244,39.41047500000001,4,4,FIELD INSPECTION
244,63.312029166666655,5,5,REINFORCE / ALARM
244,58.490729166666675,5,5,REINFORCE / ALARM
244,90.14370000000001,5,5,REINFORCE / ALARM
244,109.5060083333333,5,5,REINFORCE / ALARM
244,98.87114583333336,5,5,REINFORCE / ALARM
244,106.62662083333332,5,5,REINFORCE / ALARM
244,101.23309583333332,5,5,REINFORCE / ALARM
244,89.3746458333333,4,5,REINFORCE / ALARM
244,5.269745833333336,2,3,ENHANCED MONITORING
244,139.99525208333333,5,5,REINFORCE / ALARM
244,68.93282083333335,4,4,FIELD INSPECTION
244,1.120099999999989,1,3,ENHANCED MONITORING
244,44.017697916666656,5,5,REINFORCE / ALARM
244,2.0616333333333423,2,3,ENHANCED MONITORING
244,49.682116666666644,4,4,FIELD INSPECTION
244,16.111583333333332,3,3,ENHANCED MONITORING
244,4.385029166666669,2,3,ENHANCED MONITORING
244,32.08112499999999,4,4,FIELD INSPECTION
244,120.54061666666668,5,5,REINFORCE / ALARM
246,7.020916666666669,2,3,ENHANCED MONITORING
246,2.0230791666666654,2,3,ENHANCED MONITORING
246,2.943306249999998,2,3,ENHANCED MONITORING
246,48.527520833333334,4,4,FIELD INSPECTION
246,49.11090625,4,4,FIELD INSPECTION
246,45.791189583333335,4,4,FIELD INSPECTION
246,41.555304166666666,4,4,FIELD INSPECTION
246,12.595544791666663,3,3,ENHANCED MONITORING
246,19.475434375000006,3,3,ENHANCED MONITORING
246,5.745078124999989,2,3,ENHANCED MONITORING
246,9.611147916666674,2,3,ENHANCED MONITORING
246,36.084670833333334,4,4,FIELD INSPECTION
246,27.65754166666666,3,3,ENHANCED MONITORING
246,51.224283333333325,4,4,FIELD INSPECTION
246,7.971581250000003,2,3,ENHANCED MONITORING
246,2.3974604166666666,2,3,ENHANCED MONITORING
246,25.95912916666666,3,3,ENHANCED MONITORING
246,71.3637625,4,4,FIELD INSPECTION
246,39.405402083333335,4,4,FIELD INSPECTION
246,10.387304166666667,3,3,ENHANCED MONITORING
246,54.281730208333336,4,4,FIELD INSPECTION
246,35.695578125000004,4,4,FIELD INSPECTION
246,1.3042468750000014,1,3,ENHANCED MONITORING
246,14.67899166666667,3,3,ENHANCED MONITORING
246,16.06085416666667,3,3,ENHANCED MONITORING
246,7.526179166666663,2,3,ENHANCED MONITORING
246,33.12005833333334,4,4,FIELD INSPECTION
246,22.047910416666667,3,3,ENHANCED MONITORING
246,49.63341666666667,4,4,FIELD INSPECTION
246,18.11335624999999,3,3,ENHANCED MONITORING
246,42.13970416666666,4,4,FIELD INSPECTION
246,26.15088541666667,3,3,ENHANCED MONITORING
246,5.60354374999999,2,3,ENHANCED MONITORING
246,21.650193750000003,3,3,ENHANCED MONITORING
246,42.97673541666668,4,4,FIELD INSPECTION
246,27.69508125,3,3,ENHANCED MONITORING
246,33.48835208333334,4,4,FIELD INSPECTION
246,6.927575000000002,2,3,ENHANCED MONITORING
246,17.96522708333332,3,3,ENHANCED MONITORING
246,34.40452083333333,4,4,FIELD INSPECTION
246,35.82798124999999,4,4,FIELD INSPECTION
246,79.19025833333332,4,4,FIELD INSPECTION
246,15.475946874999993,3,3,ENHANCED MONITORING
246,7.997453124999995,2,3,ENHANCED MONITORING
246,0.25110937500000813,1,3,ENHANCED MONITORING
246,10.211781250000007,3,3,ENHANCED MONITORING
246,20.947087500000002,3,3,ENHANCED MONITORING
246,1.8069729166666733,1,3,ENHANCED MONITORING
246,10.743422916666661,3,3,ENHANCED MONITORING
246,8.152177083333333,2,3,ENHANCED MONITORING
246,18.55064166666668,3,3,ENHANCED MONITORING
246,31.658043749999973,4,4,FIELD INSPECTION
246,15.625597916666658,3,3,ENHANCED MONITORING
246,47.722956250000045,4,4,FIELD INSPECTION
246,1.018641666666601,1,3,ENHANCED MONITORING
246,5.7973291666666364,2,3,ENHANCED MONITORING
246,32.50116250000002,4,4,FIELD INSPECTION
246,34.12449583333332,4,4,FIELD INSPECTION
246,7.77982499999996,2,3,ENHANCED MONITORING
246,8.498150000000017,2,3,ENHANCED MONITORING
246,55.724975000000036,4,4,FIELD INSPECTION
246,149.35072499999998,5,5,REINFORCE / ALARM
246,28.06337499999999,4,5,REINFORCE / ALARM
246,47.20450416666665,5,5,REINFORCE / ALARM
246,168.80434583333331,5,5,REINFORCE / ALARM
246,12.958258333333335,3,3,ENHANCED MONITORING
246,203.4178708333333,5,5,REINFORCE / ALARM
246,67.99331666666666,5,5,REINFORCE / ALARM
246,188.5968375,5,5,REINFORCE / ALARM
246,10.73226250000001,4,3,ENHANCED MONITORING
246,28.993747916666678,3,3,ENHANCED MONITORING
246,61.261556250000005,4,4,FIELD INSPECTION
246,11.34202708333332,3,3,ENHANCED MONITORING
246,16.164341666666697,3,3,ENHANCED MONITORING
246,48.700000000000045,4,4,FIELD INSPECTION
246,34.44510416666663,4,4,FIELD INSPECTION
246,47.884275,4,4,FIELD INSPECTION
246,70.89502500000002,4,4,FIELD INSPECTION
246,92.63348750000002,4,4,FIELD INSPECTION
246,68.99978333333328,4,4,FIELD INSPECTION
249,3.367402083333341,2,3,ENHANCED MONITORING
249,10.71095625000001,3,3,ENHANCED MONITORING
249,39.571793750000005,4,4,FIELD INSPECTION
249,87.39417916666667,4,4,FIELD INSPECTION
249,55.04114583333333,4,4,FIELD INSPECTION
249,37.60045833333334,4,4,FIELD INSPECTION
249,17.087612500000006,3,3,ENHANCED MONITORING
249,42.47299479166668,4,4,FIELD INSPECTION
249,7.424213541666664,2,3,ENHANCED MONITORING
249,22.63991979166667,3,3,ENHANCED MONITORING
249,50.414645833333346,4,4,FIELD INSPECTION
249,33.66184583333333,4,4,FIELD INSPECTION
249,4.9562395833333355,2,3,ENHANCED MONITORING
249,23.119310416666675,3,3,ENHANCED MONITORING
249,14.170685416666677,3,3,ENHANCED MONITORING
249,18.17828958333334,3,3,ENHANCED MONITORING
249,17.889133333333344,3,3,ENHANCED MONITORING
249,52.286552083333326,4,4,FIELD INSPECTION
249,11.34811458333335,3,3,ENHANCED MONITORING
249,61.36200000000002,4,4,FIELD INSPECTION
249,74.77022604166667,4,4,FIELD INSPECTION
249,26.33706145833334,3,3,ENHANCED MONITORING
249,8.821294791666672,2,3,ENHANCED MONITORING
249,0.21204791666667688,1,3,ENHANCED MONITORING
249,14.987424999999996,3,3,ENHANCED MONITORING
249,77.20066041666668,4,4,FIELD INSPECTION
249,78.57237708333332,4,4,FIELD INSPECTION
249,54.67589583333333,4,4,FIELD INSPECTION
249,45.649147916666664,4,4,FIELD INSPECTION
249,1.3747604166666652,1,3,ENHANCED MONITORING
249,6.778431249999997,2,3,ENHANCED MONITORING
249,17.363579166666682,4,3,ENHANCED MONITORING
249,8.692950000000005,3,3,ENHANCED MONITORING
249,34.352777083333336,4,4,FIELD INSPECTION
249,43.59664583333333,4,4,FIELD INSPECTION
249,39.90356249999999,4,4,FIELD INSPECTION
249,53.28896041666666,4,4,FIELD INSPECTION
249,60.50061875,4,4,FIELD INSPECTION
249,47.82847291666667,4,4,FIELD INSPECTION
249,83.26685416666665,4,4,FIELD INSPECTION
249,54.32484999999999,5,4,FIELD INSPECTION
249,64.1439875,4,4,FIELD INSPECTION
249,19.733138541666662,3,3,ENHANCED MONITORING
249,5.105890624999994,2,3,ENHANCED MONITORING
249,7.349134375000001,2,3,ENHANCED MONITORING
249,31.811245833333327,4,3,ENHANCED MONITORING
249,9.702460416666677,2,3,ENHANCED MONITORING
249,34.47757083333333,4,4,FIELD INSPECTION
249,24.009100000000007,3,3,ENHANCED MONITORING
249,8.427129166666672,2,3,ENHANCED MONITORING
249,7.012800000000002,2,3,ENHANCED MONITORING
249,76.203325,4,4,FIELD INSPECTION
249,81.1768125,4,4,FIELD INSPECTION
249,71.45710416666667,4,4,FIELD INSPECTION
249,15.634729166666666,3,3,ENHANCED MONITORING
249,44.59296666666666,4,4,FIELD INSPECTION
249,7.643870833333334,2,3,ENHANCED MONITORING
249,39.5504875,5,5,REINFORCE / ALARM
249,0.014204166666668053,1,3,ENHANCED MONITORING
249,46.305583333333324,4,4,FIELD INSPECTION
249,159.89833333333334,5,5,REINFORCE / ALARM
249,26.866166666666686,4,5,REINFORCE / ALARM
249,151.71470416666668,5,5,REINFORCE / ALARM
249,56.15718750000002,4,4,FIELD INSPECTION
249,73.07840833333331,4,4,FIELD INSPECTION
249,107.65540833333334,5,5,REINFORCE / ALARM
249,72.5690875,4,4,FIELD INSPECTION
249,11.974112500000027,4,5,REINFORCE / ALARM
249,56.23023750000001,5,5,REINFORCE / ALARM
249,27.29229166666667,3,3,ENHANCED MONITORING
249,88.62791250000002,5,5,REINFORCE / ALARM
249,4.299804166666665,3,3,ENHANCED MONITORING
249,15.425725000000002,3,3,ENHANCED MONITORING
249,8.36422499999999,2,3,ENHANCED MONITORING
249,14.501439583333331,3,3,ENHANCED MONITORING
249,13.933272916666668,3,3,ENHANCED MONITORING
249,14.811902083333337,3,3,ENHANCED MONITORING
249,11.233466666666667,3,3,ENHANCED MONITORING
249,60.51989583333333,5,5,REINFORCE / ALARM
249,28.333254166666677,4,5,REINFORCE / ALARM
251,43.59157291666667,4,4,FIELD INSPECTION
251,2.0088749999999984,2,3,ENHANCED MONITORING
251,35.36736041666666,4,4,FIELD INSPECTION
251,51.19080208333333,4,4,FIELD INSPECTION
251,30.944284374999995,4,4,FIELD INSPECTION
251,33.954553125,4,4,FIELD INSPECTION
251,6.438038541666667,2,3,ENHANCED MONITORING
251,2.0393125,2,3,ENHANCED MONITORING
251,86.26799166666666,4,4,FIELD INSPECTION
251,56.05775833333334,4,4,FIELD INSPECTION
251,98.30602291666668,4,5,REINFORCE / ALARM
251,42.20463750000002,4,4,FIELD INSPECTION
251,57.325987500000004,4,4,FIELD INSPECTION
251,13.763837500000003,3,3,ENHANCED MONITORING
251,10.949383333333332,3,3,ENHANCED MONITORING
251,17.33922916666666,3,3,ENHANCED MONITORING
251,35.499256249999995,4,4,FIELD INSPECTION
251,17.58983124999999,3,3,ENHANCED MONITORING
251,8.886735416666664,2,3,ENHANCED MONITORING
251,7.534295833333327,2,3,ENHANCED MONITORING
251,33.55937291666666,4,4,FIELD INSPECTION
251,4.375897916666669,2,3,ENHANCED MONITORING
251,1.138362500000002,1,3,ENHANCED MONITORING
251,1.9946708333333305,1,3,ENHANCED MONITORING
251,36.65182291666667,4,4,FIELD INSPECTION
251,23.637762500000004,3,3,ENHANCED MONITORING
251,29.46755833333333,3,4,FIELD INSPECTION
251,30.019491666666656,4,4,FIELD INSPECTION
251,1.903358333333325,1,3,ENHANCED MONITORING
251,26.13668125,3,3,ENHANCED MONITORING
251,15.301945833333335,3,3,ENHANCED MONITORING
251,19.45970833333334,3,3,ENHANCED MONITORING
251,72.1429625,4,4,FIELD INSPECTION
251,16.47987708333333,4,3,ENHANCED MONITORING
251,28.3251375,3,3,ENHANCED MONITORING
251,61.154010416666665,4,4,FIELD INSPECTION
251,39.009714583333334,4,4,FIELD INSPECTION
251,68.50568125,4,4,FIELD INSPECTION
251,25.061222916666665,3,3,ENHANCED MONITORING
251,49.46195208333333,4,4,FIELD INSPECTION
251,52.50570208333334,4,4,FIELD INSPECTION
251,60.969356250000004,4,4,FIELD INSPECTION
251,7.608360416666668,2,3,ENHANCED MONITORING
251,42.29290625000001,4,4,FIELD INSPECTION
251,26.974727083333338,3,3,ENHANCED MONITORING
251,25.17485625,3,3,ENHANCED MONITORING
251,8.359152083333333,2,3,ENHANCED MONITORING
251,15.782858333333335,3,3,ENHANCED MONITORING
251,29.280874999999977,3,4,FIELD INSPECTION
251,9.74101458333332,2,3,ENHANCED MONITORING
251,17.803908333333364,3,3,ENHANCED MONITORING
251,16.516402083333322,3,3,ENHANCED MONITORING
251,7.880268750000002,2,3,ENHANCED MONITORING
251,48.68275208333333,4,4,FIELD INSPECTION
251,5.095237499999982,2,3,ENHANCED MONITORING
251,50.398412500000006,5,5,REINFORCE / ALARM
251,59.53372083333333,5,5,REINFORCE / ALARM
251,57.88400833333332,4,4,FIELD INSPECTION
251,29.853099999999984,3,4,FIELD INSPECTION
251,123.43420833333334,5,5,REINFORCE / ALARM
251,106.13962083333337,5,5,REINFORCE / ALARM
251,18.014941666666687,4,5,REINFORCE / ALARM
251,9.640570833333328,3,3,ENHANCED MONITORING
251,80.10947083333333,4,4,FIELD INSPECTION
251,36.88213333333333,4,4,FIELD INSPECTION
251,40.72740416666665,4,4,FIELD INSPECTION
251,2.333541666666671,2,3,ENHANCED MONITORING
251,28.582841666666685,3,4,FIELD INSPECTION
251,4.920729166666661,2,3,ENHANCED MONITORING
251,38.980291666666666,4,4,FIELD INSPECTION
251,26.897618749999992,3,3,ENHANCED MONITORING
251,73.43554166666667,4,4,FIELD INSPECTION
251,0.8461624999999936,1,3,ENHANCED MONITORING
251,34.86615625000001,4,4,FIELD INSPECTION
251,84.48739791666667,4,4,FIELD INSPECTION
251,52.57469375,5,5,REINFORCE / ALARM
251,138.28872291666667,5,5,REINFORCE / ALARM
251,78.41105833333334,5,5,REINFORCE / ALARM
251,30.390829166666663,4,4,FIELD INSPECTION
251,88.6827,4,4,FIELD INSPECTION
260,8.906012499999997,2,3,ENHANCED MONITORING
260,21.283929166666663,3,3,ENHANCED MONITORING
260,11.493199999999996,3,3,ENHANCED MONITORING
260,40.91104375,4,4,FIELD INSPECTION
260,11.908164583333333,3,3,ENHANCED MONITORING
260,27.553039583333334,3,3,ENHANCED MONITORING
260,20.000481249999996,3,3,ENHANCED MONITORING
260,1.4615072916666658,1,3,ENHANCED MONITORING
260,33.74047604166667,4,4,FIELD INSPECTION
260,7.517555208333334,2,3,ENHANCED MONITORING
260,19.075181250000004,3,3,ENHANCED MONITORING
260,1.499554166666665,1,3,ENHANCED MONITORING
260,26.39742916666667,3,3,ENHANCED MONITORING
260,42.50698333333334,4,4,FIELD INSPECTION
260,1.2083687499999982,1,3,ENHANCED MONITORING
260,2.502977083333332,2,3,ENHANCED MONITORING
260,53.38940416666667,4,4,FIELD INSPECTION
260,11.544943749999996,3,3,ENHANCED MONITORING
260,19.655522916666666,3,3,ENHANCED MONITORING
260,46.636337499999996,4,4,FIELD INSPECTION
260,30.381697916666667,4,4,FIELD INSPECTION
260,15.699662499999997,3,3,ENHANCED MONITORING
260,8.75686875,2,3,ENHANCED MONITORING
260,6.976274999999998,2,3,ENHANCED MONITORING
260,35.485052083333336,4,4,FIELD INSPECTION
260,9.065302083333336,2,3,ENHANCED MONITORING
260,6.134170833333333,2,3,ENHANCED MONITORING
260,4.98261875,2,3,ENHANCED MONITORING
260,52.41337500000001,4,4,FIELD INSPECTION
260,38.30660833333332,4,4,FIELD INSPECTION
260,1.5634729166666663,1,3,ENHANCED MONITORING
260,20.99883125000001,3,3,ENHANCED MONITORING
260,15.663137499999989,3,3,ENHANCED MONITORING
260,40.07604166666667,4,4,FIELD INSPECTION
260,10.075827083333342,3,3,ENHANCED MONITORING
260,72.25963958333334,4,4,FIELD INSPECTION
260,24.954691666666672,3,3,ENHANCED MONITORING
260,63.39471770833334,4,4,FIELD INSPECTION
260,35.693548958333345,4,4,FIELD INSPECTION
260,21.476192708333333,3,3,ENHANCED MONITORING
260,8.859341666666657,2,3,ENHANCED MONITORING
260,30.010360416666668,4,4,FIELD INSPECTION
260,2.668354166666672,2,3,ENHANCED MONITORING
260,22.12298958333332,3,3,ENHANCED MONITORING
260,1.3554833333333345,1,3,ENHANCED MONITORING
260,37.48986875,4,4,FIELD INSPECTION
260,17.07137916666667,3,3,ENHANCED MONITORING
260,1.193150000000011,1,3,ENHANCED MONITORING
260,18.935168750000006,3,3,ENHANCED MONITORING
260,34.49278958333335,4,4,FIELD INSPECTION
260,39.986758333333356,4,4,FIELD INSPECTION
260,33.72373541666667,4,4,FIELD INSPECTION
260,34.75658125000001,4,4,FIELD INSPECTION
260,56.86435208333333,4,4,FIELD INSPECTION
260,63.815262499999996,4,4,FIELD INSPECTION
260,7.457187499999994,2,3,ENHANCED MONITORING
260,21.038400000000028,3,3,ENHANCED MONITORING
260,11.028520833333332,3,3,ENHANCED MONITORING
260,0.5641083333333144,1,3,ENHANCED MONITORING
260,41.53704166666664,5,5,REINFORCE / ALARM
260,3.240579166666682,3,3,ENHANCED MONITORING
260,47.316108333333354,4,4,FIELD INSPECTION
260,61.83885416666666,4,4,FIELD INSPECTION
260,0.11972083333333794,1,3,ENHANCED MONITORING
260,25.914487500000018,3,3,ENHANCED MONITORING
260,44.24395000000001,4,4,FIELD INSPECTION
260,19.640304166666667,3,3,ENHANCED MONITORING
260,4.5473624999999975,2,3,ENHANCED MONITORING
260,37.11548750000001,4,4,FIELD INSPECTION
260,29.232174999999984,4,5,REINFORCE / ALARM
260,43.98928958333332,4,4,FIELD INSPECTION
260,70.34309166666667,4,4,FIELD INSPECTION
260,65.84442916666667,5,5,REINFORCE / ALARM
260,65.41323125,4,4,FIELD INSPECTION
260,97.07431875000002,4,4,FIELD INSPECTION
260,6.859597916666684,2,3,ENHANCED MONITORING
260,52.316989583333346,4,4,FIELD INSPECTION
260,86.9964625,4,4,FIELD INSPECTION
260,138.40540000000001,5,5,REINFORCE / ALARM
260,82.70071666666666,4,5,REINFORCE / ALARM
261,9.693329166666667,2,3,ENHANCED MONITORING
261,20.019758333333332,3,3,ENHANCED MONITORING
261,40.423029166666666,4,4,FIELD INSPECTION
261,14.571445833333335,3,3,ENHANCED MONITORING
261,7.484073958333337,2,3,ENHANCED MONITORING
261,15.719446875000001,3,3,ENHANCED MONITORING
261,3.7270718749999983,2,3,ENHANCED MONITORING
261,20.37689166666667,3,3,ENHANCED MONITORING
261,0.11667708333333593,1,3,ENHANCED MONITORING
261,7.457187499999999,2,3,ENHANCED MONITORING
261,13.306260416666666,3,3,ENHANCED MONITORING
261,24.244483333333335,3,3,ENHANCED MONITORING
261,24.128820833333336,3,3,ENHANCED MONITORING
261,15.403404166666666,3,3,ENHANCED MONITORING
261,18.78703958333333,3,3,ENHANCED MONITORING
261,15.864025,3,3,ENHANCED MONITORING
261,12.501695833333331,3,3,ENHANCED MONITORING
261,18.9382125,3,3,ENHANCED MONITORING
261,26.23002291666667,3,3,ENHANCED MONITORING
261,17.43155625,3,3,ENHANCED MONITORING
261,7.980205208333332,2,3,ENHANCED MONITORING
261,52.60766770833334,4,4,FIELD INSPECTION
261,37.999696875,4,4,FIELD INSPECTION
261,14.959016666666669,3,3,ENHANCED MONITORING
261,7.630681249999999,2,3,ENHANCED MONITORING
261,28.12323541666667,3,3,ENHANCED MONITORING
261,29.7557,3,4,FIELD INSPECTION
261,0.6483187500000014,1,3,ENHANCED MONITORING
261,37.89367291666667,4,4,FIELD INSPECTION
261,25.2570375,3,3,ENHANCED MONITORING
261,34.82354375,4,4,FIELD INSPECTION
261,19.72857291666666,3,3,ENHANCED MONITORING
261,21.45539375000001,3,3,ENHANCED MONITORING
261,1.6324645833333256,1,3,ENHANCED MONITORING
261,35.204012500000005,4,4,FIELD INSPECTION
261,22.904218750000002,3,3,ENHANCED MONITORING
261,16.11462708333333,3,3,ENHANCED MONITORING
261,3.6900395833333355,2,3,ENHANCED MONITORING
261,37.30724375,4,4,FIELD INSPECTION
261,15.065547916666665,3,3,ENHANCED MONITORING
261,1.9145187499999985,1,3,ENHANCED MONITORING
261,1.8414687499999995,1,3,ENHANCED MONITORING
261,5.174882291666663,2,3,ENHANCED MONITORING
261,31.242571874999996,4,4,FIELD INSPECTION
261,25.89977604166666,3,3,ENHANCED MONITORING
261,3.208112500000004,2,3,ENHANCED MONITORING
261,0.766010416666667,1,3,ENHANCED MONITORING
261,9.01152916666666,2,3,ENHANCED MONITORING
261,10.027127083333328,3,3,ENHANCED MONITORING
261,5.759789583333334,2,3,ENHANCED MONITORING
261,24.89787499999999,3,3,ENHANCED MONITORING
261,22.594770833333317,3,3,ENHANCED MONITORING
261,18.092050000000008,3,3,ENHANCED MONITORING
261,9.072404166666683,2,3,ENHANCED MONITORING
261,14.981337499999997,3,3,ENHANCED MONITORING
261,35.019358333333315,5,5,REINFORCE / ALARM
261,9.99770416666668,2,3,ENHANCED MONITORING
261,76.57872083333332,4,4,FIELD INSPECTION
261,57.87386250000001,4,5,REINFORCE / ALARM
261,15.782858333333328,3,3,ENHANCED MONITORING
261,78.13509166666667,4,4,FIELD INSPECTION
261,92.3047625,5,5,REINFORCE / ALARM
261,23.83459166666667,4,5,REINFORCE / ALARM
261,128.92919166666667,5,5,REINFORCE / ALARM
261,66.37404166666668,5,5,REINFORCE / ALARM
261,82.00674166666666,4,4,FIELD INSPECTION
261,34.50395000000001,4,4,FIELD INSPECTION
261,59.79345416666666,4,4,FIELD INSPECTION
261,10.73023333333334,3,3,ENHANCED MONITORING
261,7.759533333333344,2,3,ENHANCED MONITORING
261,3.243622916666659,2,3,ENHANCED MONITORING
261,46.97520833333334,4,4,FIELD INSPECTION
261,28.211504166666668,3,4,FIELD INSPECTION
261,36.43470208333333,4,4,FIELD INSPECTION
261,11.420150000000012,3,3,ENHANCED MONITORING
261,8.177541666666666,2,3,ENHANCED MONITORING
261,10.55369583333333,3,3,ENHANCED MONITORING
261,41.2671625,5,5,REINFORCE / ALARM
261,66.58913333333334,4,4,FIELD INSPECTION
261,108.74912916666666,5,5,REINFORCE / ALARM
269,8.23943125,2,3,ENHANCED MONITORING
269,2.7941624999999988,2,3,ENHANCED MONITORING
269,24.117660416666666,3,3,ENHANCED MONITORING
269,37.80033125,4,4,FIELD INSPECTION
269,65.11240729166667,4,4,FIELD INSPECTION
269,28.194763541666664,3,3,ENHANCED MONITORING
269,31.808709374999996,4,4,FIELD INSPECTION
269,18.79464895833333,3,3,ENHANCED MONITORING
269,14.996048958333342,3,3,ENHANCED MONITORING
269,23.621021874999997,3,3,ENHANCED MONITORING
269,72.7395375,4,4,FIELD INSPECTION
269,40.58130416666666,4,4,FIELD INSPECTION
269,77.96565625000001,4,4,FIELD INSPECTION
269,22.860591666666668,3,3,ENHANCED MONITORING
269,15.014818750000002,3,3,ENHANCED MONITORING
269,19.724514583333335,3,3,ENHANCED MONITORING
269,110.98121249999998,5,5,REINFORCE / ALARM
269,83.27598541666664,5,5,REINFORCE / ALARM
269,79.59406249999999,4,4,FIELD INSPECTION
269,15.047285416666668,3,3,ENHANCED MONITORING
269,21.804410416666666,3,3,ENHANCED MONITORING
269,32.117650000000005,4,4,FIELD INSPECTION
269,16.62597708333333,3,3,ENHANCED MONITORING
269,19.234470833333337,3,3,ENHANCED MONITORING
269,15.925914583333338,3,3,ENHANCED MONITORING
269,28.29064166666667,3,3,ENHANCED MONITORING
269,6.111849999999994,3,3,ENHANCED MONITORING
269,36.544277083333334,4,4,FIELD INSPECTION
269,99.56207708333334,4,5,REINFORCE / ALARM
269,23.90662708333333,4,5,REINFORCE / ALARM
269,35.53476666666668,5,5,REINFORCE / ALARM
269,25.41226875000001,3,3,ENHANCED MONITORING
269,96.62485833333334,4,4,FIELD INSPECTION
269,45.34984583333334,4,4,FIELD INSPECTION
269,22.82609583333333,3,3,ENHANCED MONITORING
269,34.20769166666667,4,4,FIELD INSPECTION
269,36.92068749999999,4,4,FIELD INSPECTION
269,4.976023958333333,2,3,ENHANCED MONITORING
269,26.08443020833333,3,3,ENHANCED MONITORING
269,38.574965625000004,4,4,FIELD INSPECTION
269,0.7913749999999927,1,3,ENHANCED MONITORING
269,7.692570833333335,2,3,ENHANCED MONITORING
269,41.901784375,4,4,FIELD INSPECTION
269,16.345444791666665,3,3,ENHANCED MONITORING
269,29.245871875000002,3,3,ENHANCED MONITORING
269,16.76903333333333,3,3,ENHANCED MONITORING
269,47.60019166666665,4,4,FIELD INSPECTION
269,3.7732354166666653,3,3,ENHANCED MONITORING
269,116.4599625,5,5,REINFORCE / ALARM
269,150.51851041666666,5,5,REINFORCE / ALARM
269,53.11546666666667,4,4,FIELD INSPECTION
269,12.847668750000002,3,3,ENHANCED MONITORING
269,41.73691458333332,4,4,FIELD INSPECTION
269,11.668722916666667,3,3,ENHANCED MONITORING
269,9.291554166666666,2,3,ENHANCED MONITORING
269,0.8177541666666741,1,3,ENHANCED MONITORING
269,37.4442125,4,4,FIELD INSPECTION
269,70.27207083333333,4,4,FIELD INSPECTION
269,33.74707083333333,4,4,FIELD INSPECTION
269,82.48156666666667,4,4,FIELD INSPECTION
269,99.70513333333334,4,5,REINFORCE / ALARM
269,86.85645,4,4,FIELD INSPECTION
269,30.01137500000001,4,4,FIELD INSPECTION
269,84.11707499999999,5,5,REINFORCE / ALARM
269,20.96332083333333,4,5,REINFORCE / ALARM
269,14.453754166666664,3,3,ENHANCED MONITORING
269,62.49630416666665,4,4,FIELD INSPECTION
269,32.02836666666666,5,5,REINFORCE / ALARM
269,119.52806249999999,5,5,REINFORCE / ALARM
269,127.40325833333334,5,5,REINFORCE / ALARM
269,63.803087500000004,4,4,FIELD INSPECTION
269,19.25983541666667,3,3,ENHANCED MONITORING
269,23.606310416666663,3,3,ENHANCED MONITORING
269,62.182797916666665,4,4,FIELD INSPECTION
269,12.192247916666664,4,3,ENHANCED MONITORING
269,114.11728958333333,5,5,REINFORCE / ALARM
269,113.87581875000001,5,5,REINFORCE / ALARM
269,179.50211250000004,5,5,REINFORCE / ALARM
269,147.40678333333332,5,5,REINFORCE / ALARM
269,26.937187499999975,4,5,REINFORCE / ALARM
274,20.81925,3,3,ENHANCED MONITORING
274,1.1799604166666693,1,3,ENHANCED MONITORING
274,9.290539583333329,2,3,ENHANCED MONITORING
274,12.969418749999997,3,3,ENHANCED MONITORING
274,2.013440624999999,2,3,ENHANCED MONITORING
274,7.511467708333332,2,3,ENHANCED MONITORING
274,42.352259374999996,4,4,FIELD INSPECTION
274,38.35429375,4,4,FIELD INSPECTION
274,33.97636666666666,4,4,FIELD INSPECTION
274,11.227379166666665,3,3,ENHANCED MONITORING
274,7.040193750000001,2,3,ENHANCED MONITORING
274,24.65843333333333,3,3,ENHANCED MONITORING
274,10.45325208333333,3,3,ENHANCED MONITORING
274,43.80970833333333,4,4,FIELD INSPECTION
274,5.474691666666668,2,3,ENHANCED MONITORING
274,16.111583333333332,3,3,ENHANCED MONITORING
274,32.14910208333333,4,4,FIELD INSPECTION
274,26.353802083333335,3,3,ENHANCED MONITORING
274,42.6612,4,4,FIELD INSPECTION
274,5.866320833333336,2,3,ENHANCED MONITORING
274,3.077738541666664,2,3,ENHANCED MONITORING
274,28.642194791666668,3,3,ENHANCED MONITORING
274,16.994778125,3,3,ENHANCED MONITORING
274,32.84916458333334,4,4,FIELD INSPECTION
274,25.475172916666665,3,3,ENHANCED MONITORING
274,13.372208333333326,3,3,ENHANCED MONITORING
274,4.296760416666669,2,3,ENHANCED MONITORING
274,5.186549999999994,2,3,ENHANCED MONITORING
274,50.94628749999999,4,4,FIELD INSPECTION
274,19.530729166666667,3,3,ENHANCED MONITORING
274,25.14340416666666,3,3,ENHANCED MONITORING
274,30.80985208333333,4,4,FIELD INSPECTION
274,48.30025416666666,4,4,FIELD INSPECTION
274,78.64035416666667,4,4,FIELD INSPECTION
274,54.96809583333334,4,4,FIELD INSPECTION
274,101.84894791666669,5,5,REINFORCE / ALARM
274,46.69315416666668,4,4,FIELD INSPECTION
274,36.87350937500001,4,4,FIELD INSPECTION
274,42.474009375,4,4,FIELD INSPECTION
274,17.061740625000002,3,3,ENHANCED MONITORING
274,5.751672916666654,2,3,ENHANCED MONITORING
274,14.786537500000001,3,3,ENHANCED MONITORING
274,15.169035416666665,3,3,ENHANCED MONITORING
274,27.17865833333332,3,3,ENHANCED MONITORING
274,37.07591875000001,4,4,FIELD INSPECTION
274,21.710054166666655,3,3,ENHANCED MONITORING
274,15.928958333333325,3,3,ENHANCED MONITORING
274,32.038512499999996,4,4,FIELD INSPECTION
274,17.75317916666665,3,3,ENHANCED MONITORING
274,14.28736250000001,3,3,ENHANCED MONITORING
274,32.05474583333332,4,4,FIELD INSPECTION
274,38.88897916666665,4,4,FIELD INSPECTION
274,20.60618749999999,3,3,ENHANCED MONITORING
274,56.44735833333335,4,4,FIELD INSPECTION
274,85.61257083333332,4,4,FIELD INSPECTION
274,111.34646250000003,5,5,REINFORCE / ALARM
274,72.66851666666665,4,4,FIELD INSPECTION
274,62.63225833333339,4,4,FIELD INSPECTION
274,48.21299999999996,4,4,FIELD INSPECTION
274,72.83896666666668,4,4,FIELD INSPECTION
274,3.222316666666662,3,3,ENHANCED MONITORING
274,15.65704999999999,3,3,ENHANCED MONITORING
274,86.01840416666668,4,4,FIELD INSPECTION
274,18.44512500000005,3,3,ENHANCED MONITORING
274,54.82199583333331,4,4,FIELD INSPECTION
274,7.708804166666649,2,3,ENHANCED MONITORING
274,2.6764708333333673,2,3,ENHANCED MONITORING
274,6.22142499999999,2,3,ENHANCED MONITORING
274,16.848170833333324,3,3,ENHANCED MONITORING
274,13.286983333333287,3,3,ENHANCED MONITORING
274,29.81556041666667,3,4,FIELD INSPECTION
274,66.47752916666666,4,4,FIELD INSPECTION
274,33.477191666666684,4,4,FIELD INSPECTION
274,17.76839791666667,3,3,ENHANCED MONITORING
274,33.43254999999997,4,4,FIELD INSPECTION
274,33.37776249999997,5,5,REINFORCE / ALARM
274,66.26852500000003,4,4,FIELD INSPECTION
274,52.39511249999995,4,4,FIELD INSPECTION
274,6.690162500000052,2,3,ENHANCED MONITORING
274,0.6696249999999543,1,3,ENHANCED MONITORING
275,23.2725125,3,3,ENHANCED MONITORING
275,1.750156250000001,1,3,ENHANCED MONITORING
275,9.897260416666674,2,3,ENHANCED MONITORING
275,25.06731041666667,3,3,ENHANCED MONITORING
275,4.571712500000001,2,3,ENHANCED MONITORING
275,17.386914583333336,3,3,ENHANCED MONITORING
275,18.60035625,3,3,ENHANCED MONITORING
275,15.500804166666663,3,3,ENHANCED MONITORING
275,11.83815833333333,3,3,ENHANCED MONITORING
275,10.884449999999996,3,3,ENHANCED MONITORING
275,11.928456249999996,3,3,ENHANCED MONITORING
275,21.783104166666664,3,3,ENHANCED MONITORING
275,2.473554166666664,2,3,ENHANCED MONITORING
275,23.402379166666663,3,3,ENHANCED MONITORING
275,16.566116666666662,3,3,ENHANCED MONITORING
275,11.824968750000002,3,3,ENHANCED MONITORING
275,30.19501458333333,4,3,ENHANCED MONITORING
275,40.53767708333333,4,4,FIELD INSPECTION
275,17.729843749999997,3,3,ENHANCED MONITORING
275,15.52819791666667,3,3,ENHANCED MONITORING
275,29.246379166666667,3,3,ENHANCED MONITORING
275,20.680252083333333,3,3,ENHANCED MONITORING
275,4.750279166666667,2,3,ENHANCED MONITORING
275,8.910070833333334,2,3,ENHANCED MONITORING
275,26.529325000000004,3,3,ENHANCED MONITORING
275,29.602497916666664,3,4,FIELD INSPECTION
275,38.73780625,4,4,FIELD INSPECTION
275,52.66093333333333,4,4,FIELD INSPECTION
275,51.193845833333334,4,4,FIELD INSPECTION
275,73.16363333333334,4,4,FIELD INSPECTION
275,32.18461250000001,4,4,FIELD INSPECTION
275,70.13510208333334,4,4,FIELD INSPECTION
275,11.782356250000012,3,3,ENHANCED MONITORING
275,29.15100833333334,3,4,FIELD INSPECTION
275,3.0802749999999945,2,3,ENHANCED MONITORING
275,42.580033333333326,4,4,FIELD INSPECTION
275,63.26637291666666,4,4,FIELD INSPECTION
275,55.411976041666684,4,4,FIELD INSPECTION
275,8.795930208333326,2,3,ENHANCED MONITORING
275,25.766865624999998,3,3,ENHANCED MONITORING
275,21.47061249999999,3,3,ENHANCED MONITORING
275,1.1058958333333333,1,3,ENHANCED MONITORING
275,8.449449999999997,2,3,ENHANCED MONITORING
275,14.423316666666693,3,3,ENHANCED MONITORING
275,3.097522916666648,2,3,ENHANCED MONITORING
275,62.16453541666666,4,4,FIELD INSPECTION
275,64.52851458333335,4,4,FIELD INSPECTION
275,61.900743750000025,4,4,FIELD INSPECTION
275,24.246512499999977,3,3,ENHANCED MONITORING
275,21.126668749999997,3,3,ENHANCED MONITORING
275,48.9211791666667,4,4,FIELD INSPECTION
275,6.1859145833333,2,3,ENHANCED MONITORING
275,37.78815624999999,4,4,FIELD INSPECTION
275,51.28820208333335,4,4,FIELD INSPECTION
275,30.956966666666677,4,4,FIELD INSPECTION
275,33.69634166666663,4,4,FIELD INSPECTION
275,27.142133333333295,3,3,ENHANCED MONITORING
275,24.623937499999993,3,3,ENHANCED MONITORING
275,55.481475000000025,4,4,FIELD INSPECTION
275,12.398208333333335,4,3,ENHANCED MONITORING
275,58.537400000000055,4,4,FIELD INSPECTION
275,67.73155416666667,4,5,REINFORCE / ALARM
275,58.61856666666667,5,5,REINFORCE / ALARM
275,4.389087500000007,2,3,ENHANCED MONITORING
275,4.318066666666624,3,3,ENHANCED MONITORING
275,45.680600000000005,4,4,FIELD INSPECTION
275,31.482520833333343,4,4,FIELD INSPECTION
275,15.119320833333282,3,3,ENHANCED MONITORING
275,135.6477625,5,5,REINFORCE / ALARM
275,116.27125000000002,5,5,REINFORCE / ALARM
275,127.89127291666667,5,5,REINFORCE / ALARM
275,15.889389583333324,3,3,ENHANCED MONITORING
275,16.960789583333277,3,3,ENHANCED MONITORING
275,10.474558333333354,3,3,ENHANCED MONITORING
275,1.3301187499999685,1,3,ENHANCED MONITORING
275,99.61483541666668,5,5,REINFORCE / ALARM
275,78.69006875000007,4,4,FIELD INSPECTION
275,133.206675,5,5,REINFORCE / ALARM
275,56.18965416666671,4,4,FIELD INSPECTION
275,56.985087499999906,4,4,FIELD INSPECTION
279,42.4724875,4,4,FIELD INSPECTION
279,87.32823125,4,4,FIELD INSPECTION
279,12.184131250000005,3,3,ENHANCED MONITORING
279,11.694087499999997,3,3,ENHANCED MONITORING
279,5.409758333333336,2,3,ENHANCED MONITORING
279,0.8593520833333272,1,3,ENHANCED MONITORING
279,5.855160416666668,2,3,ENHANCED MONITORING
279,6.249833333333335,2,3,ENHANCED MONITORING
279,31.82545,4,4,FIELD INSPECTION
279,20.278477083333332,3,3,ENHANCED MONITORING
279,44.63557916666667,4,4,FIELD INSPECTION
279,6.645520833333333,2,3,ENHANCED MONITORING
279,13.830800000000002,3,3,ENHANCED MONITORING
279,5.267716666666668,2,3,ENHANCED MONITORING
279,7.623579166666668,2,3,ENHANCED MONITORING
279,1.881037499999999,1,3,ENHANCED MONITORING
279,4.502720833333332,2,3,ENHANCED MONITORING
279,17.49344583333333,3,3,ENHANCED MONITORING
279,14.056037499999997,3,3,ENHANCED MONITORING
279,4.434743749999998,2,3,ENHANCED MONITORING
279,19.49471145833333,3,3,ENHANCED MONITORING
279,8.22370520833333,2,3,ENHANCED MONITORING
279,5.880017708333334,2,3,ENHANCED MONITORING
279,14.96003125,3,3,ENHANCED MONITORING
279,13.808479166666666,3,3,ENHANCED MONITORING
279,28.776627083333327,3,3,ENHANCED MONITORING
279,10.687620833333332,3,3,ENHANCED MONITORING
279,5.738483333333332,2,3,ENHANCED MONITORING
279,15.832572916666665,3,3,ENHANCED MONITORING
279,10.97068958333333,3,3,ENHANCED MONITORING
279,1.6781208333333357,1,3,ENHANCED MONITORING
279,6.669870833333338,2,3,ENHANCED MONITORING
279,11.483054166666664,3,3,ENHANCED MONITORING
279,26.092039583333335,3,3,ENHANCED MONITORING
279,11.634227083333334,3,3,ENHANCED MONITORING
279,13.243356250000003,3,3,ENHANCED MONITORING
279,32.65132083333334,4,4,FIELD INSPECTION
279,69.828190625,4,4,FIELD INSPECTION
279,55.346028125000004,4,4,FIELD INSPECTION
279,6.425863541666659,2,3,ENHANCED MONITORING
279,15.123379166666657,3,3,ENHANCED MONITORING
279,0.5793270833333347,1,3,ENHANCED MONITORING
279,1.4341135416666582,1,3,ENHANCED MONITORING
279,21.976382291666667,3,3,ENHANCED MONITORING
279,2.3391218749999916,2,3,ENHANCED MONITORING
279,5.963720833333348,2,3,ENHANCED MONITORING
279,20.533137500000013,3,3,ENHANCED MONITORING
279,2.8296729166666688,2,3,ENHANCED MONITORING
279,36.95011041666666,4,4,FIELD INSPECTION
279,16.417987499999978,3,3,ENHANCED MONITORING
279,59.17658749999998,4,4,FIELD INSPECTION
279,44.60209791666667,4,4,FIELD INSPECTION
279,0.05174374999999524,1,3,ENHANCED MONITORING
279,47.739189583333314,4,4,FIELD INSPECTION
279,47.55149166666664,4,4,FIELD INSPECTION
279,6.1240250000000005,2,3,ENHANCED MONITORING
279,27.71029999999998,3,3,ENHANCED MONITORING
279,25.608083333333344,3,3,ENHANCED MONITORING
279,58.129537500000026,4,4,FIELD INSPECTION
279,47.18827083333333,4,4,FIELD INSPECTION
279,8.173483333333316,2,3,ENHANCED MONITORING
279,28.495587500000024,3,3,ENHANCED MONITORING
279,11.653504166666686,3,3,ENHANCED MONITORING
279,43.921312500000006,4,4,FIELD INSPECTION
279,14.520716666666678,4,3,ENHANCED MONITORING
279,2.4086208333332997,2,3,ENHANCED MONITORING
279,129.72259583333334,5,5,REINFORCE / ALARM
279,13.331625000000003,4,3,ENHANCED MONITORING
279,23.55253749999997,3,3,ENHANCED MONITORING
279,59.47081666666668,4,4,FIELD INSPECTION
279,11.586541666666678,3,3,ENHANCED MONITORING
279,0.17755208333335185,1,3,ENHANCED MONITORING
279,4.822314583333341,2,3,ENHANCED MONITORING
279,22.709418750000008,3,3,ENHANCED MONITORING
279,12.051220833333327,3,3,ENHANCED MONITORING
279,17.10993333333336,3,3,ENHANCED MONITORING
279,14.396937500000002,3,3,ENHANCED MONITORING
279,24.946575,3,3,ENHANCED MONITORING
279,61.94437083333336,4,4,FIELD INSPECTION
279,68.35856666666665,4,4,FIELD INSPECTION
282,4.138485416666671,2,3,ENHANCED MONITORING
282,52.99067291666666,4,4,FIELD INSPECTION
282,30.916383333333332,4,4,FIELD INSPECTION
282,18.614560416666674,3,3,ENHANCED MONITORING
282,24.331737500000003,3,3,ENHANCED MONITORING
282,45.2362125,4,4,FIELD INSPECTION
282,28.13135208333333,3,3,ENHANCED MONITORING
282,24.634083333333326,3,3,ENHANCED MONITORING
282,32.814668749999996,4,4,FIELD INSPECTION
282,7.063529166666668,2,3,ENHANCED MONITORING
282,21.052604166666665,3,3,ENHANCED MONITORING
282,35.67173541666667,4,4,FIELD INSPECTION
282,11.935558333333331,3,3,ENHANCED MONITORING
282,6.805824999999998,2,3,ENHANCED MONITORING
282,18.757616666666674,3,3,ENHANCED MONITORING
282,30.61302291666667,4,4,FIELD INSPECTION
282,34.301033333333336,4,4,FIELD INSPECTION
282,0.7568791666666677,1,3,ENHANCED MONITORING
282,105.62319791666668,5,5,REINFORCE / ALARM
282,37.90077500000001,5,5,REINFORCE / ALARM
282,52.155163541666674,4,4,FIELD INSPECTION
282,45.501526041666686,4,4,FIELD INSPECTION
282,41.42188645833333,4,4,FIELD INSPECTION
282,2.1986020833333484,2,3,ENHANCED MONITORING
282,1.9378541666666755,1,3,ENHANCED MONITORING
282,34.00578958333333,4,4,FIELD INSPECTION
282,37.28695208333335,4,4,FIELD INSPECTION
282,43.81275208333332,4,4,FIELD INSPECTION
282,3.727579166666665,2,3,ENHANCED MONITORING
282,20.488495833333346,3,3,ENHANCED MONITORING
282,56.36416250000002,5,5,REINFORCE / ALARM
282,57.556297916666686,4,4,FIELD INSPECTION
282,50.19752500000002,5,5,REINFORCE / ALARM
282,22.404029166666685,3,3,ENHANCED MONITORING
282,43.48707083333335,4,4,FIELD INSPECTION
282,32.82481458333336,4,4,FIELD INSPECTION
282,23.576887499999987,3,3,ENHANCED MONITORING
282,17.185012499999996,3,3,ENHANCED MONITORING
282,26.256402083333345,3,3,ENHANCED MONITORING
282,22.473020833333333,3,3,ENHANCED MONITORING
282,29.598439583333345,3,3,ENHANCED MONITORING
282,12.359654166666663,3,3,ENHANCED MONITORING
282,1.8318302083333353,1,3,ENHANCED MONITORING
282,9.989080208333355,2,3,ENHANCED MONITORING
282,50.81591354166667,4,4,FIELD INSPECTION
282,22.169660416666687,3,3,ENHANCED MONITORING
282,18.308156250000014,3,3,ENHANCED MONITORING
282,24.069974999999985,3,3,ENHANCED MONITORING
282,31.538322916666697,4,4,FIELD INSPECTION
282,19.650450000000053,3,3,ENHANCED MONITORING
282,99.55700416666672,4,5,REINFORCE / ALARM
282,3.326818750000001,3,3,ENHANCED MONITORING
282,35.94567291666663,4,4,FIELD INSPECTION
282,13.756735416666652,3,3,ENHANCED MONITORING
282,44.05320833333332,4,4,FIELD INSPECTION
282,10.580074999999995,3,3,ENHANCED MONITORING
282,29.390449999999987,3,4,FIELD INSPECTION
282,28.06743333333337,3,4,FIELD INSPECTION
282,28.197299999999967,4,5,REINFORCE / ALARM
282,156.0287125,5,5,REINFORCE / ALARM
282,107.37538333333335,5,5,REINFORCE / ALARM
282,97.0793916666667,4,4,FIELD INSPECTION
282,40.50825416666666,4,4,FIELD INSPECTION
282,123.05272500000002,5,5,REINFORCE / ALARM
282,9.869866666666667,3,3,ENHANCED MONITORING
282,70.69007916666664,4,4,FIELD INSPECTION
282,98.09397500000004,4,5,REINFORCE / ALARM
282,25.468070833333346,3,3,ENHANCED MONITORING
282,54.11178749999997,4,4,FIELD INSPECTION
282,9.508675000000006,2,3,ENHANCED MONITORING
282,102.94875625000002,5,5,REINFORCE / ALARM
282,41.43862708333336,4,4,FIELD INSPECTION
282,43.743760416666646,4,4,FIELD INSPECTION
282,12.795924999999988,3,3,ENHANCED MONITORING
282,10.337589583333319,3,3,ENHANCED MONITORING
282,38.45575208333332,4,4,FIELD INSPECTION
282,23.04626041666666,3,3,ENHANCED MONITORING
282,40.37229999999999,4,4,FIELD INSPECTION
282,127.97548333333334,5,5,REINFORCE / ALARM
282,106.95128749999999,5,5,REINFORCE / ALARM
286,14.397952083333337,3,3,ENHANCED MONITORING
286,8.496120833333334,2,3,ENHANCED MONITORING
286,59.44240833333334,4,4,FIELD INSPECTION
286,58.89148958333334,4,4,FIELD INSPECTION
286,43.15225833333333,4,4,FIELD INSPECTION
286,18.790083333333328,3,3,ENHANCED MONITORING
286,2.4502187500000026,2,3,ENHANCED MONITORING
286,34.68454583333334,4,4,FIELD INSPECTION
286,3.436393749999984,2,3,ENHANCED MONITORING
286,18.797185416666668,3,3,ENHANCED MONITORING
286,33.45689999999999,4,4,FIELD INSPECTION
286,12.934922916666656,3,3,ENHANCED MONITORING
286,13.80239166666667,3,3,ENHANCED MONITORING
286,46.71141666666666,4,4,FIELD INSPECTION
286,12.538220833333343,3,3,ENHANCED MONITORING
286,46.453712499999995,4,4,FIELD INSPECTION
286,54.46587708333333,4,4,FIELD INSPECTION
286,85.98796666666668,4,4,FIELD INSPECTION
286,65.78659791666666,4,4,FIELD INSPECTION
286,6.343174999999995,2,3,ENHANCED MONITORING
286,20.354063541666683,3,3,ENHANCED MONITORING
286,22.899653124999997,3,3,ENHANCED MONITORING
286,12.777155208333348,3,3,ENHANCED MONITORING
286,17.513737499999987,3,3,ENHANCED MONITORING
286,40.41897083333332,4,4,FIELD INSPECTION
286,46.85447291666668,4,4,FIELD INSPECTION
286,1.4965104166666758,1,3,ENHANCED MONITORING
286,31.31511458333334,4,4,FIELD INSPECTION
286,6.018508333333325,2,3,ENHANCED MONITORING
286,16.72236249999999,3,3,ENHANCED MONITORING
286,15.598204166666685,3,3,ENHANCED MONITORING
286,54.98838750000002,4,4,FIELD INSPECTION
286,39.29887083333334,4,4,FIELD INSPECTION
286,67.50022916666667,4,4,FIELD INSPECTION
286,2.983889583333332,2,3,ENHANCED MONITORING
286,50.86613541666667,4,4,FIELD INSPECTION
286,30.322852083333327,4,4,FIELD INSPECTION
286,9.20582187499999,2,3,ENHANCED MONITORING
286,51.998917708333344,4,4,FIELD INSPECTION
286,19.422676041666673,3,3,ENHANCED MONITORING
286,26.097112499999984,3,3,ENHANCED MONITORING
286,38.62924583333332,4,4,FIELD INSPECTION
286,14.490279166666669,3,3,ENHANCED MONITORING
286,5.963720833333312,2,3,ENHANCED MONITORING
286,39.05942916666667,4,4,FIELD INSPECTION
286,20.388052083333342,3,3,ENHANCED MONITORING
286,43.31966458333332,4,4,FIELD INSPECTION
286,0.7467333333333421,1,3,ENHANCED MONITORING
286,23.430787499999983,3,3,ENHANCED MONITORING
286,14.891039583333324,3,3,ENHANCED MONITORING
286,6.828145833333316,2,3,ENHANCED MONITORING
286,31.391208333333307,4,4,FIELD INSPECTION
286,16.93136666666668,3,3,ENHANCED MONITORING
286,43.51142083333332,4,4,FIELD INSPECTION
286,59.47690416666665,4,4,FIELD INSPECTION
286,7.201512499999975,2,3,ENHANCED MONITORING
286,12.286604166666654,3,3,ENHANCED MONITORING
286,39.860949999999995,4,4,FIELD INSPECTION
286,89.76830416666667,5,5,REINFORCE / ALARM
286,8.837020833333327,3,3,ENHANCED MONITORING
286,80.63705416666669,4,4,FIELD INSPECTION
286,28.92779999999999,3,3,ENHANCED MONITORING
286,27.92336249999998,4,5,REINFORCE / ALARM
286,14.585649999999996,4,3,ENHANCED MONITORING
286,67.13497916666668,4,5,REINFORCE / ALARM
286,48.60057083333337,4,4,FIELD INSPECTION
286,189.1670333333334,5,5,REINFORCE / ALARM
286,125.89761666666665,5,5,REINFORCE / ALARM
286,87.72087500000002,4,4,FIELD INSPECTION
286,48.13386249999999,4,4,FIELD INSPECTION
286,37.89976041666669,4,4,FIELD INSPECTION
286,30.978272916666665,4,4,FIELD INSPECTION
286,62.33498541666662,4,4,FIELD INSPECTION
286,53.97989166666667,4,4,FIELD INSPECTION
286,50.37203333333334,4,4,FIELD INSPECTION
286,58.93105833333335,4,5,REINFORCE / ALARM
286,52.09073749999995,4,4,FIELD INSPECTION
286,88.59747499999997,4,4,FIELD INSPECTION
286,21.423941666666696,3,3,ENHANCED MONITORING
286,41.530954166666625,4,4,FIELD INSPECTION
300,38.054991666666666,4,4,FIELD INSPECTION
300,113.93669374999998,5,5,REINFORCE / ALARM
300,41.426452083333345,4,4,FIELD INSPECTION
300,65.82819583333334,4,4,FIELD INSPECTION
300,44.669567708333346,4,4,FIELD INSPECTION
300,43.33133229166668,4,4,FIELD INSPECTION
300,17.131746875,3,3,ENHANCED MONITORING
300,2.7926406249999975,2,3,ENHANCED MONITORING
300,2.037790625000009,2,3,ENHANCED MONITORING
300,5.966257291666655,2,3,ENHANCED MONITORING
300,1.9398833333333527,1,3,ENHANCED MONITORING
300,28.261218749999987,3,3,ENHANCED MONITORING
300,36.44992083333333,4,4,FIELD INSPECTION
300,33.93578333333335,4,4,FIELD INSPECTION
300,31.82646458333333,4,4,FIELD INSPECTION
300,19.974102083333317,3,3,ENHANCED MONITORING
300,3.151295833333343,2,3,ENHANCED MONITORING
300,33.53096458333333,4,4,FIELD INSPECTION
300,35.04573749999998,4,4,FIELD INSPECTION
300,40.52753125,4,4,FIELD INSPECTION
300,3.0138197916666676,2,3,ENHANCED MONITORING
300,44.558978125,4,4,FIELD INSPECTION
300,55.97506979166668,4,4,FIELD INSPECTION
300,60.163777083333336,4,4,FIELD INSPECTION
300,77.99305000000003,4,4,FIELD INSPECTION
300,89.63133541666666,4,4,FIELD INSPECTION
300,32.90395208333331,5,5,REINFORCE / ALARM
300,8.6422208333333,2,3,ENHANCED MONITORING
300,32.58435833333334,4,4,FIELD INSPECTION
300,8.681789583333357,2,3,ENHANCED MONITORING
300,0.2901708333333062,1,3,ENHANCED MONITORING
300,21.084056249999993,3,3,ENHANCED MONITORING
300,14.240691666666676,3,3,ENHANCED MONITORING
300,38.75099583333332,4,4,FIELD INSPECTION
300,44.385991666666676,4,4,FIELD INSPECTION
300,1.2824333333333442,1,3,ENHANCED MONITORING
300,10.358895833333337,3,3,ENHANCED MONITORING
300,19.735675000000015,3,3,ENHANCED MONITORING
300,39.56570625000001,4,4,FIELD INSPECTION
300,17.753179166666694,3,3,ENHANCED MONITORING
300,31.29989583333334,4,4,FIELD INSPECTION
300,48.13487708333336,4,4,FIELD INSPECTION
300,61.66383854166668,4,4,FIELD INSPECTION
300,42.400959375000006,4,4,FIELD INSPECTION
300,14.200615625000006,3,3,ENHANCED MONITORING
300,45.513193750000006,4,4,FIELD INSPECTION
300,25.05513541666667,3,3,ENHANCED MONITORING
300,18.58107916666665,3,3,ENHANCED MONITORING
300,17.19109999999998,3,3,ENHANCED MONITORING
300,7.117302083333292,2,3,ENHANCED MONITORING
300,19.906124999999957,3,3,ENHANCED MONITORING
300,6.509566666666676,2,3,ENHANCED MONITORING
300,17.58475833333341,3,3,ENHANCED MONITORING
300,80.43819583333334,4,4,FIELD INSPECTION
300,48.35301250000006,4,4,FIELD INSPECTION
300,39.06145833333334,4,4,FIELD INSPECTION
300,3.8736791666666495,2,3,ENHANCED MONITORING
300,58.803220833333334,4,4,FIELD INSPECTION
300,80.23325000000001,4,4,FIELD INSPECTION
300,12.868974999999997,4,3,ENHANCED MONITORING
300,1.6639166666666085,1,3,ENHANCED MONITORING
300,89.36044166666669,4,4,FIELD INSPECTION
300,0.8887749999999576,1,3,ENHANCED MONITORING
300,11.186795833333372,3,3,ENHANCED MONITORING
300,30.91232500000005,4,4,FIELD INSPECTION
300,33.76127500000004,4,4,FIELD INSPECTION
300,99.82891249999996,4,5,REINFORCE / ALARM
300,183.3372375,5,5,REINFORCE / ALARM
300,152.97278749999995,5,5,REINFORCE / ALARM
300,2.398475000000019,3,3,ENHANCED MONITORING
300,131.30433125,5,5,REINFORCE / ALARM
300,140.74299999999997,5,5,REINFORCE / ALARM
300,61.999158333333355,5,5,REINFORCE / ALARM
300,48.550856249999974,4,4,FIELD INSPECTION
300,38.062093749999974,4,4,FIELD INSPECTION
300,155.41894791666672,5,5,REINFORCE / ALARM
300,116.38995625000003,5,5,REINFORCE / ALARM
300,158.84722500000007,5,5,REINFORCE / ALARM
300,118.79147500000003,5,5,REINFORCE / ALARM
300,18.913862500000032,4,5,REINFORCE / ALARM
305,22.12704791666667,3,3,ENHANCED MONITORING
305,36.83647708333333,4,4,FIELD INSPECTION
305,29.247393749999997,3,4,FIELD INSPECTION
305,21.266681249999994,3,3,ENHANCED MONITORING
305,20.14150833333333,3,3,ENHANCED MONITORING
305,37.606545833333335,4,4,FIELD INSPECTION
305,7.212672916666668,2,3,ENHANCED MONITORING
305,7.055412500000002,2,3,ENHANCED MONITORING
305,2.2625208333333346,2,3,ENHANCED MONITORING
305,17.870870833333335,3,3,ENHANCED MONITORING
305,5.001895833333336,2,3,ENHANCED MONITORING
305,47.95225208333333,4,4,FIELD INSPECTION
305,24.423050000000003,3,3,ENHANCED MONITORING
305,24.817722916666668,3,3,ENHANCED MONITORING
305,7.681410416666666,2,3,ENHANCED MONITORING
305,23.377014583333338,3,3,ENHANCED MONITORING
305,23.36483958333333,3,3,ENHANCED MONITORING
305,8.329729166666667,2,3,ENHANCED MONITORING
305,20.30688541666667,3,3,ENHANCED MONITORING
305,11.921354166666669,3,3,ENHANCED MONITORING
305,18.335042708333336,3,3,ENHANCED MONITORING
305,19.047280208333333,3,3,ENHANCED MONITORING
305,79.60471562500001,4,4,FIELD INSPECTION
305,103.78172916666666,5,5,REINFORCE / ALARM
305,65.74702916666666,4,4,FIELD INSPECTION
305,31.77167708333334,4,4,FIELD INSPECTION
305,94.42422708333334,4,4,FIELD INSPECTION
305,1.3828770833333313,1,3,ENHANCED MONITORING
305,78.34511041666666,4,4,FIELD INSPECTION
305,107.59656249999999,5,5,REINFORCE / ALARM
305,5.9282104166666585,2,3,ENHANCED MONITORING
305,58.546531249999994,4,4,FIELD INSPECTION
305,44.76950416666667,4,4,FIELD INSPECTION
305,0.6726687500000009,1,3,ENHANCED MONITORING
305,38.86158541666667,4,4,FIELD INSPECTION
305,48.9739375,4,4,FIELD INSPECTION
305,20.328191666666658,3,3,ENHANCED MONITORING
305,6.52478541666667,2,3,ENHANCED MONITORING
305,35.85740416666667,4,4,FIELD INSPECTION
305,46.805772916666676,4,4,FIELD INSPECTION
305,65.74297083333335,4,4,FIELD INSPECTION
305,17.833331250000004,3,3,ENHANCED MONITORING
305,9.33822500000001,2,3,ENHANCED MONITORING
305,25.58373333333333,3,3,ENHANCED MONITORING
305,20.981583333333333,3,3,ENHANCED MONITORING
305,43.62708333333333,4,4,FIELD INSPECTION
305,29.769904166666663,3,4,FIELD INSPECTION
305,22.041822916666664,3,3,ENHANCED MONITORING
305,2.5060208333333343,2,3,ENHANCED MONITORING
305,1.2448937499999957,1,3,ENHANCED MONITORING
305,30.0479,4,4,FIELD INSPECTION
305,21.606566666666666,3,3,ENHANCED MONITORING
305,37.413774999999994,4,5,REINFORCE / ALARM
305,9.571579166666668,2,3,ENHANCED MONITORING
305,25.092674999999996,4,3,ENHANCED MONITORING
305,124.19311666666665,5,5,REINFORCE / ALARM
305,97.3513,4,5,REINFORCE / ALARM
305,56.46156249999999,4,4,FIELD INSPECTION
305,21.998195833333337,3,3,ENHANCED MONITORING
305,66.67232916666666,4,4,FIELD INSPECTION
305,98.22789999999999,4,5,REINFORCE / ALARM
305,166.81982083333335,5,5,REINFORCE / ALARM
305,39.213645833333345,5,5,REINFORCE / ALARM
305,111.6691,5,5,REINFORCE / ALARM
305,86.7874583333333,5,5,REINFORCE / ALARM
305,48.2677875,4,5,REINFORCE / ALARM
305,13.65832083333334,3,3,ENHANCED MONITORING
305,110.7925,5,5,REINFORCE / ALARM
305,49.56036666666666,4,4,FIELD INSPECTION
305,10.149891666666667,3,3,ENHANCED MONITORING
305,30.584614583333337,4,4,FIELD INSPECTION
305,15.205560416666666,3,3,ENHANCED MONITORING
305,17.32401041666667,3,3,ENHANCED MONITORING
305,112.45235833333334,5,5,REINFORCE / ALARM
305,140.7267666666667,5,5,REINFORCE / ALARM
305,98.61952916666667,4,5,REINFORCE / ALARM
305,95.15777083333332,5,5,REINFORCE / ALARM
305,71.78582916666667,5,5,REINFORCE / ALARM
305,28.469208333333338,4,5,REINFORCE / ALARM
305,99.1714625,4,5,REINFORCE / ALARM
306,23.86097083333333,3,3,ENHANCED MONITORING
306,1.9287229166666577,1,3,ENHANCED MONITORING
306,36.97141666666666,4,4,FIELD INSPECTION
306,2.948379166666664,2,3,ENHANCED MONITORING
306,41.93070000000001,4,4,FIELD INSPECTION
306,30.58461458333333,4,4,FIELD INSPECTION
306,1.3615708333333323,1,3,ENHANCED MONITORING
306,4.548377083333336,2,3,ENHANCED MONITORING
306,23.069595833333334,3,3,ENHANCED MONITORING
306,37.91802291666667,4,4,FIELD INSPECTION
306,42.590179166666665,4,4,FIELD INSPECTION
306,38.31168124999999,4,4,FIELD INSPECTION
306,38.09963333333332,4,4,FIELD INSPECTION
306,13.753691666666663,3,3,ENHANCED MONITORING
306,8.938479166666669,2,3,ENHANCED MONITORING
306,19.631172916666657,3,3,ENHANCED MONITORING
306,15.912724999999995,3,3,ENHANCED MONITORING
306,60.692375,4,4,FIELD INSPECTION
306,81.96108541666668,4,4,FIELD INSPECTION
306,49.89720833333334,4,4,FIELD INSPECTION
306,19.890906250000004,3,3,ENHANCED MONITORING
306,5.121616666666668,2,3,ENHANCED MONITORING
306,79.90959791666667,4,4,FIELD INSPECTION
306,113.27518541666666,5,5,REINFORCE / ALARM
306,96.40469374999998,5,5,REINFORCE / ALARM
306,42.75454166666666,4,4,FIELD INSPECTION
306,53.16010833333335,4,4,FIELD INSPECTION
306,6.210264583333346,2,3,ENHANCED MONITORING
306,42.080858333333346,4,4,FIELD INSPECTION
306,102.44045000000001,5,5,REINFORCE / ALARM
306,10.336575000000002,4,3,ENHANCED MONITORING
306,39.04218125,4,4,FIELD INSPECTION
306,60.083625000000005,4,4,FIELD INSPECTION
306,7.8204083333333285,2,3,ENHANCED MONITORING
306,19.28418541666667,3,3,ENHANCED MONITORING
306,10.503981249999994,3,3,ENHANCED MONITORING
306,21.554822916666662,3,3,ENHANCED MONITORING
306,7.889400000000006,2,3,ENHANCED MONITORING
306,20.713733333333334,3,3,ENHANCED MONITORING
306,22.51664791666666,4,3,ENHANCED MONITORING
306,61.2159,4,4,FIELD INSPECTION
306,50.35985833333333,4,4,FIELD INSPECTION
306,9.482803125000009,2,3,ENHANCED MONITORING
306,5.127196874999995,2,3,ENHANCED MONITORING
306,23.891915625,3,3,ENHANCED MONITORING
306,41.99461875000001,4,4,FIELD INSPECTION
306,17.544175,3,3,ENHANCED MONITORING
306,26.378152083333333,3,3,ENHANCED MONITORING
306,58.032137500000005,4,4,FIELD INSPECTION
306,48.88363958333332,4,4,FIELD INSPECTION
306,32.326654166666685,4,4,FIELD INSPECTION
306,7.6550312500000075,2,3,ENHANCED MONITORING
306,75.31962291666666,5,5,REINFORCE / ALARM
306,50.53132291666668,4,4,FIELD INSPECTION
306,13.284954166666674,4,3,ENHANCED MONITORING
306,73.17986666666664,4,4,FIELD INSPECTION
306,95.50272916666665,4,4,FIELD INSPECTION
306,52.612233333333336,4,4,FIELD INSPECTION
306,25.078470833333352,3,3,ENHANCED MONITORING
306,136.96469166666665,5,5,REINFORCE / ALARM
306,143.5736875,5,5,REINFORCE / ALARM
306,219.82977083333336,5,5,REINFORCE / ALARM
306,44.95415833333332,5,5,REINFORCE / ALARM
306,44.195250000000016,5,5,REINFORCE / ALARM
306,150.1826833333333,5,5,REINFORCE / ALARM
306,71.08576666666669,5,5,REINFORCE / ALARM
306,78.53483749999998,4,5,REINFORCE / ALARM
306,90.44198749999998,4,4,FIELD INSPECTION
306,10.787050000000002,3,3,ENHANCED MONITORING
306,57.472087499999994,4,4,FIELD INSPECTION
306,19.21417916666667,3,3,ENHANCED MONITORING
306,75.40789166666669,4,4,FIELD INSPECTION
306,90.82549999999999,5,5,REINFORCE / ALARM
306,196.73582499999998,5,5,REINFORCE / ALARM
306,257.7041666666667,5,5,REINFORCE / ALARM
306,82.80826249999998,4,4,FIELD INSPECTION
306,14.63029166666667,3,3,ENHANCED MONITORING
306,9.015587500000002,2,3,ENHANCED MONITORING
306,75.13801249999999,4,4,FIELD INSPECTION
306,86.42829583333332,4,4,FIELD INSPECTION
308,15.813295833333333,3,3,ENHANCED MONITORING
308,40.77813333333334,4,4,FIELD INSPECTION
308,13.153058333333336,3,3,ENHANCED MONITORING
308,13.567008333333334,3,3,ENHANCED MONITORING
308,48.174953125,4,4,FIELD INSPECTION
308,31.087340625000007,4,4,FIELD INSPECTION
308,16.865926041666665,3,3,ENHANCED MONITORING
308,17.289514583333332,3,3,ENHANCED MONITORING
308,17.68824583333334,3,3,ENHANCED MONITORING
308,56.23429583333334,4,4,FIELD INSPECTION
308,3.5479979166666546,2,3,ENHANCED MONITORING
308,22.32590625,3,3,ENHANCED MONITORING
308,6.775387500000022,3,3,ENHANCED MONITORING
308,3.7407687499999867,2,3,ENHANCED MONITORING
308,4.283570833333343,2,3,ENHANCED MONITORING
308,82.61244791666667,4,4,FIELD INSPECTION
308,67.47080625,4,4,FIELD INSPECTION
308,39.89646041666668,5,5,REINFORCE / ALARM
308,51.286172916666665,4,4,FIELD INSPECTION
308,80.62082083333334,4,4,FIELD INSPECTION
308,6.0783687499999965,2,3,ENHANCED MONITORING
308,17.802893750000003,3,3,ENHANCED MONITORING
308,16.380447916666657,3,3,ENHANCED MONITORING
308,16.88571041666668,3,3,ENHANCED MONITORING
308,69.11341666666667,4,4,FIELD INSPECTION
308,100.60709791666666,5,5,REINFORCE / ALARM
308,50.32942083333333,4,4,FIELD INSPECTION
308,12.152679166666658,3,3,ENHANCED MONITORING
308,3.328847916666676,2,3,ENHANCED MONITORING
308,10.288889583333342,3,3,ENHANCED MONITORING
308,11.356231249999988,3,3,ENHANCED MONITORING
308,8.050718750000017,2,3,ENHANCED MONITORING
308,16.425089583333335,3,3,ENHANCED MONITORING
308,15.200487500000008,3,3,ENHANCED MONITORING
308,26.600345833333336,3,3,ENHANCED MONITORING
308,8.903983333333345,2,3,ENHANCED MONITORING
308,11.075191666666663,3,3,ENHANCED MONITORING
308,35.363302083333345,4,4,FIELD INSPECTION
308,19.277083333333362,3,3,ENHANCED MONITORING
308,9.33112291666666,2,3,ENHANCED MONITORING
308,55.63366249999999,4,4,FIELD INSPECTION
308,20.773593749999993,3,3,ENHANCED MONITORING
308,4.251611458333355,2,3,ENHANCED MONITORING
308,78.04428645833333,4,4,FIELD INSPECTION
308,24.372828125000012,4,3,ENHANCED MONITORING
308,0.6036770833333355,1,3,ENHANCED MONITORING
308,36.373827083333346,4,4,FIELD INSPECTION
308,19.515510416666654,3,3,ENHANCED MONITORING
308,118.2618625,5,5,REINFORCE / ALARM
308,48.01515625,5,5,REINFORCE / ALARM
308,118.38564166666664,5,5,REINFORCE / ALARM
308,18.50194166666663,3,3,ENHANCED MONITORING
308,119.57879166666665,5,5,REINFORCE / ALARM
308,40.43926250000001,4,4,FIELD INSPECTION
308,45.739445833333356,4,4,FIELD INSPECTION
308,115.66655833333338,5,5,REINFORCE / ALARM
308,91.80152916666668,4,4,FIELD INSPECTION
308,72.76997500000004,4,4,FIELD INSPECTION
308,202.40328750000003,5,5,REINFORCE / ALARM
308,48.50114166666665,5,5,REINFORCE / ALARM
308,75.73864583333336,4,4,FIELD INSPECTION
308,190.51845833333343,5,5,REINFORCE / ALARM
308,77.12456666666664,4,4,FIELD INSPECTION
308,84.24897083333344,4,4,FIELD INSPECTION
308,13.68064166666665,3,3,ENHANCED MONITORING
308,64.00600416666664,4,4,FIELD INSPECTION
308,136.21390000000005,5,5,REINFORCE / ALARM
308,162.15679583333323,5,5,REINFORCE / ALARM
308,152.77392916666668,5,5,REINFORCE / ALARM
308,103.0938416666666,5,5,REINFORCE / ALARM
308,83.41498333333335,4,4,FIELD INSPECTION
308,5.125674999999944,2,3,ENHANCED MONITORING
308,85.02208333333336,5,5,REINFORCE / ALARM
308,73.53700000000005,4,4,FIELD INSPECTION
308,134.2273458333334,5,5,REINFORCE / ALARM
308,87.0451625,4,5,REINFORCE / ALARM
308,40.672616666666684,5,5,REINFORCE / ALARM
308,20.145566666666582,3,3,ENHANCED MONITORING
308,0.6148375000000877,1,3,ENHANCED MONITORING
308,24.9648375,3,3,ENHANCED MONITORING
311,35.655502083333324,4,4,FIELD INSPECTION
311,35.02544583333333,5,5,REINFORCE / ALARM
311,55.70366875,4,4,FIELD INSPECTION
311,65.00638333333333,4,4,FIELD INSPECTION
311,11.49269270833333,3,3,ENHANCED MONITORING
311,13.028771875000002,3,3,ENHANCED MONITORING
311,19.635738541666665,3,3,ENHANCED MONITORING
311,16.138469791666665,3,3,ENHANCED MONITORING
311,17.55584270833333,3,3,ENHANCED MONITORING
311,18.656665625000002,3,3,ENHANCED MONITORING
311,21.422927083333324,3,3,ENHANCED MONITORING
311,42.68352083333334,4,4,FIELD INSPECTION
311,71.74524583333333,4,4,FIELD INSPECTION
311,70.7611,4,4,FIELD INSPECTION
311,24.38449583333333,3,3,ENHANCED MONITORING
311,21.248418750000003,3,3,ENHANCED MONITORING
311,22.52780833333333,3,3,ENHANCED MONITORING
311,73.63338541666667,4,5,REINFORCE / ALARM
311,88.01104583333334,4,4,FIELD INSPECTION
311,80.53458125000002,4,4,FIELD INSPECTION
311,28.051199999999998,3,3,ENHANCED MONITORING
311,37.625822916666664,4,4,FIELD INSPECTION
311,50.29391041666667,4,4,FIELD INSPECTION
311,36.23381458333333,4,4,FIELD INSPECTION
311,9.188066666666671,2,3,ENHANCED MONITORING
311,65.34119583333332,4,5,REINFORCE / ALARM
311,42.65714166666667,4,4,FIELD INSPECTION
311,26.585127083333337,3,3,ENHANCED MONITORING
311,36.787777083333324,4,4,FIELD INSPECTION
311,1.773491666666665,1,3,ENHANCED MONITORING
311,6.536960416666673,2,3,ENHANCED MONITORING
311,50.33449375,4,4,FIELD INSPECTION
311,12.726933333333335,4,3,ENHANCED MONITORING
311,46.583579166666674,4,4,FIELD INSPECTION
311,74.36794375,4,4,FIELD INSPECTION
311,27.62507500000001,3,3,ENHANCED MONITORING
311,34.96254166666666,4,4,FIELD INSPECTION
311,48.770513541666666,4,4,FIELD INSPECTION
311,61.90632395833334,4,4,FIELD INSPECTION
311,4.8268802083333355,2,3,ENHANCED MONITORING
311,9.668979166666666,2,3,ENHANCED MONITORING
311,46.87577916666667,4,4,FIELD INSPECTION
311,2.5973333333333435,2,3,ENHANCED MONITORING
311,45.457391666666666,4,4,FIELD INSPECTION
311,24.400729166666668,4,3,ENHANCED MONITORING
311,20.067443750000006,3,3,ENHANCED MONITORING
311,4.38401458333333,2,3,ENHANCED MONITORING
311,43.03152291666667,4,4,FIELD INSPECTION
311,59.05585208333333,4,4,FIELD INSPECTION
311,102.93962500000002,5,5,REINFORCE / ALARM
311,43.46069166666669,5,5,REINFORCE / ALARM
311,24.911064583333353,3,3,ENHANCED MONITORING
311,102.57336041666672,5,5,REINFORCE / ALARM
311,199.69739375000003,5,5,REINFORCE / ALARM
311,105.35839166666665,5,5,REINFORCE / ALARM
311,111.19427500000002,5,5,REINFORCE / ALARM
311,139.82581666666667,5,5,REINFORCE / ALARM
311,13.989074999999985,4,3,ENHANCED MONITORING
311,15.4439875,4,3,ENHANCED MONITORING
311,8.6138125,2,3,ENHANCED MONITORING
311,51.89796666666668,4,4,FIELD INSPECTION
311,5.507158333333332,2,3,ENHANCED MONITORING
311,47.137541666666664,4,4,FIELD INSPECTION
311,83.08017083333333,4,4,FIELD INSPECTION
311,94.95688333333334,4,5,REINFORCE / ALARM
311,94.79860833333333,4,4,FIELD INSPECTION
311,3.6951125000000027,2,3,ENHANCED MONITORING
311,97.64147083333334,5,5,REINFORCE / ALARM
311,44.59905416666667,5,5,REINFORCE / ALARM
311,160.9048,5,5,REINFORCE / ALARM
311,7.653002083333324,2,3,ENHANCED MONITORING
311,88.18555416666668,4,4,FIELD INSPECTION
311,91.3307625,4,5,REINFORCE / ALARM
311,160.33156041666666,5,5,REINFORCE / ALARM
311,129.1097875,5,5,REINFORCE / ALARM
311,70.68805,4,4,FIELD INSPECTION
311,50.11027083333335,4,4,FIELD INSPECTION
311,44.457012500000026,4,4,FIELD INSPECTION
311,0.5945458333333514,1,3,ENHANCED MONITORING
311,27.61087083333336,3,4,FIELD INSPECTION
316,1.0287875,1,3,ENHANCED MONITORING
316,28.31803541666667,3,3,ENHANCED MONITORING
316,47.896449999999994,4,4,FIELD INSPECTION
316,18.621662500000003,3,3,ENHANCED MONITORING
316,3.217243749999998,2,3,ENHANCED MONITORING
316,22.535924999999995,3,3,ENHANCED MONITORING
316,6.108806249999998,2,3,ENHANCED MONITORING
316,15.776263541666665,3,3,ENHANCED MONITORING
316,10.112859375,3,3,ENHANCED MONITORING
316,10.55014479166667,3,3,ENHANCED MONITORING
316,11.010258333333333,3,3,ENHANCED MONITORING
316,16.7588875,3,3,ENHANCED MONITORING
316,10.195547916666667,3,3,ENHANCED MONITORING
316,13.679627083333337,3,3,ENHANCED MONITORING
316,15.420652083333332,3,3,ENHANCED MONITORING
316,27.218227083333336,3,3,ENHANCED MONITORING
316,11.503345833333332,3,3,ENHANCED MONITORING
316,10.68051875,3,3,ENHANCED MONITORING
316,8.701066666666668,2,3,ENHANCED MONITORING
316,21.594391666666667,3,3,ENHANCED MONITORING
316,26.83928020833334,3,3,ENHANCED MONITORING
316,34.877823958333344,4,4,FIELD INSPECTION
316,35.72905937499999,4,4,FIELD INSPECTION
316,34.34567499999999,4,4,FIELD INSPECTION
316,70.7915375,4,4,FIELD INSPECTION
316,49.530943749999985,5,5,REINFORCE / ALARM
316,130.18828958333333,5,5,REINFORCE / ALARM
316,65.91240624999999,5,5,REINFORCE / ALARM
316,8.796437500000001,2,3,ENHANCED MONITORING
316,61.87030624999999,4,4,FIELD INSPECTION
316,15.414564583333336,3,3,ENHANCED MONITORING
316,37.53045208333334,4,4,FIELD INSPECTION
316,24.99831875,3,3,ENHANCED MONITORING
316,32.99323541666667,4,4,FIELD INSPECTION
316,8.122754166666667,2,3,ENHANCED MONITORING
316,6.866700000000004,2,3,ENHANCED MONITORING
316,3.2568125000000006,2,3,ENHANCED MONITORING
316,12.017739583333338,3,3,ENHANCED MONITORING
316,65.39091041666667,4,4,FIELD INSPECTION
316,2.8733000000000004,3,3,ENHANCED MONITORING
316,7.025989583333335,2,3,ENHANCED MONITORING
316,44.02175625,4,4,FIELD INSPECTION
316,17.851086458333334,3,3,ENHANCED MONITORING
316,10.733784374999999,3,3,ENHANCED MONITORING
316,10.600873958333333,3,3,ENHANCED MONITORING
316,30.499389583333336,4,4,FIELD INSPECTION
316,9.064287499999997,2,3,ENHANCED MONITORING
316,33.93273958333334,4,4,FIELD INSPECTION
316,19.55000625,3,3,ENHANCED MONITORING
316,59.15528125000001,4,4,FIELD INSPECTION
316,24.232308333333332,3,3,ENHANCED MONITORING
316,2.3426729166666767,3,3,ENHANCED MONITORING
316,21.89978125,3,3,ENHANCED MONITORING
316,61.14589374999999,4,4,FIELD INSPECTION
316,7.481537500000001,2,3,ENHANCED MONITORING
316,0.9252999999999977,1,3,ENHANCED MONITORING
316,54.117875000000005,4,4,FIELD INSPECTION
316,36.40730833333334,4,4,FIELD INSPECTION
316,37.505087499999995,4,4,FIELD INSPECTION
316,14.198079166666673,4,3,ENHANCED MONITORING
316,27.909158333333334,3,3,ENHANCED MONITORING
316,93.8631625,4,4,FIELD INSPECTION
316,79.42767083333335,5,5,REINFORCE / ALARM
316,30.017462499999983,5,5,REINFORCE / ALARM
316,92.15257500000001,5,5,REINFORCE / ALARM
316,89.65061249999998,5,5,REINFORCE / ALARM
316,83.39266250000001,4,4,FIELD INSPECTION
316,97.38985416666667,4,5,REINFORCE / ALARM
316,1.0856041666666556,1,3,ENHANCED MONITORING
316,74.78696666666667,4,4,FIELD INSPECTION
316,6.955983333333335,2,3,ENHANCED MONITORING
316,39.61643541666666,4,4,FIELD INSPECTION
316,65.71760625,4,4,FIELD INSPECTION
316,27.528689583333335,4,5,REINFORCE / ALARM
316,34.08492708333332,4,4,FIELD INSPECTION
316,69.45736041666666,4,4,FIELD INSPECTION
316,24.93744374999999,3,3,ENHANCED MONITORING
316,25.920574999999996,3,3,ENHANCED MONITORING
316,10.927062499999993,3,3,ENHANCED MONITORING
316,86.23755416666667,4,4,FIELD INSPECTION
320,20.282535416666672,3,3,ENHANCED MONITORING
320,21.354950000000002,3,3,ENHANCED MONITORING
320,0.08116666666666757,1,3,ENHANCED MONITORING
320,22.488239583333336,3,3,ENHANCED MONITORING
320,15.283176041666666,3,3,ENHANCED MONITORING
320,30.463371875000007,4,4,FIELD INSPECTION
320,14.374109375000002,3,3,ENHANCED MONITORING
320,4.350533333333331,2,3,ENHANCED MONITORING
320,24.973968749999994,3,3,ENHANCED MONITORING
320,6.297518749999999,2,3,ENHANCED MONITORING
320,19.146202083333336,3,3,ENHANCED MONITORING
320,12.164854166666666,3,3,ENHANCED MONITORING
320,7.679381249999999,2,3,ENHANCED MONITORING
320,29.411756250000007,3,3,ENHANCED MONITORING
320,2.8164833333333306,2,3,ENHANCED MONITORING
320,18.62977916666667,3,3,ENHANCED MONITORING
320,20.33225,3,3,ENHANCED MONITORING
320,23.815314583333333,3,3,ENHANCED MONITORING
320,14.327945833333333,3,3,ENHANCED MONITORING
320,2.6876312500000004,2,3,ENHANCED MONITORING
320,32.0506875,4,4,FIELD INSPECTION
320,17.41126458333333,3,3,ENHANCED MONITORING
320,25.910429166666663,3,3,ENHANCED MONITORING
320,10.826618749999996,3,3,ENHANCED MONITORING
320,4.194287499999999,2,3,ENHANCED MONITORING
320,10.120468749999999,3,3,ENHANCED MONITORING
320,11.603789583333333,3,3,ENHANCED MONITORING
320,23.621529166666665,3,3,ENHANCED MONITORING
320,53.71102708333333,4,4,FIELD INSPECTION
320,77.40357708333333,4,4,FIELD INSPECTION
320,50.17926249999999,4,4,FIELD INSPECTION
320,53.383316666666666,4,4,FIELD INSPECTION
320,6.681031250000004,2,3,ENHANCED MONITORING
320,0.32872500000000276,1,3,ENHANCED MONITORING
320,56.19979999999999,4,4,FIELD INSPECTION
320,42.018968750000006,5,5,REINFORCE / ALARM
320,26.83775833333334,3,3,ENHANCED MONITORING
320,61.78305208333334,4,4,FIELD INSPECTION
320,24.85424791666668,3,3,ENHANCED MONITORING
320,8.126812499999993,2,3,ENHANCED MONITORING
320,41.43456875,4,4,FIELD INSPECTION
320,22.695214583333314,3,3,ENHANCED MONITORING
320,21.628380208333322,3,3,ENHANCED MONITORING
320,53.285409375,4,4,FIELD INSPECTION
320,24.15875104166665,3,3,ENHANCED MONITORING
320,1.5868083333333327,1,3,ENHANCED MONITORING
320,41.47210833333333,4,4,FIELD INSPECTION
320,5.973866666666659,2,3,ENHANCED MONITORING
320,3.247681250000001,2,3,ENHANCED MONITORING
320,13.68571458333332,3,3,ENHANCED MONITORING
320,13.834858333333315,3,3,ENHANCED MONITORING
320,38.90013958333333,4,4,FIELD INSPECTION
320,39.36887708333335,4,4,FIELD INSPECTION
320,55.959343749999995,4,4,FIELD INSPECTION
320,56.678683333333346,4,4,FIELD INSPECTION
320,54.3005,4,4,FIELD INSPECTION
320,9.05819999999998,2,3,ENHANCED MONITORING
320,24.086208333333285,3,3,ENHANCED MONITORING
320,17.44474583333334,3,3,ENHANCED MONITORING
320,120.86934166666667,5,5,REINFORCE / ALARM
320,22.592741666666655,4,5,REINFORCE / ALARM
320,95.86797916666664,5,5,REINFORCE / ALARM
320,135.3028041666667,5,5,REINFORCE / ALARM
320,151.4996125,5,5,REINFORCE / ALARM
320,104.01305416666669,5,5,REINFORCE / ALARM
320,150.52967083333334,5,5,REINFORCE / ALARM
320,202.93087083333333,5,5,REINFORCE / ALARM
320,143.97952083333334,5,5,REINFORCE / ALARM
320,240.51509583333333,5,5,REINFORCE / ALARM
320,90.61649583333333,4,4,FIELD INSPECTION
320,3.84324166666665,2,3,ENHANCED MONITORING
320,3.383635416666658,2,3,ENHANCED MONITORING
320,31.475418750000014,4,4,FIELD INSPECTION
320,37.500014583333325,5,5,REINFORCE / ALARM
320,0.30437500000000267,1,3,ENHANCED MONITORING
320,7.268474999999995,2,3,ENHANCED MONITORING
320,79.782775,4,4,FIELD INSPECTION
320,64.21297916666667,4,4,FIELD INSPECTION
320,37.718149999999994,4,4,FIELD INSPECTION
320,19.14721666666666,3,3,ENHANCED MONITORING
327,83.13597291666667,4,4,FIELD INSPECTION
327,109.51513958333334,5,5,REINFORCE / ALARM
327,15.31412083333334,3,3,ENHANCED MONITORING
327,44.18916250000001,4,4,FIELD INSPECTION
327,30.885945833333338,4,3,ENHANCED MONITORING
327,37.99107291666667,4,4,FIELD INSPECTION
327,24.44435625,3,3,ENHANCED MONITORING
327,50.21223645833334,4,4,FIELD INSPECTION
327,69.21944062500002,4,4,FIELD INSPECTION
327,49.56391770833335,4,4,FIELD INSPECTION
327,3.56524583333335,2,3,ENHANCED MONITORING
327,10.349764583333329,3,3,ENHANCED MONITORING
327,30.824056250000023,4,4,FIELD INSPECTION
327,11.643358333333339,3,3,ENHANCED MONITORING
327,15.001629166666687,3,3,ENHANCED MONITORING
327,2.7505354166666542,2,3,ENHANCED MONITORING
327,6.790606249999997,2,3,ENHANCED MONITORING
327,59.47081666666668,4,4,FIELD INSPECTION
327,55.531189583333315,4,4,FIELD INSPECTION
327,59.09339166666667,4,4,FIELD INSPECTION
327,10.855027083333338,3,3,ENHANCED MONITORING
327,34.53337291666667,4,4,FIELD INSPECTION
327,33.78461041666665,4,4,FIELD INSPECTION
327,10.772845833333312,3,3,ENHANCED MONITORING
327,6.021552083333321,2,3,ENHANCED MONITORING
327,94.71744166666667,4,5,REINFORCE / ALARM
327,100.20735208333336,5,5,REINFORCE / ALARM
327,86.82093958333333,4,4,FIELD INSPECTION
327,183.1231604166667,5,5,REINFORCE / ALARM
327,5.298154166666646,2,3,ENHANCED MONITORING
327,25.733891666666675,3,3,ENHANCED MONITORING
327,16.449439583333383,3,3,ENHANCED MONITORING
327,9.080520833333365,2,3,ENHANCED MONITORING
327,44.88313750000003,4,4,FIELD INSPECTION
327,20.13947916666666,3,3,ENHANCED MONITORING
327,52.42757916666664,4,4,FIELD INSPECTION
327,25.351393749999996,3,3,ENHANCED MONITORING
327,37.05309062499999,4,4,FIELD INSPECTION
327,10.699288541666656,3,3,ENHANCED MONITORING
327,27.451073958333357,3,3,ENHANCED MONITORING
327,33.313843750000004,4,4,FIELD INSPECTION
327,30.43445625000001,4,3,ENHANCED MONITORING
327,68.27435625,4,4,FIELD INSPECTION
327,148.4599208333333,5,5,REINFORCE / ALARM
327,35.64129791666668,5,5,REINFORCE / ALARM
327,24.422035416666656,3,3,ENHANCED MONITORING
327,111.26529583333331,5,5,REINFORCE / ALARM
327,9.104870833333344,2,3,ENHANCED MONITORING
327,104.77399166666665,5,5,REINFORCE / ALARM
327,74.09299166666666,4,5,REINFORCE / ALARM
327,135.690375,5,5,REINFORCE / ALARM
327,60.47728333333334,4,4,FIELD INSPECTION
327,147.55897083333332,5,5,REINFORCE / ALARM
327,32.98410416666666,4,5,REINFORCE / ALARM
327,16.821791666666645,3,3,ENHANCED MONITORING
327,213.2775916666667,5,5,REINFORCE / ALARM
327,112.4340958333333,5,5,REINFORCE / ALARM
327,61.942341666666664,4,4,FIELD INSPECTION
327,44.14249166666667,5,5,REINFORCE / ALARM
327,8.447420833333327,2,3,ENHANCED MONITORING
327,33.519804166666695,4,4,FIELD INSPECTION
327,24.581325000000025,3,3,ENHANCED MONITORING
327,72.87143333333331,4,4,FIELD INSPECTION
327,6.1382291666666715,2,3,ENHANCED MONITORING
327,45.043441666666645,5,5,REINFORCE / ALARM
327,44.457012500000054,4,4,FIELD INSPECTION
327,100.89422499999999,5,5,REINFORCE / ALARM
327,73.87790000000001,5,5,REINFORCE / ALARM
327,135.69037500000002,5,5,REINFORCE / ALARM
327,118.46274999999999,5,5,REINFORCE / ALARM
327,19.810754166666683,3,3,ENHANCED MONITORING
327,34.366981249999995,4,4,FIELD INSPECTION
327,10.193518749999996,3,3,ENHANCED MONITORING
327,59.95477291666666,4,4,FIELD INSPECTION
327,20.146581249999976,3,3,ENHANCED MONITORING
327,19.052860416666636,3,3,ENHANCED MONITORING
327,81.97528958333329,4,4,FIELD INSPECTION
327,21.785133333333345,4,3,ENHANCED MONITORING
327,54.166574999999995,4,4,FIELD INSPECTION
327,32.848150000000004,4,4,FIELD INSPECTION
329,38.364439583333336,4,4,FIELD INSPECTION
329,78.06812916666668,4,4,FIELD INSPECTION
329,16.541766666666664,3,3,ENHANCED MONITORING
329,47.915727083333316,4,4,FIELD INSPECTION
329,63.62908645833332,4,4,FIELD INSPECTION
329,56.161753125,4,4,FIELD INSPECTION
329,0.8872531249999961,1,3,ENHANCED MONITORING
329,21.659832291666675,3,3,ENHANCED MONITORING
329,23.49216979166668,3,3,ENHANCED MONITORING
329,10.213303125000005,3,3,ENHANCED MONITORING
329,2.6054500000000047,2,3,ENHANCED MONITORING
329,7.158900000000007,2,3,ENHANCED MONITORING
329,6.651608333333338,2,3,ENHANCED MONITORING
329,23.621529166666658,4,3,ENHANCED MONITORING
329,20.69648541666666,3,3,ENHANCED MONITORING
329,39.96342291666667,4,4,FIELD INSPECTION
329,18.925022916666688,3,3,ENHANCED MONITORING
329,90.21066250000001,4,4,FIELD INSPECTION
329,124.70751041666665,5,5,REINFORCE / ALARM
329,88.98200208333333,4,4,FIELD INSPECTION
329,30.43496354166665,4,3,ENHANCED MONITORING
329,24.801996874999997,3,3,ENHANCED MONITORING
329,62.73320937500001,4,4,FIELD INSPECTION
329,1.5512979166666507,1,3,ENHANCED MONITORING
329,26.63889999999998,3,3,ENHANCED MONITORING
329,63.082733333333344,4,4,FIELD INSPECTION
329,7.434866666666679,2,3,ENHANCED MONITORING
329,11.316662500000012,3,3,ENHANCED MONITORING
329,30.419237500000005,4,4,FIELD INSPECTION
329,27.84726874999998,3,3,ENHANCED MONITORING
329,42.69569583333334,4,4,FIELD INSPECTION
329,32.38955833333332,4,4,FIELD INSPECTION
329,16.198837499999982,3,3,ENHANCED MONITORING
329,9.583754166666678,2,3,ENHANCED MONITORING
329,38.78955,4,4,FIELD INSPECTION
329,39.63774166666668,5,5,REINFORCE / ALARM
329,19.664654166666654,3,3,ENHANCED MONITORING
329,49.505071875000006,4,4,FIELD INSPECTION
329,31.46172187499999,4,4,FIELD INSPECTION
329,12.857307291666652,3,3,ENHANCED MONITORING
329,48.85421666666667,4,4,FIELD INSPECTION
329,26.13363750000001,3,3,ENHANCED MONITORING
329,12.926806250000011,3,3,ENHANCED MONITORING
329,20.396168750000008,3,3,ENHANCED MONITORING
329,5.137849999999992,2,3,ENHANCED MONITORING
329,4.782745833333324,2,3,ENHANCED MONITORING
329,55.16289583333335,4,4,FIELD INSPECTION
329,62.80067916666669,4,4,FIELD INSPECTION
329,57.98140833333334,4,4,FIELD INSPECTION
329,3.176660416666652,2,3,ENHANCED MONITORING
329,0.5316416666666527,1,3,ENHANCED MONITORING
329,1.0379187499999958,1,3,ENHANCED MONITORING
329,50.80931874999999,4,4,FIELD INSPECTION
329,67.21513125,4,4,FIELD INSPECTION
329,51.69910833333331,4,4,FIELD INSPECTION
329,54.51356250000001,4,4,FIELD INSPECTION
329,12.438791666666654,3,3,ENHANCED MONITORING
329,35.60172916666667,4,4,FIELD INSPECTION
329,12.304866666666646,3,3,ENHANCED MONITORING
329,40.23025833333333,5,5,REINFORCE / ALARM
329,61.53244999999998,4,4,FIELD INSPECTION
329,79.2653375,4,4,FIELD INSPECTION
329,98.78592083333336,5,5,REINFORCE / ALARM
329,10.85807083333332,4,3,ENHANCED MONITORING
329,6.33708750000002,2,3,ENHANCED MONITORING
329,94.98529166666668,4,4,FIELD INSPECTION
329,116.4477875,5,5,REINFORCE / ALARM
329,27.288233333333363,4,5,REINFORCE / ALARM
329,3.2060833333333343,2,3,ENHANCED MONITORING
329,130.92183333333332,5,5,REINFORCE / ALARM
329,11.288254166666656,4,3,ENHANCED MONITORING
329,4.720856250000016,2,3,ENHANCED MONITORING
329,42.43697708333335,5,5,REINFORCE / ALARM
329,53.747552083333325,5,5,REINFORCE / ALARM
329,61.33257708333334,4,4,FIELD INSPECTION
329,30.166606250000033,4,3,ENHANCED MONITORING
329,24.880627083333366,3,3,ENHANCED MONITORING
329,79.2673666666667,5,5,REINFORCE / ALARM
329,165.97568750000002,5,5,REINFORCE / ALARM
329,53.80741249999996,5,5,REINFORCE / ALARM
332,27.46274166666667,4,5,REINFORCE / ALARM
332,31.14162083333331,4,4,FIELD INSPECTION
332,60.78064375,4,4,FIELD INSPECTION
332,9.72782499999999,2,3,ENHANCED MONITORING
332,4.256684375000002,2,3,ENHANCED MONITORING
332,12.982101041666654,3,3,ENHANCED MONITORING
332,74.415121875,5,5,REINFORCE / ALARM
332,127.25259270833332,5,5,REINFORCE / ALARM
332,135.110540625,5,5,REINFORCE / ALARM
332,38.82049479166667,4,4,FIELD INSPECTION
332,63.79497083333334,4,4,FIELD INSPECTION
332,47.06956458333334,4,4,FIELD INSPECTION
332,55.2927625,4,4,FIELD INSPECTION
332,10.90068333333334,3,3,ENHANCED MONITORING
332,10.212795833333338,3,3,ENHANCED MONITORING
332,36.04510208333335,4,4,FIELD INSPECTION
332,14.163583333333344,3,3,ENHANCED MONITORING
332,14.385777083333329,3,3,ENHANCED MONITORING
332,27.153293750000014,3,3,ENHANCED MONITORING
332,58.013875000000006,4,4,FIELD INSPECTION
332,81.68613333333333,4,4,FIELD INSPECTION
332,103.7127375,5,5,REINFORCE / ALARM
332,84.82525416666665,4,4,FIELD INSPECTION
332,98.77476041666667,4,5,REINFORCE / ALARM
332,66.88742083333334,4,4,FIELD INSPECTION
332,105.91133958333334,5,5,REINFORCE / ALARM
332,53.356937499999994,5,5,REINFORCE / ALARM
332,84.19215416666667,5,5,REINFORCE / ALARM
332,173.75449791666665,5,5,REINFORCE / ALARM
332,185.33698125,5,5,REINFORCE / ALARM
332,5.061756250000002,3,3,ENHANCED MONITORING
332,36.76951458333333,4,4,FIELD INSPECTION
332,52.43468125000001,4,4,FIELD INSPECTION
332,24.320577083333344,3,3,ENHANCED MONITORING
332,12.394149999999991,3,3,ENHANCED MONITORING
332,48.949587499999986,4,5,REINFORCE / ALARM
332,29.007952083333333,4,5,REINFORCE / ALARM
332,35.14009375,4,4,FIELD INSPECTION
332,83.96285833333333,4,4,FIELD INSPECTION
332,18.81544791666668,3,3,ENHANCED MONITORING
332,50.45827291666666,4,4,FIELD INSPECTION
332,19.84220625,3,3,ENHANCED MONITORING
332,60.48489270833335,4,4,FIELD INSPECTION
332,52.42910104166666,4,4,FIELD INSPECTION
332,85.03983854166667,4,4,FIELD INSPECTION
332,99.07203333333332,4,5,REINFORCE / ALARM
332,53.64812291666667,4,4,FIELD INSPECTION
332,15.62255416666666,3,3,ENHANCED MONITORING
332,104.10639583333334,5,5,REINFORCE / ALARM
332,14.047920833333345,4,5,REINFORCE / ALARM
332,8.843108333333353,2,3,ENHANCED MONITORING
332,51.604752083333274,5,5,REINFORCE / ALARM
332,164.3087270833333,5,5,REINFORCE / ALARM
332,201.17056874999994,5,5,REINFORCE / ALARM
332,30.38271249999997,5,5,REINFORCE / ALARM
332,210.96637083333334,5,5,REINFORCE / ALARM
332,181.0686291666666,5,5,REINFORCE / ALARM
332,101.21280416666669,5,5,REINFORCE / ALARM
332,156.753125,5,5,REINFORCE / ALARM
332,7.000624999999995,3,3,ENHANCED MONITORING
332,58.47652500000002,5,5,REINFORCE / ALARM
332,90.71795416666669,5,5,REINFORCE / ALARM
332,120.2403,5,5,REINFORCE / ALARM
332,154.11520833333336,5,5,REINFORCE / ALARM
332,135.14249999999998,5,5,REINFORCE / ALARM
332,128.54365000000004,5,5,REINFORCE / ALARM
332,106.65705833333334,5,4,FIELD INSPECTION
332,169.4374458333333,5,5,REINFORCE / ALARM
332,49.71052500000004,5,5,REINFORCE / ALARM
332,128.37117083333337,5,5,REINFORCE / ALARM
332,89.55930000000001,4,4,FIELD INSPECTION
332,97.40304375000001,5,5,REINFORCE / ALARM
332,23.01379375,3,3,ENHANCED MONITORING
332,26.65411875,4,5,REINFORCE / ALARM
332,45.65726458333335,4,4,FIELD INSPECTION
332,115.31246875,5,5,REINFORCE / ALARM
332,6.364481250000011,3,3,ENHANCED MONITORING
332,94.49220416666667,5,5,REINFORCE / ALARM
332,3.2263750000000093,2,3,ENHANCED MONITORING
332,7.266445833333336,3,3,ENHANCED MONITORING
337,76.94802916666667,4,4,FIELD INSPECTION
337,64.99420833333332,4,4,FIELD INSPECTION
337,15.829529166666683,3,3,ENHANCED MONITORING
337,13.126679166666682,3,3,ENHANCED MONITORING
337,29.49444479166667,3,3,ENHANCED MONITORING
337,43.95834479166666,4,4,FIELD INSPECTION
337,5.7734864583333225,2,3,ENHANCED MONITORING
337,26.42989583333332,3,3,ENHANCED MONITORING
337,15.815325000000017,3,3,ENHANCED MONITORING
337,12.196306249999997,3,3,ENHANCED MONITORING
337,13.947477083333345,3,3,ENHANCED MONITORING
337,3.114770833333336,2,3,ENHANCED MONITORING
337,14.814945833333317,3,3,ENHANCED MONITORING
337,4.327197916666657,2,3,ENHANCED MONITORING
337,46.98129583333334,4,4,FIELD INSPECTION
337,16.027372916666675,3,3,ENHANCED MONITORING
337,69.06065833333332,4,4,FIELD INSPECTION
337,126.28214375,5,5,REINFORCE / ALARM
337,117.91487500000001,5,5,REINFORCE / ALARM
337,85.56488541666666,4,4,FIELD INSPECTION
337,46.546546875,4,4,FIELD INSPECTION
337,36.73755520833333,4,4,FIELD INSPECTION
337,62.32636145833334,4,4,FIELD INSPECTION
337,3.1066541666666674,3,3,ENHANCED MONITORING
337,55.137531249999995,4,4,FIELD INSPECTION
337,115.32565833333331,5,5,REINFORCE / ALARM
337,13.00391458333334,4,3,ENHANCED MONITORING
337,10.938222916666666,3,3,ENHANCED MONITORING
337,85.56082708333332,4,4,FIELD INSPECTION
337,1.1008229166666723,1,3,ENHANCED MONITORING
337,24.844102083333325,3,3,ENHANCED MONITORING
337,31.923864583333337,4,4,FIELD INSPECTION
337,23.204535416666662,3,3,ENHANCED MONITORING
337,51.93246249999999,4,4,FIELD INSPECTION
337,38.03267083333333,4,4,FIELD INSPECTION
337,52.83645625,4,4,FIELD INSPECTION
337,66.12952708333334,4,4,FIELD INSPECTION
337,81.63286770833334,4,4,FIELD INSPECTION
337,52.83899270833334,4,4,FIELD INSPECTION
337,16.153688541666657,3,3,ENHANCED MONITORING
337,40.84611041666667,4,4,FIELD INSPECTION
337,0.3591625000000107,1,3,ENHANCED MONITORING
337,9.880012499999996,2,3,ENHANCED MONITORING
337,12.738093750000004,3,3,ENHANCED MONITORING
337,59.74069583333332,5,5,REINFORCE / ALARM
337,20.010627083333343,4,3,ENHANCED MONITORING
337,9.448814583333338,2,3,ENHANCED MONITORING
337,118.68697291666666,5,5,REINFORCE / ALARM
337,22.52780833333331,3,3,ENHANCED MONITORING
337,30.338070833333365,4,4,FIELD INSPECTION
337,32.59450416666669,4,4,FIELD INSPECTION
337,47.829487500000006,4,4,FIELD INSPECTION
337,96.83386250000005,4,4,FIELD INSPECTION
337,94.8615125,4,5,REINFORCE / ALARM
337,28.643716666666663,3,4,FIELD INSPECTION
337,20.24296666666667,3,3,ENHANCED MONITORING
337,11.444499999999968,4,3,ENHANCED MONITORING
337,39.73717083333332,5,5,REINFORCE / ALARM
337,9.033849999999992,2,3,ENHANCED MONITORING
337,112.44221249999998,5,5,REINFORCE / ALARM
337,37.79931666666667,4,4,FIELD INSPECTION
337,8.396691666666669,2,3,ENHANCED MONITORING
337,72.6421375,5,5,REINFORCE / ALARM
337,62.45369166666666,5,5,REINFORCE / ALARM
337,84.45797499999999,4,4,FIELD INSPECTION
337,162.47943333333333,5,5,REINFORCE / ALARM
337,156.7145708333333,5,5,REINFORCE / ALARM
337,15.31817916666669,4,5,REINFORCE / ALARM
337,52.98965833333333,4,4,FIELD INSPECTION
337,99.67672499999998,4,5,REINFORCE / ALARM
337,41.994618750000015,4,4,FIELD INSPECTION
337,17.560408333333314,3,3,ENHANCED MONITORING
337,61.70695833333334,4,5,REINFORCE / ALARM
337,39.61237708333334,5,5,REINFORCE / ALARM
337,17.841447916666684,3,3,ENHANCED MONITORING
337,75.38049791666664,4,4,FIELD INSPECTION
337,28.253102083333335,3,3,ENHANCED MONITORING
337,60.95616666666668,4,4,FIELD INSPECTION
337,63.63060833333332,5,5,REINFORCE / ALARM
337,1.116041666666651,1,3,ENHANCED MONITORING
347,30.95189375,4,4,FIELD INSPECTION
347,3.8544020833333263,2,3,ENHANCED MONITORING
347,52.46004583333333,4,4,FIELD INSPECTION
347,68.48031666666667,4,4,FIELD INSPECTION
347,48.64876354166666,4,4,FIELD INSPECTION
347,37.577630208333325,4,4,FIELD INSPECTION
347,18.733773958333327,3,3,ENHANCED MONITORING
347,3.4663239583333376,2,3,ENHANCED MONITORING
347,10.592757291666679,3,3,ENHANCED MONITORING
347,4.408871875000006,2,3,ENHANCED MONITORING
347,57.25801041666666,4,4,FIELD INSPECTION
347,43.472866666666675,4,4,FIELD INSPECTION
347,12.264283333333319,3,3,ENHANCED MONITORING
347,14.811902083333328,4,3,ENHANCED MONITORING
347,41.35948958333334,4,4,FIELD INSPECTION
347,79.32519791666665,4,4,FIELD INSPECTION
347,7.2562999999999915,2,3,ENHANCED MONITORING
347,26.124506250000014,3,3,ENHANCED MONITORING
347,52.53715416666665,4,4,FIELD INSPECTION
347,36.92981874999999,4,4,FIELD INSPECTION
347,9.10334895833333,2,3,ENHANCED MONITORING
347,2.4243468749999906,2,3,ENHANCED MONITORING
347,10.321863541666671,3,3,ENHANCED MONITORING
347,2.8083666666666627,2,3,ENHANCED MONITORING
347,22.39997083333334,3,3,ENHANCED MONITORING
347,94.36538125,4,4,FIELD INSPECTION
347,108.00746875,5,5,REINFORCE / ALARM
347,27.129958333333338,4,5,REINFORCE / ALARM
347,49.83328958333333,4,4,FIELD INSPECTION
347,56.07906458333334,4,4,FIELD INSPECTION
347,15.527183333333333,3,3,ENHANCED MONITORING
347,0.972985416666674,1,3,ENHANCED MONITORING
347,30.310677083333335,4,3,ENHANCED MONITORING
347,0.19479999999999129,1,3,ENHANCED MONITORING
347,15.726041666666669,3,3,ENHANCED MONITORING
347,19.34911875,3,3,ENHANCED MONITORING
347,19.46478124999999,3,3,ENHANCED MONITORING
347,3.3851572916666632,2,3,ENHANCED MONITORING
347,58.95185729166665,4,4,FIELD INSPECTION
347,33.99818020833333,4,4,FIELD INSPECTION
347,38.790564583333335,4,4,FIELD INSPECTION
347,9.774495833333338,2,3,ENHANCED MONITORING
347,34.07224479166666,4,4,FIELD INSPECTION
347,52.744636458333325,4,4,FIELD INSPECTION
347,47.93551145833334,4,4,FIELD INSPECTION
347,16.90600208333333,3,3,ENHANCED MONITORING
347,18.347725,3,3,ENHANCED MONITORING
347,10.195547916666667,3,3,ENHANCED MONITORING
347,11.274049999999994,3,3,ENHANCED MONITORING
347,38.79868125000001,4,4,FIELD INSPECTION
347,113.90524166666667,5,5,REINFORCE / ALARM
347,85.14687708333334,5,5,REINFORCE / ALARM
347,14.793639583333336,4,3,ENHANCED MONITORING
347,68.73091874999999,5,5,REINFORCE / ALARM
347,56.8146375,5,5,REINFORCE / ALARM
347,58.657120833333295,5,5,REINFORCE / ALARM
347,84.69335833333331,4,4,FIELD INSPECTION
347,152.91799999999998,5,5,REINFORCE / ALARM
347,84.99773333333333,4,4,FIELD INSPECTION
347,39.041166666666676,5,5,REINFORCE / ALARM
347,12.538220833333327,3,3,ENHANCED MONITORING
347,2.4471750000000063,3,3,ENHANCED MONITORING
347,10.358895833333335,3,3,ENHANCED MONITORING
347,3.684966666666668,2,3,ENHANCED MONITORING
347,89.59582499999999,4,4,FIELD INSPECTION
347,12.927820833333328,3,3,ENHANCED MONITORING
347,156.6009375,5,5,REINFORCE / ALARM
347,97.03069166666664,5,5,REINFORCE / ALARM
347,42.13970416666666,4,4,FIELD INSPECTION
347,122.25323333333334,5,5,REINFORCE / ALARM
347,55.94615416666667,4,4,FIELD INSPECTION
347,74.91987708333335,4,4,FIELD INSPECTION
347,28.80097708333334,3,4,FIELD INSPECTION
347,13.996177083333341,3,3,ENHANCED MONITORING
347,10.998083333333332,3,3,ENHANCED MONITORING
347,39.315104166666664,4,4,FIELD INSPECTION
347,16.101437500000003,3,3,ENHANCED MONITORING
347,39.74731666666666,4,4,FIELD INSPECTION
347,107.95572499999999,5,5,REINFORCE / ALARM
347,29.682649999999985,4,5,REINFORCE / ALARM
353,2.335570833333333,2,3,ENHANCED MONITORING
353,69.93827291666666,4,4,FIELD INSPECTION
353,68.93180625000001,4,4,FIELD INSPECTION
353,25.001362500000003,3,3,ENHANCED MONITORING
353,17.131239583333336,3,3,ENHANCED MONITORING
353,38.028612499999994,4,4,FIELD INSPECTION
353,27.066039583333335,3,3,ENHANCED MONITORING
353,7.619520833333335,2,3,ENHANCED MONITORING
353,34.86006875,4,4,FIELD INSPECTION
353,21.128697916666663,3,3,ENHANCED MONITORING
353,69.96769583333334,4,4,FIELD INSPECTION
353,21.59946458333333,3,3,ENHANCED MONITORING
353,0.4494604166666652,1,3,ENHANCED MONITORING
353,31.610358333333338,4,4,FIELD INSPECTION
353,4.039056249999999,2,3,ENHANCED MONITORING
353,23.085829166666667,3,3,ENHANCED MONITORING
353,2.430941666666669,2,3,ENHANCED MONITORING
353,23.96445833333333,3,3,ENHANCED MONITORING
353,21.239287500000003,3,3,ENHANCED MONITORING
353,11.229408333333334,3,3,ENHANCED MONITORING
353,24.31753333333333,3,3,ENHANCED MONITORING
353,3.761060416666666,2,3,ENHANCED MONITORING
353,34.48974583333333,4,3,ENHANCED MONITORING
353,34.52931458333333,4,4,FIELD INSPECTION
353,35.59665625,4,4,FIELD INSPECTION
353,7.959406250000001,2,3,ENHANCED MONITORING
353,28.623424999999997,3,3,ENHANCED MONITORING
353,2.51718125,2,3,ENHANCED MONITORING
353,22.47809375,3,3,ENHANCED MONITORING
353,5.0404500000000025,2,3,ENHANCED MONITORING
353,16.406827083333337,3,3,ENHANCED MONITORING
353,29.4817625,3,3,ENHANCED MONITORING
353,33.83026666666667,4,4,FIELD INSPECTION
353,35.93248333333333,4,4,FIELD INSPECTION
353,44.53615,4,4,FIELD INSPECTION
353,32.95975416666667,4,4,FIELD INSPECTION
353,22.53896875,3,3,ENHANCED MONITORING
353,3.4734260416666682,2,3,ENHANCED MONITORING
353,0.3850343750000024,1,3,ENHANCED MONITORING
353,10.902205208333335,3,3,ENHANCED MONITORING
353,40.780162499999996,4,4,FIELD INSPECTION
353,30.538958333333337,4,4,FIELD INSPECTION
353,27.729069791666664,3,3,ENHANCED MONITORING
353,45.74806979166667,4,4,FIELD INSPECTION
353,45.43456354166668,4,4,FIELD INSPECTION
353,12.239933333333346,3,3,ENHANCED MONITORING
353,6.983377083333328,2,3,ENHANCED MONITORING
353,8.083185416666664,2,3,ENHANCED MONITORING
353,6.595806249999995,2,3,ENHANCED MONITORING
353,13.701947916666661,3,3,ENHANCED MONITORING
353,27.134016666666668,3,3,ENHANCED MONITORING
353,32.459564583333325,4,4,FIELD INSPECTION
353,23.63066041666667,3,3,ENHANCED MONITORING
353,83.79748124999999,4,4,FIELD INSPECTION
353,62.19192916666668,4,4,FIELD INSPECTION
353,65.29858333333334,4,4,FIELD INSPECTION
353,9.281408333333347,2,3,ENHANCED MONITORING
353,33.76736250000001,4,4,FIELD INSPECTION
353,60.6741125,4,4,FIELD INSPECTION
353,41.40108750000002,5,5,REINFORCE / ALARM
353,23.923875,3,3,ENHANCED MONITORING
353,162.22781666666666,5,5,REINFORCE / ALARM
353,79.90452499999999,4,4,FIELD INSPECTION
353,135.5828291666667,5,5,REINFORCE / ALARM
353,70.21119583333335,4,4,FIELD INSPECTION
353,59.23746250000004,4,4,FIELD INSPECTION
353,54.410075000000006,5,5,REINFORCE / ALARM
353,26.500916666666683,4,5,REINFORCE / ALARM
353,37.21897500000002,4,4,FIELD INSPECTION
353,97.7266958333333,4,4,FIELD INSPECTION
353,11.92845625000001,3,3,ENHANCED MONITORING
353,18.498897916666664,3,3,ENHANCED MONITORING
353,55.878177083333334,4,4,FIELD INSPECTION
353,31.89241250000002,4,4,FIELD INSPECTION
353,8.19580416666667,2,3,ENHANCED MONITORING
353,1.4711458333333667,1,3,ENHANCED MONITORING
353,92.80190833333332,4,4,FIELD INSPECTION
353,136.84902916666667,5,5,REINFORCE / ALARM
353,99.287125,4,5,REINFORCE / ALARM
353,89.88599583333333,4,4,FIELD INSPECTION
355,223.04092708333334,5,5,REINFORCE / ALARM
355,71.98773125000001,4,4,FIELD INSPECTION
355,54.37557916666663,4,4,FIELD INSPECTION
355,25.960143749999975,3,3,ENHANCED MONITORING
355,14.15242291666666,3,3,ENHANCED MONITORING
355,18.323374999999974,3,3,ENHANCED MONITORING
355,3.6849666666666554,2,3,ENHANCED MONITORING
355,21.54214062499999,3,3,ENHANCED MONITORING
355,0.40735520833331407,1,3,ENHANCED MONITORING
355,7.866571874999984,2,3,ENHANCED MONITORING
355,20.862877083333355,3,3,ENHANCED MONITORING
355,11.738729166666667,3,3,ENHANCED MONITORING
355,26.47656666666667,3,3,ENHANCED MONITORING
355,25.437633333333306,3,3,ENHANCED MONITORING
355,32.96888541666667,4,4,FIELD INSPECTION
355,0.2840833333333202,1,3,ENHANCED MONITORING
355,96.55688125,5,5,REINFORCE / ALARM
355,114.38311041666668,5,5,REINFORCE / ALARM
355,113.55723958333333,5,5,REINFORCE / ALARM
355,7.367904166666688,2,3,ENHANCED MONITORING
355,20.740619791666685,3,3,ENHANCED MONITORING
355,16.62546979166665,3,3,ENHANCED MONITORING
355,14.074807291666682,3,3,ENHANCED MONITORING
355,5.37526249999998,2,3,ENHANCED MONITORING
355,30.62316875,4,4,FIELD INSPECTION
355,61.544624999999996,5,5,REINFORCE / ALARM
355,23.398320833333344,4,5,REINFORCE / ALARM
355,16.588437500000015,3,3,ENHANCED MONITORING
355,67.66763541666663,5,5,REINFORCE / ALARM
355,19.74379166666665,3,3,ENHANCED MONITORING
355,31.07871666666669,4,4,FIELD INSPECTION
355,9.57563750000003,2,3,ENHANCED MONITORING
355,3.294352083333333,2,3,ENHANCED MONITORING
355,19.516525000000005,3,3,ENHANCED MONITORING
355,65.02667500000003,4,4,FIELD INSPECTION
355,39.480481249999976,5,5,REINFORCE / ALARM
355,60.44481666666666,4,4,FIELD INSPECTION
355,81.73432604166668,4,4,FIELD INSPECTION
355,7.452621874999989,2,3,ENHANCED MONITORING
355,19.41253020833334,3,3,ENHANCED MONITORING
355,32.54478958333336,4,4,FIELD INSPECTION
355,23.026983333333337,3,3,ENHANCED MONITORING
355,1.2834479166666668,1,3,ENHANCED MONITORING
355,57.53904999999998,4,4,FIELD INSPECTION
355,12.532133333333329,4,3,ENHANCED MONITORING
355,10.283816666666675,3,3,ENHANCED MONITORING
355,67.92736875,4,4,FIELD INSPECTION
355,9.797831250000021,2,3,ENHANCED MONITORING
355,163.3824125,5,5,REINFORCE / ALARM
355,132.5573416666667,5,5,REINFORCE / ALARM
355,148.8698125,5,5,REINFORCE / ALARM
355,25.43864791666667,3,3,ENHANCED MONITORING
355,3.980210416666655,2,3,ENHANCED MONITORING
355,6.918443749999987,2,3,ENHANCED MONITORING
355,30.589687500000007,4,3,ENHANCED MONITORING
355,59.170500000000004,5,5,REINFORCE / ALARM
355,14.281274999999956,4,3,ENHANCED MONITORING
355,87.91161666666665,5,5,REINFORCE / ALARM
355,151.54831249999998,5,5,REINFORCE / ALARM
355,109.94024999999998,5,5,REINFORCE / ALARM
355,71.55044583333331,4,4,FIELD INSPECTION
355,104.93226666666664,5,5,REINFORCE / ALARM
355,109.52832916666667,5,5,REINFORCE / ALARM
355,41.571537500000005,4,4,FIELD INSPECTION
355,14.522745833333369,3,3,ENHANCED MONITORING
355,1.722762500000022,1,3,ENHANCED MONITORING
355,211.26059999999998,5,5,REINFORCE / ALARM
355,63.08476250000003,5,5,REINFORCE / ALARM
355,83.86342916666672,4,4,FIELD INSPECTION
355,142.95682083333335,5,5,REINFORCE / ALARM
355,43.24965833333335,4,4,FIELD INSPECTION
355,89.79265416666671,4,4,FIELD INSPECTION
355,13.834858333333349,4,3,ENHANCED MONITORING
355,31.45005416666667,4,4,FIELD INSPECTION
355,26.468450000000015,3,3,ENHANCED MONITORING
355,7.264416666666676,3,3,ENHANCED MONITORING
355,16.42610416666666,3,3,ENHANCED MONITORING
355,14.307654166666694,3,3,ENHANCED MONITORING
355,83.33990416666659,4,4,FIELD INSPECTION
355,117.31018333333338,5,5,REINFORCE / ALARM
362,11.200999999999999,3,3,ENHANCED MONITORING
362,13.429025000000001,3,3,ENHANCED MONITORING
362,23.637762499999994,3,3,ENHANCED MONITORING
362,4.2602354166666645,2,3,ENHANCED MONITORING
362,9.70753333333333,2,3,ENHANCED MONITORING
362,9.983499999999998,2,3,ENHANCED MONITORING
362,2.5709541666666653,2,3,ENHANCED MONITORING
362,6.442604166666666,2,3,ENHANCED MONITORING
362,13.167262499999998,3,3,ENHANCED MONITORING
362,13.872397916666666,3,3,ENHANCED MONITORING
362,21.41278125,3,3,ENHANCED MONITORING
362,11.17360625,3,3,ENHANCED MONITORING
362,14.150393749999997,3,3,ENHANCED MONITORING
362,5.429035416666665,2,3,ENHANCED MONITORING
362,7.695614583333331,2,3,ENHANCED MONITORING
362,7.0300479166666685,2,3,ENHANCED MONITORING
362,4.791877083333337,2,3,ENHANCED MONITORING
362,5.0404500000000025,2,3,ENHANCED MONITORING
362,2.7383604166666635,2,3,ENHANCED MONITORING
362,15.239041666666665,3,3,ENHANCED MONITORING
362,0.7944187500000032,1,3,ENHANCED MONITORING
362,1.9764083333333342,1,3,ENHANCED MONITORING
362,3.4810354166666713,2,3,ENHANCED MONITORING
362,6.6861041666666665,2,3,ENHANCED MONITORING
362,45.34477291666667,4,4,FIELD INSPECTION
362,34.99399375000001,4,4,FIELD INSPECTION
362,9.403158333333334,2,3,ENHANCED MONITORING
362,69.70086041666667,4,4,FIELD INSPECTION
362,47.029995833333324,4,4,FIELD INSPECTION
362,99.18059375,4,5,REINFORCE / ALARM
362,44.222643749999996,4,4,FIELD INSPECTION
362,58.71799583333333,4,4,FIELD INSPECTION
362,4.527070833333325,2,3,ENHANCED MONITORING
362,10.740379166666669,3,3,ENHANCED MONITORING
362,9.795802083333337,2,3,ENHANCED MONITORING
362,37.5781375,4,4,FIELD INSPECTION
362,20.620391666666666,4,3,ENHANCED MONITORING
362,43.17965208333334,4,4,FIELD INSPECTION
362,92.22359583333333,4,5,REINFORCE / ALARM
362,0.4930874999999979,1,3,ENHANCED MONITORING
362,0.8045645833333346,1,3,ENHANCED MONITORING
362,22.676952083333344,3,3,ENHANCED MONITORING
362,6.634867708333338,2,3,ENHANCED MONITORING
362,10.460861458333333,3,3,ENHANCED MONITORING
362,9.764857291666667,2,3,ENHANCED MONITORING
362,6.4598520833333355,2,3,ENHANCED MONITORING
362,2.3700666666666756,2,3,ENHANCED MONITORING
362,19.878731249999998,3,3,ENHANCED MONITORING
362,24.11563124999999,3,3,ENHANCED MONITORING
362,4.4570645833333264,2,3,ENHANCED MONITORING
362,4.155733333333345,2,3,ENHANCED MONITORING
362,11.314633333333347,3,3,ENHANCED MONITORING
362,47.279583333333335,4,4,FIELD INSPECTION
362,64.48691666666663,4,4,FIELD INSPECTION
362,8.966887499999993,3,3,ENHANCED MONITORING
362,35.41504583333335,4,4,FIELD INSPECTION
362,45.69683333333332,4,4,FIELD INSPECTION
362,18.544554166666668,3,3,ENHANCED MONITORING
362,65.3006125,5,5,REINFORCE / ALARM
362,7.826495833333335,3,3,ENHANCED MONITORING
362,99.56512083333331,4,5,REINFORCE / ALARM
362,63.94107083333333,5,5,REINFORCE / ALARM
362,41.12917916666666,4,4,FIELD INSPECTION
362,59.89288333333331,4,4,FIELD INSPECTION
362,15.805179166666667,3,3,ENHANCED MONITORING
362,69.84391666666667,4,4,FIELD INSPECTION
362,14.597825,3,3,ENHANCED MONITORING
362,5.959662499999983,2,3,ENHANCED MONITORING
362,6.943808333333337,2,3,ENHANCED MONITORING
362,7.057441666666655,2,3,ENHANCED MONITORING
362,40.743637500000006,4,4,FIELD INSPECTION
362,14.978293749999997,3,3,ENHANCED MONITORING
362,18.056539583333333,3,3,ENHANCED MONITORING
362,49.39904791666667,4,4,FIELD INSPECTION
362,73.41119166666668,4,4,FIELD INSPECTION
362,19.49826250000002,3,3,ENHANCED MONITORING
362,9.896245833333333,2,3,ENHANCED MONITORING
362,23.627616666666682,3,3,ENHANCED MONITORING
362,26.050441666666654,3,3,ENHANCED MONITORING
362,8.214066666666662,2,3,ENHANCED MONITORING
364,132.75315625,5,5,REINFORCE / ALARM
364,166.1704875,5,5,REINFORCE / ALARM
364,57.89516874999998,4,4,FIELD INSPECTION
364,36.23990208333333,4,4,FIELD INSPECTION
364,21.840428125000013,3,3,ENHANCED MONITORING
364,4.922251041666676,2,3,ENHANCED MONITORING
364,25.703961458333353,3,3,ENHANCED MONITORING
364,25.215439583333353,3,3,ENHANCED MONITORING
364,21.82673124999999,3,3,ENHANCED MONITORING
364,9.82725416666669,2,3,ENHANCED MONITORING
364,49.48630208333331,4,4,FIELD INSPECTION
364,18.606443749999993,3,3,ENHANCED MONITORING
364,47.67932916666666,4,4,FIELD INSPECTION
364,13.802391666666656,3,3,ENHANCED MONITORING
364,28.024820833333337,3,3,ENHANCED MONITORING
364,44.84965625,4,4,FIELD INSPECTION
364,82.32836458333333,4,4,FIELD INSPECTION
364,20.840556249999988,3,3,ENHANCED MONITORING
364,30.928558333333328,4,4,FIELD INSPECTION
364,47.74832083333333,4,4,FIELD INSPECTION
364,27.14314791666665,3,3,ENHANCED MONITORING
364,29.46552916666666,3,3,ENHANCED MONITORING
364,51.97000208333333,4,4,FIELD INSPECTION
364,0.04667083333332774,1,3,ENHANCED MONITORING
364,37.328550000000014,4,4,FIELD INSPECTION
364,85.96564583333334,4,4,FIELD INSPECTION
364,75.02539374999999,4,4,FIELD INSPECTION
364,30.704335416666655,4,3,ENHANCED MONITORING
364,9.792758333333326,2,3,ENHANCED MONITORING
364,36.58384583333332,4,4,FIELD INSPECTION
364,21.73136041666666,3,3,ENHANCED MONITORING
364,9.444756250000012,2,3,ENHANCED MONITORING
364,50.95034583333332,4,4,FIELD INSPECTION
364,107.08419791666667,5,5,REINFORCE / ALARM
364,99.19885625,4,4,FIELD INSPECTION
364,78.39482499999995,4,4,FIELD INSPECTION
364,13.58527083333332,3,3,ENHANCED MONITORING
364,9.783627083333348,2,3,ENHANCED MONITORING
364,7.733154166666665,2,3,ENHANCED MONITORING
364,8.406837500000014,2,3,ENHANCED MONITORING
364,52.82935416666667,4,4,FIELD INSPECTION
364,44.98053750000006,4,4,FIELD INSPECTION
364,73.10326562499999,4,4,FIELD INSPECTION
364,67.08678645833335,4,4,FIELD INSPECTION
364,56.64570937499996,4,4,FIELD INSPECTION
364,3.012297916666673,2,3,ENHANCED MONITORING
364,30.578527083333327,4,4,FIELD INSPECTION
364,32.026337499999975,4,4,FIELD INSPECTION
364,3.112741666666693,2,3,ENHANCED MONITORING
364,51.8736166666666,4,4,FIELD INSPECTION
364,8.203920833333319,2,3,ENHANCED MONITORING
364,38.16456666666668,4,4,FIELD INSPECTION
364,101.61660833333326,5,5,REINFORCE / ALARM
364,58.864095833333344,4,4,FIELD INSPECTION
364,18.481650000000034,3,3,ENHANCED MONITORING
364,3.8067166666665884,2,3,ENHANCED MONITORING
364,44.49759583333336,4,4,FIELD INSPECTION
364,50.270575000000065,4,4,FIELD INSPECTION
364,48.54172500000004,4,4,FIELD INSPECTION
364,124.80592499999996,5,5,REINFORCE / ALARM
364,247.3270083333334,5,5,REINFORCE / ALARM
364,146.93601666666666,5,5,REINFORCE / ALARM
364,14.73986666666663,3,3,ENHANCED MONITORING
364,79.59609166666672,4,4,FIELD INSPECTION
364,42.39740833333329,5,5,REINFORCE / ALARM
364,14.187933333333282,4,3,ENHANCED MONITORING
364,213.48659583333344,5,5,REINFORCE / ALARM
364,170.98164166666672,5,5,REINFORCE / ALARM
364,224.33249166666664,5,5,REINFORCE / ALARM
364,76.89527083333326,4,4,FIELD INSPECTION
364,49.37165416666665,4,4,FIELD INSPECTION
364,50.59219791666673,4,4,FIELD INSPECTION
364,58.485656249999984,4,4,FIELD INSPECTION
364,120.7831020833333,5,5,REINFORCE / ALARM
364,121.20111041666668,5,5,REINFORCE / ALARM
364,20.010627083333304,4,3,ENHANCED MONITORING
364,45.00184374999998,4,4,FIELD INSPECTION
364,107.01013333333321,5,5,REINFORCE / ALARM
364,144.55986249999998,5,5,REINFORCE / ALARM
364,218.69546666666668,5,5,REINFORCE / ALARM
366,111.07759791666668,5,5,REINFORCE / ALARM
366,100.71768750000001,5,5,REINFORCE / ALARM
366,16.405812499999993,3,3,ENHANCED MONITORING
366,31.848785416666658,4,4,FIELD INSPECTION
366,21.28849479166667,3,3,ENHANCED MONITORING
366,22.302063541666666,3,3,ENHANCED MONITORING
366,14.715009374999985,3,3,ENHANCED MONITORING
366,25.580689583333314,3,3,ENHANCED MONITORING
366,25.125141666666664,3,3,ENHANCED MONITORING
366,15.70575,3,3,ENHANCED MONITORING
366,66.84277916666667,4,4,FIELD INSPECTION
366,24.660462500000026,3,3,ENHANCED MONITORING
366,41.163675000000026,4,4,FIELD INSPECTION
366,15.681400000000002,3,3,ENHANCED MONITORING
366,25.00947916666666,3,3,ENHANCED MONITORING
366,26.03319374999999,3,3,ENHANCED MONITORING
366,17.957110416666666,3,3,ENHANCED MONITORING
366,98.21369583333335,4,5,REINFORCE / ALARM
366,72.02222708333333,4,4,FIELD INSPECTION
366,83.22119791666664,4,4,FIELD INSPECTION
366,4.977038541666674,2,3,ENHANCED MONITORING
366,8.796944791666656,2,3,ENHANCED MONITORING
366,14.229023958333334,3,3,ENHANCED MONITORING
366,5.621806249999999,2,3,ENHANCED MONITORING
366,54.520664583333314,4,4,FIELD INSPECTION
366,90.17312291666667,4,4,FIELD INSPECTION
366,112.82268125000002,5,5,REINFORCE / ALARM
366,33.44269583333336,4,4,FIELD INSPECTION
366,0.9963208333333178,1,3,ENHANCED MONITORING
366,1.179960416666655,1,3,ENHANCED MONITORING
366,19.50435,3,3,ENHANCED MONITORING
366,31.894441666666662,4,4,FIELD INSPECTION
366,31.22380208333334,4,3,ENHANCED MONITORING
366,66.22997083333333,4,4,FIELD INSPECTION
366,58.887431249999985,4,4,FIELD INSPECTION
366,24.913093750000005,3,3,ENHANCED MONITORING
366,32.8045229166667,4,4,FIELD INSPECTION
366,19.24360208333336,3,3,ENHANCED MONITORING
366,63.11621458333334,4,4,FIELD INSPECTION
366,3.7854104166666835,2,3,ENHANCED MONITORING
366,36.303820833333354,4,4,FIELD INSPECTION
366,17.51373749999998,3,3,ENHANCED MONITORING
366,58.66878854166663,4,4,FIELD INSPECTION
366,61.53600104166662,4,4,FIELD INSPECTION
366,40.541228125000046,4,4,FIELD INSPECTION
366,34.78803333333337,4,4,FIELD INSPECTION
366,15.621539583333297,3,3,ENHANCED MONITORING
366,17.5644666666666,3,3,ENHANCED MONITORING
366,55.53017499999998,4,4,FIELD INSPECTION
366,44.97445000000007,4,4,FIELD INSPECTION
366,15.648933333333204,3,3,ENHANCED MONITORING
366,84.69031458333325,4,4,FIELD INSPECTION
366,84.36158958333341,4,4,FIELD INSPECTION
366,60.14551458333333,4,4,FIELD INSPECTION
366,4.36473749999999,2,3,ENHANCED MONITORING
366,20.545312500000055,3,3,ENHANCED MONITORING
366,46.480091666666624,4,4,FIELD INSPECTION
366,24.078091666666637,3,3,ENHANCED MONITORING
366,80.00192499999997,4,4,FIELD INSPECTION
366,151.201325,5,5,REINFORCE / ALARM
366,177.3978666666666,5,5,REINFORCE / ALARM
366,95.10298333333331,5,5,REINFORCE / ALARM
366,22.858562499999994,3,3,ENHANCED MONITORING
366,61.36605833333334,4,4,FIELD INSPECTION
366,7.250212499999901,2,3,ENHANCED MONITORING
366,22.635354166666612,3,3,ENHANCED MONITORING
366,166.93954166666677,5,5,REINFORCE / ALARM
366,171.08715833333326,5,5,REINFORCE / ALARM
366,180.835275,5,5,REINFORCE / ALARM
366,29.094191666666628,3,3,ENHANCED MONITORING
366,2.3396291666666955,2,3,ENHANCED MONITORING
366,12.365741666666684,3,3,ENHANCED MONITORING
366,20.230791666666665,3,3,ENHANCED MONITORING
366,78.74587083333336,4,4,FIELD INSPECTION
366,39.99386041666671,4,4,FIELD INSPECTION
366,23.02596874999993,4,3,ENHANCED MONITORING
366,83.64529374999995,4,4,FIELD INSPECTION
366,113.46288333333332,5,5,REINFORCE / ALARM
366,144.9048208333334,5,5,REINFORCE / ALARM
366,175.3463791666667,5,5,REINFORCE / ALARM
368,58.51507916666669,4,4,FIELD INSPECTION
368,183.4062291666667,5,5,REINFORCE / ALARM
368,43.289227083333344,4,4,FIELD INSPECTION
368,56.35097291666667,4,4,FIELD INSPECTION
368,2.360935416666672,2,3,ENHANCED MONITORING
368,9.909435416666673,2,3,ENHANCED MONITORING
368,25.020639583333335,3,3,ENHANCED MONITORING
368,41.11852604166668,4,4,FIELD INSPECTION
368,46.09201354166666,4,4,FIELD INSPECTION
368,48.59194687499999,4,4,FIELD INSPECTION
368,54.67183750000001,5,5,REINFORCE / ALARM
368,40.79741041666666,4,4,FIELD INSPECTION
368,93.8753375,4,4,FIELD INSPECTION
368,20.488495833333324,3,3,ENHANCED MONITORING
368,4.384014583333335,2,3,ENHANCED MONITORING
368,9.763335416666676,2,3,ENHANCED MONITORING
368,8.707154166666667,2,3,ENHANCED MONITORING
368,107.44234583333333,5,5,REINFORCE / ALARM
368,103.32313749999999,5,5,REINFORCE / ALARM
368,104.91197499999998,5,5,REINFORCE / ALARM
368,12.919196875000026,3,3,ENHANCED MONITORING
368,8.345455208333346,2,3,ENHANCED MONITORING
368,3.8437489583333497,2,3,ENHANCED MONITORING
368,63.82337916666668,4,4,FIELD INSPECTION
368,56.94450416666668,4,4,FIELD INSPECTION
368,69.60853333333334,4,4,FIELD INSPECTION
368,9.992631249999993,2,3,ENHANCED MONITORING
368,2.9575104166666932,2,3,ENHANCED MONITORING
368,70.43034583333333,5,5,REINFORCE / ALARM
368,103.32009375000001,5,5,REINFORCE / ALARM
368,102.2760875,5,5,REINFORCE / ALARM
368,78.84022708333332,4,4,FIELD INSPECTION
368,41.790687500000004,5,5,REINFORCE / ALARM
368,33.04497916666666,4,4,FIELD INSPECTION
368,75.09540000000003,4,4,FIELD INSPECTION
368,0.6615083333333066,1,3,ENHANCED MONITORING
368,10.205693750000043,3,3,ENHANCED MONITORING
368,56.49352187500003,4,4,FIELD INSPECTION
368,50.942736458333364,4,4,FIELD INSPECTION
368,12.802519791666692,3,3,ENHANCED MONITORING
368,2.7474916666666807,2,3,ENHANCED MONITORING
368,30.596789583333358,4,3,ENHANCED MONITORING
368,5.558902083333389,2,3,ENHANCED MONITORING
368,13.254516666666632,3,3,ENHANCED MONITORING
368,43.444458333333294,4,5,REINFORCE / ALARM
368,49.788647916666655,4,4,FIELD INSPECTION
368,69.40764583333326,4,4,FIELD INSPECTION
368,10.282802083333339,3,3,ENHANCED MONITORING
368,87.8740770833333,4,4,FIELD INSPECTION
368,70.37150000000008,4,4,FIELD INSPECTION
368,80.10541250000001,4,4,FIELD INSPECTION
368,8.738606249999998,2,3,ENHANCED MONITORING
368,56.771010416666606,4,4,FIELD INSPECTION
368,66.11329375000001,4,4,FIELD INSPECTION
368,71.18722500000005,4,4,FIELD INSPECTION
368,47.728029166666666,4,4,FIELD INSPECTION
368,56.11254583333332,5,5,REINFORCE / ALARM
368,40.595508333333306,5,5,REINFORCE / ALARM
368,14.662758333333406,3,3,ENHANCED MONITORING
368,102.29029166666668,5,5,REINFORCE / ALARM
368,4.374883333333304,2,3,ENHANCED MONITORING
368,38.79969583333338,4,4,FIELD INSPECTION
368,4.048187500000007,2,3,ENHANCED MONITORING
368,25.900283333333316,3,3,ENHANCED MONITORING
368,59.08730416666665,4,4,FIELD INSPECTION
368,49.870829166666645,4,4,FIELD INSPECTION
368,201.6281458333333,5,5,REINFORCE / ALARM
368,70.4831041666667,5,5,REINFORCE / ALARM
368,30.80883750000001,4,4,FIELD INSPECTION
368,106.61647499999994,5,5,REINFORCE / ALARM
368,11.133022916666674,3,3,ENHANCED MONITORING
368,1.1322750000000272,1,3,ENHANCED MONITORING
368,14.167641666666666,3,3,ENHANCED MONITORING
368,83.64529375,5,5,REINFORCE / ALARM
368,81.63946250000002,4,4,FIELD INSPECTION
368,13.353945833333322,4,3,ENHANCED MONITORING
368,85.90477083333336,4,4,FIELD INSPECTION
368,116.2306666666667,5,5,REINFORCE / ALARM
368,75.61080833333331,4,4,FIELD INSPECTION
368,34.641933333333334,4,4,FIELD INSPECTION
380,12.967389583333334,3,3,ENHANCED MONITORING
380,19.085327083333333,3,3,ENHANCED MONITORING
380,1.2844624999999965,1,3,ENHANCED MONITORING
380,35.18372083333333,4,4,FIELD INSPECTION
380,24.58081770833333,3,3,ENHANCED MONITORING
380,26.315755208333343,3,3,ENHANCED MONITORING
380,14.186411458333332,3,3,ENHANCED MONITORING
380,32.501669791666664,4,4,FIELD INSPECTION
380,36.203884374999994,4,4,FIELD INSPECTION
380,6.052496875,2,3,ENHANCED MONITORING
380,22.046895833333334,3,3,ENHANCED MONITORING
380,6.906268749999998,2,3,ENHANCED MONITORING
380,14.18894791666667,3,3,ENHANCED MONITORING
380,54.89910416666666,4,4,FIELD INSPECTION
380,40.014152083333336,4,4,FIELD INSPECTION
380,15.634729166666668,3,3,ENHANCED MONITORING
380,28.798947916666663,3,3,ENHANCED MONITORING
380,17.130224999999996,3,3,ENHANCED MONITORING
380,11.917295833333332,3,3,ENHANCED MONITORING
380,22.528822916666666,3,3,ENHANCED MONITORING
380,15.8335875,3,3,ENHANCED MONITORING
380,34.51916875000001,4,4,FIELD INSPECTION
380,29.302181250000007,3,3,ENHANCED MONITORING
380,23.063508333333345,3,3,ENHANCED MONITORING
380,2.358906250000001,2,3,ENHANCED MONITORING
380,25.228629166666668,3,3,ENHANCED MONITORING
380,31.14263541666666,4,4,FIELD INSPECTION
380,5.814577083333329,2,3,ENHANCED MONITORING
380,12.780706249999994,3,3,ENHANCED MONITORING
380,15.831558333333348,3,3,ENHANCED MONITORING
380,18.45324166666667,3,3,ENHANCED MONITORING
380,25.760270833333326,3,3,ENHANCED MONITORING
380,65.08044791666667,4,4,FIELD INSPECTION
380,8.942537500000006,2,3,ENHANCED MONITORING
380,13.850077083333337,3,3,ENHANCED MONITORING
380,13.523381249999998,3,3,ENHANCED MONITORING
380,17.526927083333337,3,3,ENHANCED MONITORING
380,15.813803125000002,3,3,ENHANCED MONITORING
380,15.123886458333336,3,3,ENHANCED MONITORING
380,8.066444791666664,2,3,ENHANCED MONITORING
380,30.867683333333332,4,4,FIELD INSPECTION
380,11.776268749999995,3,3,ENHANCED MONITORING
380,26.955957291666667,3,3,ENHANCED MONITORING
380,54.43493229166666,4,4,FIELD INSPECTION
380,1.7151531250000005,1,3,ENHANCED MONITORING
380,14.503468749999998,3,3,ENHANCED MONITORING
380,26.198570833333335,3,3,ENHANCED MONITORING
380,8.856297916666668,2,3,ENHANCED MONITORING
380,98.90361250000001,4,5,REINFORCE / ALARM
380,126.91828749999998,5,5,REINFORCE / ALARM
380,84.01561666666666,4,4,FIELD INSPECTION
380,7.587054166666664,2,3,ENHANCED MONITORING
380,40.0314,4,4,FIELD INSPECTION
380,50.74540000000002,4,4,FIELD INSPECTION
380,22.507516666666657,4,5,REINFORCE / ALARM
380,107.7264291666667,5,5,REINFORCE / ALARM
380,63.28362083333335,5,5,REINFORCE / ALARM
380,1.0389333333333635,1,3,ENHANCED MONITORING
380,92.7795875,4,4,FIELD INSPECTION
380,34.56482500000001,4,4,FIELD INSPECTION
380,6.602908333333342,2,3,ENHANCED MONITORING
380,26.667308333333363,4,5,REINFORCE / ALARM
380,72.9607166666667,5,5,REINFORCE / ALARM
380,84.27332083333333,5,5,REINFORCE / ALARM
380,45.87945833333337,4,4,FIELD INSPECTION
380,2.982874999999988,3,3,ENHANCED MONITORING
380,33.96824999999998,5,5,REINFORCE / ALARM
380,16.020270833333342,3,3,ENHANCED MONITORING
380,24.145054166666664,4,5,REINFORCE / ALARM
380,75.16236250000001,4,4,FIELD INSPECTION
380,12.670116666666672,4,3,ENHANCED MONITORING
380,38.92651875000001,4,4,FIELD INSPECTION
380,51.247618750000015,4,4,FIELD INSPECTION
380,26.025077083333326,3,3,ENHANCED MONITORING
380,15.705749999999982,3,3,ENHANCED MONITORING
380,36.77864583333333,4,4,FIELD INSPECTION
380,88.29715833333331,5,5,REINFORCE / ALARM
380,44.46107083333334,5,5,REINFORCE / ALARM
380,49.858654166666646,5,4,FIELD INSPECTION
380,53.62072916666664,4,4,FIELD INSPECTION
381,2.1975874999999996,2,3,ENHANCED MONITORING
381,4.736075,2,3,ENHANCED MONITORING
381,7.449070833333331,2,3,ENHANCED MONITORING
381,0.1308812499999994,1,3,ENHANCED MONITORING
381,2.8043083333333327,2,3,ENHANCED MONITORING
381,7.3648604166666685,2,3,ENHANCED MONITORING
381,6.424341666666666,2,3,ENHANCED MONITORING
381,4.523519791666666,2,3,ENHANCED MONITORING
381,14.067705208333335,3,3,ENHANCED MONITORING
381,8.283565625,2,3,ENHANCED MONITORING
381,13.892689583333334,3,3,ENHANCED MONITORING
381,9.793772916666667,2,3,ENHANCED MONITORING
381,5.213943750000001,2,3,ENHANCED MONITORING
381,4.003545833333336,2,3,ENHANCED MONITORING
381,9.015587499999999,2,3,ENHANCED MONITORING
381,4.359664583333333,2,3,ENHANCED MONITORING
381,11.050841666666669,3,3,ENHANCED MONITORING
381,4.1983458333333346,2,3,ENHANCED MONITORING
381,15.339485416666669,3,3,ENHANCED MONITORING
381,1.6537708333333352,1,3,ENHANCED MONITORING
381,8.417490625000001,2,3,ENHANCED MONITORING
381,22.31626770833333,3,3,ENHANCED MONITORING
381,9.366126041666666,2,3,ENHANCED MONITORING
381,9.49447083333333,2,3,ENHANCED MONITORING
381,4.637660416666667,2,3,ENHANCED MONITORING
381,1.1616979166666659,1,3,ENHANCED MONITORING
381,12.060352083333335,3,3,ENHANCED MONITORING
381,1.3940374999999996,1,3,ENHANCED MONITORING
381,8.690920833333331,2,3,ENHANCED MONITORING
381,2.3974604166666684,2,3,ENHANCED MONITORING
381,2.449204166666668,2,3,ENHANCED MONITORING
381,8.17246875,2,3,ENHANCED MONITORING
381,1.6781208333333322,1,3,ENHANCED MONITORING
381,14.752041666666665,3,3,ENHANCED MONITORING
381,25.644608333333334,3,3,ENHANCED MONITORING
381,6.101704166666664,2,3,ENHANCED MONITORING
381,26.29089791666667,3,3,ENHANCED MONITORING
381,0.7731124999999963,1,3,ENHANCED MONITORING
381,12.370814583333337,3,3,ENHANCED MONITORING
381,13.031308333333333,3,3,ENHANCED MONITORING
381,0.9192125000000001,1,3,ENHANCED MONITORING
381,6.012420833333331,2,3,ENHANCED MONITORING
381,0.8786291666666664,1,3,ENHANCED MONITORING
381,6.145331249999998,2,3,ENHANCED MONITORING
381,1.1058958333333344,1,3,ENHANCED MONITORING
381,1.4640437499999994,1,3,ENHANCED MONITORING
381,4.388072916666666,2,3,ENHANCED MONITORING
381,4.816227083333334,2,3,ENHANCED MONITORING
381,5.023202083333332,2,3,ENHANCED MONITORING
381,26.225964583333333,3,3,ENHANCED MONITORING
381,20.210500000000007,3,3,ENHANCED MONITORING
381,18.5486125,3,3,ENHANCED MONITORING
381,10.095104166666667,3,3,ENHANCED MONITORING
381,12.69446666666667,3,3,ENHANCED MONITORING
381,5.434108333333339,2,3,ENHANCED MONITORING
381,46.589666666666666,4,4,FIELD INSPECTION
381,2.1407708333333297,2,3,ENHANCED MONITORING
381,11.298399999999992,3,3,ENHANCED MONITORING
381,41.307745833333335,4,4,FIELD INSPECTION
381,6.990479166666667,2,3,ENHANCED MONITORING
381,13.217991666666663,3,3,ENHANCED MONITORING
381,5.3367083333333305,2,3,ENHANCED MONITORING
381,15.933016666666669,3,3,ENHANCED MONITORING
381,1.7430541666666695,1,3,ENHANCED MONITORING
381,2.595304166666665,2,3,ENHANCED MONITORING
381,4.437787499999993,2,3,ENHANCED MONITORING
381,1.8749500000000008,1,3,ENHANCED MONITORING
381,17.88304583333333,3,3,ENHANCED MONITORING
381,8.628016666666662,2,3,ENHANCED MONITORING
381,18.351783333333334,3,3,ENHANCED MONITORING
381,16.87455,3,3,ENHANCED MONITORING
381,35.41504583333333,4,4,FIELD INSPECTION
381,18.055525000000003,3,3,ENHANCED MONITORING
381,22.31880416666667,3,3,ENHANCED MONITORING
381,31.848785416666672,4,4,FIELD INSPECTION
381,6.398977083333328,2,3,ENHANCED MONITORING
381,26.593243749999996,3,3,ENHANCED MONITORING
381,12.213554166666663,3,3,ENHANCED MONITORING
381,7.132520833333337,2,3,ENHANCED MONITORING
381,26.2310375,3,3,ENHANCED MONITORING
382,9.445770833333334,2,3,ENHANCED MONITORING
382,29.124629166666676,3,3,ENHANCED MONITORING
382,8.297262500000002,2,3,ENHANCED MONITORING
382,18.815447916666667,3,3,ENHANCED MONITORING
382,0.001521875000000487,1,3,ENHANCED MONITORING
382,11.721988541666667,3,3,ENHANCED MONITORING
382,11.128457291666665,3,3,ENHANCED MONITORING
382,7.199483333333332,2,3,ENHANCED MONITORING
382,19.969029166666665,3,3,ENHANCED MONITORING
382,0.7568791666666677,1,3,ENHANCED MONITORING
382,0.7639812499999993,1,3,ENHANCED MONITORING
382,12.97855,3,3,ENHANCED MONITORING
382,11.542914583333335,3,3,ENHANCED MONITORING
382,12.611270833333336,3,3,ENHANCED MONITORING
382,14.329975000000003,3,3,ENHANCED MONITORING
382,6.350277083333332,2,3,ENHANCED MONITORING
382,12.401252083333333,3,3,ENHANCED MONITORING
382,4.256177083333333,2,3,ENHANCED MONITORING
382,15.632700000000002,3,3,ENHANCED MONITORING
382,13.800362500000006,3,3,ENHANCED MONITORING
382,5.698914583333337,2,3,ENHANCED MONITORING
382,17.481270833333337,3,3,ENHANCED MONITORING
382,6.597835416666665,2,3,ENHANCED MONITORING
382,20.869979166666663,3,3,ENHANCED MONITORING
382,24.196797916666668,3,3,ENHANCED MONITORING
382,1.947999999999998,1,3,ENHANCED MONITORING
382,4.177039583333336,2,3,ENHANCED MONITORING
382,0.06391874999999914,1,3,ENHANCED MONITORING
382,7.810262500000001,2,3,ENHANCED MONITORING
382,13.169291666666666,3,3,ENHANCED MONITORING
382,7.233979166666668,2,3,ENHANCED MONITORING
382,3.6900395833333324,2,3,ENHANCED MONITORING
382,9.31793333333333,2,3,ENHANCED MONITORING
382,18.290908333333338,3,3,ENHANCED MONITORING
382,6.02865416666667,2,3,ENHANCED MONITORING
382,11.624081250000001,3,3,ENHANCED MONITORING
382,5.663404166666666,2,3,ENHANCED MONITORING
382,2.940769791666666,2,3,ENHANCED MONITORING
382,0.14559270833333335,1,3,ENHANCED MONITORING
382,1.2200364583333332,1,3,ENHANCED MONITORING
382,0.13291041666666667,1,3,ENHANCED MONITORING
382,4.322125,2,3,ENHANCED MONITORING
382,4.601642708333332,2,3,ENHANCED MONITORING
382,7.314638541666667,2,3,ENHANCED MONITORING
382,1.7476197916666674,1,3,ENHANCED MONITORING
382,8.585404166666665,2,3,ENHANCED MONITORING
382,5.375262500000001,2,3,ENHANCED MONITORING
382,4.572727083333334,2,3,ENHANCED MONITORING
382,23.223812500000005,3,3,ENHANCED MONITORING
382,23.876189583333332,3,3,ENHANCED MONITORING
382,6.550150000000005,2,3,ENHANCED MONITORING
382,17.685202083333333,3,3,ENHANCED MONITORING
382,18.872264583333333,3,3,ENHANCED MONITORING
382,13.178422916666667,3,3,ENHANCED MONITORING
382,15.088883333333335,3,3,ENHANCED MONITORING
382,25.165725,3,3,ENHANCED MONITORING
382,9.378808333333339,2,3,ENHANCED MONITORING
382,30.668825,4,4,FIELD INSPECTION
382,7.605316666666668,2,3,ENHANCED MONITORING
382,9.616220833333335,2,3,ENHANCED MONITORING
382,0.1643625000000005,1,3,ENHANCED MONITORING
382,22.566362499999997,3,3,ENHANCED MONITORING
382,1.4995541666666743,1,3,ENHANCED MONITORING
382,31.703699999999994,4,4,FIELD INSPECTION
382,78.72557916666666,4,4,FIELD INSPECTION
382,4.115149999999995,2,3,ENHANCED MONITORING
382,0.19682916666667083,1,3,ENHANCED MONITORING
382,36.70559583333334,4,4,FIELD INSPECTION
382,21.030283333333333,3,3,ENHANCED MONITORING
382,1.6213041666666683,1,3,ENHANCED MONITORING
382,13.464535416666669,3,3,ENHANCED MONITORING
382,11.720466666666672,3,3,ENHANCED MONITORING
382,14.437520833333332,3,3,ENHANCED MONITORING
382,9.422435416666668,2,3,ENHANCED MONITORING
382,8.848181250000001,2,3,ENHANCED MONITORING
382,11.26491875,3,3,ENHANCED MONITORING
382,17.997693749999996,3,3,ENHANCED MONITORING
382,0.5316416666666655,1,3,ENHANCED MONITORING
382,13.185525000000004,3,3,ENHANCED MONITORING
382,18.065670833333332,3,3,ENHANCED MONITORING
383,16.69598333333333,3,3,ENHANCED MONITORING
383,4.396189583333332,2,3,ENHANCED MONITORING
383,0.8563083333333333,1,3,ENHANCED MONITORING
383,0.6320854166666668,1,3,ENHANCED MONITORING
383,7.679381249999999,2,3,ENHANCED MONITORING
383,6.917429166666668,2,3,ENHANCED MONITORING
383,4.435758333333335,2,3,ENHANCED MONITORING
383,8.782233333333334,2,3,ENHANCED MONITORING
383,47.19435833333333,4,4,FIELD INSPECTION
383,26.499902083333335,3,3,ENHANCED MONITORING
383,27.89089583333333,3,3,ENHANCED MONITORING
383,25.30979583333333,3,3,ENHANCED MONITORING
383,5.880525000000001,2,3,ENHANCED MONITORING
383,11.719452083333335,3,3,ENHANCED MONITORING
383,20.065414583333336,3,3,ENHANCED MONITORING
383,14.105752083333336,3,3,ENHANCED MONITORING
383,40.67870416666667,4,4,FIELD INSPECTION
383,4.5422895833333286,2,3,ENHANCED MONITORING
383,58.32941041666667,4,4,FIELD INSPECTION
383,55.23087291666667,4,4,FIELD INSPECTION
383,16.486471875,3,3,ENHANCED MONITORING
383,19.816334374999997,3,3,ENHANCED MONITORING
383,38.72816770833333,4,4,FIELD INSPECTION
383,48.80247291666666,4,4,FIELD INSPECTION
383,13.669481249999999,3,3,ENHANCED MONITORING
383,36.34338958333333,4,4,FIELD INSPECTION
383,5.0100124999999975,2,3,ENHANCED MONITORING
383,8.12173958333333,2,3,ENHANCED MONITORING
383,49.24584583333334,4,4,FIELD INSPECTION
383,12.823318749999993,3,3,ENHANCED MONITORING
383,23.017852083333334,3,3,ENHANCED MONITORING
383,29.623804166666655,3,4,FIELD INSPECTION
383,82.10109791666665,4,4,FIELD INSPECTION
383,56.57823958333332,4,4,FIELD INSPECTION
383,45.134754166666674,4,4,FIELD INSPECTION
383,13.074935416666655,3,3,ENHANCED MONITORING
383,24.71220625000001,3,3,ENHANCED MONITORING
383,29.234204166666657,3,3,ENHANCED MONITORING
383,65.7267375,4,4,FIELD INSPECTION
383,33.338193749999995,4,4,FIELD INSPECTION
383,1.1921354166666613,1,3,ENHANCED MONITORING
383,33.917520833333334,4,4,FIELD INSPECTION
383,14.308668749999995,3,3,ENHANCED MONITORING
383,8.045645833333326,2,3,ENHANCED MONITORING
383,1.1789458333333254,1,3,ENHANCED MONITORING
383,7.564733333333329,2,3,ENHANCED MONITORING
383,21.070866666666653,3,3,ENHANCED MONITORING
383,27.141118750000004,3,3,ENHANCED MONITORING
383,17.59490416666672,3,3,ENHANCED MONITORING
383,7.288766666666622,2,3,ENHANCED MONITORING
383,67.95882083333333,4,4,FIELD INSPECTION
383,14.556227083333289,3,3,ENHANCED MONITORING
383,15.865039583333266,3,3,ENHANCED MONITORING
383,47.13043958333329,4,4,FIELD INSPECTION
383,59.23543333333333,4,4,FIELD INSPECTION
383,16.235362500000004,3,3,ENHANCED MONITORING
383,7.6621333333332835,2,3,ENHANCED MONITORING
383,16.139991666666685,3,3,ENHANCED MONITORING
383,37.40768749999997,4,4,FIELD INSPECTION
383,9.309816666666672,2,3,ENHANCED MONITORING
383,25.85564166666668,3,3,ENHANCED MONITORING
383,12.919704166666696,3,3,ENHANCED MONITORING
383,16.148108333333333,3,3,ENHANCED MONITORING
383,8.447420833333325,2,3,ENHANCED MONITORING
383,69.34474166666668,4,4,FIELD INSPECTION
383,37.62480833333337,4,4,FIELD INSPECTION
383,9.679125000000019,3,3,ENHANCED MONITORING
383,39.16088750000001,5,5,REINFORCE / ALARM
383,70.13611666666672,4,4,FIELD INSPECTION
383,77.69679166666668,5,5,REINFORCE / ALARM
383,31.258297916666702,4,4,FIELD INSPECTION
383,66.98380625,4,4,FIELD INSPECTION
383,12.41545625000001,3,3,ENHANCED MONITORING
383,19.63218749999999,3,3,ENHANCED MONITORING
383,11.881785416666697,3,3,ENHANCED MONITORING
383,4.580843750000028,2,3,ENHANCED MONITORING
383,1.496510416666677,1,3,ENHANCED MONITORING
383,126.23445833333335,5,5,REINFORCE / ALARM
383,94.00926249999999,5,5,REINFORCE / ALARM
383,100.40519583333337,5,5,REINFORCE / ALARM
389,11.210131249999998,3,3,ENHANCED MONITORING
389,16.415958333333332,3,3,ENHANCED MONITORING
389,0.2100187500000009,1,3,ENHANCED MONITORING
389,13.213933333333335,3,3,ENHANCED MONITORING
389,16.04005520833333,3,3,ENHANCED MONITORING
389,3.131511458333334,2,3,ENHANCED MONITORING
389,4.8015156249999995,2,3,ENHANCED MONITORING
389,0.6163593749999988,1,3,ENHANCED MONITORING
389,8.016730208333335,2,3,ENHANCED MONITORING
389,0.735065624999999,1,3,ENHANCED MONITORING
389,9.509689583333335,2,3,ENHANCED MONITORING
389,8.675702083333332,2,3,ENHANCED MONITORING
389,13.866310416666666,3,3,ENHANCED MONITORING
389,13.65933541666667,3,3,ENHANCED MONITORING
389,2.773870833333332,2,3,ENHANCED MONITORING
389,4.038041666666667,2,3,ENHANCED MONITORING
389,3.2253604166666676,2,3,ENHANCED MONITORING
389,10.662256249999999,3,3,ENHANCED MONITORING
389,1.316929166666666,1,3,ENHANCED MONITORING
389,10.943295833333336,3,3,ENHANCED MONITORING
389,0.49258020833333305,1,3,ENHANCED MONITORING
389,12.638157291666667,3,3,ENHANCED MONITORING
389,3.103103125000002,2,3,ENHANCED MONITORING
389,1.5685458333333362,1,3,ENHANCED MONITORING
389,14.030672916666665,3,3,ENHANCED MONITORING
389,3.0376624999999984,2,3,ENHANCED MONITORING
389,3.695112500000001,2,3,ENHANCED MONITORING
389,4.391116666666665,2,3,ENHANCED MONITORING
389,13.09116875,3,3,ENHANCED MONITORING
389,12.830420833333333,3,3,ENHANCED MONITORING
389,21.822672916666665,3,3,ENHANCED MONITORING
389,8.024339583333335,2,3,ENHANCED MONITORING
389,5.099295833333334,2,3,ENHANCED MONITORING
389,6.089529166666666,2,3,ENHANCED MONITORING
389,0.1258083333333341,1,3,ENHANCED MONITORING
389,3.827008333333333,2,3,ENHANCED MONITORING
389,8.560039583333333,2,3,ENHANCED MONITORING
389,3.973108333333333,2,3,ENHANCED MONITORING
389,11.126935416666667,3,3,ENHANCED MONITORING
389,10.670372916666667,3,3,ENHANCED MONITORING
389,16.471760416666665,3,3,ENHANCED MONITORING
389,13.333654166666667,3,3,ENHANCED MONITORING
389,1.5046270833333324,1,3,ENHANCED MONITORING
389,14.377660416666664,3,3,ENHANCED MONITORING
389,4.577799999999996,2,3,ENHANCED MONITORING
389,1.948000000000003,1,3,ENHANCED MONITORING
389,18.136691666666668,3,3,ENHANCED MONITORING
389,11.029535416666667,3,3,ENHANCED MONITORING
389,28.73198541666667,3,3,ENHANCED MONITORING
389,1.3179437500000024,1,3,ENHANCED MONITORING
389,36.376870833333335,4,4,FIELD INSPECTION
389,3.2547833333333336,2,3,ENHANCED MONITORING
389,15.322237500000005,3,3,ENHANCED MONITORING
389,32.468695833333335,4,4,FIELD INSPECTION
389,15.951279166666666,3,3,ENHANCED MONITORING
389,20.69344166666666,3,3,ENHANCED MONITORING
389,25.796795833333324,3,3,ENHANCED MONITORING
389,22.884941666666663,3,3,ENHANCED MONITORING
389,10.821545833333332,3,3,ENHANCED MONITORING
389,4.372854166666667,2,3,ENHANCED MONITORING
389,23.7351625,3,3,ENHANCED MONITORING
389,33.688224999999996,4,4,FIELD INSPECTION
389,16.764974999999996,3,3,ENHANCED MONITORING
389,43.44648750000001,4,4,FIELD INSPECTION
389,35.987270833333326,4,4,FIELD INSPECTION
389,39.881241666666675,4,4,FIELD INSPECTION
389,20.723879166666666,3,3,ENHANCED MONITORING
389,14.713487500000001,3,3,ENHANCED MONITORING
389,28.0572875,3,3,ENHANCED MONITORING
389,8.492062500000001,2,3,ENHANCED MONITORING
389,4.659981250000004,2,3,ENHANCED MONITORING
389,9.349385416666667,2,3,ENHANCED MONITORING
389,12.45603958333333,3,3,ENHANCED MONITORING
389,14.622174999999999,3,3,ENHANCED MONITORING
389,16.045635416666666,3,3,ENHANCED MONITORING
389,15.875185416666667,3,3,ENHANCED MONITORING
389,40.63101875,4,4,FIELD INSPECTION
389,22.62520833333333,4,3,ENHANCED MONITORING
389,18.654129166666664,3,3,ENHANCED MONITORING
389,29.0799875,3,4,FIELD INSPECTION
391,7.788956250000001,2,3,ENHANCED MONITORING
391,6.888006249999999,2,3,ENHANCED MONITORING
391,0.6716541666666664,1,3,ENHANCED MONITORING
391,8.9668875,2,3,ENHANCED MONITORING
391,7.18020625,2,3,ENHANCED MONITORING
391,1.8069729166666662,1,3,ENHANCED MONITORING
391,0.2637916666666662,1,3,ENHANCED MONITORING
391,2.463408333333333,2,3,ENHANCED MONITORING
391,7.486610416666667,2,3,ENHANCED MONITORING
391,2.0220645833333344,2,3,ENHANCED MONITORING
391,0.7974624999999987,1,3,ENHANCED MONITORING
391,16.098393750000003,3,3,ENHANCED MONITORING
391,6.157506250000002,2,3,ENHANCED MONITORING
391,9.747102083333333,2,3,ENHANCED MONITORING
391,6.273168750000001,2,3,ENHANCED MONITORING
391,0.031452083333333526,1,3,ENHANCED MONITORING
391,3.894985416666666,2,3,ENHANCED MONITORING
391,1.0916916666666674,1,3,ENHANCED MONITORING
391,2.557764583333333,2,3,ENHANCED MONITORING
391,3.4617583333333335,2,3,ENHANCED MONITORING
391,6.608995833333334,2,3,ENHANCED MONITORING
391,11.481024999999997,3,3,ENHANCED MONITORING
391,2.7485062500000006,2,3,ENHANCED MONITORING
391,14.10676666666667,3,3,ENHANCED MONITORING
391,7.326306249999996,2,3,ENHANCED MONITORING
391,9.02066041666667,2,3,ENHANCED MONITORING
391,1.499554166666666,1,3,ENHANCED MONITORING
391,1.9520583333333337,1,3,ENHANCED MONITORING
391,15.726041666666669,3,3,ENHANCED MONITORING
391,14.77131875,3,3,ENHANCED MONITORING
391,11.718437500000002,3,3,ENHANCED MONITORING
391,5.690797916666668,2,3,ENHANCED MONITORING
391,3.3258041666666673,2,3,ENHANCED MONITORING
391,6.453764583333332,2,3,ENHANCED MONITORING
391,13.099285416666667,3,3,ENHANCED MONITORING
391,6.603922916666666,2,3,ENHANCED MONITORING
391,2.243243750000001,2,3,ENHANCED MONITORING
391,5.782617708333333,2,3,ENHANCED MONITORING
391,4.457571875,2,3,ENHANCED MONITORING
391,3.0899135416666663,2,3,ENHANCED MONITORING
391,1.5360791666666669,1,3,ENHANCED MONITORING
391,6.1199666666666666,2,3,ENHANCED MONITORING
391,3.2852208333333337,2,3,ENHANCED MONITORING
391,0.15523124999999974,1,3,ENHANCED MONITORING
391,3.1888354166666666,2,3,ENHANCED MONITORING
391,5.80443125,2,3,ENHANCED MONITORING
391,4.198345833333332,2,3,ENHANCED MONITORING
391,5.6015145833333335,2,3,ENHANCED MONITORING
391,14.446652083333332,3,3,ENHANCED MONITORING
391,2.5090645833333363,2,3,ENHANCED MONITORING
391,18.846899999999994,3,3,ENHANCED MONITORING
391,0.601647916666669,1,3,ENHANCED MONITORING
391,24.308402083333334,3,3,ENHANCED MONITORING
391,1.8475562499999967,1,3,ENHANCED MONITORING
391,0.967912500000003,1,3,ENHANCED MONITORING
391,2.524283333333327,2,3,ENHANCED MONITORING
391,15.308033333333329,3,3,ENHANCED MONITORING
391,22.014429166666662,3,3,ENHANCED MONITORING
391,0.8968916666666686,1,3,ENHANCED MONITORING
391,27.351137499999997,3,3,ENHANCED MONITORING
391,10.827633333333333,3,3,ENHANCED MONITORING
391,29.240291666666668,3,4,FIELD INSPECTION
391,24.4169625,3,3,ENHANCED MONITORING
391,34.980804166666665,4,4,FIELD INSPECTION
391,9.610133333333337,2,3,ENHANCED MONITORING
391,47.239,4,4,FIELD INSPECTION
391,14.441579166666665,3,3,ENHANCED MONITORING
391,36.11105,4,4,FIELD INSPECTION
391,6.830175,2,3,ENHANCED MONITORING
391,21.714112499999988,3,3,ENHANCED MONITORING
391,11.781341666666668,3,3,ENHANCED MONITORING
391,2.908810416666664,2,3,ENHANCED MONITORING
391,3.9599187499999986,2,3,ENHANCED MONITORING
391,7.979697916666677,2,3,ENHANCED MONITORING
391,1.9672770833333335,1,3,ENHANCED MONITORING
391,0.11870624999998587,1,3,ENHANCED MONITORING
391,22.946831250000002,3,3,ENHANCED MONITORING
391,13.493958333333332,3,3,ENHANCED MONITORING
391,2.9321458333333297,2,3,ENHANCED MONITORING
391,16.085204166666664,3,3,ENHANCED MONITORING
394,23.85183958333333,3,3,ENHANCED MONITORING
394,63.637710416666664,4,4,FIELD INSPECTION
394,11.242597916666666,3,3,ENHANCED MONITORING
394,37.61770625,4,4,FIELD INSPECTION
394,76.80801666666666,4,4,FIELD INSPECTION
394,51.14818958333333,4,4,FIELD INSPECTION
394,2.143814583333327,2,3,ENHANCED MONITORING
394,29.73185729166666,3,3,ENHANCED MONITORING
394,12.475823958333336,3,3,ENHANCED MONITORING
394,29.968255208333332,3,4,FIELD INSPECTION
394,12.322114583333333,3,3,ENHANCED MONITORING
394,38.01237916666667,4,4,FIELD INSPECTION
394,25.969275000000007,3,3,ENHANCED MONITORING
394,76.48740833333333,4,4,FIELD INSPECTION
394,9.570564583333336,2,3,ENHANCED MONITORING
394,10.679504166666673,3,3,ENHANCED MONITORING
394,79.00256041666667,4,4,FIELD INSPECTION
394,52.22567708333333,4,4,FIELD INSPECTION
394,47.002602083333336,4,4,FIELD INSPECTION
394,25.956085416666667,3,3,ENHANCED MONITORING
394,40.862851041666666,4,4,FIELD INSPECTION
394,42.90520729166667,4,4,FIELD INSPECTION
394,15.362313541666671,3,3,ENHANCED MONITORING
394,6.773358333333334,2,3,ENHANCED MONITORING
394,2.6308145833333376,2,3,ENHANCED MONITORING
394,44.55238333333333,4,4,FIELD INSPECTION
394,11.474937499999998,3,3,ENHANCED MONITORING
394,26.2919125,3,3,ENHANCED MONITORING
394,9.95712083333333,2,3,ENHANCED MONITORING
394,0.42206666666666975,1,3,ENHANCED MONITORING
394,18.963577083333337,3,3,ENHANCED MONITORING
394,13.978929166666665,3,3,ENHANCED MONITORING
394,8.228270833333339,2,3,ENHANCED MONITORING
394,11.74481666666667,3,3,ENHANCED MONITORING
394,69.74245833333333,4,4,FIELD INSPECTION
394,81.70338124999999,4,4,FIELD INSPECTION
394,27.511441666666673,4,5,REINFORCE / ALARM
394,2.984904166666676,2,3,ENHANCED MONITORING
394,46.16252708333332,4,4,FIELD INSPECTION
394,27.588549999999998,3,3,ENHANCED MONITORING
394,35.589554166666666,4,4,FIELD INSPECTION
394,19.822929166666665,3,3,ENHANCED MONITORING
394,2.7464770833333336,2,3,ENHANCED MONITORING
394,2.2371562499999995,2,3,ENHANCED MONITORING
394,48.14096458333333,4,4,FIELD INSPECTION
394,20.15165416666666,3,3,ENHANCED MONITORING
394,28.05221458333334,3,3,ENHANCED MONITORING
394,59.807658333333336,4,4,FIELD INSPECTION
394,33.54009583333333,5,5,REINFORCE / ALARM
394,31.603256249999998,5,5,REINFORCE / ALARM
394,30.198058333333346,5,5,REINFORCE / ALARM
394,19.999466666666656,3,3,ENHANCED MONITORING
394,101.19454166666667,5,5,REINFORCE / ALARM
394,53.02009583333333,4,4,FIELD INSPECTION
394,43.198929166666666,4,4,FIELD INSPECTION
394,60.44481666666667,4,4,FIELD INSPECTION
394,3.252754166666662,2,3,ENHANCED MONITORING
394,77.79825000000001,5,5,REINFORCE / ALARM
394,35.97306666666668,5,5,REINFORCE / ALARM
394,100.65478333333333,5,5,REINFORCE / ALARM
394,40.70102500000004,4,4,FIELD INSPECTION
394,62.56935416666666,4,4,FIELD INSPECTION
394,5.714133333333351,2,3,ENHANCED MONITORING
394,25.12717083333335,3,3,ENHANCED MONITORING
394,23.207579166666687,3,3,ENHANCED MONITORING
394,26.53338333333333,3,3,ENHANCED MONITORING
394,166.2354208333333,5,5,REINFORCE / ALARM
394,18.690654166666622,4,5,REINFORCE / ALARM
394,31.42367499999996,4,4,FIELD INSPECTION
394,124.79780833333335,5,5,REINFORCE / ALARM
394,44.574704166666685,4,4,FIELD INSPECTION
394,47.19030000000001,4,4,FIELD INSPECTION
394,112.65730416666663,5,5,REINFORCE / ALARM
394,129.261975,5,5,REINFORCE / ALARM
394,109.71399791666666,5,5,REINFORCE / ALARM
394,61.56998958333333,5,5,REINFORCE / ALARM
394,86.38669791666666,4,4,FIELD INSPECTION
394,328.09189999999995,5,5,REINFORCE / ALARM
394,121.98944166666666,5,5,REINFORCE / ALARM
394,43.67578333333335,5,5,REINFORCE / ALARM
395,27.35519583333334,3,3,ENHANCED MONITORING
395,74.44505208333334,4,4,FIELD INSPECTION
395,10.921989583333328,3,3,ENHANCED MONITORING
395,29.69786875,3,3,ENHANCED MONITORING
395,73.08956875,4,4,FIELD INSPECTION
395,44.791824999999996,4,4,FIELD INSPECTION
395,0.9800875000000016,1,3,ENHANCED MONITORING
395,31.428747916666666,4,4,FIELD INSPECTION
395,1.2012666666666678,1,3,ENHANCED MONITORING
395,17.72172708333333,3,3,ENHANCED MONITORING
395,11.001127083333332,3,3,ENHANCED MONITORING
395,37.284922916666666,4,4,FIELD INSPECTION
395,36.87908958333333,4,4,FIELD INSPECTION
395,71.04213958333332,4,4,FIELD INSPECTION
395,28.7512625,3,4,FIELD INSPECTION
395,13.300172916666662,3,3,ENHANCED MONITORING
395,55.61742916666666,4,4,FIELD INSPECTION
395,42.01186666666667,4,4,FIELD INSPECTION
395,36.63153125,4,4,FIELD INSPECTION
395,21.967758333333325,3,3,ENHANCED MONITORING
395,33.069836458333334,4,4,FIELD INSPECTION
395,47.12283020833333,4,4,FIELD INSPECTION
395,17.883553125000002,3,3,ENHANCED MONITORING
395,9.603031250000003,2,3,ENHANCED MONITORING
395,12.641708333333339,3,3,ENHANCED MONITORING
395,57.09567708333333,4,4,FIELD INSPECTION
395,32.25867708333333,4,4,FIELD INSPECTION
395,12.233845833333332,3,3,ENHANCED MONITORING
395,16.687866666666665,3,3,ENHANCED MONITORING
395,14.663772916666673,3,3,ENHANCED MONITORING
395,2.1285958333333306,2,3,ENHANCED MONITORING
395,13.965739583333336,3,3,ENHANCED MONITORING
395,11.376522916666659,3,3,ENHANCED MONITORING
395,9.448814583333332,2,3,ENHANCED MONITORING
395,80.02830416666667,4,4,FIELD INSPECTION
395,83.88980833333333,4,4,FIELD INSPECTION
395,32.98410416666666,5,5,REINFORCE / ALARM
395,4.1014531249999955,2,3,ENHANCED MONITORING
395,58.225415625000004,4,4,FIELD INSPECTION
395,42.341098958333326,4,4,FIELD INSPECTION
395,54.92649791666667,4,4,FIELD INSPECTION
395,26.524252083333334,3,3,ENHANCED MONITORING
395,5.837912500000002,2,3,ENHANCED MONITORING
395,24.10954375,3,3,ENHANCED MONITORING
395,58.802206250000005,4,4,FIELD INSPECTION
395,28.91663958333334,3,3,ENHANCED MONITORING
395,26.733256249999997,3,3,ENHANCED MONITORING
395,51.08832916666666,4,4,FIELD INSPECTION
395,40.6705875,5,5,REINFORCE / ALARM
395,38.08238541666668,5,5,REINFORCE / ALARM
395,26.55367499999998,4,5,REINFORCE / ALARM
395,20.285579166666697,3,3,ENHANCED MONITORING
395,102.5561125,5,5,REINFORCE / ALARM
395,42.0098375,4,4,FIELD INSPECTION
395,58.54145833333333,4,4,FIELD INSPECTION
395,77.27878333333335,4,4,FIELD INSPECTION
395,28.77967083333333,3,5,REINFORCE / ALARM
395,98.7108416666667,5,5,REINFORCE / ALARM
395,10.965616666666657,4,3,ENHANCED MONITORING
395,141.53843333333336,5,5,REINFORCE / ALARM
395,18.712975,3,3,ENHANCED MONITORING
395,82.58099583333332,4,4,FIELD INSPECTION
395,14.019512500000017,3,3,ENHANCED MONITORING
395,35.879724999999965,4,4,FIELD INSPECTION
395,22.18487916666665,3,3,ENHANCED MONITORING
395,7.1122291666666735,2,3,ENHANCED MONITORING
395,167.10999166666667,5,5,REINFORCE / ALARM
395,35.494183333333375,5,5,REINFORCE / ALARM
395,52.98154166666664,4,4,FIELD INSPECTION
395,115.19173333333335,5,5,REINFORCE / ALARM
395,47.03912708333332,4,4,FIELD INSPECTION
395,39.71687916666667,4,4,FIELD INSPECTION
395,90.88231666666665,5,5,REINFORCE / ALARM
395,117.07987291666662,5,5,REINFORCE / ALARM
395,106.58603749999993,5,5,REINFORCE / ALARM
395,69.92914166666665,5,5,REINFORCE / ALARM
395,72.77809166666667,4,4,FIELD INSPECTION
395,307.66630833333335,5,5,REINFORCE / ALARM
395,110.84728750000004,5,5,REINFORCE / ALARM
395,36.44992083333336,5,5,REINFORCE / ALARM
396,63.61944791666665,4,4,FIELD INSPECTION
396,25.749110416666667,3,3,ENHANCED MONITORING
396,0.19682916666666758,1,3,ENHANCED MONITORING
396,28.66502291666666,3,3,ENHANCED MONITORING
396,16.595032291666666,3,3,ENHANCED MONITORING
396,33.419867708333335,4,4,FIELD INSPECTION
396,1.012046874999997,1,3,ENHANCED MONITORING
396,14.636886458333334,3,3,ENHANCED MONITORING
396,5.8556677083333355,2,3,ENHANCED MONITORING
396,11.182230208333332,3,3,ENHANCED MONITORING
396,55.00360625,4,4,FIELD INSPECTION
396,25.193118749999993,3,3,ENHANCED MONITORING
396,30.19197083333333,4,4,FIELD INSPECTION
396,59.722433333333335,4,4,FIELD INSPECTION
396,11.491170833333333,3,3,ENHANCED MONITORING
396,10.66631458333333,3,3,ENHANCED MONITORING
396,59.24760833333334,4,4,FIELD INSPECTION
396,49.76937083333334,4,4,FIELD INSPECTION
396,46.726635416666674,4,4,FIELD INSPECTION
396,2.251360416666666,2,3,ENHANCED MONITORING
396,20.708153125000006,3,3,ENHANCED MONITORING
396,32.384992708333336,4,4,FIELD INSPECTION
396,7.919330208333335,2,3,ENHANCED MONITORING
396,0.638172916666664,1,3,ENHANCED MONITORING
396,7.159914583333337,2,3,ENHANCED MONITORING
396,115.11868333333335,5,5,REINFORCE / ALARM
396,67.23643750000001,5,5,REINFORCE / ALARM
396,43.87667083333334,4,4,FIELD INSPECTION
396,4.017750000000007,2,3,ENHANCED MONITORING
396,6.68001666666667,2,3,ENHANCED MONITORING
396,2.8814166666666665,2,3,ENHANCED MONITORING
396,15.510950000000003,3,3,ENHANCED MONITORING
396,22.15444166666667,3,3,ENHANCED MONITORING
396,0.8664541666666642,1,3,ENHANCED MONITORING
396,41.93577291666667,4,4,FIELD INSPECTION
396,42.04230416666666,4,4,FIELD INSPECTION
396,30.51663749999999,4,4,FIELD INSPECTION
396,17.858695833333332,3,3,ENHANCED MONITORING
396,23.16496666666667,3,3,ENHANCED MONITORING
396,8.913114583333334,2,3,ENHANCED MONITORING
396,31.179160416666672,4,4,FIELD INSPECTION
396,40.11763958333333,4,4,FIELD INSPECTION
396,42.996519791666664,4,4,FIELD INSPECTION
396,38.53641145833333,4,4,FIELD INSPECTION
396,53.21134479166667,4,4,FIELD INSPECTION
396,25.575616666666676,3,3,ENHANCED MONITORING
396,21.011006250000005,3,3,ENHANCED MONITORING
396,45.0414125,4,4,FIELD INSPECTION
396,24.96585208333333,3,3,ENHANCED MONITORING
396,40.57420208333332,5,5,REINFORCE / ALARM
396,21.578158333333324,3,3,ENHANCED MONITORING
396,41.4619625,4,4,FIELD INSPECTION
396,59.815775,4,4,FIELD INSPECTION
396,57.328016666666656,4,4,FIELD INSPECTION
396,58.776841666666655,4,4,FIELD INSPECTION
396,41.248899999999985,4,4,FIELD INSPECTION
396,5.2697458333333245,2,3,ENHANCED MONITORING
396,52.328150000000015,5,5,REINFORCE / ALARM
396,81.80991250000002,4,4,FIELD INSPECTION
396,81.83629166666668,4,5,REINFORCE / ALARM
396,3.20608333333332,2,3,ENHANCED MONITORING
396,85.83577916666667,4,4,FIELD INSPECTION
396,45.85510833333334,5,5,REINFORCE / ALARM
396,146.1466708333333,5,5,REINFORCE / ALARM
396,156.5907916666667,5,5,REINFORCE / ALARM
396,88.95663749999999,4,4,FIELD INSPECTION
396,401.36510833333335,5,5,REINFORCE / ALARM
396,171.24543333333335,5,5,REINFORCE / ALARM
396,127.51080416666669,5,5,REINFORCE / ALARM
396,0.8705125000000619,1,3,ENHANCED MONITORING
396,27.856399999999997,3,3,ENHANCED MONITORING
396,2.4278979166666326,2,3,ENHANCED MONITORING
396,56.59041458333329,4,4,FIELD INSPECTION
396,66.85191041666668,4,4,FIELD INSPECTION
396,34.06159166666665,4,4,FIELD INSPECTION
396,60.98254583333337,5,5,REINFORCE / ALARM
396,78.96299166666668,4,4,FIELD INSPECTION
396,250.05623750000004,5,5,REINFORCE / ALARM
396,87.81218749999998,5,5,REINFORCE / ALARM
396,57.80081249999997,5,5,REINFORCE / ALARM
403,3.030560416666667,2,3,ENHANCED MONITORING
403,114.19541249999999,5,5,REINFORCE / ALARM
403,41.56342083333333,5,5,REINFORCE / ALARM
403,87.99379791666667,4,4,FIELD INSPECTION
403,29.700912499999998,3,3,ENHANCED MONITORING
403,33.87287916666666,4,4,FIELD INSPECTION
403,17.141385416666665,3,3,ENHANCED MONITORING
403,4.574248958333333,2,3,ENHANCED MONITORING
403,12.130865624999998,3,3,ENHANCED MONITORING
403,22.386273958333334,3,3,ENHANCED MONITORING
403,27.609856249999996,3,3,ENHANCED MONITORING
403,26.54352916666667,3,3,ENHANCED MONITORING
403,19.55000625,3,3,ENHANCED MONITORING
403,9.342283333333333,2,3,ENHANCED MONITORING
403,10.762700000000004,3,3,ENHANCED MONITORING
403,0.8360166666666728,1,3,ENHANCED MONITORING
403,67.62299374999999,4,4,FIELD INSPECTION
403,10.935179166666662,3,3,ENHANCED MONITORING
403,24.237381249999995,3,3,ENHANCED MONITORING
403,7.5302375000000055,2,3,ENHANCED MONITORING
403,19.717412499999995,3,3,ENHANCED MONITORING
403,25.560397916666663,3,3,ENHANCED MONITORING
403,56.96581041666667,5,5,REINFORCE / ALARM
403,27.05792291666666,3,3,ENHANCED MONITORING
403,43.15733125,4,4,FIELD INSPECTION
403,50.118387500000004,4,4,FIELD INSPECTION
403,9.354458333333332,2,3,ENHANCED MONITORING
403,5.245395833333331,2,3,ENHANCED MONITORING
403,4.0694937499999995,2,3,ENHANCED MONITORING
403,77.92202916666668,4,4,FIELD INSPECTION
403,33.67199166666666,4,4,FIELD INSPECTION
403,4.779702083333338,2,3,ENHANCED MONITORING
403,48.294166666666676,4,4,FIELD INSPECTION
403,43.77115416666666,4,4,FIELD INSPECTION
403,26.12044791666666,3,3,ENHANCED MONITORING
403,41.94997708333333,4,4,FIELD INSPECTION
403,3.055924999999995,2,3,ENHANCED MONITORING
403,34.80883229166667,4,4,FIELD INSPECTION
403,27.736171875,3,3,ENHANCED MONITORING
403,91.158790625,4,4,FIELD INSPECTION
403,96.39860625,4,5,REINFORCE / ALARM
403,17.03181041666667,4,3,ENHANCED MONITORING
403,63.5595875,4,4,FIELD INSPECTION
403,95.52707916666668,4,5,REINFORCE / ALARM
403,49.16062083333335,4,4,FIELD INSPECTION
403,24.423050000000007,3,3,ENHANCED MONITORING
403,39.84877500000001,4,4,FIELD INSPECTION
403,45.95453750000001,4,4,FIELD INSPECTION
403,131.0517,5,5,REINFORCE / ALARM
403,80.0272895833333,4,4,FIELD INSPECTION
403,173.04530416666663,5,5,REINFORCE / ALARM
403,88.92011249999997,4,4,FIELD INSPECTION
403,162.15679583333332,5,5,REINFORCE / ALARM
403,68.97340416666665,4,4,FIELD INSPECTION
403,10.302079166666658,3,3,ENHANCED MONITORING
403,75.28005416666667,5,5,REINFORCE / ALARM
403,68.0339,4,4,FIELD INSPECTION
403,60.09985833333334,5,5,REINFORCE / ALARM
403,101.14787083333333,5,5,REINFORCE / ALARM
403,91.81167499999998,5,5,REINFORCE / ALARM
403,29.950500000000044,4,5,REINFORCE / ALARM
403,149.57393333333331,5,5,REINFORCE / ALARM
403,60.04304166666668,4,4,FIELD INSPECTION
403,9.616220833333339,2,3,ENHANCED MONITORING
403,10.872275000000007,3,3,ENHANCED MONITORING
403,59.16644166666665,5,5,REINFORCE / ALARM
403,33.88708333333335,5,5,REINFORCE / ALARM
403,26.464391666666682,3,3,ENHANCED MONITORING
403,40.672616666666656,4,4,FIELD INSPECTION
403,17.570554166666664,3,3,ENHANCED MONITORING
403,29.7374375,3,3,ENHANCED MONITORING
403,41.41630625,4,4,FIELD INSPECTION
403,34.578014583333335,4,4,FIELD INSPECTION
403,14.93973958333334,3,3,ENHANCED MONITORING
403,32.48391458333333,4,4,FIELD INSPECTION
403,25.62330208333333,3,3,ENHANCED MONITORING
403,30.572439583333338,4,4,FIELD INSPECTION
403,7.702716666666674,2,3,ENHANCED MONITORING
403,34.814412499999996,4,4,FIELD INSPECTION
403,51.73563333333333,4,4,FIELD INSPECTION
409,7.648943750000002,2,3,ENHANCED MONITORING
409,111.57575833333334,5,5,REINFORCE / ALARM
409,39.81935208333332,5,5,REINFORCE / ALARM
409,56.05877291666667,4,4,FIELD INSPECTION
409,13.063267708333342,3,3,ENHANCED MONITORING
409,15.93048020833333,3,3,ENHANCED MONITORING
409,27.285696875,3,3,ENHANCED MONITORING
409,21.881011458333333,3,3,ENHANCED MONITORING
409,22.18944479166667,3,3,ENHANCED MONITORING
409,33.21086354166666,4,4,FIELD INSPECTION
409,36.82227291666666,4,4,FIELD INSPECTION
409,15.451089583333333,3,3,ENHANCED MONITORING
409,4.232841666666668,2,3,ENHANCED MONITORING
409,39.68542708333333,4,4,FIELD INSPECTION
409,17.659837500000013,3,3,ENHANCED MONITORING
409,1.6446395833333394,1,3,ENHANCED MONITORING
409,97.02967708333331,4,5,REINFORCE / ALARM
409,32.67262708333333,5,5,REINFORCE / ALARM
409,27.99539791666666,3,3,ENHANCED MONITORING
409,0.8157249999999957,1,3,ENHANCED MONITORING
409,55.89999062500001,4,4,FIELD INSPECTION
409,26.152407291666673,3,3,ENHANCED MONITORING
409,41.71510104166667,4,4,FIELD INSPECTION
409,36.41136666666667,4,4,FIELD INSPECTION
409,16.84918541666667,3,3,ENHANCED MONITORING
409,20.608216666666667,3,3,ENHANCED MONITORING
409,45.228095833333334,4,4,FIELD INSPECTION
409,54.542985416666674,4,4,FIELD INSPECTION
409,3.5307499999999927,2,3,ENHANCED MONITORING
409,54.369491666666676,4,4,FIELD INSPECTION
409,77.67142708333334,4,4,FIELD INSPECTION
409,71.47536666666667,4,4,FIELD INSPECTION
409,7.2197749999999985,3,3,ENHANCED MONITORING
409,34.1813125,4,4,FIELD INSPECTION
409,56.10138541666666,4,4,FIELD INSPECTION
409,44.31497083333333,4,4,FIELD INSPECTION
409,49.10177499999998,4,4,FIELD INSPECTION
409,55.152242708333326,4,4,FIELD INSPECTION
409,30.34973854166667,4,4,FIELD INSPECTION
409,40.68225520833334,4,4,FIELD INSPECTION
409,28.575739583333334,3,3,ENHANCED MONITORING
409,13.361047916666651,3,3,ENHANCED MONITORING
409,15.740245833333342,3,3,ENHANCED MONITORING
409,0.625997916666666,1,3,ENHANCED MONITORING
409,3.4434958333333276,2,3,ENHANCED MONITORING
409,11.538856250000016,3,3,ENHANCED MONITORING
409,10.724145833333338,3,3,ENHANCED MONITORING
409,1.725806249999998,1,3,ENHANCED MONITORING
409,33.649670833333325,4,4,FIELD INSPECTION
409,40.41491249999998,4,5,REINFORCE / ALARM
409,32.308391666666665,4,4,FIELD INSPECTION
409,9.193139583333325,3,3,ENHANCED MONITORING
409,16.187677083333302,4,3,ENHANCED MONITORING
409,10.842852083333328,3,3,ENHANCED MONITORING
409,53.507095833333345,4,4,FIELD INSPECTION
409,212.9590125,5,5,REINFORCE / ALARM
409,226.4448541666667,5,5,REINFORCE / ALARM
409,308.01126666666664,5,5,REINFORCE / ALARM
409,136.6379958333333,5,5,REINFORCE / ALARM
409,41.12715000000003,5,5,REINFORCE / ALARM
409,12.743166666666673,3,3,ENHANCED MONITORING
409,20.338337500000026,4,3,ENHANCED MONITORING
409,52.29568333333327,5,5,REINFORCE / ALARM
409,23.34353333333335,3,3,ENHANCED MONITORING
409,0.07710833333329485,1,3,ENHANCED MONITORING
409,8.914129166666655,2,3,ENHANCED MONITORING
409,36.338316666666685,4,4,FIELD INSPECTION
409,13.13885416666661,3,3,ENHANCED MONITORING
409,85.27370000000002,4,4,FIELD INSPECTION
409,35.337937499999974,4,4,FIELD INSPECTION
409,49.44774791666663,4,4,FIELD INSPECTION
409,8.591491666666647,2,3,ENHANCED MONITORING
409,7.2806500000000085,2,3,ENHANCED MONITORING
409,10.118439583333362,3,3,ENHANCED MONITORING
409,38.158479166666694,4,4,FIELD INSPECTION
409,5.044508333333326,2,3,ENHANCED MONITORING
409,28.50979166666669,3,4,FIELD INSPECTION
409,185.7316541666667,5,5,REINFORCE / ALARM
409,82.3902541666667,5,5,REINFORCE / ALARM
409,38.811870833333366,5,5,REINFORCE / ALARM
414,0.8197833333333336,1,3,ENHANCED MONITORING
414,13.829785416666667,3,3,ENHANCED MONITORING
414,1.8536437499999991,1,3,ENHANCED MONITORING
414,3.8158479166666663,2,3,ENHANCED MONITORING
414,9.55078020833333,2,3,ENHANCED MONITORING
414,1.2210510416666658,1,3,ENHANCED MONITORING
414,3.5992343749999995,2,3,ENHANCED MONITORING
414,0.07863020833333263,1,3,ENHANCED MONITORING
414,3.9675281249999976,2,3,ENHANCED MONITORING
414,7.778303125000001,2,3,ENHANCED MONITORING
414,4.857825,2,3,ENHANCED MONITORING
414,4.180083333333333,2,3,ENHANCED MONITORING
414,1.542166666666667,1,3,ENHANCED MONITORING
414,1.8120458333333331,1,3,ENHANCED MONITORING
414,0.2688645833333325,1,3,ENHANCED MONITORING
414,8.603666666666667,2,3,ENHANCED MONITORING
414,5.878495833333335,2,3,ENHANCED MONITORING
414,1.2946083333333327,1,3,ENHANCED MONITORING
414,7.617491666666666,2,3,ENHANCED MONITORING
414,0.9415333333333328,1,3,ENHANCED MONITORING
414,3.9381052083333334,2,3,ENHANCED MONITORING
414,8.655917708333332,2,3,ENHANCED MONITORING
414,5.510709375,2,3,ENHANCED MONITORING
414,16.053752083333332,3,3,ENHANCED MONITORING
414,0.0700062499999999,1,3,ENHANCED MONITORING
414,3.074187499999999,2,3,ENHANCED MONITORING
414,0.3084333333333329,1,3,ENHANCED MONITORING
414,1.228660416666666,1,3,ENHANCED MONITORING
414,12.348493749999998,3,3,ENHANCED MONITORING
414,12.555468750000001,3,3,ENHANCED MONITORING
414,1.6436250000000012,1,3,ENHANCED MONITORING
414,7.0219312500000015,2,3,ENHANCED MONITORING
414,2.1255520833333357,2,3,ENHANCED MONITORING
414,12.748239583333335,3,3,ENHANCED MONITORING
414,4.4611229166666675,2,3,ENHANCED MONITORING
414,1.9459708333333328,1,3,ENHANCED MONITORING
414,10.424843749999999,3,3,ENHANCED MONITORING
414,2.1554822916666656,2,3,ENHANCED MONITORING
414,11.479503125,3,3,ENHANCED MONITORING
414,5.540132291666667,2,3,ENHANCED MONITORING
414,19.858439583333332,3,3,ENHANCED MONITORING
414,9.38996875,2,3,ENHANCED MONITORING
414,17.117035416666667,3,3,ENHANCED MONITORING
414,6.544062500000003,2,3,ENHANCED MONITORING
414,2.1397562499999965,2,3,ENHANCED MONITORING
414,5.518318750000005,2,3,ENHANCED MONITORING
414,6.411152083333334,2,3,ENHANCED MONITORING
414,1.2905500000000019,1,3,ENHANCED MONITORING
414,18.06567083333333,3,3,ENHANCED MONITORING
414,11.591614583333344,3,3,ENHANCED MONITORING
414,0.6777416666666767,1,3,ENHANCED MONITORING
414,10.342662500000001,3,3,ENHANCED MONITORING
414,16.54988333333333,3,3,ENHANCED MONITORING
414,4.222695833333333,2,3,ENHANCED MONITORING
414,7.546470833333337,2,3,ENHANCED MONITORING
414,23.609354166666662,3,3,ENHANCED MONITORING
414,16.49915416666667,3,3,ENHANCED MONITORING
414,21.754695833333333,3,3,ENHANCED MONITORING
414,8.859341666666671,2,3,ENHANCED MONITORING
414,12.8507125,3,3,ENHANCED MONITORING
414,5.37729166666666,2,3,ENHANCED MONITORING
414,10.287875000000005,3,3,ENHANCED MONITORING
414,1.2175000000000036,1,3,ENHANCED MONITORING
414,24.011129166666663,3,3,ENHANCED MONITORING
414,3.5145166666666667,2,3,ENHANCED MONITORING
414,6.436516666666665,2,3,ENHANCED MONITORING
414,8.790350000000002,2,3,ENHANCED MONITORING
414,6.596820833333337,2,3,ENHANCED MONITORING
414,12.461112499999999,3,3,ENHANCED MONITORING
414,0.2516166666666659,1,3,ENHANCED MONITORING
414,5.658331249999999,2,3,ENHANCED MONITORING
414,6.758139583333334,2,3,ENHANCED MONITORING
414,7.6956145833333345,2,3,ENHANCED MONITORING
414,1.2661999999999975,1,3,ENHANCED MONITORING
414,0.16436249999999752,1,3,ENHANCED MONITORING
414,9.528966666666669,2,3,ENHANCED MONITORING
414,5.923137499999998,2,3,ENHANCED MONITORING
414,0.5519333333333355,1,3,ENHANCED MONITORING
414,16.375375000000002,3,3,ENHANCED MONITORING
414,2.2787541666666677,2,3,ENHANCED MONITORING
416,39.38409583333333,4,4,FIELD INSPECTION
416,44.70862916666667,4,4,FIELD INSPECTION
416,61.62173333333334,4,4,FIELD INSPECTION
416,20.915635416666664,3,3,ENHANCED MONITORING
416,20.433201041666663,3,3,ENHANCED MONITORING
416,21.699401041666665,3,3,ENHANCED MONITORING
416,5.571584375000003,2,3,ENHANCED MONITORING
416,17.81253229166667,3,3,ENHANCED MONITORING
416,29.358490624999998,3,4,FIELD INSPECTION
416,18.067192708333334,3,3,ENHANCED MONITORING
416,41.50863333333333,4,4,FIELD INSPECTION
416,8.245518750000002,2,3,ENHANCED MONITORING
416,17.364593750000008,3,3,ENHANCED MONITORING
416,17.034854166666666,3,3,ENHANCED MONITORING
416,2.59834791666666,2,3,ENHANCED MONITORING
416,0.9902333333333336,1,3,ENHANCED MONITORING
416,7.928968749999996,2,3,ENHANCED MONITORING
416,21.614683333333335,3,3,ENHANCED MONITORING
416,14.704356249999991,3,3,ENHANCED MONITORING
416,10.510068750000016,3,3,ENHANCED MONITORING
416,17.646140624999987,3,3,ENHANCED MONITORING
416,8.692442708333338,2,3,ENHANCED MONITORING
416,10.827126041666668,3,3,ENHANCED MONITORING
416,5.485852083333332,2,3,ENHANCED MONITORING
416,21.66135416666667,3,3,ENHANCED MONITORING
416,62.44557500000001,4,4,FIELD INSPECTION
416,33.03280416666667,4,4,FIELD INSPECTION
416,51.30240625,4,4,FIELD INSPECTION
416,84.1596875,4,4,FIELD INSPECTION
416,87.11719791666667,4,4,FIELD INSPECTION
416,117.35786874999998,5,5,REINFORCE / ALARM
416,48.83595416666666,4,4,FIELD INSPECTION
416,35.15937083333332,4,4,FIELD INSPECTION
416,6.859597916666665,2,3,ENHANCED MONITORING
416,4.542289583333327,2,3,ENHANCED MONITORING
416,47.997908333333335,4,4,FIELD INSPECTION
416,15.439929166666653,3,3,ENHANCED MONITORING
416,31.632679166666662,4,4,FIELD INSPECTION
416,111.46922708333334,5,5,REINFORCE / ALARM
416,83.66558541666667,4,4,FIELD INSPECTION
416,54.14425416666666,4,4,FIELD INSPECTION
416,41.62226666666667,4,4,FIELD INSPECTION
416,23.118295833333335,3,3,ENHANCED MONITORING
416,41.258031249999995,4,4,FIELD INSPECTION
416,33.42544791666667,4,4,FIELD INSPECTION
416,69.54867291666669,4,4,FIELD INSPECTION
416,77.09514375000002,4,4,FIELD INSPECTION
416,78.53991041666667,4,4,FIELD INSPECTION
416,69.80231874999998,4,4,FIELD INSPECTION
416,16.143035416666674,4,3,ENHANCED MONITORING
416,30.958995833333333,4,4,FIELD INSPECTION
416,56.065874999999984,4,4,FIELD INSPECTION
416,24.615820833333316,3,3,ENHANCED MONITORING
416,2.1204791666666623,2,3,ENHANCED MONITORING
416,42.703812500000026,4,4,FIELD INSPECTION
416,124.76534166666666,5,5,REINFORCE / ALARM
416,51.49619166666668,5,5,REINFORCE / ALARM
416,15.543416666666658,3,3,ENHANCED MONITORING
416,40.92829166666667,5,5,REINFORCE / ALARM
416,158.27499999999998,5,5,REINFORCE / ALARM
416,115.33580416666665,5,5,REINFORCE / ALARM
416,218.22469999999998,5,5,REINFORCE / ALARM
416,10.498908333333384,3,3,ENHANCED MONITORING
416,19.147216666666676,3,3,ENHANCED MONITORING
416,82.4673625,4,4,FIELD INSPECTION
416,64.16833749999999,4,4,FIELD INSPECTION
416,144.51724999999996,5,5,REINFORCE / ALARM
416,96.19873333333335,5,5,REINFORCE / ALARM
416,105.44361666666667,5,5,REINFORCE / ALARM
416,251.2351833333333,5,5,REINFORCE / ALARM
416,53.95351249999994,4,4,FIELD INSPECTION
416,37.21694583333332,4,4,FIELD INSPECTION
416,27.710300000000018,3,3,ENHANCED MONITORING
416,16.74468333333335,3,3,ENHANCED MONITORING
416,30.50649166666669,4,4,FIELD INSPECTION
416,24.83699999999997,3,3,ENHANCED MONITORING
416,9.30778749999997,2,3,ENHANCED MONITORING
416,3.275075000000006,2,3,ENHANCED MONITORING
416,102.02447083333333,5,5,REINFORCE / ALARM
416,85.83577916666668,4,4,FIELD INSPECTION
418,34.05246041666666,4,4,FIELD INSPECTION
418,34.05246041666666,4,4,FIELD INSPECTION
418,44.37686041666668,4,4,FIELD INSPECTION
418,17.339229166666666,3,3,ENHANCED MONITORING
418,12.552425,3,3,ENHANCED MONITORING
418,56.0597875,4,4,FIELD INSPECTION
418,5.383379166666667,2,3,ENHANCED MONITORING
418,41.73691458333333,4,4,FIELD INSPECTION
418,42.67438958333332,4,4,FIELD INSPECTION
418,31.64789791666667,4,4,FIELD INSPECTION
418,61.08806250000001,4,4,FIELD INSPECTION
418,49.143372916666664,4,4,FIELD INSPECTION
418,32.978016666666655,4,4,FIELD INSPECTION
418,10.374114583333323,3,3,ENHANCED MONITORING
418,16.38957916666666,3,3,ENHANCED MONITORING
418,12.491550000000013,3,3,ENHANCED MONITORING
418,24.649302083333325,3,3,ENHANCED MONITORING
418,40.88770833333335,4,4,FIELD INSPECTION
418,44.60311249999999,4,4,FIELD INSPECTION
418,47.545404166666664,4,4,FIELD INSPECTION
418,29.60858541666667,3,3,ENHANCED MONITORING
418,11.922368749999988,3,3,ENHANCED MONITORING
418,1.7704479166666676,1,3,ENHANCED MONITORING
418,18.892556250000002,3,3,ENHANCED MONITORING
418,49.38788750000001,4,4,FIELD INSPECTION
418,50.07678958333335,4,4,FIELD INSPECTION
418,25.087602083333337,3,3,ENHANCED MONITORING
418,7.276591666666661,3,3,ENHANCED MONITORING
418,68.06027916666666,4,4,FIELD INSPECTION
418,107.53670208333334,5,5,REINFORCE / ALARM
418,75.69096041666667,4,4,FIELD INSPECTION
418,42.42480208333333,4,4,FIELD INSPECTION
418,48.26372916666667,4,4,FIELD INSPECTION
418,24.736556249999996,3,3,ENHANCED MONITORING
418,10.882420833333333,3,3,ENHANCED MONITORING
418,18.136691666666664,3,3,ENHANCED MONITORING
418,10.188445833333333,3,3,ENHANCED MONITORING
418,38.96202916666666,4,4,FIELD INSPECTION
418,110.31868958333332,5,5,REINFORCE / ALARM
418,89.68307916666664,4,4,FIELD INSPECTION
418,19.213164583333327,4,3,ENHANCED MONITORING
418,5.028274999999994,2,3,ENHANCED MONITORING
418,11.854898958333337,3,3,ENHANCED MONITORING
418,80.34130312500001,4,4,FIELD INSPECTION
418,116.98399479166669,5,5,REINFORCE / ALARM
418,176.17529375000004,5,5,REINFORCE / ALARM
418,113.39186250000002,5,5,REINFORCE / ALARM
418,65.24886875,4,4,FIELD INSPECTION
418,21.26566666666663,3,3,ENHANCED MONITORING
418,24.10751458333331,3,3,ENHANCED MONITORING
418,24.291154166666644,3,3,ENHANCED MONITORING
418,41.12917916666665,4,4,FIELD INSPECTION
418,31.07871666666665,5,5,REINFORCE / ALARM
418,0.6107791666666488,1,3,ENHANCED MONITORING
418,12.25210833333333,3,3,ENHANCED MONITORING
418,101.82561249999999,5,5,REINFORCE / ALARM
418,53.71407083333336,5,5,REINFORCE / ALARM
418,71.4246375,5,5,REINFORCE / ALARM
418,99.33379583333338,5,5,REINFORCE / ALARM
418,207.85362916666668,5,5,REINFORCE / ALARM
418,100.50056666666664,5,5,REINFORCE / ALARM
418,215.18095000000002,5,5,REINFORCE / ALARM
418,13.161175000000034,4,3,ENHANCED MONITORING
418,67.15121250000001,4,4,FIELD INSPECTION
418,114.1791791666667,5,5,REINFORCE / ALARM
418,67.42920833333325,4,4,FIELD INSPECTION
418,229.30395,5,5,REINFORCE / ALARM
418,64.13587083333336,5,5,REINFORCE / ALARM
418,131.09431249999997,5,5,REINFORCE / ALARM
418,279.29044166666665,5,5,REINFORCE / ALARM
418,47.62555624999991,5,5,REINFORCE / ALARM
418,14.646525000000034,3,3,ENHANCED MONITORING
418,46.577491666666695,5,5,REINFORCE / ALARM
418,56.96986874999999,4,4,FIELD INSPECTION
418,75.45659166666664,4,4,FIELD INSPECTION
418,39.024933333333294,4,4,FIELD INSPECTION
418,4.557508333333307,2,3,ENHANCED MONITORING
418,14.967133333333344,3,3,ENHANCED MONITORING
418,62.58558749999998,4,5,REINFORCE / ALARM
418,25.957100000000068,3,3,ENHANCED MONITORING
422,34.51105208333333,4,4,FIELD INSPECTION
422,88.69791874999999,4,4,FIELD INSPECTION
422,26.32945208333334,3,3,ENHANCED MONITORING
422,45.745533333333334,4,4,FIELD INSPECTION
422,21.511703125,3,3,ENHANCED MONITORING
422,9.332644791666665,2,3,ENHANCED MONITORING
422,2.6587156249999992,2,3,ENHANCED MONITORING
422,2.7343020833333327,2,3,ENHANCED MONITORING
422,46.93766874999999,4,4,FIELD INSPECTION
422,26.71093541666666,3,3,ENHANCED MONITORING
422,60.6132375,4,4,FIELD INSPECTION
422,10.469485416666664,3,3,ENHANCED MONITORING
422,10.556739583333338,3,3,ENHANCED MONITORING
422,5.44729791666667,2,3,ENHANCED MONITORING
422,40.945539583333336,4,4,FIELD INSPECTION
422,50.397397916666655,4,4,FIELD INSPECTION
422,21.15304791666666,3,3,ENHANCED MONITORING
422,1.8648041666666668,1,3,ENHANCED MONITORING
422,5.372218749999999,2,3,ENHANCED MONITORING
422,11.311589583333337,3,3,ENHANCED MONITORING
422,11.738729166666667,3,3,ENHANCED MONITORING
422,5.3387375,2,3,ENHANCED MONITORING
422,5.596441666666668,2,3,ENHANCED MONITORING
422,4.053260416666666,2,3,ENHANCED MONITORING
422,1.8719062500000003,1,3,ENHANCED MONITORING
422,7.2562999999999995,2,3,ENHANCED MONITORING
422,22.02558958333334,3,3,ENHANCED MONITORING
422,39.988787499999994,5,5,REINFORCE / ALARM
422,29.26362708333333,3,4,FIELD INSPECTION
422,57.29960833333333,4,4,FIELD INSPECTION
422,23.578916666666668,3,3,ENHANCED MONITORING
422,30.999579166666667,4,3,ENHANCED MONITORING
422,18.75051458333333,3,3,ENHANCED MONITORING
422,35.684925,4,4,FIELD INSPECTION
422,13.531497916666671,3,3,ENHANCED MONITORING
422,35.97306666666666,5,5,REINFORCE / ALARM
422,43.42315208333332,4,4,FIELD INSPECTION
422,68.922675,4,4,FIELD INSPECTION
422,2.5415312500000002,2,3,ENHANCED MONITORING
422,40.91104375,4,4,FIELD INSPECTION
422,45.452318749999996,4,4,FIELD INSPECTION
422,66.94322291666667,4,4,FIELD INSPECTION
422,42.863609375,4,4,FIELD INSPECTION
422,69.185959375,4,4,FIELD INSPECTION
422,73.03224479166666,4,4,FIELD INSPECTION
422,59.97810833333333,4,4,FIELD INSPECTION
422,39.936029166666664,4,4,FIELD INSPECTION
422,22.476064583333326,3,3,ENHANCED MONITORING
422,32.93844791666667,5,5,REINFORCE / ALARM
422,0.4271395833333192,1,3,ENHANCED MONITORING
422,51.670700000000004,4,4,FIELD INSPECTION
422,22.091537499999987,3,3,ENHANCED MONITORING
422,35.6666625,4,4,FIELD INSPECTION
422,9.922625000000016,2,3,ENHANCED MONITORING
422,89.04997916666669,4,4,FIELD INSPECTION
422,85.98593750000002,4,4,FIELD INSPECTION
422,52.23277916666666,4,4,FIELD INSPECTION
422,34.18334166666666,4,4,FIELD INSPECTION
422,112.81152083333332,5,5,REINFORCE / ALARM
422,62.540945833333346,5,5,REINFORCE / ALARM
422,4.423583333333373,2,3,ENHANCED MONITORING
422,94.92644583333332,4,4,FIELD INSPECTION
422,42.040274999999994,4,4,FIELD INSPECTION
422,7.633724999999974,2,3,ENHANCED MONITORING
422,7.818379166666641,2,3,ENHANCED MONITORING
422,45.21997916666663,4,4,FIELD INSPECTION
422,60.556420833333355,4,4,FIELD INSPECTION
422,8.445391666666666,3,3,ENHANCED MONITORING
422,46.374574999999986,4,4,FIELD INSPECTION
422,31.788925000000035,5,5,REINFORCE / ALARM
422,82.04529583333333,4,4,FIELD INSPECTION
422,111.99883958333332,5,5,REINFORCE / ALARM
422,44.90850208333338,4,4,FIELD INSPECTION
422,70.62413124999999,4,4,FIELD INSPECTION
422,49.572541666666694,4,4,FIELD INSPECTION
422,3.7722208333332694,2,3,ENHANCED MONITORING
422,39.12639166666667,4,4,FIELD INSPECTION
422,31.070600000000038,4,4,FIELD INSPECTION
422,26.214804166666628,3,3,ENHANCED MONITORING
422,15.502833333333323,4,3,ENHANCED MONITORING
425,9.617235416666666,2,3,ENHANCED MONITORING
425,6.355349999999999,2,3,ENHANCED MONITORING
425,7.857947916666665,2,3,ENHANCED MONITORING
425,8.071010416666667,2,3,ENHANCED MONITORING
425,0.6686104166666667,1,3,ENHANCED MONITORING
425,5.224089583333334,2,3,ENHANCED MONITORING
425,12.230802083333336,3,3,ENHANCED MONITORING
425,10.308166666666667,3,3,ENHANCED MONITORING
425,3.34000833333333,2,3,ENHANCED MONITORING
425,6.060106250000001,2,3,ENHANCED MONITORING
425,2.744447916666669,2,3,ENHANCED MONITORING
425,2.4126791666666665,2,3,ENHANCED MONITORING
425,0.4545333333333333,1,3,ENHANCED MONITORING
425,6.936706249999999,2,3,ENHANCED MONITORING
425,0.4362708333333301,1,3,ENHANCED MONITORING
425,1.385920833333332,1,3,ENHANCED MONITORING
425,6.933662500000001,2,3,ENHANCED MONITORING
425,4.820285416666666,2,3,ENHANCED MONITORING
425,22.564333333333334,3,3,ENHANCED MONITORING
425,12.863902083333336,3,3,ENHANCED MONITORING
425,16.636630208333337,3,3,ENHANCED MONITORING
425,10.03575104166667,3,3,ENHANCED MONITORING
425,2.2792614583333304,2,3,ENHANCED MONITORING
425,1.5401374999999966,1,3,ENHANCED MONITORING
425,3.8716500000000007,2,3,ENHANCED MONITORING
425,22.627237499999996,3,3,ENHANCED MONITORING
425,9.334166666666665,2,3,ENHANCED MONITORING
425,9.679125,2,3,ENHANCED MONITORING
425,17.971314583333335,3,3,ENHANCED MONITORING
425,15.892433333333335,3,3,ENHANCED MONITORING
425,3.2426083333333366,2,3,ENHANCED MONITORING
425,7.478493749999998,2,3,ENHANCED MONITORING
425,7.488639583333335,2,3,ENHANCED MONITORING
425,12.137460416666665,3,3,ENHANCED MONITORING
425,3.0904208333333307,2,3,ENHANCED MONITORING
425,1.9977145833333367,1,3,ENHANCED MONITORING
425,0.49410208333333117,1,3,ENHANCED MONITORING
425,4.6178760416666655,2,3,ENHANCED MONITORING
425,5.357507291666663,2,3,ENHANCED MONITORING
425,4.670634375000002,2,3,ENHANCED MONITORING
425,10.083943750000001,3,3,ENHANCED MONITORING
425,7.399356250000003,2,3,ENHANCED MONITORING
425,5.404685416666669,2,3,ENHANCED MONITORING
425,5.3793208333333355,2,3,ENHANCED MONITORING
425,3.1949229166666644,2,3,ENHANCED MONITORING
425,0.28712708333333997,1,3,ENHANCED MONITORING
425,10.404552083333334,3,3,ENHANCED MONITORING
425,5.268731250000002,2,3,ENHANCED MONITORING
425,14.438535416666666,3,3,ENHANCED MONITORING
425,14.804800000000002,3,3,ENHANCED MONITORING
425,17.560408333333335,3,3,ENHANCED MONITORING
425,2.447174999999993,2,3,ENHANCED MONITORING
425,21.708025000000003,3,3,ENHANCED MONITORING
425,1.850599999999994,1,3,ENHANCED MONITORING
425,15.622554166666662,3,3,ENHANCED MONITORING
425,34.22189583333333,4,4,FIELD INSPECTION
425,4.113120833333336,2,3,ENHANCED MONITORING
425,13.049570833333322,3,3,ENHANCED MONITORING
425,63.14360833333333,4,4,FIELD INSPECTION
425,3.849329166666673,2,3,ENHANCED MONITORING
425,22.192995833333324,3,3,ENHANCED MONITORING
425,53.460424999999994,4,4,FIELD INSPECTION
425,18.5851375,3,3,ENHANCED MONITORING
425,13.619766666666658,3,3,ENHANCED MONITORING
425,35.09037916666666,4,4,FIELD INSPECTION
425,36.545291666666664,4,4,FIELD INSPECTION
425,13.847033333333343,3,3,ENHANCED MONITORING
425,8.084200000000015,2,3,ENHANCED MONITORING
425,22.58259583333333,3,3,ENHANCED MONITORING
425,6.716541666666674,2,3,ENHANCED MONITORING
425,24.084179166666672,3,3,ENHANCED MONITORING
425,1.7034854166666615,1,3,ENHANCED MONITORING
425,4.99276458333334,2,3,ENHANCED MONITORING
425,7.086864583333335,2,3,ENHANCED MONITORING
425,22.33808125,3,3,ENHANCED MONITORING
425,0.1511729166666663,1,3,ENHANCED MONITORING
425,0.39264374999999524,1,3,ENHANCED MONITORING
425,18.64804166666666,3,3,ENHANCED MONITORING
425,10.95547083333332,3,3,ENHANCED MONITORING
425,2.6703833333333264,2,3,ENHANCED MONITORING
426,22.970166666666668,3,3,ENHANCED MONITORING
426,11.063016666666668,3,3,ENHANCED MONITORING
426,3.8046874999999987,2,3,ENHANCED MONITORING
426,19.868585416666665,3,3,ENHANCED MONITORING
426,1.837917708333335,1,3,ENHANCED MONITORING
426,9.982992708333333,2,3,ENHANCED MONITORING
426,6.7718364583333335,2,3,ENHANCED MONITORING
426,14.090026041666667,3,3,ENHANCED MONITORING
426,21.886084374999996,3,3,ENHANCED MONITORING
426,8.610261458333335,2,3,ENHANCED MONITORING
426,24.27593541666667,3,3,ENHANCED MONITORING
426,10.866187500000004,3,3,ENHANCED MONITORING
426,15.326295833333335,3,3,ENHANCED MONITORING
426,12.657941666666668,3,3,ENHANCED MONITORING
426,9.895231250000004,2,3,ENHANCED MONITORING
426,3.5348083333333307,2,3,ENHANCED MONITORING
426,0.5935312500000028,1,3,ENHANCED MONITORING
426,15.833587500000005,3,3,ENHANCED MONITORING
426,17.488372916666666,3,3,ENHANCED MONITORING
426,2.9209854166666713,2,3,ENHANCED MONITORING
426,16.661994791666668,3,3,ENHANCED MONITORING
426,2.2366489583333293,2,3,ENHANCED MONITORING
426,2.8829385416666704,2,3,ENHANCED MONITORING
426,4.724914583333334,2,3,ENHANCED MONITORING
426,7.712862499999999,2,3,ENHANCED MONITORING
426,15.992877083333335,3,3,ENHANCED MONITORING
426,17.171822916666667,3,3,ENHANCED MONITORING
426,14.146335416666666,3,3,ENHANCED MONITORING
426,6.300562500000001,2,3,ENHANCED MONITORING
426,7.614447916666665,2,3,ENHANCED MONITORING
426,3.112741666666667,2,3,ENHANCED MONITORING
426,7.243110416666668,2,3,ENHANCED MONITORING
426,0.9273291666666678,1,3,ENHANCED MONITORING
426,23.813285416666663,3,3,ENHANCED MONITORING
426,31.110168750000003,4,3,ENHANCED MONITORING
426,13.567008333333334,3,3,ENHANCED MONITORING
426,6.12301041666666,2,3,ENHANCED MONITORING
426,6.913878125000008,2,3,ENHANCED MONITORING
426,8.196311458333334,2,3,ENHANCED MONITORING
426,3.8163552083333325,2,3,ENHANCED MONITORING
426,9.52592291666667,2,3,ENHANCED MONITORING
426,12.27544375,3,3,ENHANCED MONITORING
426,2.279261458333328,2,3,ENHANCED MONITORING
426,7.242603124999999,2,3,ENHANCED MONITORING
426,3.730115625000002,2,3,ENHANCED MONITORING
426,1.224602083333335,1,3,ENHANCED MONITORING
426,4.01876458333333,2,3,ENHANCED MONITORING
426,0.16131875000000306,1,3,ENHANCED MONITORING
426,3.1228874999999925,2,3,ENHANCED MONITORING
426,2.483700000000005,2,3,ENHANCED MONITORING
426,11.95787916666666,3,3,ENHANCED MONITORING
426,1.152566666666666,1,3,ENHANCED MONITORING
426,14.159525,3,3,ENHANCED MONITORING
426,18.25438333333332,3,3,ENHANCED MONITORING
426,14.474045833333344,3,3,ENHANCED MONITORING
426,35.79652916666665,4,4,FIELD INSPECTION
426,22.132120833333335,4,3,ENHANCED MONITORING
426,12.733020833333322,3,3,ENHANCED MONITORING
426,44.16887083333332,4,4,FIELD INSPECTION
426,32.470724999999995,4,4,FIELD INSPECTION
426,14.754070833333321,3,3,ENHANCED MONITORING
426,45.000829166666655,4,4,FIELD INSPECTION
426,36.59196250000001,4,4,FIELD INSPECTION
426,26.886458333333312,3,3,ENHANCED MONITORING
426,65.23365,4,4,FIELD INSPECTION
426,38.01035000000001,4,4,FIELD INSPECTION
426,32.73248749999998,4,4,FIELD INSPECTION
426,41.35441666666665,4,4,FIELD INSPECTION
426,22.91335000000002,3,3,ENHANCED MONITORING
426,16.83193749999999,3,3,ENHANCED MONITORING
426,9.02877708333334,2,3,ENHANCED MONITORING
426,18.83371041666666,3,3,ENHANCED MONITORING
426,9.627381250000001,2,3,ENHANCED MONITORING
426,2.5648666666666906,2,3,ENHANCED MONITORING
426,1.3737458333333035,1,3,ENHANCED MONITORING
426,11.955849999999998,3,3,ENHANCED MONITORING
426,13.987045833333356,3,3,ENHANCED MONITORING
426,7.319204166666659,2,3,ENHANCED MONITORING
426,17.925658333333335,3,3,ENHANCED MONITORING
426,27.505354166666688,3,3,ENHANCED MONITORING
427,40.015166666666666,4,4,FIELD INSPECTION
427,46.85244375,4,4,FIELD INSPECTION
427,25.06122291666667,3,3,ENHANCED MONITORING
427,24.98715833333334,3,3,ENHANCED MONITORING
427,2.0251083333333355,2,3,ENHANCED MONITORING
427,1.6355083333333245,1,3,ENHANCED MONITORING
427,31.2958375,4,4,FIELD INSPECTION
427,43.75390625,4,4,FIELD INSPECTION
427,50.33144999999999,4,4,FIELD INSPECTION
427,30.223422916666664,4,4,FIELD INSPECTION
427,88.46152083333334,4,4,FIELD INSPECTION
427,88.82474166666668,4,4,FIELD INSPECTION
427,69.39039791666667,4,4,FIELD INSPECTION
427,21.633960416666667,3,3,ENHANCED MONITORING
427,8.266824999999997,2,3,ENHANCED MONITORING
427,29.1286875,3,3,ENHANCED MONITORING
427,60.598018749999994,4,4,FIELD INSPECTION
427,46.50545624999999,5,5,REINFORCE / ALARM
427,53.14590416666667,4,4,FIELD INSPECTION
427,76.665975,4,4,FIELD INSPECTION
427,29.160646874999994,3,3,ENHANCED MONITORING
427,4.617876041666673,2,3,ENHANCED MONITORING
427,8.817236458333332,2,3,ENHANCED MONITORING
427,7.186293749999995,2,3,ENHANCED MONITORING
427,8.16739583333334,2,3,ENHANCED MONITORING
427,24.969910416666668,3,3,ENHANCED MONITORING
427,5.444254166666667,2,3,ENHANCED MONITORING
427,1.2306895833333396,1,3,ENHANCED MONITORING
427,15.223822916666663,3,3,ENHANCED MONITORING
427,52.49860000000001,4,5,REINFORCE / ALARM
427,27.66565833333333,3,3,ENHANCED MONITORING
427,0.5133791666666715,1,3,ENHANCED MONITORING
427,95.96335,4,4,FIELD INSPECTION
427,57.79573958333333,4,4,FIELD INSPECTION
427,24.37840833333333,3,3,ENHANCED MONITORING
427,18.226989583333335,4,3,ENHANCED MONITORING
427,16.79033958333333,4,3,ENHANCED MONITORING
427,18.80530208333334,3,3,ENHANCED MONITORING
427,103.99479166666667,5,5,REINFORCE / ALARM
427,54.59980208333334,4,4,FIELD INSPECTION
427,17.44880416666666,3,3,ENHANCED MONITORING
427,2.617624999999991,2,3,ENHANCED MONITORING
427,5.942921874999992,2,3,ENHANCED MONITORING
427,22.511067708333332,3,3,ENHANCED MONITORING
427,45.35644062500001,4,4,FIELD INSPECTION
427,68.09376041666668,4,4,FIELD INSPECTION
427,21.387416666666653,3,3,ENHANCED MONITORING
427,18.0017520833333,3,3,ENHANCED MONITORING
427,26.374093750000025,3,3,ENHANCED MONITORING
427,18.034218750000033,3,3,ENHANCED MONITORING
427,7.136579166666685,2,3,ENHANCED MONITORING
427,71.97454166666664,5,5,REINFORCE / ALARM
427,46.41312916666667,5,5,REINFORCE / ALARM
427,34.18739999999999,4,5,REINFORCE / ALARM
427,43.21516249999999,4,4,FIELD INSPECTION
427,65.75920416666668,4,4,FIELD INSPECTION
427,71.64378750000003,4,4,FIELD INSPECTION
427,136.24636666666672,5,5,REINFORCE / ALARM
427,194.63360833333334,5,5,REINFORCE / ALARM
427,360.0208375,5,5,REINFORCE / ALARM
427,66.47955833333333,5,5,REINFORCE / ALARM
427,262.9515916666667,5,5,REINFORCE / ALARM
427,128.34073333333333,5,5,REINFORCE / ALARM
427,251.1114041666666,5,5,REINFORCE / ALARM
427,161.428325,5,5,REINFORCE / ALARM
427,80.65734583333337,4,4,FIELD INSPECTION
427,240.20869166666662,5,5,REINFORCE / ALARM
427,58.98178750000002,4,4,FIELD INSPECTION
427,37.42797916666667,5,5,REINFORCE / ALARM
427,58.981787500000024,4,4,FIELD INSPECTION
427,116.14442708333335,5,5,REINFORCE / ALARM
427,44.82530624999996,4,4,FIELD INSPECTION
427,18.494839583333377,3,3,ENHANCED MONITORING
427,18.469474999999957,3,3,ENHANCED MONITORING
427,11.532768749999976,3,3,ENHANCED MONITORING
427,1.57767708333337,1,3,ENHANCED MONITORING
427,10.834735416666684,3,3,ENHANCED MONITORING
427,6.243745833333342,2,3,ENHANCED MONITORING
427,104.73746666666666,5,5,REINFORCE / ALARM
427,61.0738583333333,4,4,FIELD INSPECTION
430,53.014008333333344,4,4,FIELD INSPECTION
430,6.441589583333332,2,3,ENHANCED MONITORING
430,6.144316666666664,2,3,ENHANCED MONITORING
430,74.80015625,4,4,FIELD INSPECTION
430,93.30818541666666,4,4,FIELD INSPECTION
430,82.34155416666665,4,4,FIELD INSPECTION
430,16.292179166666667,3,3,ENHANCED MONITORING
430,3.6423541666666672,2,3,ENHANCED MONITORING
430,30.12805208333334,4,3,ENHANCED MONITORING
430,25.97130416666667,3,3,ENHANCED MONITORING
430,131.09228333333334,5,5,REINFORCE / ALARM
430,126.53173124999999,5,5,REINFORCE / ALARM
430,128.06476666666666,5,5,REINFORCE / ALARM
430,22.59375625000001,3,3,ENHANCED MONITORING
430,35.80464583333333,4,4,FIELD INSPECTION
430,0.0852249999999799,1,3,ENHANCED MONITORING
430,55.14970625000001,4,4,FIELD INSPECTION
430,73.45989166666668,4,4,FIELD INSPECTION
430,61.55781458333332,4,4,FIELD INSPECTION
430,25.86375833333332,3,3,ENHANCED MONITORING
430,21.782596875000007,3,3,ENHANCED MONITORING
430,47.94768645833335,4,4,FIELD INSPECTION
430,6.914892708333348,2,3,ENHANCED MONITORING
430,4.594033333333331,2,3,ENHANCED MONITORING
430,10.403537500000011,3,3,ENHANCED MONITORING
430,35.72043541666668,4,4,FIELD INSPECTION
430,38.8199875,4,4,FIELD INSPECTION
430,86.49221458333334,4,4,FIELD INSPECTION
430,151.21552916666664,5,5,REINFORCE / ALARM
430,53.05763541666666,5,5,REINFORCE / ALARM
430,19.20809166666668,3,3,ENHANCED MONITORING
430,101.17323541666667,5,5,REINFORCE / ALARM
430,60.651791666666675,4,4,FIELD INSPECTION
430,7.835627083333307,2,3,ENHANCED MONITORING
430,58.15084374999997,4,4,FIELD INSPECTION
430,75.24149999999996,5,5,REINFORCE / ALARM
430,22.07530416666665,3,3,ENHANCED MONITORING
430,46.29594479166666,4,4,FIELD INSPECTION
430,87.56006354166665,4,4,FIELD INSPECTION
430,23.206057291666685,3,3,ENHANCED MONITORING
430,29.304210416666677,3,4,FIELD INSPECTION
430,18.047408333333337,3,3,ENHANCED MONITORING
430,14.78653749999998,3,3,ENHANCED MONITORING
430,47.55250624999999,4,4,FIELD INSPECTION
430,5.8876270833333235,2,3,ENHANCED MONITORING
430,1.289535416666689,1,3,ENHANCED MONITORING
430,24.16433124999999,3,3,ENHANCED MONITORING
430,10.282802083333337,3,3,ENHANCED MONITORING
430,26.499902083333314,3,3,ENHANCED MONITORING
430,60.02579375000003,4,4,FIELD INSPECTION
430,1.018641666666672,1,3,ENHANCED MONITORING
430,23.69660833333333,4,5,REINFORCE / ALARM
430,6.903225000000059,3,3,ENHANCED MONITORING
430,25.177900000000008,3,3,ENHANCED MONITORING
430,16.237391666666678,4,3,ENHANCED MONITORING
430,46.685037499999986,4,4,FIELD INSPECTION
430,140.3249916666667,5,5,REINFORCE / ALARM
430,25.973333333333358,4,5,REINFORCE / ALARM
430,151.58889583333337,5,5,REINFORCE / ALARM
430,50.35174166666669,5,5,REINFORCE / ALARM
430,46.92447916666666,4,4,FIELD INSPECTION
430,30.557220833333293,5,5,REINFORCE / ALARM
430,135.00451666666666,5,5,REINFORCE / ALARM
430,26.042325000000016,4,5,REINFORCE / ALARM
430,35.520562500000004,4,4,FIELD INSPECTION
430,23.461224999999995,3,3,ENHANCED MONITORING
430,109.74747916666666,5,5,REINFORCE / ALARM
430,73.8352875,5,5,REINFORCE / ALARM
430,73.46800833333332,4,4,FIELD INSPECTION
430,147.96074583333333,5,5,REINFORCE / ALARM
430,75.8198125,4,4,FIELD INSPECTION
430,33.61821874999998,4,4,FIELD INSPECTION
430,10.6460229166667,4,3,ENHANCED MONITORING
430,19.635231249999986,3,3,ENHANCED MONITORING
430,72.30326666666667,4,4,FIELD INSPECTION
430,45.477683333333346,4,4,FIELD INSPECTION
430,62.40499166666667,4,4,FIELD INSPECTION
430,36.34440416666667,4,5,REINFORCE / ALARM
430,7.1609291666667,2,3,ENHANCED MONITORING
430,49.65573749999999,4,4,FIELD INSPECTION
434,30.7236125,4,3,ENHANCED MONITORING
434,0.9963208333333314,1,3,ENHANCED MONITORING
434,3.101581249999999,2,3,ENHANCED MONITORING
434,12.71374375,3,3,ENHANCED MONITORING
434,17.487865625,3,3,ENHANCED MONITORING
434,12.105501041666665,3,3,ENHANCED MONITORING
434,4.265815624999999,2,3,ENHANCED MONITORING
434,1.7856666666666658,1,3,ENHANCED MONITORING
434,23.585004166666668,3,3,ENHANCED MONITORING
434,8.573229166666666,2,3,ENHANCED MONITORING
434,21.51018125,3,3,ENHANCED MONITORING
434,12.438791666666667,3,3,ENHANCED MONITORING
434,6.58768958333333,2,3,ENHANCED MONITORING
434,31.12437291666667,4,3,ENHANCED MONITORING
434,59.805629166666655,4,4,FIELD INSPECTION
434,39.674266666666675,4,4,FIELD INSPECTION
434,20.761418749999997,3,3,ENHANCED MONITORING
434,12.307910416666664,3,3,ENHANCED MONITORING
434,17.668968749999994,3,3,ENHANCED MONITORING
434,5.7161624999999985,2,3,ENHANCED MONITORING
434,14.274680208333336,3,3,ENHANCED MONITORING
434,13.225601041666671,3,3,ENHANCED MONITORING
434,19.715890625,3,3,ENHANCED MONITORING
434,37.48378124999999,4,4,FIELD INSPECTION
434,6.243745833333326,2,3,ENHANCED MONITORING
434,24.00605624999999,3,3,ENHANCED MONITORING
434,5.3093145833333235,2,3,ENHANCED MONITORING
434,30.928558333333324,4,3,ENHANCED MONITORING
434,10.284831250000002,3,3,ENHANCED MONITORING
434,15.180195833333329,3,3,ENHANCED MONITORING
434,13.673539583333328,3,3,ENHANCED MONITORING
434,14.781464583333323,3,3,ENHANCED MONITORING
434,20.95621875,3,3,ENHANCED MONITORING
434,27.178658333333345,3,3,ENHANCED MONITORING
434,5.834868750000008,2,3,ENHANCED MONITORING
434,14.360412499999997,3,3,ENHANCED MONITORING
434,40.75987083333334,4,4,FIELD INSPECTION
434,22.39997083333333,3,3,ENHANCED MONITORING
434,66.77175833333332,4,4,FIELD INSPECTION
434,30.403004166666665,4,4,FIELD INSPECTION
434,15.581970833333324,3,3,ENHANCED MONITORING
434,5.071902083333327,2,3,ENHANCED MONITORING
434,14.333526041666667,3,3,ENHANCED MONITORING
434,4.823836458333328,2,3,ENHANCED MONITORING
434,12.334796875000007,3,3,ENHANCED MONITORING
434,14.822047916666671,3,3,ENHANCED MONITORING
434,5.724279166666672,2,3,ENHANCED MONITORING
434,9.56650625,2,3,ENHANCED MONITORING
434,40.93539375000001,4,4,FIELD INSPECTION
434,9.678110416666678,2,3,ENHANCED MONITORING
434,6.803795833333337,2,3,ENHANCED MONITORING
434,0.16131875000000662,1,3,ENHANCED MONITORING
434,16.419002083333346,3,3,ENHANCED MONITORING
434,3.0853479166666644,2,3,ENHANCED MONITORING
434,26.699775000000002,3,3,ENHANCED MONITORING
434,33.55227083333334,4,4,FIELD INSPECTION
434,3.810775000000002,2,3,ENHANCED MONITORING
434,8.118695833333335,2,3,ENHANCED MONITORING
434,110.02344583333335,5,5,REINFORCE / ALARM
434,15.766625000000005,4,3,ENHANCED MONITORING
434,14.400995833333333,3,3,ENHANCED MONITORING
434,126.44955,5,5,REINFORCE / ALARM
434,43.10761666666668,5,5,REINFORCE / ALARM
434,17.33314166666666,4,3,ENHANCED MONITORING
434,55.56264166666667,4,4,FIELD INSPECTION
434,20.35457083333333,3,3,ENHANCED MONITORING
434,36.40527916666667,4,4,FIELD INSPECTION
434,35.086320833333325,5,5,REINFORCE / ALARM
434,25.849554166666692,4,3,ENHANCED MONITORING
434,61.96872083333334,4,4,FIELD INSPECTION
434,38.97318958333333,4,4,FIELD INSPECTION
434,16.94557083333333,3,3,ENHANCED MONITORING
434,79.79292083333334,5,5,REINFORCE / ALARM
434,45.98396041666668,5,5,REINFORCE / ALARM
434,44.175972916666666,4,4,FIELD INSPECTION
434,51.05484791666667,4,4,FIELD INSPECTION
434,34.06463541666668,4,4,FIELD INSPECTION
434,15.693575000000001,3,3,ENHANCED MONITORING
434,1.5299916666666722,1,3,ENHANCED MONITORING
434,72.29717916666668,4,4,FIELD INSPECTION
436,6.423327083333334,2,3,ENHANCED MONITORING
436,10.098147916666669,3,3,ENHANCED MONITORING
436,0.52048125,1,3,ENHANCED MONITORING
436,8.567141666666666,2,3,ENHANCED MONITORING
436,0.34445104166666773,1,3,ENHANCED MONITORING
436,3.066578125,2,3,ENHANCED MONITORING
436,4.6148322916666675,2,3,ENHANCED MONITORING
436,9.238288541666668,2,3,ENHANCED MONITORING
436,3.542417708333332,2,3,ENHANCED MONITORING
436,2.6221906249999996,2,3,ENHANCED MONITORING
436,1.8952416666666678,1,3,ENHANCED MONITORING
436,7.664162499999999,2,3,ENHANCED MONITORING
436,1.809002083333332,1,3,ENHANCED MONITORING
436,3.6524999999999985,2,3,ENHANCED MONITORING
436,8.605695833333336,2,3,ENHANCED MONITORING
436,2.837789583333335,2,3,ENHANCED MONITORING
436,4.312993749999998,2,3,ENHANCED MONITORING
436,16.098393749999996,3,3,ENHANCED MONITORING
436,21.85919791666667,3,3,ENHANCED MONITORING
436,20.599085416666664,3,3,ENHANCED MONITORING
436,17.33415625,3,3,ENHANCED MONITORING
436,7.818379166666667,2,3,ENHANCED MONITORING
436,7.632710416666665,2,3,ENHANCED MONITORING
436,4.701579166666666,2,3,ENHANCED MONITORING
436,4.968414583333335,2,3,ENHANCED MONITORING
436,11.015331249999997,3,3,ENHANCED MONITORING
436,7.697643750000001,2,3,ENHANCED MONITORING
436,4.476341666666667,2,3,ENHANCED MONITORING
436,1.4549124999999998,1,3,ENHANCED MONITORING
436,0.47482499999999944,1,3,ENHANCED MONITORING
436,1.8455270833333344,1,3,ENHANCED MONITORING
436,4.234870833333335,2,3,ENHANCED MONITORING
436,5.406714583333333,2,3,ENHANCED MONITORING
436,2.2483166666666676,2,3,ENHANCED MONITORING
436,8.223197916666667,2,3,ENHANCED MONITORING
436,4.359664583333335,2,3,ENHANCED MONITORING
436,0.020291666666666448,1,3,ENHANCED MONITORING
436,5.827766666666668,2,3,ENHANCED MONITORING
436,0.8684833333333329,1,3,ENHANCED MONITORING
436,4.682302083333332,2,3,ENHANCED MONITORING
436,2.924029166666665,2,3,ENHANCED MONITORING
436,5.553829166666666,2,3,ENHANCED MONITORING
436,2.9783093750000003,2,3,ENHANCED MONITORING
436,2.1676572916666665,2,3,ENHANCED MONITORING
436,1.5294843750000002,1,3,ENHANCED MONITORING
436,1.0490791666666672,1,3,ENHANCED MONITORING
436,1.3930229166666663,1,3,ENHANCED MONITORING
436,2.872285416666667,2,3,ENHANCED MONITORING
436,10.7931375,3,3,ENHANCED MONITORING
436,2.7941625,2,3,ENHANCED MONITORING
436,12.073541666666666,3,3,ENHANCED MONITORING
436,2.6429895833333337,2,3,ENHANCED MONITORING
436,3.8625187499999982,2,3,ENHANCED MONITORING
436,1.1637270833333329,1,3,ENHANCED MONITORING
436,16.182604166666668,3,3,ENHANCED MONITORING
436,0.5783125000000003,1,3,ENHANCED MONITORING
436,5.476720833333332,2,3,ENHANCED MONITORING
436,2.6257416666666664,2,3,ENHANCED MONITORING
436,8.930362500000001,2,3,ENHANCED MONITORING
436,11.872654166666665,3,3,ENHANCED MONITORING
436,11.901062500000002,3,3,ENHANCED MONITORING
436,13.741516666666664,3,3,ENHANCED MONITORING
436,30.25893333333333,4,4,FIELD INSPECTION
436,7.832583333333337,2,3,ENHANCED MONITORING
436,30.169649999999994,4,4,FIELD INSPECTION
436,19.70726666666667,3,3,ENHANCED MONITORING
436,20.415445833333333,3,3,ENHANCED MONITORING
436,20.322104166666666,3,3,ENHANCED MONITORING
436,19.118808333333334,3,3,ENHANCED MONITORING
436,26.959508333333332,3,3,ENHANCED MONITORING
436,1.9956854166666649,1,3,ENHANCED MONITORING
436,23.47745833333333,3,3,ENHANCED MONITORING
436,15.352675,3,3,ENHANCED MONITORING
436,2.3061479166666694,2,3,ENHANCED MONITORING
436,3.598727083333332,2,3,ENHANCED MONITORING
436,4.018764583333334,2,3,ENHANCED MONITORING
436,12.744181250000002,3,3,ENHANCED MONITORING
436,26.98385833333333,3,3,ENHANCED MONITORING
436,15.198458333333337,3,3,ENHANCED MONITORING
436,8.621929166666668,2,3,ENHANCED MONITORING
448,113.77943333333333,5,5,REINFORCE / ALARM
448,43.149214583333325,4,4,FIELD INSPECTION
448,28.792860416666667,3,3,ENHANCED MONITORING
448,20.451970833333338,3,3,ENHANCED MONITORING
448,24.470228125000006,3,3,ENHANCED MONITORING
448,37.792721875000005,4,4,FIELD INSPECTION
448,19.268459374999996,3,3,ENHANCED MONITORING
448,6.220410416666669,2,3,ENHANCED MONITORING
448,9.381852083333337,2,3,ENHANCED MONITORING
448,1.971335416666676,1,3,ENHANCED MONITORING
448,18.112341666666676,3,3,ENHANCED MONITORING
448,17.897250000000003,3,3,ENHANCED MONITORING
448,12.849697916666656,3,3,ENHANCED MONITORING
448,10.741393749999991,3,3,ENHANCED MONITORING
448,8.228270833333333,2,3,ENHANCED MONITORING
448,34.55975208333333,4,4,FIELD INSPECTION
448,35.73768333333333,4,4,FIELD INSPECTION
448,26.58005416666666,3,3,ENHANCED MONITORING
448,11.11273125000001,3,3,ENHANCED MONITORING
448,1.938868749999995,1,3,ENHANCED MONITORING
448,6.022566666666667,2,3,ENHANCED MONITORING
448,23.141631249999993,3,3,ENHANCED MONITORING
448,7.259343749999999,2,3,ENHANCED MONITORING
448,41.47210833333333,4,4,FIELD INSPECTION
448,57.64456666666666,4,4,FIELD INSPECTION
448,15.079752083333332,3,3,ENHANCED MONITORING
448,3.326818750000006,2,3,ENHANCED MONITORING
448,20.773593749999993,3,3,ENHANCED MONITORING
448,43.36836458333334,4,4,FIELD INSPECTION
448,40.86234375000001,4,4,FIELD INSPECTION
448,30.84739166666667,4,4,FIELD INSPECTION
448,3.6910541666666696,2,3,ENHANCED MONITORING
448,15.099029166666673,3,3,ENHANCED MONITORING
448,22.822037499999997,3,3,ENHANCED MONITORING
448,42.47654583333334,4,4,FIELD INSPECTION
448,8.720343750000003,2,3,ENHANCED MONITORING
448,66.84379374999999,5,5,REINFORCE / ALARM
448,34.19957499999999,4,4,FIELD INSPECTION
448,90.48967291666668,4,5,REINFORCE / ALARM
448,22.945816666666673,3,3,ENHANCED MONITORING
448,52.93588541666668,4,4,FIELD INSPECTION
448,78.76210416666665,4,4,FIELD INSPECTION
448,43.994869791666666,4,4,FIELD INSPECTION
448,24.213538541666647,3,3,ENHANCED MONITORING
448,8.51793437499999,2,3,ENHANCED MONITORING
448,32.456520833333315,4,4,FIELD INSPECTION
448,44.84255416666665,4,4,FIELD INSPECTION
448,11.067074999999997,3,3,ENHANCED MONITORING
448,59.533720833333355,4,4,FIELD INSPECTION
448,10.290918750000023,3,3,ENHANCED MONITORING
448,63.2552125,4,4,FIELD INSPECTION
448,41.62835416666669,4,4,FIELD INSPECTION
448,54.18077916666669,5,5,REINFORCE / ALARM
448,28.394129166666662,3,4,FIELD INSPECTION
448,58.80524999999998,4,4,FIELD INSPECTION
448,8.587433333333289,2,3,ENHANCED MONITORING
448,39.48961250000003,4,4,FIELD INSPECTION
448,70.03465833333333,4,4,FIELD INSPECTION
448,7.678366666666648,3,3,ENHANCED MONITORING
448,28.06946249999997,4,5,REINFORCE / ALARM
448,88.59950416666663,4,5,REINFORCE / ALARM
448,44.58079166666665,4,4,FIELD INSPECTION
448,31.762545833333338,4,4,FIELD INSPECTION
448,67.14918333333331,4,4,FIELD INSPECTION
448,9.563462499999986,2,3,ENHANCED MONITORING
448,12.047162499999965,3,3,ENHANCED MONITORING
448,7.396312499999993,2,3,ENHANCED MONITORING
448,75.7995208333333,4,4,FIELD INSPECTION
448,21.371183333333345,4,5,REINFORCE / ALARM
448,9.591870833333326,2,3,ENHANCED MONITORING
448,31.851829166666647,4,4,FIELD INSPECTION
448,31.19234999999999,4,4,FIELD INSPECTION
448,0.728470833333347,1,3,ENHANCED MONITORING
448,4.750279166666679,2,3,ENHANCED MONITORING
448,4.762454166666653,2,3,ENHANCED MONITORING
448,38.00629166666668,4,4,FIELD INSPECTION
448,8.141016666666673,2,3,ENHANCED MONITORING
448,0.750791666666648,1,3,ENHANCED MONITORING
448,86.49525833333337,4,4,FIELD INSPECTION
448,83.05379166666667,4,4,FIELD INSPECTION
464,32.360135416666665,4,4,FIELD INSPECTION
464,72.99724166666665,4,4,FIELD INSPECTION
464,12.327187499999999,4,3,ENHANCED MONITORING
464,41.47007916666667,4,4,FIELD INSPECTION
464,60.716725,4,4,FIELD INSPECTION
464,24.744672916666673,3,3,ENHANCED MONITORING
464,5.8957437499999985,2,3,ENHANCED MONITORING
464,15.409998958333327,3,3,ENHANCED MONITORING
464,33.10331770833334,4,4,FIELD INSPECTION
464,14.462378125,3,3,ENHANCED MONITORING
464,21.932247916666665,3,3,ENHANCED MONITORING
464,14.623189583333334,3,3,ENHANCED MONITORING
464,0.31147708333333224,1,3,ENHANCED MONITORING
464,9.8678375,2,3,ENHANCED MONITORING
464,8.021295833333339,2,3,ENHANCED MONITORING
464,1.309827083333328,1,3,ENHANCED MONITORING
464,29.124629166666665,3,3,ENHANCED MONITORING
464,75.50833541666667,4,4,FIELD INSPECTION
464,45.48377083333333,4,4,FIELD INSPECTION
464,82.29589791666666,4,4,FIELD INSPECTION
464,28.193748958333334,3,3,ENHANCED MONITORING
464,30.741367708333332,4,4,FIELD INSPECTION
464,56.18407395833333,4,4,FIELD INSPECTION
464,21.585260416666667,3,3,ENHANCED MONITORING
464,21.77295833333333,3,3,ENHANCED MONITORING
464,56.90290625,4,4,FIELD INSPECTION
464,22.672893749999997,3,3,ENHANCED MONITORING
464,10.167139583333338,3,3,ENHANCED MONITORING
464,3.979195833333345,2,3,ENHANCED MONITORING
464,61.72116250000001,4,4,FIELD INSPECTION
464,2.9727291666666553,2,3,ENHANCED MONITORING
464,47.348575000000004,4,4,FIELD INSPECTION
464,56.10747291666666,4,4,FIELD INSPECTION
464,8.381472916666658,2,3,ENHANCED MONITORING
464,11.022433333333325,3,3,ENHANCED MONITORING
464,11.109687499999998,3,3,ENHANCED MONITORING
464,2.9250437500000053,2,3,ENHANCED MONITORING
464,7.293839583333337,2,3,ENHANCED MONITORING
464,15.782858333333332,3,3,ENHANCED MONITORING
464,15.517037500000002,3,3,ENHANCED MONITORING
464,4.721870833333327,2,3,ENHANCED MONITORING
464,58.69668958333332,4,4,FIELD INSPECTION
464,72.62336770833333,4,4,FIELD INSPECTION
464,94.12035937499998,4,4,FIELD INSPECTION
464,24.848667708333327,3,3,ENHANCED MONITORING
464,28.225708333333333,3,3,ENHANCED MONITORING
464,12.94405416666667,3,3,ENHANCED MONITORING
464,8.585404166666663,2,3,ENHANCED MONITORING
464,7.4632749999999985,2,3,ENHANCED MONITORING
464,21.73338958333336,3,3,ENHANCED MONITORING
464,63.736124999999994,4,4,FIELD INSPECTION
464,64.54068958333333,4,4,FIELD INSPECTION
464,6.959027083333363,2,3,ENHANCED MONITORING
464,8.454522916666676,2,3,ENHANCED MONITORING
464,14.766245833333342,3,3,ENHANCED MONITORING
464,47.549462500000025,4,4,FIELD INSPECTION
464,34.22595416666666,4,4,FIELD INSPECTION
464,61.80841666666665,4,4,FIELD INSPECTION
464,15.553562499999975,3,3,ENHANCED MONITORING
464,23.207579166666648,3,3,ENHANCED MONITORING
464,45.88554583333334,4,4,FIELD INSPECTION
464,63.37696249999997,4,4,FIELD INSPECTION
464,58.32433749999999,4,4,FIELD INSPECTION
464,32.90293749999999,4,4,FIELD INSPECTION
464,13.433083333333313,3,3,ENHANCED MONITORING
464,46.71141666666667,5,5,REINFORCE / ALARM
464,66.95844166666664,4,4,FIELD INSPECTION
464,142.8066625,5,5,REINFORCE / ALARM
464,59.53372083333334,4,4,FIELD INSPECTION
464,19.39680416666668,4,3,ENHANCED MONITORING
464,48.86233333333334,4,4,FIELD INSPECTION
464,35.31054375000001,4,4,FIELD INSPECTION
464,32.09431458333332,4,4,FIELD INSPECTION
464,57.50556875000001,4,4,FIELD INSPECTION
464,91.89994374999999,4,4,FIELD INSPECTION
464,13.537585416666653,4,3,ENHANCED MONITORING
464,50.519147916666675,4,4,FIELD INSPECTION
464,63.83352499999998,5,5,REINFORCE / ALARM
464,29.719175000000007,4,5,REINFORCE / ALARM
464,27.428245833333335,3,3,ENHANCED MONITORING
469,9.482295833333332,2,3,ENHANCED MONITORING
469,22.379679166666666,3,3,ENHANCED MONITORING
469,2.3812270833333335,2,3,ENHANCED MONITORING
469,47.39626041666667,4,4,FIELD INSPECTION
469,45.28186875,4,4,FIELD INSPECTION
469,19.70929583333334,3,3,ENHANCED MONITORING
469,51.63011666666666,4,4,FIELD INSPECTION
469,2.030181250000003,2,3,ENHANCED MONITORING
469,50.81439166666667,4,4,FIELD INSPECTION
469,45.960625,4,4,FIELD INSPECTION
469,5.683695833333336,2,3,ENHANCED MONITORING
469,7.033091666666659,2,3,ENHANCED MONITORING
469,17.293572916666662,3,3,ENHANCED MONITORING
469,64.33574375,4,4,FIELD INSPECTION
469,16.464658333333336,3,3,ENHANCED MONITORING
469,21.631931249999994,3,3,ENHANCED MONITORING
469,36.595006250000004,4,4,FIELD INSPECTION
469,3.643368749999991,2,3,ENHANCED MONITORING
469,31.35671249999999,4,4,FIELD INSPECTION
469,23.35672291666667,3,3,ENHANCED MONITORING
469,8.243489583333334,2,3,ENHANCED MONITORING
469,1.070385416666668,1,3,ENHANCED MONITORING
469,39.89747499999999,4,4,FIELD INSPECTION
469,28.766481250000002,3,3,ENHANCED MONITORING
469,50.04736666666667,4,4,FIELD INSPECTION
469,45.619724999999995,4,4,FIELD INSPECTION
469,29.718160416666667,3,4,FIELD INSPECTION
469,45.164177083333335,4,4,FIELD INSPECTION
469,115.86338749999999,5,5,REINFORCE / ALARM
469,91.24147916666668,4,5,REINFORCE / ALARM
469,56.74057291666666,4,4,FIELD INSPECTION
469,14.162568749999998,3,3,ENHANCED MONITORING
469,2.870256250000009,2,3,ENHANCED MONITORING
469,23.353679166666666,3,3,ENHANCED MONITORING
469,5.085091666666665,2,3,ENHANCED MONITORING
469,28.816195833333328,3,3,ENHANCED MONITORING
469,56.41387708333334,4,4,FIELD INSPECTION
469,43.27857395833333,4,4,FIELD INSPECTION
469,27.734142708333334,3,3,ENHANCED MONITORING
469,58.23251770833335,4,4,FIELD INSPECTION
469,44.48745,4,4,FIELD INSPECTION
469,44.236847916666676,4,4,FIELD INSPECTION
469,38.733747916666665,4,4,FIELD INSPECTION
469,38.241674999999994,4,4,FIELD INSPECTION
469,20.93186875,3,3,ENHANCED MONITORING
469,12.426616666666668,3,3,ENHANCED MONITORING
469,11.017360416666667,3,3,ENHANCED MONITORING
469,18.173216666666665,3,3,ENHANCED MONITORING
469,7.933027083333331,2,3,ENHANCED MONITORING
469,71.75843541666667,4,4,FIELD INSPECTION
469,29.209854166666663,4,5,REINFORCE / ALARM
469,21.726287499999994,3,3,ENHANCED MONITORING
469,133.74440416666667,5,5,REINFORCE / ALARM
469,106.16599999999998,5,5,REINFORCE / ALARM
469,68.71570000000003,4,4,FIELD INSPECTION
469,166.40789999999996,5,5,REINFORCE / ALARM
469,140.34122499999998,5,5,REINFORCE / ALARM
469,190.30336666666668,5,5,REINFORCE / ALARM
469,29.08607499999998,3,4,FIELD INSPECTION
469,138.149725,5,5,REINFORCE / ALARM
469,117.18843333333331,5,5,REINFORCE / ALARM
469,160.0505208333334,5,5,REINFORCE / ALARM
469,48.81363333333332,4,4,FIELD INSPECTION
469,4.760425000000008,2,3,ENHANCED MONITORING
469,32.10953333333333,4,4,FIELD INSPECTION
469,45.260562499999985,4,4,FIELD INSPECTION
469,105.53492916666669,5,5,REINFORCE / ALARM
469,66.10010416666665,5,5,REINFORCE / ALARM
469,148.4274541666667,5,5,REINFORCE / ALARM
469,252.67994999999993,5,5,REINFORCE / ALARM
469,80.32253333333324,4,4,FIELD INSPECTION
469,45.78916041666661,4,4,FIELD INSPECTION
469,52.98661458333336,4,4,FIELD INSPECTION
469,42.07375625000005,4,4,FIELD INSPECTION
469,6.819014583333342,2,3,ENHANCED MONITORING
469,120.53960208333338,5,5,REINFORCE / ALARM
469,181.52417708333326,5,5,REINFORCE / ALARM
469,101.45224583333341,5,5,REINFORCE / ALARM
469,89.27521666666665,5,5,REINFORCE / ALARM
469,137.18790000000004,5,5,REINFORCE / ALARM
470,9.752175000000003,2,3,ENHANCED MONITORING
470,2.737345833333331,2,3,ENHANCED MONITORING
470,12.120212500000003,3,3,ENHANCED MONITORING
470,8.4677125,2,3,ENHANCED MONITORING
470,20.993758333333332,3,3,ENHANCED MONITORING
470,10.143804166666667,3,3,ENHANCED MONITORING
470,4.915656249999999,2,3,ENHANCED MONITORING
470,13.039932291666668,3,3,ENHANCED MONITORING
470,7.674815625,2,3,ENHANCED MONITORING
470,29.56140729166667,3,4,FIELD INSPECTION
470,2.8225708333333324,2,3,ENHANCED MONITORING
470,1.4833208333333323,1,3,ENHANCED MONITORING
470,5.40772916666667,2,3,ENHANCED MONITORING
470,47.23798541666667,4,4,FIELD INSPECTION
470,5.270760416666661,3,3,ENHANCED MONITORING
470,17.76129583333334,3,3,ENHANCED MONITORING
470,1.3118562500000053,1,3,ENHANCED MONITORING
470,109.21989583333334,5,5,REINFORCE / ALARM
470,66.06662291666665,4,4,FIELD INSPECTION
470,44.75834375,4,4,FIELD INSPECTION
470,7.331886458333322,2,3,ENHANCED MONITORING
470,27.98880312500002,3,3,ENHANCED MONITORING
470,52.82073020833334,4,4,FIELD INSPECTION
470,41.63647083333333,4,4,FIELD INSPECTION
470,25.989566666666672,3,3,ENHANCED MONITORING
470,17.403147916666658,3,3,ENHANCED MONITORING
470,17.917541666666665,3,3,ENHANCED MONITORING
470,12.847668749999974,3,3,ENHANCED MONITORING
470,20.024831249999995,3,3,ENHANCED MONITORING
470,4.60113541666665,2,3,ENHANCED MONITORING
470,28.187154166666648,3,3,ENHANCED MONITORING
470,6.13417083333333,2,3,ENHANCED MONITORING
470,7.852874999999973,2,3,ENHANCED MONITORING
470,33.46704583333334,4,4,FIELD INSPECTION
470,5.538610416666661,2,3,ENHANCED MONITORING
470,27.708270833333316,3,3,ENHANCED MONITORING
470,83.1613375,4,4,FIELD INSPECTION
470,43.368364583333324,4,4,FIELD INSPECTION
470,33.09469375,4,4,FIELD INSPECTION
470,23.67834583333334,3,3,ENHANCED MONITORING
470,38.06310833333333,4,4,FIELD INSPECTION
470,21.732375000000008,3,3,ENHANCED MONITORING
470,11.402394791666667,3,3,ENHANCED MONITORING
470,14.47861145833334,3,3,ENHANCED MONITORING
470,14.89357604166666,3,3,ENHANCED MONITORING
470,11.118818750000004,3,3,ENHANCED MONITORING
470,1.0906770833333326,1,3,ENHANCED MONITORING
470,44.35251041666666,4,4,FIELD INSPECTION
470,35.437366666666684,4,4,FIELD INSPECTION
470,39.213645833333324,4,4,FIELD INSPECTION
470,20.362687500000018,3,3,ENHANCED MONITORING
470,64.25559166666666,4,4,FIELD INSPECTION
470,0.05478750000004121,1,3,ENHANCED MONITORING
470,1.3128708333333161,1,3,ENHANCED MONITORING
470,23.05336249999999,4,5,REINFORCE / ALARM
470,71.21563333333332,4,4,FIELD INSPECTION
470,32.20287500000001,5,5,REINFORCE / ALARM
470,61.528391666666664,5,5,REINFORCE / ALARM
470,26.312204166666685,3,3,ENHANCED MONITORING
470,38.4161833333333,5,5,REINFORCE / ALARM
470,78.52672083333333,4,4,FIELD INSPECTION
470,109.1042333333333,5,5,REINFORCE / ALARM
470,4.3728541666666745,2,3,ENHANCED MONITORING
470,11.152299999999997,3,3,ENHANCED MONITORING
470,69.32850833333336,5,5,REINFORCE / ALARM
470,81.30667916666668,4,4,FIELD INSPECTION
470,100.85567083333335,5,5,REINFORCE / ALARM
470,21.576129166666664,3,3,ENHANCED MONITORING
470,5.653258333333312,2,3,ENHANCED MONITORING
470,2.9402624999999936,2,3,ENHANCED MONITORING
470,20.701558333333313,3,3,ENHANCED MONITORING
470,0.009131249999998184,1,3,ENHANCED MONITORING
470,25.288489583333313,3,3,ENHANCED MONITORING
470,18.732252083333307,3,3,ENHANCED MONITORING
470,30.30053124999999,4,4,FIELD INSPECTION
470,19.708281249999988,3,3,ENHANCED MONITORING
470,16.212027083333325,3,3,ENHANCED MONITORING
470,3.0356333333333247,2,3,ENHANCED MONITORING
470,30.090512500000017,4,4,FIELD INSPECTION
470,35.88784166666665,4,4,FIELD INSPECTION
473,31.022914583333336,4,4,FIELD INSPECTION
473,5.3387375000000015,2,3,ENHANCED MONITORING
473,1.4792625000000033,1,3,ENHANCED MONITORING
473,9.863779166666665,2,3,ENHANCED MONITORING
473,27.19996458333333,3,3,ENHANCED MONITORING
473,32.20794791666667,4,4,FIELD INSPECTION
473,48.84102708333333,4,4,FIELD INSPECTION
473,12.011144791666672,3,3,ENHANCED MONITORING
473,35.93197604166667,4,4,FIELD INSPECTION
473,66.75907604166666,4,4,FIELD INSPECTION
473,72.429075,4,4,FIELD INSPECTION
473,11.583497916666667,3,3,ENHANCED MONITORING
473,23.276570833333324,3,3,ENHANCED MONITORING
473,69.34677083333334,4,4,FIELD INSPECTION
473,53.2838875,4,4,FIELD INSPECTION
473,21.001875000000002,3,3,ENHANCED MONITORING
473,33.34428125,4,4,FIELD INSPECTION
473,72.26775625,4,4,FIELD INSPECTION
473,54.9031625,4,4,FIELD INSPECTION
473,29.991083333333332,3,3,ENHANCED MONITORING
473,3.168036458333335,2,3,ENHANCED MONITORING
473,32.73299479166666,4,4,FIELD INSPECTION
473,24.665028125000003,3,3,ENHANCED MONITORING
473,12.742152083333337,3,3,ENHANCED MONITORING
473,45.56595208333334,4,4,FIELD INSPECTION
473,24.673652083333337,3,3,ENHANCED MONITORING
473,31.5393375,4,4,FIELD INSPECTION
473,19.944679166666674,3,3,ENHANCED MONITORING
473,15.980702083333332,3,3,ENHANCED MONITORING
473,60.662952083333344,4,4,FIELD INSPECTION
473,2.825614583333326,2,3,ENHANCED MONITORING
473,9.099797916666663,2,3,ENHANCED MONITORING
473,9.943931250000011,2,3,ENHANCED MONITORING
473,4.2237104166666635,2,3,ENHANCED MONITORING
473,24.23839583333334,3,3,ENHANCED MONITORING
473,17.530985416666663,3,3,ENHANCED MONITORING
473,70.19597708333332,4,4,FIELD INSPECTION
473,71.84924062500001,4,4,FIELD INSPECTION
473,27.549488541666662,3,3,ENHANCED MONITORING
473,23.168517708333336,3,3,ENHANCED MONITORING
473,31.687466666666666,4,4,FIELD INSPECTION
473,29.089118749999997,3,3,ENHANCED MONITORING
473,4.101960416666661,2,3,ENHANCED MONITORING
473,4.892320833333339,2,3,ENHANCED MONITORING
473,1.4407083333333286,1,3,ENHANCED MONITORING
473,1.0206708333333314,1,3,ENHANCED MONITORING
473,16.87657916666667,3,3,ENHANCED MONITORING
473,25.633447916666668,3,3,ENHANCED MONITORING
473,17.925658333333335,3,3,ENHANCED MONITORING
473,15.904608333333334,3,3,ENHANCED MONITORING
473,37.32043333333333,4,4,FIELD INSPECTION
473,10.11133750000001,3,3,ENHANCED MONITORING
473,36.38295833333333,5,5,REINFORCE / ALARM
473,39.917766666666665,4,4,FIELD INSPECTION
473,29.0556375,4,5,REINFORCE / ALARM
473,62.638345833333325,4,4,FIELD INSPECTION
473,13.327566666666655,4,3,ENHANCED MONITORING
473,21.9697875,4,3,ENHANCED MONITORING
473,65.17683333333335,4,4,FIELD INSPECTION
473,42.61655833333332,4,4,FIELD INSPECTION
473,57.04799166666668,4,4,FIELD INSPECTION
473,61.87537916666667,5,5,REINFORCE / ALARM
473,63.32420416666667,5,5,REINFORCE / ALARM
473,73.5674375,5,5,REINFORCE / ALARM
473,84.32202083333333,5,5,REINFORCE / ALARM
473,69.31633333333336,4,4,FIELD INSPECTION
473,56.30531666666665,4,4,FIELD INSPECTION
473,51.762012500000004,4,4,FIELD INSPECTION
473,0.036525000000002215,1,3,ENHANCED MONITORING
473,11.379566666666667,3,3,ENHANCED MONITORING
473,3.7752645833333296,2,3,ENHANCED MONITORING
473,15.613422916666671,3,3,ENHANCED MONITORING
473,27.413027083333333,3,3,ENHANCED MONITORING
473,62.20410416666667,4,4,FIELD INSPECTION
473,33.89722916666667,4,4,FIELD INSPECTION
473,8.565112500000007,2,3,ENHANCED MONITORING
473,47.54134583333334,4,4,FIELD INSPECTION
473,53.791179166666666,5,5,REINFORCE / ALARM
473,61.357941666666655,4,4,FIELD INSPECTION
473,73.841375,4,4,FIELD INSPECTION
499,48.50317083333332,4,4,FIELD INSPECTION
499,4.1821125000000015,2,3,ENHANCED MONITORING
499,29.42900416666666,3,3,ENHANCED MONITORING
499,7.404429166666664,2,3,ENHANCED MONITORING
499,30.036232291666664,4,3,ENHANCED MONITORING
499,9.947482291666669,2,3,ENHANCED MONITORING
499,49.39549687499999,4,4,FIELD INSPECTION
499,24.335795833333325,3,3,ENHANCED MONITORING
499,5.507158333333332,2,3,ENHANCED MONITORING
499,6.746979166666658,2,3,ENHANCED MONITORING
499,33.607058333333335,4,4,FIELD INSPECTION
499,18.042335416666674,3,3,ENHANCED MONITORING
499,1.5117291666666641,1,3,ENHANCED MONITORING
499,45.19867291666666,4,4,FIELD INSPECTION
499,22.513604166666667,3,3,ENHANCED MONITORING
499,5.455414583333334,2,3,ENHANCED MONITORING
499,3.3156583333333294,2,3,ENHANCED MONITORING
499,11.442470833333331,3,3,ENHANCED MONITORING
499,12.174999999999992,3,3,ENHANCED MONITORING
499,3.1624562500000004,2,3,ENHANCED MONITORING
499,11.36231875,3,3,ENHANCED MONITORING
499,39.768622916666665,4,4,FIELD INSPECTION
499,43.06804791666667,4,4,FIELD INSPECTION
499,36.14656041666667,4,4,FIELD INSPECTION
499,25.93579375,3,3,ENHANCED MONITORING
499,18.63485208333333,3,3,ENHANCED MONITORING
499,2.5811000000000015,2,3,ENHANCED MONITORING
499,28.48239791666666,3,3,ENHANCED MONITORING
499,49.09873124999999,4,4,FIELD INSPECTION
499,64.16326458333333,4,4,FIELD INSPECTION
499,100.84856874999998,5,5,REINFORCE / ALARM
499,13.213933333333335,3,3,ENHANCED MONITORING
499,54.40094374999999,4,4,FIELD INSPECTION
499,8.544820833333327,2,3,ENHANCED MONITORING
499,45.1144625,4,4,FIELD INSPECTION
499,56.81666666666666,4,4,FIELD INSPECTION
499,52.734997916666664,4,4,FIELD INSPECTION
499,52.08414270833333,4,4,FIELD INSPECTION
499,41.36101145833332,4,4,FIELD INSPECTION
499,19.90054479166666,3,3,ENHANCED MONITORING
499,23.20047708333333,3,3,ENHANCED MONITORING
499,36.199318749999996,4,4,FIELD INSPECTION
499,24.42558645833333,3,3,ENHANCED MONITORING
499,47.11268437499999,4,4,FIELD INSPECTION
499,45.64052395833335,5,5,REINFORCE / ALARM
499,40.97293333333332,4,4,FIELD INSPECTION
499,51.10456250000001,4,4,FIELD INSPECTION
499,9.255029166666672,2,3,ENHANCED MONITORING
499,15.737202083333353,3,3,ENHANCED MONITORING
499,22.358372916666656,3,3,ENHANCED MONITORING
499,26.521208333333348,3,3,ENHANCED MONITORING
499,19.327812500000004,3,3,ENHANCED MONITORING
499,41.279337500000004,4,4,FIELD INSPECTION
499,16.290149999999986,3,3,ENHANCED MONITORING
499,15.604291666666667,3,3,ENHANCED MONITORING
499,8.485975000000016,2,3,ENHANCED MONITORING
499,41.72372499999998,4,4,FIELD INSPECTION
499,90.06862083333336,4,4,FIELD INSPECTION
499,119.1019375,5,5,REINFORCE / ALARM
499,192.03627499999996,5,5,REINFORCE / ALARM
499,176.66533749999996,5,5,REINFORCE / ALARM
499,67.2607875,4,4,FIELD INSPECTION
499,58.37303750000001,4,4,FIELD INSPECTION
499,39.02290416666668,5,5,REINFORCE / ALARM
499,20.060341666666663,3,3,ENHANCED MONITORING
499,30.5409875,4,4,FIELD INSPECTION
499,159.84354583333334,5,5,REINFORCE / ALARM
499,4.596062499999998,3,5,REINFORCE / ALARM
499,66.72914583333332,4,4,FIELD INSPECTION
499,125.00275416666666,5,5,REINFORCE / ALARM
499,17.69534791666666,3,3,ENHANCED MONITORING
499,45.29505833333334,4,4,FIELD INSPECTION
499,18.254383333333333,3,3,ENHANCED MONITORING
499,20.62343541666667,3,3,ENHANCED MONITORING
499,10.251349999999995,3,3,ENHANCED MONITORING
499,68.37682916666667,4,4,FIELD INSPECTION
499,14.390849999999995,3,3,ENHANCED MONITORING
499,55.56264166666668,5,5,REINFORCE / ALARM
499,100.02168333333334,5,5,REINFORCE / ALARM
499,70.91125833333335,4,4,FIELD INSPECTION
514,0.1694354166666662,1,3,ENHANCED MONITORING
514,30.99247708333333,4,4,FIELD INSPECTION
514,17.363579166666668,3,3,ENHANCED MONITORING
514,22.096610416666667,3,3,ENHANCED MONITORING
514,7.5058874999999965,2,3,ENHANCED MONITORING
514,13.215962499999998,3,3,ENHANCED MONITORING
514,0.31046250000000164,1,3,ENHANCED MONITORING
514,1.4259968749999992,1,3,ENHANCED MONITORING
514,4.663532291666667,2,3,ENHANCED MONITORING
514,3.1893427083333328,2,3,ENHANCED MONITORING
514,4.552435416666668,2,3,ENHANCED MONITORING
514,3.486108333333337,2,3,ENHANCED MONITORING
514,25.750125,3,3,ENHANCED MONITORING
514,16.108539583333336,3,3,ENHANCED MONITORING
514,22.841314583333332,3,3,ENHANCED MONITORING
514,8.981091666666666,2,3,ENHANCED MONITORING
514,5.105383333333335,2,3,ENHANCED MONITORING
514,5.119587499999999,2,3,ENHANCED MONITORING
514,21.677587499999998,3,3,ENHANCED MONITORING
514,17.20428958333334,3,3,ENHANCED MONITORING
514,6.189972916666666,2,3,ENHANCED MONITORING
514,14.934666666666665,3,3,ENHANCED MONITORING
514,2.6521208333333344,2,3,ENHANCED MONITORING
514,9.31590416666667,2,3,ENHANCED MONITORING
514,3.727579166666668,2,3,ENHANCED MONITORING
514,13.113489583333335,3,3,ENHANCED MONITORING
514,14.254895833333336,3,3,ENHANCED MONITORING
514,27.949741666666668,3,3,ENHANCED MONITORING
514,20.6001,3,3,ENHANCED MONITORING
514,49.174825,4,4,FIELD INSPECTION
514,21.962685416666663,3,3,ENHANCED MONITORING
514,16.206954166666662,3,3,ENHANCED MONITORING
514,6.690162500000003,2,3,ENHANCED MONITORING
514,12.5646,3,3,ENHANCED MONITORING
514,2.763724999999996,2,3,ENHANCED MONITORING
514,21.369154166666664,3,3,ENHANCED MONITORING
514,3.5378520833333345,2,3,ENHANCED MONITORING
514,23.63370416666667,3,3,ENHANCED MONITORING
514,2.927072916666667,2,3,ENHANCED MONITORING
514,5.897772916666667,2,3,ENHANCED MONITORING
514,1.95713125,1,3,ENHANCED MONITORING
514,6.517683333333333,2,3,ENHANCED MONITORING
514,1.9936562499999997,1,3,ENHANCED MONITORING
514,2.257447916666667,2,3,ENHANCED MONITORING
514,10.106264583333333,3,3,ENHANCED MONITORING
514,0.6310708333333347,1,3,ENHANCED MONITORING
514,9.07341875,2,3,ENHANCED MONITORING
514,14.962060416666665,3,3,ENHANCED MONITORING
514,11.736699999999999,3,3,ENHANCED MONITORING
514,48.026316666666666,4,4,FIELD INSPECTION
514,2.775899999999998,2,3,ENHANCED MONITORING
514,2.67545625,2,3,ENHANCED MONITORING
514,36.20540625,4,4,FIELD INSPECTION
514,18.044364583333333,3,3,ENHANCED MONITORING
514,55.47944583333333,4,4,FIELD INSPECTION
514,37.82366666666667,4,4,FIELD INSPECTION
514,34.30915000000001,4,4,FIELD INSPECTION
514,5.3164166666666635,2,3,ENHANCED MONITORING
514,9.18400833333333,2,3,ENHANCED MONITORING
514,28.66400833333334,3,3,ENHANCED MONITORING
514,42.80527083333334,4,4,FIELD INSPECTION
514,23.51398333333334,3,3,ENHANCED MONITORING
514,41.97737083333333,4,4,FIELD INSPECTION
514,23.67631666666667,3,3,ENHANCED MONITORING
514,15.933016666666669,3,3,ENHANCED MONITORING
514,29.918033333333337,3,4,FIELD INSPECTION
514,18.907775,3,3,ENHANCED MONITORING
514,12.272399999999998,3,3,ENHANCED MONITORING
514,21.0201375,3,3,ENHANCED MONITORING
514,18.0250875,3,3,ENHANCED MONITORING
514,33.63242291666666,4,4,FIELD INSPECTION
514,3.245652083333333,2,3,ENHANCED MONITORING
514,9.489397916666668,2,3,ENHANCED MONITORING
514,13.260604166666662,3,3,ENHANCED MONITORING
514,0.648318749999999,1,3,ENHANCED MONITORING
514,13.829785416666667,3,3,ENHANCED MONITORING
514,11.037652083333333,3,3,ENHANCED MONITORING
514,8.4677125,2,3,ENHANCED MONITORING
514,10.563841666666669,3,3,ENHANCED MONITORING
514,25.748095833333334,3,3,ENHANCED MONITORING
528,11.203029166666669,3,3,ENHANCED MONITORING
528,1.3676583333333339,1,3,ENHANCED MONITORING
528,8.761941666666667,2,3,ENHANCED MONITORING
528,10.444120833333335,3,3,ENHANCED MONITORING
528,4.9618197916666675,2,3,ENHANCED MONITORING
528,1.139884375,1,3,ENHANCED MONITORING
528,6.403542708333333,2,3,ENHANCED MONITORING
528,2.572476041666666,2,3,ENHANCED MONITORING
528,16.55749270833333,3,3,ENHANCED MONITORING
528,1.6715260416666677,1,3,ENHANCED MONITORING
528,10.26048125,3,3,ENHANCED MONITORING
528,27.224314583333335,3,3,ENHANCED MONITORING
528,15.501818749999998,3,3,ENHANCED MONITORING
528,9.493456250000001,2,3,ENHANCED MONITORING
528,16.825850000000003,3,3,ENHANCED MONITORING
528,1.7116020833333347,1,3,ENHANCED MONITORING
528,0.7731124999999975,1,3,ENHANCED MONITORING
528,13.75775,3,3,ENHANCED MONITORING
528,39.779783333333334,4,4,FIELD INSPECTION
528,12.274429166666664,3,3,ENHANCED MONITORING
528,17.947979166666666,3,3,ENHANCED MONITORING
528,29.864260416666667,3,4,FIELD INSPECTION
528,20.415445833333333,3,3,ENHANCED MONITORING
528,7.279635416666669,2,3,ENHANCED MONITORING
528,6.879889583333337,2,3,ENHANCED MONITORING
528,24.116645833333337,3,3,ENHANCED MONITORING
528,4.740133333333333,2,3,ENHANCED MONITORING
528,2.5912458333333337,2,3,ENHANCED MONITORING
528,8.182614583333331,2,3,ENHANCED MONITORING
528,20.265287499999996,3,3,ENHANCED MONITORING
528,0.7619520833333292,1,3,ENHANCED MONITORING
528,9.21850416666667,2,3,ENHANCED MONITORING
528,29.083031250000005,3,3,ENHANCED MONITORING
528,0.673683333333333,1,3,ENHANCED MONITORING
528,16.443352083333334,3,3,ENHANCED MONITORING
528,5.838927083333335,2,3,ENHANCED MONITORING
528,2.8174979166666687,2,3,ENHANCED MONITORING
528,16.421031250000002,3,3,ENHANCED MONITORING
528,13.91906875,3,3,ENHANCED MONITORING
528,3.0752020833333304,2,3,ENHANCED MONITORING
528,1.4346208333333343,1,3,ENHANCED MONITORING
528,4.569683333333333,2,3,ENHANCED MONITORING
528,5.718191666666667,2,3,ENHANCED MONITORING
528,16.560029166666666,3,3,ENHANCED MONITORING
528,29.65322708333333,3,4,FIELD INSPECTION
528,16.94049791666667,3,3,ENHANCED MONITORING
528,4.841591666666667,2,3,ENHANCED MONITORING
528,25.82013125,3,3,ENHANCED MONITORING
528,42.87223333333333,4,4,FIELD INSPECTION
528,50.966579166666655,5,5,REINFORCE / ALARM
528,23.089887499999993,4,5,REINFORCE / ALARM
528,6.8322041666666635,2,3,ENHANCED MONITORING
528,49.848508333333314,4,4,FIELD INSPECTION
528,52.39714166666666,4,4,FIELD INSPECTION
528,69.02210416666667,4,4,FIELD INSPECTION
528,65.69021249999999,4,4,FIELD INSPECTION
528,11.294341666666668,4,3,ENHANCED MONITORING
528,24.321591666666666,3,3,ENHANCED MONITORING
528,37.44015416666666,4,4,FIELD INSPECTION
528,45.96468333333334,4,4,FIELD INSPECTION
528,9.827254166666668,2,3,ENHANCED MONITORING
528,41.62226666666666,4,4,FIELD INSPECTION
528,3.555100000000003,2,3,ENHANCED MONITORING
528,35.17154583333333,4,4,FIELD INSPECTION
528,2.62168333333333,2,3,ENHANCED MONITORING
528,74.09705000000001,4,4,FIELD INSPECTION
528,15.312091666666666,3,3,ENHANCED MONITORING
528,65.80384583333336,4,4,FIELD INSPECTION
528,19.053874999999994,3,3,ENHANCED MONITORING
528,28.92374166666666,3,4,FIELD INSPECTION
528,26.409604166666682,3,3,ENHANCED MONITORING
528,9.004427083333344,2,3,ENHANCED MONITORING
528,42.44103541666666,4,4,FIELD INSPECTION
528,18.96357708333333,3,3,ENHANCED MONITORING
528,9.388954166666666,2,3,ENHANCED MONITORING
528,43.14414166666666,4,4,FIELD INSPECTION
528,15.695604166666675,3,3,ENHANCED MONITORING
528,17.284441666666666,3,3,ENHANCED MONITORING
528,7.355729166666663,2,3,ENHANCED MONITORING
528,10.553695833333338,3,3,ENHANCED MONITORING
542,84.38492500000001,4,4,FIELD INSPECTION
542,7.538354166666669,2,3,ENHANCED MONITORING
542,31.360770833333333,4,4,FIELD INSPECTION
542,48.187635416666666,4,4,FIELD INSPECTION
542,1.1576395833333397,1,3,ENHANCED MONITORING
542,16.77106250000001,3,3,ENHANCED MONITORING
542,44.1039375,4,4,FIELD INSPECTION
542,16.360663541666664,3,3,ENHANCED MONITORING
542,37.841421875000016,4,4,FIELD INSPECTION
542,44.99829270833334,4,4,FIELD INSPECTION
542,16.76091666666667,3,3,ENHANCED MONITORING
542,9.098783333333337,2,3,ENHANCED MONITORING
542,41.85562083333334,4,4,FIELD INSPECTION
542,66.56579791666667,4,4,FIELD INSPECTION
542,33.56444583333334,5,5,REINFORCE / ALARM
542,17.125152083333333,3,3,ENHANCED MONITORING
542,20.224704166666662,3,3,ENHANCED MONITORING
542,33.884039583333326,4,4,FIELD INSPECTION
542,11.234481249999996,3,3,ENHANCED MONITORING
542,22.407072916666678,3,3,ENHANCED MONITORING
542,15.490151041666662,3,3,ENHANCED MONITORING
542,43.19436354166666,4,4,FIELD INSPECTION
542,34.151382291666664,5,5,REINFORCE / ALARM
542,61.81551875,5,5,REINFORCE / ALARM
542,68.9896375,4,4,FIELD INSPECTION
542,128.00896458333332,5,5,REINFORCE / ALARM
542,89.56031458333332,4,4,FIELD INSPECTION
542,34.32233958333333,4,4,FIELD INSPECTION
542,45.51826666666667,4,4,FIELD INSPECTION
542,28.703577083333332,3,3,ENHANCED MONITORING
542,11.354202083333329,3,3,ENHANCED MONITORING
542,16.385520833333317,3,3,ENHANCED MONITORING
542,5.578179166666641,2,3,ENHANCED MONITORING
542,56.38343958333335,4,4,FIELD INSPECTION
542,46.28123333333332,4,4,FIELD INSPECTION
542,70.01436666666666,4,4,FIELD INSPECTION
542,2.19961666666666,2,3,ENHANCED MONITORING
542,10.55521770833334,3,3,ENHANCED MONITORING
542,92.3235322916667,4,5,REINFORCE / ALARM
542,114.86250104166668,5,5,REINFORCE / ALARM
542,55.84165208333332,5,5,REINFORCE / ALARM
542,56.27893750000002,4,4,FIELD INSPECTION
542,50.58966145833335,5,5,REINFORCE / ALARM
542,5.374755208333329,2,3,ENHANCED MONITORING
542,63.01120520833334,4,4,FIELD INSPECTION
542,2.6247270833333403,2,3,ENHANCED MONITORING
542,4.860868749999988,2,3,ENHANCED MONITORING
542,25.813029166666666,3,3,ENHANCED MONITORING
542,144.86829583333335,5,5,REINFORCE / ALARM
542,93.60850208333335,5,5,REINFORCE / ALARM
542,43.515479166666694,5,5,REINFORCE / ALARM
542,77.67142708333331,4,5,REINFORCE / ALARM
542,39.038122916666644,4,4,FIELD INSPECTION
542,22.56128958333336,3,3,ENHANCED MONITORING
542,104.3336625,5,5,REINFORCE / ALARM
542,12.974491666666628,4,5,REINFORCE / ALARM
542,11.643358333333333,3,3,ENHANCED MONITORING
542,65.62325,4,4,FIELD INSPECTION
542,48.61680416666665,4,4,FIELD INSPECTION
542,218.12121249999996,5,5,REINFORCE / ALARM
542,199.11400833333332,5,5,REINFORCE / ALARM
542,166.7832958333333,5,5,REINFORCE / ALARM
542,30.681000000000022,5,5,REINFORCE / ALARM
542,36.54732083333338,4,4,FIELD INSPECTION
542,23.461225000000052,3,3,ENHANCED MONITORING
542,67.24049583333336,4,4,FIELD INSPECTION
542,27.345049999999997,4,5,REINFORCE / ALARM
542,46.49835416666665,4,4,FIELD INSPECTION
542,28.601104166666698,4,5,REINFORCE / ALARM
542,67.61792083333334,4,4,FIELD INSPECTION
542,35.035591666666654,4,4,FIELD INSPECTION
542,13.02927916666665,3,3,ENHANCED MONITORING
542,79.0177791666667,5,5,REINFORCE / ALARM
542,91.93951250000002,4,4,FIELD INSPECTION
542,65.61411875000002,4,4,FIELD INSPECTION
542,65.90023125,4,4,FIELD INSPECTION
542,44.98763958333334,4,4,FIELD INSPECTION
542,55.45915416666664,5,5,REINFORCE / ALARM
542,35.12081666666671,5,5,REINFORCE / ALARM
542,100.46404166666667,5,5,REINFORCE / ALARM
553,18.087991666666667,3,3,ENHANCED MONITORING
553,8.433216666666667,2,3,ENHANCED MONITORING
553,19.51551041666667,3,3,ENHANCED MONITORING
553,18.69775625,3,3,ENHANCED MONITORING
553,25.49749375,3,3,ENHANCED MONITORING
553,6.821043749999997,2,3,ENHANCED MONITORING
553,6.530872916666667,2,3,ENHANCED MONITORING
553,2.491309375,2,3,ENHANCED MONITORING
553,19.000609374999996,3,3,ENHANCED MONITORING
553,15.97613645833333,3,3,ENHANCED MONITORING
553,37.8825125,4,4,FIELD INSPECTION
553,37.543641666666666,4,4,FIELD INSPECTION
553,60.69338958333333,4,4,FIELD INSPECTION
553,59.38153333333333,4,4,FIELD INSPECTION
553,18.068714583333335,3,3,ENHANCED MONITORING
553,12.91361666666666,3,3,ENHANCED MONITORING
553,34.70483749999999,4,4,FIELD INSPECTION
553,62.05293125000001,4,4,FIELD INSPECTION
553,40.52753125000001,4,4,FIELD INSPECTION
553,38.49024791666666,4,4,FIELD INSPECTION
553,26.64498749999999,3,3,ENHANCED MONITORING
553,52.872981249999974,4,4,FIELD INSPECTION
553,60.26422083333333,4,4,FIELD INSPECTION
553,10.790093750000002,4,3,ENHANCED MONITORING
553,11.335939583333326,3,3,ENHANCED MONITORING
553,30.23052499999997,4,4,FIELD INSPECTION
553,29.603512499999994,3,4,FIELD INSPECTION
553,62.452677083333334,4,4,FIELD INSPECTION
553,59.48400625,4,4,FIELD INSPECTION
553,53.11952500000002,4,4,FIELD INSPECTION
553,63.9694791666667,4,4,FIELD INSPECTION
553,71.13243749999997,4,4,FIELD INSPECTION
553,88.67965624999998,4,4,FIELD INSPECTION
553,17.705493750000006,3,3,ENHANCED MONITORING
553,43.998420833333306,4,4,FIELD INSPECTION
553,52.283508333333316,4,4,FIELD INSPECTION
553,0.8847166666666588,1,3,ENHANCED MONITORING
553,14.963074999999998,3,3,ENHANCED MONITORING
553,53.16213750000001,5,4,FIELD INSPECTION
553,60.03188124999996,4,4,FIELD INSPECTION
553,42.85904375000003,4,5,REINFORCE / ALARM
553,2.6916895833333356,2,3,ENHANCED MONITORING
553,18.464402083333308,3,3,ENHANCED MONITORING
553,12.322114583333308,3,3,ENHANCED MONITORING
553,60.12116458333333,4,4,FIELD INSPECTION
553,24.82685416666666,3,3,ENHANCED MONITORING
553,9.57766666666666,2,3,ENHANCED MONITORING
553,77.40053333333333,4,4,FIELD INSPECTION
553,9.645643749999982,2,3,ENHANCED MONITORING
553,38.29950625000006,4,4,FIELD INSPECTION
553,93.22803333333333,4,4,FIELD INSPECTION
553,38.58967708333333,4,4,FIELD INSPECTION
553,3.9578895833332974,2,3,ENHANCED MONITORING
553,25.91753124999997,4,5,REINFORCE / ALARM
553,44.64369583333331,4,4,FIELD INSPECTION
553,3.9142625000000257,3,3,ENHANCED MONITORING
553,29.128687499999945,3,4,FIELD INSPECTION
553,16.263770833333272,3,3,ENHANCED MONITORING
553,24.772066666666603,3,3,ENHANCED MONITORING
553,62.7722708333333,4,4,FIELD INSPECTION
553,125.901675,5,5,REINFORCE / ALARM
553,144.44622916666677,5,5,REINFORCE / ALARM
553,90.39125833333331,4,4,FIELD INSPECTION
553,13.445258333333285,3,3,ENHANCED MONITORING
553,69.56794999999993,4,4,FIELD INSPECTION
553,38.81389999999994,4,4,FIELD INSPECTION
553,131.62189583333333,5,5,REINFORCE / ALARM
553,21.557866666666587,4,5,REINFORCE / ALARM
553,24.806562500000087,3,3,ENHANCED MONITORING
553,45.173308333333296,4,4,FIELD INSPECTION
553,97.61509166666669,4,5,REINFORCE / ALARM
553,15.149758333333343,4,3,ENHANCED MONITORING
553,109.98083333333336,5,5,REINFORCE / ALARM
553,15.030037500000086,4,3,ENHANCED MONITORING
553,35.260829166666596,4,4,FIELD INSPECTION
553,163.48184166666672,5,5,REINFORCE / ALARM
553,7.428779166666724,3,5,REINFORCE / ALARM
553,24.530595833333336,3,3,ENHANCED MONITORING
553,129.05499999999998,5,5,REINFORCE / ALARM
553,32.47884166666666,4,4,FIELD INSPECTION
557,13.65832083333334,3,3,ENHANCED MONITORING
557,95.99987499999999,4,5,REINFORCE / ALARM
557,38.66374166666667,4,4,FIELD INSPECTION
557,62.94272083333332,4,4,FIELD INSPECTION
557,11.788443749999999,3,3,ENHANCED MONITORING
557,14.731749999999996,3,3,ENHANCED MONITORING
557,28.874027083333335,3,3,ENHANCED MONITORING
557,2.9225072916666632,2,3,ENHANCED MONITORING
557,0.4885218750000024,1,3,ENHANCED MONITORING
557,1.0475572916666682,1,3,ENHANCED MONITORING
557,13.791231250000003,3,3,ENHANCED MONITORING
557,6.153447916666664,2,3,ENHANCED MONITORING
557,12.315012500000002,3,3,ENHANCED MONITORING
557,60.11609166666667,4,4,FIELD INSPECTION
557,49.963156250000004,4,4,FIELD INSPECTION
557,42.61554375,4,4,FIELD INSPECTION
557,41.68009791666667,4,4,FIELD INSPECTION
557,14.78045000000001,4,3,ENHANCED MONITORING
557,13.261618750000002,3,3,ENHANCED MONITORING
557,53.16822500000001,4,4,FIELD INSPECTION
557,4.467210416666672,2,3,ENHANCED MONITORING
557,17.020650000000018,3,3,ENHANCED MONITORING
557,28.776627083333334,3,3,ENHANCED MONITORING
557,27.23648958333334,3,3,ENHANCED MONITORING
557,53.98395,4,4,FIELD INSPECTION
557,14.487235416666678,3,3,ENHANCED MONITORING
557,6.326941666666666,2,3,ENHANCED MONITORING
557,5.375262499999999,2,3,ENHANCED MONITORING
557,4.96638541666668,2,3,ENHANCED MONITORING
557,46.38979374999999,4,4,FIELD INSPECTION
557,50.174189583333344,4,4,FIELD INSPECTION
557,24.747716666666662,3,3,ENHANCED MONITORING
557,31.343522916666682,4,4,FIELD INSPECTION
557,9.759277083333336,2,3,ENHANCED MONITORING
557,32.06895000000002,4,4,FIELD INSPECTION
557,15.512979166666666,3,3,ENHANCED MONITORING
557,19.80568124999998,3,3,ENHANCED MONITORING
557,1.1069104166666672,1,3,ENHANCED MONITORING
557,0.3358270833333279,1,3,ENHANCED MONITORING
557,17.479241666666677,3,3,ENHANCED MONITORING
557,22.339095833333317,3,3,ENHANCED MONITORING
557,22.64347083333333,3,3,ENHANCED MONITORING
557,23.61341250000001,3,3,ENHANCED MONITORING
557,16.209997916666666,3,3,ENHANCED MONITORING
557,11.558133333333359,3,3,ENHANCED MONITORING
557,40.60869791666668,4,4,FIELD INSPECTION
557,48.69391249999998,4,4,FIELD INSPECTION
557,66.44912083333337,4,4,FIELD INSPECTION
557,3.167529166666675,2,3,ENHANCED MONITORING
557,38.78447708333331,4,4,FIELD INSPECTION
557,21.992108333333338,3,3,ENHANCED MONITORING
557,0.930372916666661,1,3,ENHANCED MONITORING
557,21.995152083333327,3,3,ENHANCED MONITORING
557,50.95136041666666,4,4,FIELD INSPECTION
557,75.26787916666665,4,4,FIELD INSPECTION
557,43.03659583333331,4,4,FIELD INSPECTION
557,7.47342083333336,2,3,ENHANCED MONITORING
557,34.54453333333335,4,4,FIELD INSPECTION
557,37.91700833333336,5,5,REINFORCE / ALARM
557,62.73371666666666,4,4,FIELD INSPECTION
557,80.9109916666667,4,4,FIELD INSPECTION
557,1.8972708333333088,1,3,ENHANCED MONITORING
557,58.15997499999998,4,4,FIELD INSPECTION
557,64.90492499999998,4,4,FIELD INSPECTION
557,48.37939166666666,4,4,FIELD INSPECTION
557,39.02696250000002,4,4,FIELD INSPECTION
557,59.442408333333354,4,4,FIELD INSPECTION
557,21.553808333333354,4,5,REINFORCE / ALARM
557,115.60568333333337,5,5,REINFORCE / ALARM
557,17.753179166666655,4,5,REINFORCE / ALARM
557,86.75905,4,5,REINFORCE / ALARM
557,97.75611875000003,4,4,FIELD INSPECTION
557,48.98103958333334,5,5,REINFORCE / ALARM
557,51.28414374999997,4,4,FIELD INSPECTION
557,57.59992499999996,4,4,FIELD INSPECTION
557,33.905345833333364,4,4,FIELD INSPECTION
557,16.588437500000015,3,3,ENHANCED MONITORING
557,23.32729999999999,3,3,ENHANCED MONITORING
557,109.31932499999999,5,5,REINFORCE / ALARM
557,95.8943583333333,5,5,REINFORCE / ALARM
563,11.888887499999997,3,3,ENHANCED MONITORING
563,35.9588625,4,4,FIELD INSPECTION
563,8.80455416666667,2,3,ENHANCED MONITORING
563,9.164731250000003,2,3,ENHANCED MONITORING
563,34.925509375000004,4,4,FIELD INSPECTION
563,15.449567708333332,3,3,ENHANCED MONITORING
563,16.414436458333334,3,3,ENHANCED MONITORING
563,15.752928124999997,3,3,ENHANCED MONITORING
563,19.295853125000004,3,3,ENHANCED MONITORING
563,28.003007291666666,3,3,ENHANCED MONITORING
563,9.909435416666659,2,3,ENHANCED MONITORING
563,9.047039583333332,2,3,ENHANCED MONITORING
563,20.214558333333333,3,3,ENHANCED MONITORING
563,8.130870833333335,2,3,ENHANCED MONITORING
563,2.068735416666667,2,3,ENHANCED MONITORING
563,7.749387499999997,2,3,ENHANCED MONITORING
563,18.904731250000005,3,3,ENHANCED MONITORING
563,37.52030625,4,4,FIELD INSPECTION
563,32.745677083333334,4,4,FIELD INSPECTION
563,32.19374375,4,4,FIELD INSPECTION
563,7.041715624999998,2,3,ENHANCED MONITORING
563,44.62391145833334,4,4,FIELD INSPECTION
563,13.935809375,3,3,ENHANCED MONITORING
563,17.584758333333333,3,3,ENHANCED MONITORING
563,5.694856250000001,2,3,ENHANCED MONITORING
563,2.8935916666666675,2,3,ENHANCED MONITORING
563,12.504739583333333,3,3,ENHANCED MONITORING
563,12.157752083333335,3,3,ENHANCED MONITORING
563,55.71787291666667,4,4,FIELD INSPECTION
563,55.29885000000001,4,4,FIELD INSPECTION
563,37.53552500000001,4,4,FIELD INSPECTION
563,17.544175,3,3,ENHANCED MONITORING
563,0.8958770833333366,1,3,ENHANCED MONITORING
563,9.43866875,2,3,ENHANCED MONITORING
563,12.135431250000002,3,3,ENHANCED MONITORING
563,41.66386458333333,4,4,FIELD INSPECTION
563,17.028766666666666,3,3,ENHANCED MONITORING
563,16.765482291666668,3,3,ENHANCED MONITORING
563,21.417346874999996,3,3,ENHANCED MONITORING
563,33.13578437499999,4,4,FIELD INSPECTION
563,10.97982083333333,3,3,ENHANCED MONITORING
563,45.954537499999994,4,4,FIELD INSPECTION
563,8.241460416666667,2,3,ENHANCED MONITORING
563,12.874047916666667,3,3,ENHANCED MONITORING
563,28.98664583333334,3,3,ENHANCED MONITORING
563,12.414441666666663,3,3,ENHANCED MONITORING
563,13.696875,3,3,ENHANCED MONITORING
563,42.31218333333334,4,4,FIELD INSPECTION
563,23.46832708333333,3,3,ENHANCED MONITORING
563,24.13389375000001,3,3,ENHANCED MONITORING
563,4.792891666666662,3,3,ENHANCED MONITORING
563,41.55226041666666,4,4,FIELD INSPECTION
563,90.12848125000001,4,4,FIELD INSPECTION
563,46.54603958333334,4,4,FIELD INSPECTION
563,109.12655416666666,5,5,REINFORCE / ALARM
563,8.962829166666674,3,3,ENHANCED MONITORING
563,1.8830666666666633,1,3,ENHANCED MONITORING
563,82.42272083333332,4,4,FIELD INSPECTION
563,70.7306625,4,4,FIELD INSPECTION
563,8.632075000000006,3,3,ENHANCED MONITORING
563,16.02838750000001,3,3,ENHANCED MONITORING
563,30.75810833333333,4,4,FIELD INSPECTION
563,27.119812499999995,3,3,ENHANCED MONITORING
563,93.88345416666668,5,5,REINFORCE / ALARM
563,20.13744999999999,4,5,REINFORCE / ALARM
563,69.24937083333334,4,5,REINFORCE / ALARM
563,55.84672499999999,4,4,FIELD INSPECTION
563,16.247537500000004,3,3,ENHANCED MONITORING
563,56.10037083333333,4,4,FIELD INSPECTION
563,37.27782083333333,4,4,FIELD INSPECTION
563,48.09835208333333,4,4,FIELD INSPECTION
563,48.03747708333333,4,4,FIELD INSPECTION
563,1.7704479166666676,1,3,ENHANCED MONITORING
563,119.91563333333336,5,5,REINFORCE / ALARM
563,84.88511458333336,5,5,REINFORCE / ALARM
563,84.90540625000004,4,4,FIELD INSPECTION
563,24.90294791666666,4,3,ENHANCED MONITORING
563,22.917408333333317,4,5,REINFORCE / ALARM
563,55.67424583333334,4,4,FIELD INSPECTION
563,83.20597916666664,5,5,REINFORCE / ALARM
564,24.80859166666666,3,3,ENHANCED MONITORING
564,42.40958333333332,4,4,FIELD INSPECTION
564,46.38776458333333,4,4,FIELD INSPECTION
564,35.67376458333333,4,4,FIELD INSPECTION
564,19.936562499999997,3,3,ENHANCED MONITORING
564,9.327064583333332,2,3,ENHANCED MONITORING
564,22.965093750000005,3,3,ENHANCED MONITORING
564,4.076595833333333,2,3,ENHANCED MONITORING
564,9.227635416666663,2,3,ENHANCED MONITORING
564,5.866320833333332,2,3,ENHANCED MONITORING
564,12.919704166666664,3,3,ENHANCED MONITORING
564,12.76853125,3,3,ENHANCED MONITORING
564,20.144552083333327,3,3,ENHANCED MONITORING
564,29.48683541666668,3,4,FIELD INSPECTION
564,17.6598375,3,3,ENHANCED MONITORING
564,2.587187500000013,2,3,ENHANCED MONITORING
564,52.03189166666667,4,4,FIELD INSPECTION
564,40.46665624999999,4,4,FIELD INSPECTION
564,24.04461041666667,3,3,ENHANCED MONITORING
564,21.997181249999997,3,3,ENHANCED MONITORING
564,16.765989583333333,3,3,ENHANCED MONITORING
564,37.70293125,4,4,FIELD INSPECTION
564,7.0067125000000035,2,3,ENHANCED MONITORING
564,23.965472916666666,3,3,ENHANCED MONITORING
564,41.37978125000001,4,4,FIELD INSPECTION
564,39.973568750000005,4,4,FIELD INSPECTION
564,30.540987499999996,4,4,FIELD INSPECTION
564,23.701681249999996,3,3,ENHANCED MONITORING
564,69.55171666666665,4,4,FIELD INSPECTION
564,82.48359583333333,4,4,FIELD INSPECTION
564,51.55300833333334,4,4,FIELD INSPECTION
564,7.2055708333333355,2,3,ENHANCED MONITORING
564,53.971775000000015,4,4,FIELD INSPECTION
564,25.446764583333362,3,3,ENHANCED MONITORING
564,33.440666666666665,4,4,FIELD INSPECTION
564,25.007450000000002,3,3,ENHANCED MONITORING
564,41.499502083333326,4,4,FIELD INSPECTION
564,71.70415520833332,4,4,FIELD INSPECTION
564,84.95359895833333,4,4,FIELD INSPECTION
564,26.676946875,3,4,FIELD INSPECTION
564,28.769524999999998,3,3,ENHANCED MONITORING
564,11.943674999999985,4,3,ENHANCED MONITORING
564,46.33754270833333,4,4,FIELD INSPECTION
564,85.28942604166663,4,4,FIELD INSPECTION
564,24.46515520833334,3,3,ENHANCED MONITORING
564,12.863902083333343,3,3,ENHANCED MONITORING
564,8.948625000000014,2,3,ENHANCED MONITORING
564,11.490156250000004,3,3,ENHANCED MONITORING
564,24.23027916666668,3,3,ENHANCED MONITORING
564,13.526425000000009,3,3,ENHANCED MONITORING
564,19.035612499999978,3,3,ENHANCED MONITORING
564,30.027608333333287,4,4,FIELD INSPECTION
564,111.41139583333336,5,5,REINFORCE / ALARM
564,36.88822083333337,4,4,FIELD INSPECTION
564,37.26970416666668,4,4,FIELD INSPECTION
564,31.20249583333336,4,4,FIELD INSPECTION
564,38.42429999999999,4,4,FIELD INSPECTION
564,78.19190833333334,4,4,FIELD INSPECTION
564,38.32081250000001,4,4,FIELD INSPECTION
564,122.16395000000006,5,5,REINFORCE / ALARM
564,92.34737500000006,4,4,FIELD INSPECTION
564,78.46381666666663,4,4,FIELD INSPECTION
564,35.97712499999992,4,4,FIELD INSPECTION
564,4.894349999999985,2,3,ENHANCED MONITORING
564,22.669850000000082,3,3,ENHANCED MONITORING
564,46.9427416666667,4,4,FIELD INSPECTION
564,81.83223333333338,4,4,FIELD INSPECTION
564,107.40582083333324,5,5,REINFORCE / ALARM
564,62.28121249999996,4,4,FIELD INSPECTION
564,48.18865,4,4,FIELD INSPECTION
564,5.110456250000092,2,3,ENHANCED MONITORING
564,16.874550000000102,3,3,ENHANCED MONITORING
564,24.390583333333367,3,3,ENHANCED MONITORING
564,75.42513958333326,5,5,REINFORCE / ALARM
564,53.028212499999974,4,4,FIELD INSPECTION
564,51.75795416666657,4,4,FIELD INSPECTION
564,25.888108333333335,3,3,ENHANCED MONITORING
564,79.27954166666673,4,4,FIELD INSPECTION
564,61.43910833333331,4,4,FIELD INSPECTION
564,78.35424166666674,4,4,FIELD INSPECTION
568,40.56507083333333,4,4,FIELD INSPECTION
568,100.31286875,5,5,REINFORCE / ALARM
568,25.191089583333337,3,3,ENHANCED MONITORING
568,18.201625000000003,3,3,ENHANCED MONITORING
568,39.844209375,4,4,FIELD INSPECTION
568,15.604798958333333,3,3,ENHANCED MONITORING
568,25.534526041666666,3,3,ENHANCED MONITORING
568,29.513721874999998,3,4,FIELD INSPECTION
568,46.33551354166667,4,4,FIELD INSPECTION
568,48.70050729166667,4,4,FIELD INSPECTION
568,8.533660416666672,3,3,ENHANCED MONITORING
568,44.06031041666668,4,4,FIELD INSPECTION
568,58.51507916666668,4,4,FIELD INSPECTION
568,51.68490416666666,4,4,FIELD INSPECTION
568,9.0764625,2,3,ENHANCED MONITORING
568,0.9405187499999972,1,3,ENHANCED MONITORING
568,39.447,4,4,FIELD INSPECTION
568,37.57610833333333,4,4,FIELD INSPECTION
568,36.590947916666664,4,4,FIELD INSPECTION
568,37.113458333333334,4,4,FIELD INSPECTION
568,23.495720833333337,3,3,ENHANCED MONITORING
568,18.291922916666667,3,3,ENHANCED MONITORING
568,29.288991666666664,3,3,ENHANCED MONITORING
568,14.849441666666666,3,3,ENHANCED MONITORING
568,41.86373750000001,4,4,FIELD INSPECTION
568,35.643327083333325,4,4,FIELD INSPECTION
568,44.78878125,4,4,FIELD INSPECTION
568,71.66407916666667,4,4,FIELD INSPECTION
568,72.98405208333334,4,4,FIELD INSPECTION
568,68.82831874999998,4,4,FIELD INSPECTION
568,44.35352500000001,4,5,REINFORCE / ALARM
568,18.367002083333343,3,3,ENHANCED MONITORING
568,15.697633333333329,3,3,ENHANCED MONITORING
568,56.62389583333333,4,4,FIELD INSPECTION
568,24.602631250000012,3,3,ENHANCED MONITORING
568,15.582985416666682,3,3,ENHANCED MONITORING
568,71.57073750000002,4,4,FIELD INSPECTION
568,63.970493749999996,4,4,FIELD INSPECTION
568,104.25959791666666,5,5,REINFORCE / ALARM
568,24.844102083333322,3,3,ENHANCED MONITORING
568,23.678345833333335,3,3,ENHANCED MONITORING
568,4.204433333333346,3,3,ENHANCED MONITORING
568,1.8303083333333419,1,3,ENHANCED MONITORING
568,20.642712499999988,4,3,ENHANCED MONITORING
568,72.89071041666666,4,4,FIELD INSPECTION
568,74.27967499999998,4,4,FIELD INSPECTION
568,18.016970833333332,3,3,ENHANCED MONITORING
568,22.192995833333327,3,3,ENHANCED MONITORING
568,72.26268333333327,4,4,FIELD INSPECTION
568,47.913697916666656,4,4,FIELD INSPECTION
568,15.196429166666718,3,3,ENHANCED MONITORING
568,3.169558333333337,2,3,ENHANCED MONITORING
568,52.06638750000002,4,4,FIELD INSPECTION
568,16.88063749999998,3,3,ENHANCED MONITORING
568,44.25409583333329,4,4,FIELD INSPECTION
568,4.73607499999999,2,3,ENHANCED MONITORING
568,19.07213750000003,3,3,ENHANCED MONITORING
568,2.786045833333328,2,3,ENHANCED MONITORING
568,107.58032916666667,5,5,REINFORCE / ALARM
568,18.52223333333335,4,3,ENHANCED MONITORING
568,44.0349458333333,4,4,FIELD INSPECTION
568,32.34085833333338,5,5,REINFORCE / ALARM
568,89.70337083333334,4,4,FIELD INSPECTION
568,83.11263750000002,4,4,FIELD INSPECTION
568,21.277841666666603,3,3,ENHANCED MONITORING
568,5.659345833333336,2,3,ENHANCED MONITORING
568,125.80427500000008,5,5,REINFORCE / ALARM
568,27.107637500000067,4,5,REINFORCE / ALARM
568,33.38587916666666,4,4,FIELD INSPECTION
568,107.20087500000001,5,5,REINFORCE / ALARM
568,33.28137708333334,4,4,FIELD INSPECTION
568,23.193374999999943,3,3,ENHANCED MONITORING
568,37.403629166666725,4,4,FIELD INSPECTION
568,25.98246458333333,4,5,REINFORCE / ALARM
568,28.05931666666658,3,3,ENHANCED MONITORING
568,102.36131249999998,5,5,REINFORCE / ALARM
568,81.77541666666669,4,4,FIELD INSPECTION
568,71.08373750000007,4,4,FIELD INSPECTION
568,15.809237500000142,3,3,ENHANCED MONITORING
568,46.91636250000002,4,4,FIELD INSPECTION
571,1.7653749999999977,1,3,ENHANCED MONITORING
571,33.84244166666667,4,4,FIELD INSPECTION
571,15.489643749999999,3,3,ENHANCED MONITORING
571,23.7595125,3,3,ENHANCED MONITORING
571,15.15483125,3,3,ENHANCED MONITORING
571,42.14173333333334,4,4,FIELD INSPECTION
571,20.376891666666662,3,3,ENHANCED MONITORING
571,0.6675958333333298,1,3,ENHANCED MONITORING
571,3.6514854166666573,2,3,ENHANCED MONITORING
571,35.99031458333334,4,4,FIELD INSPECTION
571,30.550118750000006,4,4,FIELD INSPECTION
571,24.299270833333328,3,3,ENHANCED MONITORING
571,10.010893750000003,3,3,ENHANCED MONITORING
571,21.175368749999997,3,3,ENHANCED MONITORING
571,8.179570833333337,2,3,ENHANCED MONITORING
571,11.266947916666668,3,3,ENHANCED MONITORING
571,46.935639583333334,4,4,FIELD INSPECTION
571,29.70294166666667,3,4,FIELD INSPECTION
571,9.253000000000002,2,3,ENHANCED MONITORING
571,3.2375354166666663,2,3,ENHANCED MONITORING
571,10.649573958333333,3,3,ENHANCED MONITORING
571,26.046890625,3,3,ENHANCED MONITORING
571,12.546844791666667,3,3,ENHANCED MONITORING
571,8.57830208333334,2,3,ENHANCED MONITORING
571,42.82962083333334,4,4,FIELD INSPECTION
571,12.44183541666667,3,3,ENHANCED MONITORING
571,46.573433333333334,4,4,FIELD INSPECTION
571,46.80983125,4,4,FIELD INSPECTION
571,48.30532708333333,4,4,FIELD INSPECTION
571,24.22622083333334,3,3,ENHANCED MONITORING
571,31.072629166666655,4,3,ENHANCED MONITORING
571,77.70186458333332,4,4,FIELD INSPECTION
571,68.25507916666668,5,5,REINFORCE / ALARM
571,17.553306250000006,3,3,ENHANCED MONITORING
571,29.062739583333325,3,3,ENHANCED MONITORING
571,56.420979166666676,4,4,FIELD INSPECTION
571,72.78925208333334,4,4,FIELD INSPECTION
571,57.310261458333336,4,4,FIELD INSPECTION
571,17.102323958333333,3,3,ENHANCED MONITORING
571,0.6011406249999993,1,3,ENHANCED MONITORING
571,13.030293749999998,3,3,ENHANCED MONITORING
571,9.084579166666666,2,3,ENHANCED MONITORING
571,1.1474937499999986,1,3,ENHANCED MONITORING
571,80.48791041666665,4,4,FIELD INSPECTION
571,25.27834375,3,3,ENHANCED MONITORING
571,37.786127083333334,4,4,FIELD INSPECTION
571,19.476956249999997,3,3,ENHANCED MONITORING
571,7.538354166666667,2,3,ENHANCED MONITORING
571,15.582985416666666,3,3,ENHANCED MONITORING
571,77.35183333333333,4,4,FIELD INSPECTION
571,34.70889583333332,4,4,FIELD INSPECTION
571,29.127672916666658,3,4,FIELD INSPECTION
571,132.73286458333334,5,5,REINFORCE / ALARM
571,14.927564583333341,4,3,ENHANCED MONITORING
571,37.1520125,4,4,FIELD INSPECTION
571,151.542225,5,5,REINFORCE / ALARM
571,31.5271625,4,4,FIELD INSPECTION
571,22.828125,3,3,ENHANCED MONITORING
571,64.94550833333334,4,4,FIELD INSPECTION
571,23.635733333333338,4,3,ENHANCED MONITORING
571,6.862641666666657,2,3,ENHANCED MONITORING
571,55.16695416666666,5,5,REINFORCE / ALARM
571,190.71325833333333,5,5,REINFORCE / ALARM
571,103.58692916666666,5,5,REINFORCE / ALARM
571,5.0201583333333275,2,3,ENHANCED MONITORING
571,77.99102083333334,4,4,FIELD INSPECTION
571,54.199041666666666,4,4,FIELD INSPECTION
571,5.606587500000001,2,3,ENHANCED MONITORING
571,40.98307916666666,4,4,FIELD INSPECTION
571,92.83234583333332,4,4,FIELD INSPECTION
571,62.86967083333334,4,4,FIELD INSPECTION
571,29.800341666666668,3,3,ENHANCED MONITORING
571,37.83178333333333,4,4,FIELD INSPECTION
571,49.52789999999999,4,4,FIELD INSPECTION
571,13.28698333333333,3,3,ENHANCED MONITORING
571,36.67312916666666,4,4,FIELD INSPECTION
571,51.648379166666665,4,4,FIELD INSPECTION
571,43.91928333333333,4,4,FIELD INSPECTION
571,22.554187499999994,3,3,ENHANCED MONITORING
571,43.11370416666666,4,4,FIELD INSPECTION
573,44.34540833333333,4,4,FIELD INSPECTION
573,50.37000416666667,4,4,FIELD INSPECTION
573,13.085081250000007,3,3,ENHANCED MONITORING
573,49.384843749999995,4,4,FIELD INSPECTION
573,69.47105729166665,4,4,FIELD INSPECTION
573,51.45104270833334,4,4,FIELD INSPECTION
573,21.50764479166666,3,3,ENHANCED MONITORING
573,10.85654895833333,3,3,ENHANCED MONITORING
573,57.559848958333326,4,4,FIELD INSPECTION
573,70.39229895833334,4,4,FIELD INSPECTION
573,122.04017083333333,5,5,REINFORCE / ALARM
573,49.327012499999995,5,5,REINFORCE / ALARM
573,20.02178749999999,3,3,ENHANCED MONITORING
573,50.96353541666667,4,4,FIELD INSPECTION
573,23.048289583333332,3,3,ENHANCED MONITORING
573,25.92869166666667,3,3,ENHANCED MONITORING
573,52.46917708333334,4,4,FIELD INSPECTION
573,7.976654166666676,2,3,ENHANCED MONITORING
573,1.953072916666656,1,3,ENHANCED MONITORING
573,32.542760416666674,4,4,FIELD INSPECTION
573,7.0873718749999925,2,3,ENHANCED MONITORING
573,131.18816145833333,5,5,REINFORCE / ALARM
573,119.43421354166667,5,5,REINFORCE / ALARM
573,57.969233333333314,5,5,REINFORCE / ALARM
573,52.58382499999996,4,4,FIELD INSPECTION
573,14.713487499999985,3,3,ENHANCED MONITORING
573,70.87777708333334,4,4,FIELD INSPECTION
573,104.95560208333332,5,5,REINFORCE / ALARM
573,42.064625,5,4,FIELD INSPECTION
573,33.26615833333333,4,4,FIELD INSPECTION
573,14.563329166666678,3,3,ENHANCED MONITORING
573,106.08889166666671,5,5,REINFORCE / ALARM
573,112.22407708333333,5,5,REINFORCE / ALARM
573,106.08584791666665,5,5,REINFORCE / ALARM
573,18.880381250000006,3,3,ENHANCED MONITORING
573,13.683685416666671,4,3,ENHANCED MONITORING
573,35.275033333333376,4,4,FIELD INSPECTION
573,77.40306979166665,4,4,FIELD INSPECTION
573,3.3060197916666234,2,3,ENHANCED MONITORING
573,20.932376041666668,3,3,ENHANCED MONITORING
573,24.571179166666642,3,3,ENHANCED MONITORING
573,22.004283333333305,3,3,ENHANCED MONITORING
573,31.484550000000002,4,4,FIELD INSPECTION
573,7.154841666666717,2,3,ENHANCED MONITORING
573,121.73275208333332,5,5,REINFORCE / ALARM
573,190.33278958333335,5,5,REINFORCE / ALARM
573,148.17482291666667,5,5,REINFORCE / ALARM
573,104.44729583333337,5,5,REINFORCE / ALARM
573,47.461193750000014,4,4,FIELD INSPECTION
573,40.615800000000014,5,5,REINFORCE / ALARM
573,111.59605,5,5,REINFORCE / ALARM
573,116.94391875000002,5,5,REINFORCE / ALARM
573,46.94781458333336,5,5,REINFORCE / ALARM
573,95.25415624999995,5,5,REINFORCE / ALARM
573,62.007274999999936,5,5,REINFORCE / ALARM
573,153.67487916666664,5,5,REINFORCE / ALARM
573,16.736566666666736,3,3,ENHANCED MONITORING
573,31.963433333333313,4,4,FIELD INSPECTION
573,71.22780833333329,4,4,FIELD INSPECTION
573,29.83077916666657,3,4,FIELD INSPECTION
573,72.076,4,4,FIELD INSPECTION
573,16.52147499999999,3,3,ENHANCED MONITORING
573,49.546162499999944,4,4,FIELD INSPECTION
573,68.7583125,4,4,FIELD INSPECTION
573,83.92633333333332,4,4,FIELD INSPECTION
573,31.034074999999987,4,4,FIELD INSPECTION
573,137.72562916666666,5,5,REINFORCE / ALARM
573,47.05434583333332,5,5,REINFORCE / ALARM
573,120.23218333333334,5,5,REINFORCE / ALARM
573,40.832920833333326,4,4,FIELD INSPECTION
573,180.16159166666662,5,5,REINFORCE / ALARM
573,119.1861479166667,5,5,REINFORCE / ALARM
573,71.59204375,5,5,REINFORCE / ALARM
573,38.465897916666684,4,4,FIELD INSPECTION
573,23.32628541666666,4,5,REINFORCE / ALARM
573,92.02575208333342,5,5,REINFORCE / ALARM
573,139.78218958333332,5,5,REINFORCE / ALARM
573,185.28320833333336,5,5,REINFORCE / ALARM
573,23.814299999999932,3,3,ENHANCED MONITORING
573,163.51227916666664,5,5,REINFORCE / ALARM
581,44.51585833333332,4,4,FIELD INSPECTION
581,6.43042916666667,3,3,ENHANCED MONITORING
581,3.835125,2,3,ENHANCED MONITORING
581,13.458447916666657,3,3,ENHANCED MONITORING
581,52.58433229166667,4,4,FIELD INSPECTION
581,37.655753125000004,4,4,FIELD INSPECTION
581,13.376773958333338,3,3,ENHANCED MONITORING
581,12.359654166666672,3,3,ENHANCED MONITORING
581,28.409347916666665,3,3,ENHANCED MONITORING
581,2.969685416666669,2,3,ENHANCED MONITORING
581,20.500670833333334,3,3,ENHANCED MONITORING
581,8.275956249999995,2,3,ENHANCED MONITORING
581,12.667072916666667,3,3,ENHANCED MONITORING
581,14.244749999999998,3,3,ENHANCED MONITORING
581,8.937464583333337,2,3,ENHANCED MONITORING
581,4.16080625,2,3,ENHANCED MONITORING
581,41.08453749999999,4,4,FIELD INSPECTION
581,35.523606249999986,4,4,FIELD INSPECTION
581,38.83013333333333,4,4,FIELD INSPECTION
581,5.832839583333336,2,3,ENHANCED MONITORING
581,2.481163541666666,2,3,ENHANCED MONITORING
581,7.69206354166667,2,3,ENHANCED MONITORING
581,17.317415625000002,3,3,ENHANCED MONITORING
581,24.868452083333327,3,3,ENHANCED MONITORING
581,0.09638541666666829,1,3,ENHANCED MONITORING
581,6.787562500000004,2,3,ENHANCED MONITORING
581,65.89008541666666,4,4,FIELD INSPECTION
581,43.33386875,4,4,FIELD INSPECTION
581,88.96272499999998,4,4,FIELD INSPECTION
581,28.56356458333332,3,4,FIELD INSPECTION
581,25.82216041666666,3,3,ENHANCED MONITORING
581,11.067074999999997,3,3,ENHANCED MONITORING
581,31.538322916666672,4,4,FIELD INSPECTION
581,15.566752083333341,3,3,ENHANCED MONITORING
581,6.050974999999997,2,3,ENHANCED MONITORING
581,37.17940625,4,4,FIELD INSPECTION
581,30.341114583333326,4,3,ENHANCED MONITORING
581,59.246593749999995,4,4,FIELD INSPECTION
581,44.97546458333333,4,4,FIELD INSPECTION
581,1.8516145833333333,1,3,ENHANCED MONITORING
581,24.354058333333338,3,3,ENHANCED MONITORING
581,21.76687083333334,3,3,ENHANCED MONITORING
581,11.458704166666678,3,3,ENHANCED MONITORING
581,19.222295833333337,3,3,ENHANCED MONITORING
581,10.130614583333335,3,3,ENHANCED MONITORING
581,16.567131250000013,3,3,ENHANCED MONITORING
581,15.195414583333333,3,3,ENHANCED MONITORING
581,14.211268750000007,3,3,ENHANCED MONITORING
581,4.509822916666663,2,3,ENHANCED MONITORING
581,13.572081249999982,3,3,ENHANCED MONITORING
581,11.505375,3,3,ENHANCED MONITORING
581,43.306475,4,4,FIELD INSPECTION
581,77.37415416666667,4,4,FIELD INSPECTION
581,58.162004166666634,4,4,FIELD INSPECTION
581,11.783370833333336,3,3,ENHANCED MONITORING
581,28.07960833333331,3,3,ENHANCED MONITORING
581,11.25172916666665,3,3,ENHANCED MONITORING
581,58.45217500000003,4,4,FIELD INSPECTION
581,72.34790833333331,4,4,FIELD INSPECTION
581,45.335641666666646,5,5,REINFORCE / ALARM
581,52.16784583333337,5,5,REINFORCE / ALARM
581,108.3554708333333,5,5,REINFORCE / ALARM
581,10.020024999999965,3,3,ENHANCED MONITORING
581,46.39486666666667,4,4,FIELD INSPECTION
581,9.522879166666641,2,3,ENHANCED MONITORING
581,18.42483333333332,3,3,ENHANCED MONITORING
581,105.09865833333332,5,5,REINFORCE / ALARM
581,96.57007083333332,4,5,REINFORCE / ALARM
581,33.917520833333334,5,5,REINFORCE / ALARM
581,93.58110833333335,4,4,FIELD INSPECTION
581,86.38162500000003,4,4,FIELD INSPECTION
581,29.468572916666677,3,4,FIELD INSPECTION
581,15.014818749999984,3,3,ENHANCED MONITORING
581,45.59841875000001,4,4,FIELD INSPECTION
581,47.57990000000003,4,4,FIELD INSPECTION
581,61.98698333333334,4,4,FIELD INSPECTION
581,31.748341666666676,4,4,FIELD INSPECTION
581,144.41173333333333,5,5,REINFORCE / ALARM
581,107.1724666666667,5,5,REINFORCE / ALARM
581,125.16914583333333,5,5,REINFORCE / ALARM
590,38.487204166666665,4,4,FIELD INSPECTION
590,53.628845833333344,4,4,FIELD INSPECTION
590,67.07004583333334,4,4,FIELD INSPECTION
590,89.33304791666667,4,4,FIELD INSPECTION
590,55.64076458333333,4,4,FIELD INSPECTION
590,25.49952291666666,3,3,ENHANCED MONITORING
590,10.029156250000002,3,3,ENHANCED MONITORING
590,10.463397916666672,3,3,ENHANCED MONITORING
590,22.017472916666673,3,3,ENHANCED MONITORING
590,30.74897708333333,4,4,FIELD INSPECTION
590,31.770662500000004,4,4,FIELD INSPECTION
590,35.0944375,4,4,FIELD INSPECTION
590,10.865172916666666,3,3,ENHANCED MONITORING
590,16.32971875000001,3,3,ENHANCED MONITORING
590,29.344793750000004,3,4,FIELD INSPECTION
590,39.96849583333333,4,4,FIELD INSPECTION
590,27.0954625,3,3,ENHANCED MONITORING
590,26.15392916666666,3,3,ENHANCED MONITORING
590,25.9571,3,3,ENHANCED MONITORING
590,22.545056250000005,3,3,ENHANCED MONITORING
590,7.59517083333333,2,3,ENHANCED MONITORING
590,99.25161458333334,5,5,REINFORCE / ALARM
590,13.943418749999998,4,5,REINFORCE / ALARM
590,3.9822395833333295,2,3,ENHANCED MONITORING
590,145.43950625000002,5,5,REINFORCE / ALARM
590,86.32074999999999,4,4,FIELD INSPECTION
590,143.36671249999998,5,5,REINFORCE / ALARM
590,129.78448541666668,5,5,REINFORCE / ALARM
590,70.95184166666665,5,5,REINFORCE / ALARM
590,47.38611458333333,4,4,FIELD INSPECTION
590,68.0156375,4,4,FIELD INSPECTION
590,4.861883333333324,2,3,ENHANCED MONITORING
590,61.14082083333333,4,4,FIELD INSPECTION
590,85.77693333333333,4,4,FIELD INSPECTION
590,40.43216041666667,4,4,FIELD INSPECTION
590,70.41918541666668,5,5,REINFORCE / ALARM
590,129.53286875,5,5,REINFORCE / ALARM
590,138.05080312500002,5,5,REINFORCE / ALARM
590,63.81881354166668,4,4,FIELD INSPECTION
590,41.025184374999995,5,5,REINFORCE / ALARM
590,95.34546875,4,4,FIELD INSPECTION
590,53.66740000000001,5,5,REINFORCE / ALARM
590,11.376522916666657,3,3,ENHANCED MONITORING
590,55.745266666666645,4,4,FIELD INSPECTION
590,64.98000416666666,4,4,FIELD INSPECTION
590,63.6691625,4,4,FIELD INSPECTION
590,37.42392083333333,4,4,FIELD INSPECTION
590,10.10626458333333,3,3,ENHANCED MONITORING
590,48.20995625,4,4,FIELD INSPECTION
590,113.020525,5,5,REINFORCE / ALARM
590,88.55283333333331,4,4,FIELD INSPECTION
590,14.645510416666658,3,3,ENHANCED MONITORING
590,70.31772708333334,4,4,FIELD INSPECTION
590,67.02236041666664,4,4,FIELD INSPECTION
590,81.38987499999998,4,4,FIELD INSPECTION
590,63.24303749999999,4,4,FIELD INSPECTION
590,82.76970833333333,4,4,FIELD INSPECTION
590,65.46091666666668,4,4,FIELD INSPECTION
590,11.681912500000001,3,3,ENHANCED MONITORING
590,71.23389583333334,4,4,FIELD INSPECTION
590,58.80930833333334,5,5,REINFORCE / ALARM
590,42.35682500000001,4,4,FIELD INSPECTION
590,111.37892916666665,5,5,REINFORCE / ALARM
590,6.732775000000004,3,3,ENHANCED MONITORING
590,47.780787499999995,4,4,FIELD INSPECTION
590,90.00165833333331,4,4,FIELD INSPECTION
590,15.141641666666667,3,3,ENHANCED MONITORING
590,27.821904166666673,3,3,ENHANCED MONITORING
590,264.79813333333334,5,5,REINFORCE / ALARM
590,124.55430833333337,5,5,REINFORCE / ALARM
590,114.35876041666667,5,4,FIELD INSPECTION
590,57.50556874999999,5,5,REINFORCE / ALARM
590,25.195147916666674,3,3,ENHANCED MONITORING
590,51.45154999999999,5,5,REINFORCE / ALARM
590,66.42477083333331,5,5,REINFORCE / ALARM
590,147.99727083333335,5,5,REINFORCE / ALARM
590,194.81420416666666,5,5,REINFORCE / ALARM
590,152.52231250000003,5,5,REINFORCE / ALARM
590,47.32422499999999,4,4,FIELD INSPECTION
590,79.02995416666666,4,4,FIELD INSPECTION
592,4.577800000000001,2,3,ENHANCED MONITORING
592,15.85083541666667,3,3,ENHANCED MONITORING
592,61.99915833333335,5,5,REINFORCE / ALARM
592,8.800495833333335,3,3,ENHANCED MONITORING
592,16.89940729166667,3,3,ENHANCED MONITORING
592,31.124880208333348,4,4,FIELD INSPECTION
592,7.327828124999996,2,3,ENHANCED MONITORING
592,8.64678645833334,2,3,ENHANCED MONITORING
592,63.44443229166666,4,4,FIELD INSPECTION
592,1.3296114583333416,1,3,ENHANCED MONITORING
592,27.774218750000006,3,3,ENHANCED MONITORING
592,79.64580625,4,4,FIELD INSPECTION
592,29.37421666666667,3,4,FIELD INSPECTION
592,11.515520833333332,3,3,ENHANCED MONITORING
592,55.37595833333333,4,4,FIELD INSPECTION
592,4.669112499999997,2,3,ENHANCED MONITORING
592,8.658454166666658,2,3,ENHANCED MONITORING
592,71.52609583333331,4,4,FIELD INSPECTION
592,43.35923333333333,4,4,FIELD INSPECTION
592,4.639689583333333,2,3,ENHANCED MONITORING
592,12.691422916666662,3,3,ENHANCED MONITORING
592,51.55300833333333,4,4,FIELD INSPECTION
592,28.35760416666666,3,3,ENHANCED MONITORING
592,9.798845833333331,2,3,ENHANCED MONITORING
592,79.61131041666667,4,4,FIELD INSPECTION
592,34.2665375,4,4,FIELD INSPECTION
592,41.532983333333334,4,4,FIELD INSPECTION
592,64.60257916666666,4,4,FIELD INSPECTION
592,71.92178333333334,4,4,FIELD INSPECTION
592,67.84214375,4,4,FIELD INSPECTION
592,43.69708958333334,4,4,FIELD INSPECTION
592,72.46255624999999,5,5,REINFORCE / ALARM
592,90.27762499999999,5,5,REINFORCE / ALARM
592,82.79608749999998,4,5,REINFORCE / ALARM
592,33.13832083333333,4,4,FIELD INSPECTION
592,6.860612499999998,2,3,ENHANCED MONITORING
592,23.18728750000001,3,3,ENHANCED MONITORING
592,2.5785635416666772,2,3,ENHANCED MONITORING
592,68.07296145833332,4,4,FIELD INSPECTION
592,114.53276145833333,5,5,REINFORCE / ALARM
592,201.36638333333335,5,5,REINFORCE / ALARM
592,110.11272916666665,5,5,REINFORCE / ALARM
592,70.13611666666665,4,4,FIELD INSPECTION
592,23.18424375000001,4,3,ENHANCED MONITORING
592,40.39665,4,4,FIELD INSPECTION
592,10.675445833333336,3,3,ENHANCED MONITORING
592,37.44827083333334,4,4,FIELD INSPECTION
592,23.739220833333334,3,3,ENHANCED MONITORING
592,20.648799999999994,3,3,ENHANCED MONITORING
592,8.834991666666657,2,3,ENHANCED MONITORING
592,1.6355083333333411,1,3,ENHANCED MONITORING
592,6.847422916666656,2,3,ENHANCED MONITORING
592,18.679493749999992,3,3,ENHANCED MONITORING
592,81.49437708333333,5,5,REINFORCE / ALARM
592,206.5711958333333,5,5,REINFORCE / ALARM
592,197.66924166666664,5,5,REINFORCE / ALARM
592,160.55578333333335,5,5,REINFORCE / ALARM
592,55.75541250000001,5,5,REINFORCE / ALARM
592,46.098608333333345,4,4,FIELD INSPECTION
592,143.141475,5,5,REINFORCE / ALARM
592,45.87134166666666,5,5,REINFORCE / ALARM
592,32.708137500000014,5,5,REINFORCE / ALARM
592,15.882287499999991,3,3,ENHANCED MONITORING
592,112.01202916666666,5,5,REINFORCE / ALARM
592,69.89261666666665,4,4,FIELD INSPECTION
592,1.6172458333333377,1,3,ENHANCED MONITORING
592,93.72720833333334,4,4,FIELD INSPECTION
592,31.30598333333332,5,5,REINFORCE / ALARM
592,14.622174999999999,3,3,ENHANCED MONITORING
592,6.176783333333328,2,3,ENHANCED MONITORING
592,23.225841666666668,4,5,REINFORCE / ALARM
592,47.43988749999999,4,4,FIELD INSPECTION
592,14.522745833333337,4,3,ENHANCED MONITORING
592,49.16264999999999,4,4,FIELD INSPECTION
592,97.582625,4,5,REINFORCE / ALARM
592,58.75452083333334,5,5,REINFORCE / ALARM
592,64.83593333333333,4,4,FIELD INSPECTION
592,56.830870833333314,5,5,REINFORCE / ALARM
592,24.565091666666675,3,3,ENHANCED MONITORING
592,40.19982083333333,4,4,FIELD INSPECTION
595,0.2810395833333346,1,3,ENHANCED MONITORING
595,5.313372916666667,2,3,ENHANCED MONITORING
595,10.757627083333334,3,3,ENHANCED MONITORING
595,9.871895833333333,2,3,ENHANCED MONITORING
595,19.56877604166667,3,3,ENHANCED MONITORING
595,28.952657291666657,3,3,ENHANCED MONITORING
595,22.22901354166667,4,3,ENHANCED MONITORING
595,54.392827083333344,4,4,FIELD INSPECTION
595,116.33313958333332,5,5,REINFORCE / ALARM
595,68.36668333333333,4,4,FIELD INSPECTION
595,154.83454791666665,5,5,REINFORCE / ALARM
595,94.01332083333334,4,4,FIELD INSPECTION
595,87.58289166666664,4,4,FIELD INSPECTION
595,5.272789583333318,2,3,ENHANCED MONITORING
595,28.00757291666667,3,3,ENHANCED MONITORING
595,25.395020833333334,3,3,ENHANCED MONITORING
595,7.406458333333336,2,3,ENHANCED MONITORING
595,36.00857708333334,4,4,FIELD INSPECTION
595,5.361058333333311,2,3,ENHANCED MONITORING
595,14.499410416666686,3,3,ENHANCED MONITORING
595,16.81468958333333,3,3,ENHANCED MONITORING
595,8.489018749999987,2,3,ENHANCED MONITORING
595,0.6554208333333378,1,3,ENHANCED MONITORING
595,5.274818749999998,2,3,ENHANCED MONITORING
595,9.104870833333345,2,3,ENHANCED MONITORING
595,4.657952083333328,2,3,ENHANCED MONITORING
595,106.49573958333336,5,5,REINFORCE / ALARM
595,102.94672708333333,5,5,REINFORCE / ALARM
595,96.94140833333334,4,5,REINFORCE / ALARM
595,75.17047916666665,5,5,REINFORCE / ALARM
595,18.930095833333336,4,3,ENHANCED MONITORING
595,14.153437499999994,3,3,ENHANCED MONITORING
595,67.11468749999997,4,4,FIELD INSPECTION
595,4.842606249999995,2,3,ENHANCED MONITORING
595,1.8110312499999968,1,3,ENHANCED MONITORING
595,10.16713958333332,3,3,ENHANCED MONITORING
595,8.92630416666666,2,3,ENHANCED MONITORING
595,53.84292291666667,4,4,FIELD INSPECTION
595,56.71825208333335,5,5,REINFORCE / ALARM
595,44.60615625000002,4,4,FIELD INSPECTION
595,74.93306666666666,4,4,FIELD INSPECTION
595,53.58116041666665,4,4,FIELD INSPECTION
595,70.85545624999999,4,4,FIELD INSPECTION
595,2.741404166666655,3,3,ENHANCED MONITORING
595,26.829641666666713,3,5,REINFORCE / ALARM
595,59.79041041666664,4,5,REINFORCE / ALARM
595,3.4079854166666173,2,3,ENHANCED MONITORING
595,119.05222291666668,5,5,REINFORCE / ALARM
595,81.23464375000005,4,4,FIELD INSPECTION
595,52.543241666666724,5,5,REINFORCE / ALARM
595,86.18276666666664,5,5,REINFORCE / ALARM
595,119.30181041666667,5,5,REINFORCE / ALARM
595,51.62707291666667,5,5,REINFORCE / ALARM
595,71.64277291666667,5,5,REINFORCE / ALARM
595,87.51592916666665,4,4,FIELD INSPECTION
595,244.0539625,5,5,REINFORCE / ALARM
595,88.03945416666664,4,4,FIELD INSPECTION
595,71.64987499999998,4,4,FIELD INSPECTION
595,14.46592916666669,3,3,ENHANCED MONITORING
595,89.42943333333334,4,5,REINFORCE / ALARM
595,127.80097499999995,5,5,REINFORCE / ALARM
595,115.37638749999995,5,5,REINFORCE / ALARM
595,88.88561666666664,4,4,FIELD INSPECTION
595,14.973220833333409,3,3,ENHANCED MONITORING
595,6.243745833333269,2,3,ENHANCED MONITORING
595,32.1764958333334,5,5,REINFORCE / ALARM
595,163.6035916666667,5,5,REINFORCE / ALARM
595,148.94083333333327,5,5,REINFORCE / ALARM
595,90.08688333333338,5,5,REINFORCE / ALARM
595,210.80403750000002,5,5,REINFORCE / ALARM
595,193.85034999999993,5,5,REINFORCE / ALARM
595,6.488260416666719,2,3,ENHANCED MONITORING
595,112.98704375000005,5,5,REINFORCE / ALARM
595,55.423643749999975,4,4,FIELD INSPECTION
595,155.21298750000003,5,5,REINFORCE / ALARM
595,106.6692333333333,5,5,REINFORCE / ALARM
595,137.55517916666665,5,5,REINFORCE / ALARM
595,18.106254166666645,4,5,REINFORCE / ALARM
595,38.657654166666646,5,5,REINFORCE / ALARM
595,55.31102500000002,4,4,FIELD INSPECTION
596,37.72525208333333,4,4,FIELD INSPECTION
596,0.7578937499999997,1,3,ENHANCED MONITORING
596,1.763345833333333,1,3,ENHANCED MONITORING
596,25.231672916666664,3,3,ENHANCED MONITORING
596,23.59667187500001,3,3,ENHANCED MONITORING
596,17.195665624999993,3,3,ENHANCED MONITORING
596,15.468844791666664,3,3,ENHANCED MONITORING
596,74.22235104166667,4,4,FIELD INSPECTION
596,107.39516770833332,5,5,REINFORCE / ALARM
596,83.07661979166666,4,4,FIELD INSPECTION
596,192.4624,5,5,REINFORCE / ALARM
596,130.58803541666666,5,5,REINFORCE / ALARM
596,230.98714374999997,5,5,REINFORCE / ALARM
596,67.94968958333331,5,5,REINFORCE / ALARM
596,30.013404166666643,4,4,FIELD INSPECTION
596,20.481393749999985,4,3,ENHANCED MONITORING
596,2.876343749999999,2,3,ENHANCED MONITORING
596,14.623189583333348,3,3,ENHANCED MONITORING
596,55.54437916666666,4,4,FIELD INSPECTION
596,4.545333333333336,2,3,ENHANCED MONITORING
596,17.097758333333335,3,3,ENHANCED MONITORING
596,43.39271458333332,4,4,FIELD INSPECTION
596,29.578147916666666,3,3,ENHANCED MONITORING
596,32.961783333333365,4,4,FIELD INSPECTION
596,7.0675874999999975,2,3,ENHANCED MONITORING
596,46.203110416666654,4,4,FIELD INSPECTION
596,82.57998125000002,4,4,FIELD INSPECTION
596,32.77408541666667,4,4,FIELD INSPECTION
596,39.89443124999998,4,4,FIELD INSPECTION
596,68.88006250000002,4,4,FIELD INSPECTION
596,97.37666458333332,4,5,REINFORCE / ALARM
596,17.941891666666653,3,3,ENHANCED MONITORING
596,2.414708333333337,2,3,ENHANCED MONITORING
596,56.49200000000002,4,4,FIELD INSPECTION
596,85.93013541666666,4,4,FIELD INSPECTION
596,15.208604166666694,4,3,ENHANCED MONITORING
596,16.833966666666658,3,3,ENHANCED MONITORING
596,37.95201145833333,4,4,FIELD INSPECTION
596,16.352546875000026,3,3,ENHANCED MONITORING
596,24.915630208333337,3,3,ENHANCED MONITORING
596,15.056416666666683,3,3,ENHANCED MONITORING
596,33.62430625,4,4,FIELD INSPECTION
596,37.47820104166666,4,4,FIELD INSPECTION
596,17.205811458333315,3,3,ENHANCED MONITORING
596,3.5992343750000106,2,3,ENHANCED MONITORING
596,0.4342416666666651,1,3,ENHANCED MONITORING
596,40.031400000000026,4,4,FIELD INSPECTION
596,56.71520833333333,4,4,FIELD INSPECTION
596,42.06969791666666,4,4,FIELD INSPECTION
596,97.55117291666663,5,5,REINFORCE / ALARM
596,69.44417083333333,4,4,FIELD INSPECTION
596,83.62500208333334,4,4,FIELD INSPECTION
596,59.29123541666672,4,4,FIELD INSPECTION
596,117.6094854166667,5,5,REINFORCE / ALARM
596,122.91271250000005,5,5,REINFORCE / ALARM
596,248.55465416666672,5,5,REINFORCE / ALARM
596,88.5568916666666,4,4,FIELD INSPECTION
596,88.38035416666666,4,4,FIELD INSPECTION
596,155.90290416666667,5,5,REINFORCE / ALARM
596,67.27093333333335,5,5,REINFORCE / ALARM
596,61.48375000000002,4,4,FIELD INSPECTION
596,132.05613749999998,5,5,REINFORCE / ALARM
596,28.37180833333332,4,5,REINFORCE / ALARM
596,66.42680000000003,4,4,FIELD INSPECTION
596,85.15195000000001,5,5,REINFORCE / ALARM
596,19.210120833333324,3,3,ENHANCED MONITORING
596,118.28012499999996,5,5,REINFORCE / ALARM
596,180.9042666666667,5,5,REINFORCE / ALARM
596,81.38784583333333,5,5,REINFORCE / ALARM
596,92.34331666666667,4,4,FIELD INSPECTION
596,55.63975000000002,4,4,FIELD INSPECTION
596,16.637137500000012,3,3,ENHANCED MONITORING
596,74.92089166666666,5,5,REINFORCE / ALARM
596,86.47090833333338,4,4,FIELD INSPECTION
596,107.49713333333341,5,5,REINFORCE / ALARM
596,47.88630416666666,4,4,FIELD INSPECTION
596,6.962070833333333,3,3,ENHANCED MONITORING
596,16.72845000000002,3,3,ENHANCED MONITORING
596,36.8273458333333,4,4,FIELD INSPECTION
596,13.832829166666725,3,3,ENHANCED MONITORING
608,47.77368541666667,4,4,FIELD INSPECTION
608,45.50609166666667,4,4,FIELD INSPECTION
608,15.828514583333336,3,3,ENHANCED MONITORING
608,3.747870833333337,2,3,ENHANCED MONITORING
608,20.898894791666667,3,3,ENHANCED MONITORING
608,12.347986458333333,3,3,ENHANCED MONITORING
608,3.2644218750000014,2,3,ENHANCED MONITORING
608,4.028910416666665,2,3,ENHANCED MONITORING
608,15.797062500000001,3,3,ENHANCED MONITORING
608,22.208214583333334,3,3,ENHANCED MONITORING
608,0.35003124999999596,1,3,ENHANCED MONITORING
608,34.519168750000006,4,4,FIELD INSPECTION
608,16.93035208333334,3,3,ENHANCED MONITORING
608,43.77724166666667,4,4,FIELD INSPECTION
608,74.24213541666667,4,4,FIELD INSPECTION
608,53.49086249999999,4,4,FIELD INSPECTION
608,66.75146666666667,4,4,FIELD INSPECTION
608,53.69682291666667,4,4,FIELD INSPECTION
608,68.21855416666666,4,4,FIELD INSPECTION
608,15.767639583333334,3,3,ENHANCED MONITORING
608,32.42506875000001,4,4,FIELD INSPECTION
608,47.355677083333326,4,4,FIELD INSPECTION
608,11.48203958333333,3,3,ENHANCED MONITORING
608,5.2484395833333295,2,3,ENHANCED MONITORING
608,22.27111875,3,3,ENHANCED MONITORING
608,24.47580833333333,3,3,ENHANCED MONITORING
608,18.91183333333333,3,3,ENHANCED MONITORING
608,3.5206041666666614,2,3,ENHANCED MONITORING
608,6.649579166666669,2,3,ENHANCED MONITORING
608,10.20975208333333,3,3,ENHANCED MONITORING
608,12.88114999999999,3,3,ENHANCED MONITORING
608,4.655922916666666,2,3,ENHANCED MONITORING
608,13.062760416666672,3,3,ENHANCED MONITORING
608,32.41796666666667,4,4,FIELD INSPECTION
608,15.327310416666664,3,3,ENHANCED MONITORING
608,1.4538979166666637,1,3,ENHANCED MONITORING
608,22.49229791666666,3,3,ENHANCED MONITORING
608,11.282673958333334,3,3,ENHANCED MONITORING
608,36.94858854166666,4,4,FIELD INSPECTION
608,18.61100937500001,3,3,ENHANCED MONITORING
608,29.41581458333334,3,4,FIELD INSPECTION
608,69.40257291666666,4,4,FIELD INSPECTION
608,22.10168333333333,3,3,ENHANCED MONITORING
608,1.8830666666666644,1,3,ENHANCED MONITORING
608,10.816472916666669,3,3,ENHANCED MONITORING
608,3.4100145833333344,2,3,ENHANCED MONITORING
608,28.417464583333338,3,3,ENHANCED MONITORING
608,18.3599,3,3,ENHANCED MONITORING
608,24.951647916666673,3,3,ENHANCED MONITORING
608,24.072004166666662,4,3,ENHANCED MONITORING
608,66.25635,4,4,FIELD INSPECTION
608,67.19281041666666,4,4,FIELD INSPECTION
608,25.379802083333335,3,3,ENHANCED MONITORING
608,14.639422916666666,3,3,ENHANCED MONITORING
608,41.871854166666665,4,4,FIELD INSPECTION
608,69.88855833333334,4,4,FIELD INSPECTION
608,82.48765416666667,4,4,FIELD INSPECTION
608,58.84583333333334,4,4,FIELD INSPECTION
608,41.463991666666665,4,4,FIELD INSPECTION
608,12.274429166666659,3,3,ENHANCED MONITORING
608,9.299670833333346,2,3,ENHANCED MONITORING
608,19.492175000000014,3,3,ENHANCED MONITORING
608,33.64358333333332,4,4,FIELD INSPECTION
608,5.0445083333333285,2,3,ENHANCED MONITORING
608,58.41362083333334,4,4,FIELD INSPECTION
608,50.65814583333334,4,4,FIELD INSPECTION
608,136.34782500000003,5,5,REINFORCE / ALARM
608,10.835749999999981,4,3,ENHANCED MONITORING
608,55.67627500000001,4,4,FIELD INSPECTION
608,4.8963791666666765,2,3,ENHANCED MONITORING
608,78.12291666666668,4,4,FIELD INSPECTION
608,58.36187708333333,4,4,FIELD INSPECTION
608,25.274285416666675,3,3,ENHANCED MONITORING
608,47.33944375000001,4,4,FIELD INSPECTION
608,6.96917291666666,3,3,ENHANCED MONITORING
608,59.36428541666667,4,4,FIELD INSPECTION
608,35.714347916666675,4,5,REINFORCE / ALARM
608,5.042479166666662,2,3,ENHANCED MONITORING
608,11.550016666666641,3,3,ENHANCED MONITORING
608,30.325895833333306,4,4,FIELD INSPECTION
611,35.211114583333334,4,4,FIELD INSPECTION
611,7.4247208333333345,2,3,ENHANCED MONITORING
611,84.20737291666667,4,4,FIELD INSPECTION
611,23.07568333333334,4,5,REINFORCE / ALARM
611,22.278728125000004,3,3,ENHANCED MONITORING
611,28.302309375000004,3,3,ENHANCED MONITORING
611,1.5233968749999984,1,3,ENHANCED MONITORING
611,20.410372916666663,3,3,ENHANCED MONITORING
611,46.652570833333336,4,4,FIELD INSPECTION
611,37.47160625,4,4,FIELD INSPECTION
611,55.13550208333333,4,4,FIELD INSPECTION
611,25.068324999999998,3,3,ENHANCED MONITORING
611,8.771072916666661,2,3,ENHANCED MONITORING
611,5.154083333333337,2,3,ENHANCED MONITORING
611,4.609252083333328,2,3,ENHANCED MONITORING
611,33.61618958333333,4,4,FIELD INSPECTION
611,13.763837499999994,3,3,ENHANCED MONITORING
611,3.477991666666672,2,3,ENHANCED MONITORING
611,5.530493750000005,2,3,ENHANCED MONITORING
611,25.973333333333333,3,3,ENHANCED MONITORING
611,18.785517708333334,3,3,ENHANCED MONITORING
611,4.925294791666673,2,3,ENHANCED MONITORING
611,29.99057604166667,3,3,ENHANCED MONITORING
611,21.570041666666658,3,3,ENHANCED MONITORING
611,9.086608333333334,2,3,ENHANCED MONITORING
611,65.41323125,4,4,FIELD INSPECTION
611,6.4040500000000025,3,3,ENHANCED MONITORING
611,33.70445833333333,4,4,FIELD INSPECTION
611,80.04352291666665,4,4,FIELD INSPECTION
611,30.732743749999997,4,4,FIELD INSPECTION
611,0.25668958333333336,1,3,ENHANCED MONITORING
611,62.55413541666669,5,5,REINFORCE / ALARM
611,95.29879791666669,4,4,FIELD INSPECTION
611,73.19001250000001,4,4,FIELD INSPECTION
611,4.10601875,2,3,ENHANCED MONITORING
611,20.69750000000001,3,3,ENHANCED MONITORING
611,0.7467333333333244,1,3,ENHANCED MONITORING
611,3.6174968749999956,2,3,ENHANCED MONITORING
611,47.99537187500001,4,4,FIELD INSPECTION
611,47.030503124999996,4,4,FIELD INSPECTION
611,12.051220833333327,3,3,ENHANCED MONITORING
611,40.26576875,4,4,FIELD INSPECTION
611,46.016934375000005,4,4,FIELD INSPECTION
611,25.366105208333337,3,3,ENHANCED MONITORING
611,10.476080208333329,3,3,ENHANCED MONITORING
611,25.891152083333328,3,3,ENHANCED MONITORING
611,26.37815208333335,3,3,ENHANCED MONITORING
611,12.241962500000001,3,3,ENHANCED MONITORING
611,55.591049999999996,4,4,FIELD INSPECTION
611,39.835585416666646,4,4,FIELD INSPECTION
611,73.82514166666665,4,4,FIELD INSPECTION
611,20.619377083333344,3,3,ENHANCED MONITORING
611,57.676018750000004,4,4,FIELD INSPECTION
611,8.700052083333341,3,3,ENHANCED MONITORING
611,46.79867083333334,5,5,REINFORCE / ALARM
611,57.49237916666666,4,4,FIELD INSPECTION
611,113.57651666666669,5,5,REINFORCE / ALARM
611,32.67161249999999,5,5,REINFORCE / ALARM
611,80.83591250000002,4,4,FIELD INSPECTION
611,1.026758333333324,1,3,ENHANCED MONITORING
611,100.63449166666665,5,5,REINFORCE / ALARM
611,116.75419166666667,5,5,REINFORCE / ALARM
611,130.50788333333333,5,5,REINFORCE / ALARM
611,104.498025,5,5,REINFORCE / ALARM
611,104.4919375,5,5,REINFORCE / ALARM
611,40.2688125,4,4,FIELD INSPECTION
611,13.853120833333344,3,3,ENHANCED MONITORING
611,65.58063749999998,5,5,REINFORCE / ALARM
611,47.013762499999984,4,4,FIELD INSPECTION
611,147.90189999999998,5,5,REINFORCE / ALARM
611,10.415712499999998,3,3,ENHANCED MONITORING
611,18.461358333333326,3,3,ENHANCED MONITORING
611,22.229520833333336,3,3,ENHANCED MONITORING
611,116.3260375,5,5,REINFORCE / ALARM
611,143.35555208333332,5,5,REINFORCE / ALARM
611,29.44422291666667,4,5,REINFORCE / ALARM
611,51.665627083333355,4,4,FIELD INSPECTION
611,2.5831291666666565,2,3,ENHANCED MONITORING
611,74.60028333333337,4,4,FIELD INSPECTION
611,41.75619166666667,4,4,FIELD INSPECTION
627,77.45024791666667,4,4,FIELD INSPECTION
627,28.067433333333337,3,3,ENHANCED MONITORING
627,10.388318750000002,3,3,ENHANCED MONITORING
627,20.71677708333333,3,3,ENHANCED MONITORING
627,30.517144791666666,4,4,FIELD INSPECTION
627,21.74099895833334,3,3,ENHANCED MONITORING
627,6.637911458333331,2,3,ENHANCED MONITORING
627,1.3701947916666672,1,3,ENHANCED MONITORING
627,1.6908031250000022,1,3,ENHANCED MONITORING
627,22.534403125,3,3,ENHANCED MONITORING
627,40.99322499999999,4,4,FIELD INSPECTION
627,7.4216770833333285,2,3,ENHANCED MONITORING
627,7.71793541666666,2,3,ENHANCED MONITORING
627,7.695614583333328,2,3,ENHANCED MONITORING
627,1.8891541666666711,1,3,ENHANCED MONITORING
627,30.626212499999994,4,4,FIELD INSPECTION
627,33.92766666666666,4,4,FIELD INSPECTION
627,7.818379166666669,2,3,ENHANCED MONITORING
627,51.11876666666666,4,4,FIELD INSPECTION
627,19.334914583333344,3,3,ENHANCED MONITORING
627,6.070759375000006,2,3,ENHANCED MONITORING
627,28.57218854166665,3,3,ENHANCED MONITORING
627,36.471734375000004,4,4,FIELD INSPECTION
627,7.881283333333333,2,3,ENHANCED MONITORING
627,14.167641666666668,3,3,ENHANCED MONITORING
627,16.843097916666665,3,3,ENHANCED MONITORING
627,13.484827083333336,3,3,ENHANCED MONITORING
627,3.2882645833333277,2,3,ENHANCED MONITORING
627,9.141395833333329,2,3,ENHANCED MONITORING
627,31.766604166666667,4,4,FIELD INSPECTION
627,20.24499583333333,3,3,ENHANCED MONITORING
627,75.56515208333333,4,4,FIELD INSPECTION
627,1.259097916666671,1,3,ENHANCED MONITORING
627,23.484560416666657,3,3,ENHANCED MONITORING
627,17.852608333333336,3,3,ENHANCED MONITORING
627,30.215306249999998,4,4,FIELD INSPECTION
627,23.31411041666666,3,3,ENHANCED MONITORING
627,29.043462499999993,3,3,ENHANCED MONITORING
627,28.88924583333333,3,3,ENHANCED MONITORING
627,36.4276,4,4,FIELD INSPECTION
627,9.776524999999998,2,3,ENHANCED MONITORING
627,23.232943750000004,3,3,ENHANCED MONITORING
627,41.8515625,4,4,FIELD INSPECTION
627,5.1550979166666595,2,3,ENHANCED MONITORING
627,75.64428958333336,4,4,FIELD INSPECTION
627,45.968741666666666,4,4,FIELD INSPECTION
627,43.51852291666668,4,4,FIELD INSPECTION
627,31.979666666666674,4,4,FIELD INSPECTION
627,85.54966666666665,4,4,FIELD INSPECTION
627,53.91800208333331,5,5,REINFORCE / ALARM
627,51.27907083333334,4,4,FIELD INSPECTION
627,16.150137500000017,3,3,ENHANCED MONITORING
627,63.32826250000002,4,4,FIELD INSPECTION
627,22.787541666666666,3,3,ENHANCED MONITORING
627,6.761183333333346,2,3,ENHANCED MONITORING
627,25.831291666666658,3,3,ENHANCED MONITORING
627,10.328458333333339,3,3,ENHANCED MONITORING
627,60.54018749999998,4,4,FIELD INSPECTION
627,96.56804166666666,4,5,REINFORCE / ALARM
627,73.41322083333336,4,4,FIELD INSPECTION
627,23.76154166666669,3,3,ENHANCED MONITORING
627,24.459575000000026,3,3,ENHANCED MONITORING
627,6.249833333333338,2,3,ENHANCED MONITORING
627,5.421933333333318,2,3,ENHANCED MONITORING
627,38.032670833333334,4,4,FIELD INSPECTION
627,45.579141666666665,4,4,FIELD INSPECTION
627,72.66242916666666,4,4,FIELD INSPECTION
627,85.23514583333336,4,4,FIELD INSPECTION
627,30.91841249999999,4,4,FIELD INSPECTION
627,4.965370833333331,2,3,ENHANCED MONITORING
627,42.76773125000002,4,4,FIELD INSPECTION
627,60.46916666666666,4,4,FIELD INSPECTION
627,81.0185375,4,4,FIELD INSPECTION
627,43.045727083333325,4,4,FIELD INSPECTION
627,52.09885416666665,4,4,FIELD INSPECTION
627,14.38070416666667,3,3,ENHANCED MONITORING
627,45.71915416666667,4,4,FIELD INSPECTION
627,19.548991666666677,4,3,ENHANCED MONITORING
627,40.49404999999999,4,4,FIELD INSPECTION
627,92.04299999999999,4,4,FIELD INSPECTION
628,24.639156249999996,3,3,ENHANCED MONITORING
628,12.603154166666664,4,3,ENHANCED MONITORING
628,25.965216666666667,3,3,ENHANCED MONITORING
628,31.315114583333337,4,4,FIELD INSPECTION
628,29.418351041666664,3,3,ENHANCED MONITORING
628,11.34354895833333,3,3,ENHANCED MONITORING
628,4.653386458333332,2,3,ENHANCED MONITORING
628,4.351040624999999,2,3,ENHANCED MONITORING
628,5.914513541666668,2,3,ENHANCED MONITORING
628,6.6196489583333324,2,3,ENHANCED MONITORING
628,14.249822916666671,3,3,ENHANCED MONITORING
628,6.9488812499999995,2,3,ENHANCED MONITORING
628,17.940877083333334,3,3,ENHANCED MONITORING
628,14.801756249999995,3,3,ENHANCED MONITORING
628,0.1410270833333224,1,3,ENHANCED MONITORING
628,10.433975000000002,3,3,ENHANCED MONITORING
628,20.999845833333335,3,3,ENHANCED MONITORING
628,54.483125,4,4,FIELD INSPECTION
628,31.86704791666669,4,4,FIELD INSPECTION
628,81.38987500000002,4,4,FIELD INSPECTION
628,11.21418958333335,3,3,ENHANCED MONITORING
628,31.975608333333316,4,4,FIELD INSPECTION
628,51.083256250000005,4,4,FIELD INSPECTION
628,18.944300000000002,3,3,ENHANCED MONITORING
628,41.369635416666654,4,4,FIELD INSPECTION
628,16.511329166666666,3,3,ENHANCED MONITORING
628,20.7157625,3,3,ENHANCED MONITORING
628,4.9288458333333445,2,3,ENHANCED MONITORING
628,23.939093749999998,3,3,ENHANCED MONITORING
628,26.370035416666667,3,3,ENHANCED MONITORING
628,8.146089583333321,2,3,ENHANCED MONITORING
628,10.388318750000002,3,3,ENHANCED MONITORING
628,0.029422916666672034,1,3,ENHANCED MONITORING
628,36.533116666666665,4,4,FIELD INSPECTION
628,12.656927083333338,3,3,ENHANCED MONITORING
628,9.742029166666661,2,3,ENHANCED MONITORING
628,68.64772291666667,4,4,FIELD INSPECTION
628,59.95122187500001,4,4,FIELD INSPECTION
628,17.148994791666667,3,3,ENHANCED MONITORING
628,12.983115625000002,3,3,ENHANCED MONITORING
628,7.512989583333341,2,3,ENHANCED MONITORING
628,0.783258333333329,1,3,ENHANCED MONITORING
628,12.567136458333339,3,3,ENHANCED MONITORING
628,45.39398020833334,4,4,FIELD INSPECTION
628,68.291096875,4,4,FIELD INSPECTION
628,50.853960416666666,4,4,FIELD INSPECTION
628,27.33591875,3,3,ENHANCED MONITORING
628,63.95831875,4,4,FIELD INSPECTION
628,13.792245833333334,3,3,ENHANCED MONITORING
628,30.125008333333323,4,4,FIELD INSPECTION
628,76.36971666666668,4,4,FIELD INSPECTION
628,43.93145833333333,4,4,FIELD INSPECTION
628,43.83405833333333,4,4,FIELD INSPECTION
628,48.618833333333335,4,4,FIELD INSPECTION
628,94.100575,4,4,FIELD INSPECTION
628,63.69757083333332,4,4,FIELD INSPECTION
628,49.83227499999999,4,4,FIELD INSPECTION
628,38.574458333333354,4,4,FIELD INSPECTION
628,79.88829166666667,4,4,FIELD INSPECTION
628,118.89902083333334,5,5,REINFORCE / ALARM
628,98.8549125,4,5,REINFORCE / ALARM
628,0.25567500000001075,1,3,ENHANCED MONITORING
628,17.511708333333335,3,3,ENHANCED MONITORING
628,37.61060416666667,4,4,FIELD INSPECTION
628,8.445391666666675,2,3,ENHANCED MONITORING
628,47.27349583333332,4,4,FIELD INSPECTION
628,33.76533333333333,4,4,FIELD INSPECTION
628,58.45014583333333,4,4,FIELD INSPECTION
628,69.82565416666665,4,4,FIELD INSPECTION
628,22.53186666666667,3,3,ENHANCED MONITORING
628,1.7197187499999984,1,3,ENHANCED MONITORING
628,33.382835416666666,4,4,FIELD INSPECTION
628,24.939472916666663,3,3,ENHANCED MONITORING
628,3.1918791666666686,2,3,ENHANCED MONITORING
628,7.175133333333335,2,3,ENHANCED MONITORING
628,13.102329166666665,3,3,ENHANCED MONITORING
628,78.95081666666668,5,5,REINFORCE / ALARM
628,94.26899583333334,4,5,REINFORCE / ALARM
628,161.74893333333333,5,5,REINFORCE / ALARM
628,9.997704166666674,3,3,ENHANCED MONITORING
654,18.4512125,3,3,ENHANCED MONITORING
654,10.83270625,3,3,ENHANCED MONITORING
654,45.234183333333334,4,4,FIELD INSPECTION
654,30.09964375000001,4,3,ENHANCED MONITORING
654,18.531871875000004,3,3,ENHANCED MONITORING
654,7.267967708333333,2,3,ENHANCED MONITORING
654,66.24062395833333,5,5,REINFORCE / ALARM
654,77.20218229166666,4,4,FIELD INSPECTION
654,76.59241770833333,4,4,FIELD INSPECTION
654,56.22973020833334,4,4,FIELD INSPECTION
654,10.60848333333333,4,3,ENHANCED MONITORING
654,9.091681249999999,2,3,ENHANCED MONITORING
654,76.98455416666668,4,4,FIELD INSPECTION
654,26.57092291666667,3,3,ENHANCED MONITORING
654,33.95303124999999,4,4,FIELD INSPECTION
654,50.983827083333324,4,4,FIELD INSPECTION
654,3.61901875,2,3,ENHANCED MONITORING
654,16.39160833333332,3,3,ENHANCED MONITORING
654,61.73739583333332,4,4,FIELD INSPECTION
654,13.646145833333344,3,3,ENHANCED MONITORING
654,22.08747916666668,3,3,ENHANCED MONITORING
654,5.295110416666678,2,3,ENHANCED MONITORING
654,27.000091666666673,3,3,ENHANCED MONITORING
654,1.5066562499999918,1,3,ENHANCED MONITORING
654,14.714502083333329,3,3,ENHANCED MONITORING
654,29.17434374999999,3,3,ENHANCED MONITORING
654,1.6557999999999993,1,3,ENHANCED MONITORING
654,0.012174999999999159,1,3,ENHANCED MONITORING
654,66.49477708333332,4,4,FIELD INSPECTION
654,55.83150625,4,4,FIELD INSPECTION
654,24.764964583333324,3,3,ENHANCED MONITORING
654,36.06945208333334,4,4,FIELD INSPECTION
654,37.88048333333333,4,4,FIELD INSPECTION
654,27.103579166666666,3,3,ENHANCED MONITORING
654,43.70825,4,4,FIELD INSPECTION
654,14.665802083333332,3,3,ENHANCED MONITORING
654,13.220020833333338,3,3,ENHANCED MONITORING
654,30.72564166666667,4,3,ENHANCED MONITORING
654,89.27115833333333,5,5,REINFORCE / ALARM
654,158.33790416666668,5,5,REINFORCE / ALARM
654,134.46780208333334,5,5,REINFORCE / ALARM
654,39.272491666666674,4,4,FIELD INSPECTION
654,1.3346843750000066,1,3,ENHANCED MONITORING
654,14.934159374999998,3,3,ENHANCED MONITORING
654,22.38018645833331,3,3,ENHANCED MONITORING
654,6.000245833333328,2,3,ENHANCED MONITORING
654,51.585475,4,4,FIELD INSPECTION
654,37.448270833333325,4,4,FIELD INSPECTION
654,52.45903125000001,4,4,FIELD INSPECTION
654,94.95485416666672,4,4,FIELD INSPECTION
654,83.51644166666667,4,4,FIELD INSPECTION
654,62.295416666666675,4,4,FIELD INSPECTION
654,90.79912083333329,4,4,FIELD INSPECTION
654,47.297845833333334,4,4,FIELD INSPECTION
654,74.83160833333332,4,4,FIELD INSPECTION
654,114.98881666666664,5,5,REINFORCE / ALARM
654,72.93230833333332,5,5,REINFORCE / ALARM
654,31.364829166666663,4,4,FIELD INSPECTION
654,94.76817083333329,4,4,FIELD INSPECTION
654,17.564466666666675,3,3,ENHANCED MONITORING
654,106.66111666666666,5,5,REINFORCE / ALARM
654,19.932504166666707,3,3,ENHANCED MONITORING
654,70.64746666666667,4,4,FIELD INSPECTION
654,20.405300000000025,3,3,ENHANCED MONITORING
654,91.94965833333328,5,5,REINFORCE / ALARM
654,35.63216666666666,4,4,FIELD INSPECTION
654,66.3070791666667,4,4,FIELD INSPECTION
654,27.09952083333333,3,3,ENHANCED MONITORING
654,43.26386250000002,4,4,FIELD INSPECTION
654,56.520408333333314,4,4,FIELD INSPECTION
654,6.04082916666668,2,3,ENHANCED MONITORING
654,53.916987499999955,4,4,FIELD INSPECTION
654,15.768654166666645,3,3,ENHANCED MONITORING
654,54.39384166666671,4,4,FIELD INSPECTION
654,37.00895625000004,4,4,FIELD INSPECTION
654,9.107914583333377,2,3,ENHANCED MONITORING
654,39.04623958333338,4,4,FIELD INSPECTION
654,85.56995833333337,4,4,FIELD INSPECTION
654,34.68251666666665,4,4,FIELD INSPECTION
654,0.8441333333333153,1,3,ENHANCED MONITORING
656,0.423081249999998,1,3,ENHANCED MONITORING
656,20.406314583333334,3,3,ENHANCED MONITORING
656,2.2767250000000003,2,3,ENHANCED MONITORING
656,2.7038645833333335,2,3,ENHANCED MONITORING
656,0.8593520833333338,1,3,ENHANCED MONITORING
656,22.663762500000004,3,3,ENHANCED MONITORING
656,43.124864583333334,4,4,FIELD INSPECTION
656,31.499768750000005,4,4,FIELD INSPECTION
656,17.826229166666668,3,3,ENHANCED MONITORING
656,24.321591666666666,3,3,ENHANCED MONITORING
656,10.527316666666666,3,3,ENHANCED MONITORING
656,4.36778125,2,3,ENHANCED MONITORING
656,37.664377083333335,4,4,FIELD INSPECTION
656,27.675804166666666,4,5,REINFORCE / ALARM
656,41.10381458333333,4,4,FIELD INSPECTION
656,40.35505208333334,4,4,FIELD INSPECTION
656,39.55150208333333,4,4,FIELD INSPECTION
656,33.23064791666666,5,5,REINFORCE / ALARM
656,87.76957499999999,4,4,FIELD INSPECTION
656,96.84096458333333,4,4,FIELD INSPECTION
656,33.73438854166667,4,4,FIELD INSPECTION
656,0.6752052083333279,1,3,ENHANCED MONITORING
656,4.657444791666671,2,3,ENHANCED MONITORING
656,2.025108333333334,2,3,ENHANCED MONITORING
656,24.32970833333333,3,3,ENHANCED MONITORING
656,18.684566666666672,3,3,ENHANCED MONITORING
656,24.80960625,3,3,ENHANCED MONITORING
656,64.57518541666667,4,4,FIELD INSPECTION
656,63.11114166666667,5,5,REINFORCE / ALARM
656,19.461737499999995,3,3,ENHANCED MONITORING
656,48.73956875,4,4,FIELD INSPECTION
656,8.649322916666668,2,3,ENHANCED MONITORING
656,3.1543395833333356,2,3,ENHANCED MONITORING
656,14.047920833333334,3,3,ENHANCED MONITORING
656,25.48531875,3,3,ENHANCED MONITORING
656,21.676572916666668,3,3,ENHANCED MONITORING
656,3.411029166666664,2,3,ENHANCED MONITORING
656,15.718432291666671,3,3,ENHANCED MONITORING
656,14.24221354166666,3,3,ENHANCED MONITORING
656,12.747732291666674,3,3,ENHANCED MONITORING
656,10.689649999999993,3,3,ENHANCED MONITORING
656,2.21686458333334,2,3,ENHANCED MONITORING
656,22.426857291666664,3,3,ENHANCED MONITORING
656,33.33464270833335,5,5,REINFORCE / ALARM
656,11.656040625000003,3,3,ENHANCED MONITORING
656,32.82582916666667,4,4,FIELD INSPECTION
656,31.65195625,4,4,FIELD INSPECTION
656,46.07933125,4,4,FIELD INSPECTION
656,17.691289583333344,4,3,ENHANCED MONITORING
656,62.457750000000004,4,5,REINFORCE / ALARM
656,41.55733333333333,4,4,FIELD INSPECTION
656,103.0309375,5,5,REINFORCE / ALARM
656,0.26379166666665793,1,3,ENHANCED MONITORING
656,1.8648041666666633,1,3,ENHANCED MONITORING
656,35.5570875,4,4,FIELD INSPECTION
656,64.47474166666666,4,4,FIELD INSPECTION
656,7.402400000000019,3,3,ENHANCED MONITORING
656,68.08259999999997,5,5,REINFORCE / ALARM
656,93.14280833333332,5,5,REINFORCE / ALARM
656,100.15966666666668,5,5,REINFORCE / ALARM
656,25.610112499999975,3,3,ENHANCED MONITORING
656,94.55510833333331,4,4,FIELD INSPECTION
656,46.82505,4,4,FIELD INSPECTION
656,96.30627916666667,5,5,REINFORCE / ALARM
656,5.699929166666625,3,3,ENHANCED MONITORING
656,101.1012,5,5,REINFORCE / ALARM
656,67.54689999999998,4,4,FIELD INSPECTION
656,53.51318333333334,4,4,FIELD INSPECTION
656,23.08379999999998,3,3,ENHANCED MONITORING
656,55.90354166666668,4,4,FIELD INSPECTION
656,38.0529625,4,4,FIELD INSPECTION
656,26.640929166666663,3,3,ENHANCED MONITORING
656,12.475316666666663,3,3,ENHANCED MONITORING
656,46.94882916666668,4,4,FIELD INSPECTION
656,87.27648750000002,4,4,FIELD INSPECTION
656,61.24227916666669,4,4,FIELD INSPECTION
656,13.564979166666646,3,3,ENHANCED MONITORING
656,30.98334583333332,4,4,FIELD INSPECTION
656,19.898008333333348,3,3,ENHANCED MONITORING
656,66.43085833333332,4,4,FIELD INSPECTION
659,12.48850625,3,3,ENHANCED MONITORING
659,7.954333333333331,2,3,ENHANCED MONITORING
659,3.88686875,2,3,ENHANCED MONITORING
659,16.012154166666665,3,3,ENHANCED MONITORING
659,6.040321875000001,2,3,ENHANCED MONITORING
659,33.64611979166666,4,4,FIELD INSPECTION
659,2.651613541666672,2,3,ENHANCED MONITORING
659,14.989454166666667,3,3,ENHANCED MONITORING
659,3.2547833333333407,2,3,ENHANCED MONITORING
659,1.9287229166666673,1,3,ENHANCED MONITORING
659,31.746312500000002,4,4,FIELD INSPECTION
659,12.909558333333328,3,3,ENHANCED MONITORING
659,32.39970416666666,4,4,FIELD INSPECTION
659,0.6351291666666737,1,3,ENHANCED MONITORING
659,3.2639145833333334,2,3,ENHANCED MONITORING
659,12.039045833333335,3,3,ENHANCED MONITORING
659,25.695337500000004,3,3,ENHANCED MONITORING
659,9.482295833333334,2,3,ENHANCED MONITORING
659,33.003381250000004,4,4,FIELD INSPECTION
659,69.49490000000002,4,4,FIELD INSPECTION
659,47.43532187500001,4,4,FIELD INSPECTION
659,27.795017708333337,3,3,ENHANCED MONITORING
659,8.149640624999998,2,3,ENHANCED MONITORING
659,0.29321458333333256,1,3,ENHANCED MONITORING
659,17.797820833333333,3,3,ENHANCED MONITORING
659,13.799347916666667,3,3,ENHANCED MONITORING
659,14.974235416666666,3,3,ENHANCED MONITORING
659,25.142389583333337,3,3,ENHANCED MONITORING
659,74.19343541666666,4,4,FIELD INSPECTION
659,78.88791249999998,4,4,FIELD INSPECTION
659,52.202341666666655,4,4,FIELD INSPECTION
659,3.0062104166666708,2,3,ENHANCED MONITORING
659,15.352675000000003,3,3,ENHANCED MONITORING
659,30.752020833333333,4,4,FIELD INSPECTION
659,52.683254166666664,4,4,FIELD INSPECTION
659,79.40535000000001,4,4,FIELD INSPECTION
659,34.318281250000005,4,4,FIELD INSPECTION
659,9.480773958333325,2,3,ENHANCED MONITORING
659,58.27918854166666,4,4,FIELD INSPECTION
659,49.87539479166668,4,4,FIELD INSPECTION
659,41.95403541666667,4,4,FIELD INSPECTION
659,20.532122916666665,3,3,ENHANCED MONITORING
659,7.227384375000002,2,3,ENHANCED MONITORING
659,42.621123958333335,4,4,FIELD INSPECTION
659,60.932323958333335,4,4,FIELD INSPECTION
659,24.21506041666666,3,3,ENHANCED MONITORING
659,10.079885416666679,3,3,ENHANCED MONITORING
659,68.48336041666666,4,4,FIELD INSPECTION
659,111.91462916666667,5,5,REINFORCE / ALARM
659,83.90908541666666,5,5,REINFORCE / ALARM
659,98.22587083333333,4,4,FIELD INSPECTION
659,7.458202083333329,2,3,ENHANCED MONITORING
659,64.01310625,4,4,FIELD INSPECTION
659,21.398577083333336,3,3,ENHANCED MONITORING
659,22.079362500000006,3,3,ENHANCED MONITORING
659,52.1516125,4,4,FIELD INSPECTION
659,36.00553333333333,5,5,REINFORCE / ALARM
659,61.258512499999995,4,4,FIELD INSPECTION
659,12.62141666666667,3,3,ENHANCED MONITORING
659,26.821524999999998,3,3,ENHANCED MONITORING
659,22.61100416666667,3,3,ENHANCED MONITORING
659,19.305491666666658,3,3,ENHANCED MONITORING
659,24.542770833333332,3,3,ENHANCED MONITORING
659,24.47175000000001,3,3,ENHANCED MONITORING
659,17.10790416666666,3,3,ENHANCED MONITORING
659,4.171966666666663,3,3,ENHANCED MONITORING
659,184.91187083333332,5,5,REINFORCE / ALARM
659,75.5154375,5,5,REINFORCE / ALARM
659,54.92548333333335,4,4,FIELD INSPECTION
659,76.02069999999999,4,4,FIELD INSPECTION
659,40.46665625000001,4,4,FIELD INSPECTION
659,7.3202187499999996,2,3,ENHANCED MONITORING
659,23.05640625,3,3,ENHANCED MONITORING
659,18.266558333333332,3,3,ENHANCED MONITORING
659,19.63523125,3,3,ENHANCED MONITORING
659,77.44416041666666,4,4,FIELD INSPECTION
659,12.100935416666664,3,3,ENHANCED MONITORING
659,32.71422499999999,4,4,FIELD INSPECTION
659,51.95478333333333,4,4,FIELD INSPECTION
659,8.981091666666664,2,3,ENHANCED MONITORING
661,11.046783333333332,3,3,ENHANCED MONITORING
661,17.56548125,3,3,ENHANCED MONITORING
661,101.28788333333331,5,5,REINFORCE / ALARM
661,51.828974999999986,5,5,REINFORCE / ALARM
661,49.595369791666656,4,4,FIELD INSPECTION
661,67.06649479166667,4,4,FIELD INSPECTION
661,12.504232291666668,3,3,ENHANCED MONITORING
661,0.08167395833333539,1,3,ENHANCED MONITORING
661,2.1849052083333333,2,3,ENHANCED MONITORING
661,11.704740625,3,3,ENHANCED MONITORING
661,16.13288958333333,3,3,ENHANCED MONITORING
661,18.550641666666667,3,3,ENHANCED MONITORING
661,41.637485416666664,4,4,FIELD INSPECTION
661,33.76634791666667,5,5,REINFORCE / ALARM
661,54.90620625,4,4,FIELD INSPECTION
661,38.970145833333326,5,5,REINFORCE / ALARM
661,39.547443750000006,4,4,FIELD INSPECTION
661,22.917408333333338,3,3,ENHANCED MONITORING
661,30.9549375,4,4,FIELD INSPECTION
661,52.268289583333335,4,4,FIELD INSPECTION
661,49.56949791666667,4,4,FIELD INSPECTION
661,12.840566666666668,3,3,ENHANCED MONITORING
661,17.63447291666667,3,3,ENHANCED MONITORING
661,8.975004166666675,2,3,ENHANCED MONITORING
661,20.234850000000005,3,3,ENHANCED MONITORING
661,50.08084791666667,4,4,FIELD INSPECTION
661,109.05857708333333,5,5,REINFORCE / ALARM
661,94.85035208333333,4,4,FIELD INSPECTION
661,39.7087625,4,4,FIELD INSPECTION
661,22.419247916666663,3,3,ENHANCED MONITORING
661,8.997325,2,3,ENHANCED MONITORING
661,21.861227083333333,3,3,ENHANCED MONITORING
661,22.34822708333333,3,3,ENHANCED MONITORING
661,30.58157083333333,4,4,FIELD INSPECTION
661,70.33294583333333,4,4,FIELD INSPECTION
661,6.121995833333332,2,3,ENHANCED MONITORING
661,14.7074,3,3,ENHANCED MONITORING
661,49.89822291666667,4,4,FIELD INSPECTION
661,34.200589583333326,4,4,FIELD INSPECTION
661,30.246758333333332,4,4,FIELD INSPECTION
661,30.30763333333333,4,3,ENHANCED MONITORING
661,67.90504791666667,4,4,FIELD INSPECTION
661,38.87274583333333,4,4,FIELD INSPECTION
661,8.309437500000003,2,3,ENHANCED MONITORING
661,21.107391666666672,3,3,ENHANCED MONITORING
661,22.60998958333334,3,3,ENHANCED MONITORING
661,21.251462499999995,3,3,ENHANCED MONITORING
661,11.664664583333334,3,3,ENHANCED MONITORING
661,65.97936874999998,4,4,FIELD INSPECTION
661,8.497135416666671,2,3,ENHANCED MONITORING
661,5.809504166666652,2,3,ENHANCED MONITORING
661,19.191858333333315,3,3,ENHANCED MONITORING
661,21.76484166666668,3,3,ENHANCED MONITORING
661,52.882112500000005,5,5,REINFORCE / ALARM
661,34.11840833333334,5,5,REINFORCE / ALARM
661,11.574366666666677,3,3,ENHANCED MONITORING
661,100.1353166666667,5,5,REINFORCE / ALARM
661,46.021500000000024,4,4,FIELD INSPECTION
661,35.77826666666666,4,4,FIELD INSPECTION
661,29.295079166666657,3,4,FIELD INSPECTION
661,57.62833333333333,4,4,FIELD INSPECTION
661,32.758866666666684,4,4,FIELD INSPECTION
661,1.2743166666666685,1,3,ENHANCED MONITORING
661,33.98854166666667,5,5,REINFORCE / ALARM
661,7.856933333333321,2,3,ENHANCED MONITORING
661,51.40285,4,4,FIELD INSPECTION
661,137.833175,5,5,REINFORCE / ALARM
661,30.27516666666666,5,5,REINFORCE / ALARM
661,11.736699999999994,3,3,ENHANCED MONITORING
661,68.29566249999998,5,5,REINFORCE / ALARM
661,56.61070625000002,4,4,FIELD INSPECTION
661,71.16084583333334,4,4,FIELD INSPECTION
661,62.72154166666667,4,4,FIELD INSPECTION
661,33.72576458333333,4,4,FIELD INSPECTION
661,24.39159791666668,3,3,ENHANCED MONITORING
661,63.05128124999999,4,4,FIELD INSPECTION
661,30.49330208333333,4,4,FIELD INSPECTION
661,54.621108333333304,4,4,FIELD INSPECTION
661,6.008362500000019,2,3,ENHANCED MONITORING
661,22.651587500000016,3,3,ENHANCED MONITORING
663,111.78070416666668,5,5,REINFORCE / ALARM
663,16.47378958333334,3,3,ENHANCED MONITORING
663,20.557487499999997,3,3,ENHANCED MONITORING
663,43.697089583333344,4,4,FIELD INSPECTION
663,51.365817708333346,4,4,FIELD INSPECTION
663,67.12026770833334,4,4,FIELD INSPECTION
663,64.42959270833335,4,4,FIELD INSPECTION
663,48.806531250000006,4,4,FIELD INSPECTION
663,86.04275416666667,5,5,REINFORCE / ALARM
663,36.15061874999999,4,4,FIELD INSPECTION
663,56.68375624999999,4,4,FIELD INSPECTION
663,25.89216666666667,3,3,ENHANCED MONITORING
663,12.083687499999998,3,3,ENHANCED MONITORING
663,3.246666666666671,2,3,ENHANCED MONITORING
663,31.323231250000003,4,4,FIELD INSPECTION
663,9.756233333333341,2,3,ENHANCED MONITORING
663,17.51069375,3,3,ENHANCED MONITORING
663,3.1614416666666663,2,3,ENHANCED MONITORING
663,21.196675,3,3,ENHANCED MONITORING
663,12.925791666666663,3,3,ENHANCED MONITORING
663,14.352295833333336,3,3,ENHANCED MONITORING
663,47.83658958333334,5,5,REINFORCE / ALARM
663,28.19730000000001,3,3,ENHANCED MONITORING
663,34.02506666666667,4,4,FIELD INSPECTION
663,62.8717,4,4,FIELD INSPECTION
663,2.0393125000000034,2,3,ENHANCED MONITORING
663,77.64403333333333,4,4,FIELD INSPECTION
663,86.39481458333331,4,4,FIELD INSPECTION
663,36.70458125,4,4,FIELD INSPECTION
663,72.52140208333333,4,4,FIELD INSPECTION
663,67.33180833333333,4,4,FIELD INSPECTION
663,62.21526458333333,4,4,FIELD INSPECTION
663,5.406714583333335,2,3,ENHANCED MONITORING
663,56.77912708333334,4,4,FIELD INSPECTION
663,52.25814375000001,4,4,FIELD INSPECTION
663,35.47592083333334,4,4,FIELD INSPECTION
663,14.664787500000001,3,3,ENHANCED MONITORING
663,25.617214583333332,3,3,ENHANCED MONITORING
663,17.025722916666655,3,3,ENHANCED MONITORING
663,10.61964375,3,3,ENHANCED MONITORING
663,43.02847916666666,4,4,FIELD INSPECTION
663,37.32246249999999,5,5,REINFORCE / ALARM
663,45.40919895833332,4,4,FIELD INSPECTION
663,77.86774895833332,4,4,FIELD INSPECTION
663,32.58993854166666,4,4,FIELD INSPECTION
663,18.23916458333333,3,3,ENHANCED MONITORING
663,16.805558333333348,3,3,ENHANCED MONITORING
663,28.720824999999987,3,3,ENHANCED MONITORING
663,6.384772916666676,2,3,ENHANCED MONITORING
663,64.45952291666667,5,5,REINFORCE / ALARM
663,62.6586375,5,5,REINFORCE / ALARM
663,120.96572708333332,5,5,REINFORCE / ALARM
663,57.28844791666668,5,5,REINFORCE / ALARM
663,56.41793541666666,5,5,REINFORCE / ALARM
663,6.617112500000016,2,3,ENHANCED MONITORING
663,69.85812083333333,4,4,FIELD INSPECTION
663,30.823041666666672,4,4,FIELD INSPECTION
663,36.42151249999997,4,4,FIELD INSPECTION
663,84.63654166666664,5,5,REINFORCE / ALARM
663,1.047049999999994,1,3,ENHANCED MONITORING
663,90.00774583333329,4,5,REINFORCE / ALARM
663,160.9474125,5,5,REINFORCE / ALARM
663,10.354837500000022,4,3,ENHANCED MONITORING
663,174.08220833333334,5,5,REINFORCE / ALARM
663,12.296750000000031,3,3,ENHANCED MONITORING
663,70.12191249999997,4,4,FIELD INSPECTION
663,8.979062499999998,2,3,ENHANCED MONITORING
663,34.20160416666668,4,4,FIELD INSPECTION
663,21.559895833333314,3,3,ENHANCED MONITORING
663,38.39589166666667,4,4,FIELD INSPECTION
663,32.780172916666665,4,4,FIELD INSPECTION
663,7.16600208333335,2,3,ENHANCED MONITORING
663,7.16397291666667,2,3,ENHANCED MONITORING
663,43.478954166666675,4,4,FIELD INSPECTION
663,39.30800208333334,4,4,FIELD INSPECTION
663,40.05676458333331,5,5,REINFORCE / ALARM
663,7.8335979166666805,3,3,ENHANCED MONITORING
663,20.95317500000002,3,3,ENHANCED MONITORING
663,54.09555416666664,4,4,FIELD INSPECTION
663,2.0535166666666576,2,3,ENHANCED MONITORING
671,88.31643541666666,4,4,FIELD INSPECTION
671,1.499554166666666,1,3,ENHANCED MONITORING
671,67.78228333333334,5,5,REINFORCE / ALARM
671,53.385345833333325,4,4,FIELD INSPECTION
671,55.50176666666667,4,4,FIELD INSPECTION
671,8.2485625,2,3,ENHANCED MONITORING
671,9.938858333333338,2,3,ENHANCED MONITORING
671,7.620028124999995,2,3,ENHANCED MONITORING
671,43.597153125,5,5,REINFORCE / ALARM
671,18.263007291666657,4,3,ENHANCED MONITORING
671,2.5060208333333427,2,3,ENHANCED MONITORING
671,55.65801250000001,4,4,FIELD INSPECTION
671,23.38614583333333,3,3,ENHANCED MONITORING
671,26.613535416666668,3,3,ENHANCED MONITORING
671,3.4130583333333333,2,3,ENHANCED MONITORING
671,13.823697916666667,3,3,ENHANCED MONITORING
671,11.123891666666665,3,3,ENHANCED MONITORING
671,43.791445833333334,4,4,FIELD INSPECTION
671,43.90203541666667,4,4,FIELD INSPECTION
671,31.17814583333332,4,4,FIELD INSPECTION
671,52.33677395833334,4,4,FIELD INSPECTION
671,55.27906562500001,4,4,FIELD INSPECTION
671,45.69936979166667,4,4,FIELD INSPECTION
671,21.476699999999997,3,3,ENHANCED MONITORING
671,18.79617083333334,3,3,ENHANCED MONITORING
671,4.703608333333334,2,3,ENHANCED MONITORING
671,1.616231250000001,1,3,ENHANCED MONITORING
671,15.78793125,3,3,ENHANCED MONITORING
671,11.360289583333335,3,3,ENHANCED MONITORING
671,116.78158541666664,5,5,REINFORCE / ALARM
671,108.05211041666665,5,5,REINFORCE / ALARM
671,101.85402083333331,5,5,REINFORCE / ALARM
671,76.88816875,4,4,FIELD INSPECTION
671,72.04454791666667,4,4,FIELD INSPECTION
671,27.890895833333342,4,5,REINFORCE / ALARM
671,72.49197916666667,5,5,REINFORCE / ALARM
671,12.474302083333328,3,3,ENHANCED MONITORING
671,36.935906249999995,4,4,FIELD INSPECTION
671,36.45600833333334,4,4,FIELD INSPECTION
671,11.084322916666666,3,3,ENHANCED MONITORING
671,42.11129583333332,4,4,FIELD INSPECTION
671,33.31384375,4,4,FIELD INSPECTION
671,24.858306249999995,3,3,ENHANCED MONITORING
671,35.657531250000005,4,4,FIELD INSPECTION
671,4.801008333333338,2,3,ENHANCED MONITORING
671,23.196418750000007,3,3,ENHANCED MONITORING
671,8.45655208333333,2,3,ENHANCED MONITORING
671,1.3220020833333355,1,3,ENHANCED MONITORING
671,26.65208958333334,3,3,ENHANCED MONITORING
671,66.23098541666666,4,4,FIELD INSPECTION
671,41.67096666666666,4,4,FIELD INSPECTION
671,73.39597291666665,4,4,FIELD INSPECTION
671,12.928835416666667,4,3,ENHANCED MONITORING
671,11.684956250000004,3,3,ENHANCED MONITORING
671,46.062083333333334,4,4,FIELD INSPECTION
671,115.28913333333333,5,5,REINFORCE / ALARM
671,181.40344166666668,5,5,REINFORCE / ALARM
671,17.980445833333345,4,5,REINFORCE / ALARM
671,125.11435833333333,5,5,REINFORCE / ALARM
671,139.63304583333334,5,5,REINFORCE / ALARM
671,95.7259375,4,4,FIELD INSPECTION
671,51.22022499999999,5,5,REINFORCE / ALARM
671,70.9559,4,4,FIELD INSPECTION
671,20.19426666666666,3,3,ENHANCED MONITORING
671,21.403650000000003,3,3,ENHANCED MONITORING
671,81.27827083333331,4,4,FIELD INSPECTION
671,76.471175,4,4,FIELD INSPECTION
671,7.56879166666666,3,3,ENHANCED MONITORING
671,70.90111249999997,4,4,FIELD INSPECTION
671,124.62329999999997,5,5,REINFORCE / ALARM
671,55.82440416666665,4,4,FIELD INSPECTION
671,60.524968750000006,4,4,FIELD INSPECTION
671,13.559906249999992,3,3,ENHANCED MONITORING
671,29.63496458333333,3,3,ENHANCED MONITORING
671,51.87970416666667,5,5,REINFORCE / ALARM
671,47.987762499999995,5,5,REINFORCE / ALARM
671,34.4613375,4,4,FIELD INSPECTION
671,119.3637,5,5,REINFORCE / ALARM
671,59.67779166666668,4,4,FIELD INSPECTION
671,75.85227916666666,4,4,FIELD INSPECTION
672,28.787787499999997,3,3,ENHANCED MONITORING
672,42.35378125,4,4,FIELD INSPECTION
672,34.06565,4,4,FIELD INSPECTION
672,2.4076062500000006,2,3,ENHANCED MONITORING
672,12.505246874999997,3,3,ENHANCED MONITORING
672,29.65779270833333,3,3,ENHANCED MONITORING
672,34.73781145833333,4,4,FIELD INSPECTION
672,63.42667708333334,4,4,FIELD INSPECTION
672,22.85247500000001,3,3,ENHANCED MONITORING
672,30.47706874999999,4,4,FIELD INSPECTION
672,8.627002083333338,3,3,ENHANCED MONITORING
672,54.04583958333333,4,4,FIELD INSPECTION
672,78.80674583333332,4,4,FIELD INSPECTION
672,75.75284999999998,4,4,FIELD INSPECTION
672,39.73717083333333,4,4,FIELD INSPECTION
672,41.66690833333333,4,4,FIELD INSPECTION
672,54.346156249999986,4,4,FIELD INSPECTION
672,12.67620416666667,3,3,ENHANCED MONITORING
672,10.547608333333331,3,3,ENHANCED MONITORING
672,49.16062083333335,4,4,FIELD INSPECTION
672,25.278851041666673,3,3,ENHANCED MONITORING
672,7.372469791666667,2,3,ENHANCED MONITORING
672,27.319178125000004,3,3,ENHANCED MONITORING
672,26.50193125,3,3,ENHANCED MONITORING
672,21.9637,3,3,ENHANCED MONITORING
672,7.196439583333333,2,3,ENHANCED MONITORING
672,54.28832499999999,4,4,FIELD INSPECTION
672,37.2737625,4,4,FIELD INSPECTION
672,36.66196874999999,4,4,FIELD INSPECTION
672,36.457022916666666,4,4,FIELD INSPECTION
672,23.024954166666664,3,3,ENHANCED MONITORING
672,6.412166666666674,2,3,ENHANCED MONITORING
672,8.067966666666663,2,3,ENHANCED MONITORING
672,5.541654166666672,2,3,ENHANCED MONITORING
672,32.76495416666667,4,4,FIELD INSPECTION
672,25.96014375,3,3,ENHANCED MONITORING
672,11.381595833333327,3,3,ENHANCED MONITORING
672,30.018477083333323,4,3,ENHANCED MONITORING
672,73.21436250000001,4,4,FIELD INSPECTION
672,61.62579166666668,4,4,FIELD INSPECTION
672,47.76556875,4,4,FIELD INSPECTION
672,32.12678124999999,4,4,FIELD INSPECTION
672,0.48649270833333497,1,3,ENHANCED MONITORING
672,20.055776041666658,3,3,ENHANCED MONITORING
672,18.88697604166666,3,3,ENHANCED MONITORING
672,35.84117083333334,4,4,FIELD INSPECTION
672,28.26020416666668,3,4,FIELD INSPECTION
672,56.404745833333344,4,4,FIELD INSPECTION
672,128.16013750000002,5,5,REINFORCE / ALARM
672,54.21121666666667,5,5,REINFORCE / ALARM
672,14.622175000000007,3,3,ENHANCED MONITORING
672,126.71638541666668,5,5,REINFORCE / ALARM
672,69.14892708333332,4,4,FIELD INSPECTION
672,49.13525624999999,4,4,FIELD INSPECTION
672,33.696341666666676,4,4,FIELD INSPECTION
672,65.28234999999998,4,4,FIELD INSPECTION
672,0.6594791666666803,1,3,ENHANCED MONITORING
672,22.544041666666658,3,3,ENHANCED MONITORING
672,163.9546375,5,5,REINFORCE / ALARM
672,42.981808333333326,5,5,REINFORCE / ALARM
672,31.291779166666675,4,4,FIELD INSPECTION
672,89.50248333333333,4,4,FIELD INSPECTION
672,8.548879166666675,2,3,ENHANCED MONITORING
672,1.9459708333333399,1,3,ENHANCED MONITORING
672,32.70407916666668,4,4,FIELD INSPECTION
672,30.135154166666656,4,4,FIELD INSPECTION
672,32.560008333333315,4,4,FIELD INSPECTION
672,66.32940000000004,5,5,REINFORCE / ALARM
672,57.62833333333335,4,4,FIELD INSPECTION
672,94.65047916666668,4,5,REINFORCE / ALARM
672,18.657172916666656,3,3,ENHANCED MONITORING
672,52.04305208333333,4,4,FIELD INSPECTION
672,44.25713958333332,4,4,FIELD INSPECTION
672,42.860058333333335,4,4,FIELD INSPECTION
672,9.803918749999987,2,3,ENHANCED MONITORING
672,31.02697291666668,4,4,FIELD INSPECTION
672,31.211627083333312,4,4,FIELD INSPECTION
672,11.010258333333335,3,3,ENHANCED MONITORING
672,62.603850000000016,4,4,FIELD INSPECTION
672,66.28678749999996,4,4,FIELD INSPECTION
675,23.940108333333324,4,5,REINFORCE / ALARM
675,9.279379166666656,2,3,ENHANCED MONITORING
675,73.39495833333335,4,4,FIELD INSPECTION
675,0.2719083333333406,1,3,ENHANCED MONITORING
675,3.4384229166666693,2,3,ENHANCED MONITORING
675,15.245129166666665,3,3,ENHANCED MONITORING
675,26.809349999999995,3,3,ENHANCED MONITORING
675,9.493963541666666,2,3,ENHANCED MONITORING
675,11.980707291666667,3,3,ENHANCED MONITORING
675,6.781982291666664,2,3,ENHANCED MONITORING
675,65.9458875,4,4,FIELD INSPECTION
675,32.5011625,4,4,FIELD INSPECTION
675,18.45527083333333,3,3,ENHANCED MONITORING
675,14.078358333333336,3,3,ENHANCED MONITORING
675,29.36407083333333,3,4,FIELD INSPECTION
675,26.807320833333332,3,3,ENHANCED MONITORING
675,25.3422625,3,3,ENHANCED MONITORING
675,14.119956250000007,3,3,ENHANCED MONITORING
675,15.310062499999995,3,3,ENHANCED MONITORING
675,9.8800125,2,3,ENHANCED MONITORING
675,23.80060312499999,3,3,ENHANCED MONITORING
675,13.201251041666666,3,3,ENHANCED MONITORING
675,24.537190625000004,3,3,ENHANCED MONITORING
675,11.394785416666664,3,3,ENHANCED MONITORING
675,9.804933333333333,2,3,ENHANCED MONITORING
675,25.343277083333337,3,3,ENHANCED MONITORING
675,20.728952083333333,3,3,ENHANCED MONITORING
675,30.433441666666667,4,4,FIELD INSPECTION
675,8.187687500000004,2,3,ENHANCED MONITORING
675,25.135287500000004,3,3,ENHANCED MONITORING
675,28.970412500000005,3,3,ENHANCED MONITORING
675,40.27591458333333,4,4,FIELD INSPECTION
675,31.012768750000003,4,4,FIELD INSPECTION
675,12.93390833333333,3,3,ENHANCED MONITORING
675,38.433431250000005,4,4,FIELD INSPECTION
675,35.41606041666667,4,4,FIELD INSPECTION
675,11.142154166666666,3,3,ENHANCED MONITORING
675,52.13842291666668,4,4,FIELD INSPECTION
675,1.6497124999999926,1,3,ENHANCED MONITORING
675,14.700297916666665,3,3,ENHANCED MONITORING
675,0.7183250000000072,1,3,ENHANCED MONITORING
675,19.01227708333333,3,3,ENHANCED MONITORING
675,22.351778125000006,3,3,ENHANCED MONITORING
675,43.967476041666664,4,4,FIELD INSPECTION
675,6.523263541666672,2,3,ENHANCED MONITORING
675,25.704468750000004,3,3,ENHANCED MONITORING
675,30.822027083333335,4,4,FIELD INSPECTION
675,52.96936666666665,4,5,REINFORCE / ALARM
675,30.117906250000015,5,5,REINFORCE / ALARM
675,51.71838541666665,4,4,FIELD INSPECTION
675,35.906104166666665,4,4,FIELD INSPECTION
675,48.39156666666667,4,4,FIELD INSPECTION
675,9.403158333333337,2,3,ENHANCED MONITORING
675,2.1752666666666634,2,3,ENHANCED MONITORING
675,9.403158333333337,2,3,ENHANCED MONITORING
675,77.65620833333334,4,4,FIELD INSPECTION
675,74.00370833333334,4,4,FIELD INSPECTION
675,70.19090416666667,4,4,FIELD INSPECTION
675,41.78257083333333,4,4,FIELD INSPECTION
675,214.83599166666662,5,5,REINFORCE / ALARM
675,211.18349166666664,5,5,REINFORCE / ALARM
675,200.73328333333328,5,5,REINFORCE / ALARM
675,28.15874583333331,3,3,ENHANCED MONITORING
675,40.55898333333331,5,5,REINFORCE / ALARM
675,6.3533208333333375,2,3,ENHANCED MONITORING
675,68.4174125,4,4,FIELD INSPECTION
675,17.442716666666676,3,3,ENHANCED MONITORING
675,27.937566666666655,3,3,ENHANCED MONITORING
675,29.246379166666667,3,4,FIELD INSPECTION
675,16.939483333333325,3,3,ENHANCED MONITORING
675,12.933908333333335,3,3,ENHANCED MONITORING
675,32.61378124999999,4,4,FIELD INSPECTION
675,88.24541458333329,4,4,FIELD INSPECTION
675,63.61133125,4,4,FIELD INSPECTION
675,74.98278124999999,4,4,FIELD INSPECTION
675,91.09030625000004,4,5,REINFORCE / ALARM
675,92.47825624999997,4,4,FIELD INSPECTION
675,47.502791666666695,5,5,REINFORCE / ALARM
675,53.75465416666668,4,4,FIELD INSPECTION
675,57.6709458333333,4,4,FIELD INSPECTION
684,26.157987500000008,3,3,ENHANCED MONITORING
684,40.600581250000005,4,4,FIELD INSPECTION
684,8.303350000000002,2,3,ENHANCED MONITORING
684,5.506143749999999,2,3,ENHANCED MONITORING
684,29.871869791666665,3,3,ENHANCED MONITORING
684,31.219236458333338,4,4,FIELD INSPECTION
684,23.19692604166666,3,3,ENHANCED MONITORING
684,54.70328958333332,4,4,FIELD INSPECTION
684,37.92309583333333,5,5,REINFORCE / ALARM
684,77.90579583333333,4,4,FIELD INSPECTION
684,104.68775208333331,5,5,REINFORCE / ALARM
684,1.18807708333334,1,3,ENHANCED MONITORING
684,24.847145833333332,3,3,ENHANCED MONITORING
684,17.186027083333347,3,3,ENHANCED MONITORING
684,34.53134375,4,4,FIELD INSPECTION
684,24.566106250000008,3,3,ENHANCED MONITORING
684,22.668835416666663,3,3,ENHANCED MONITORING
684,49.93677708333333,4,4,FIELD INSPECTION
684,3.4252333333333147,2,3,ENHANCED MONITORING
684,11.739743749999997,3,3,ENHANCED MONITORING
684,26.266547916666653,3,3,ENHANCED MONITORING
684,22.11994583333333,3,3,ENHANCED MONITORING
684,24.848160416666683,3,3,ENHANCED MONITORING
684,5.40772916666668,2,3,ENHANCED MONITORING
684,41.19918541666667,4,4,FIELD INSPECTION
684,34.61961249999998,4,4,FIELD INSPECTION
684,38.280229166666665,4,4,FIELD INSPECTION
684,25.696352083333313,3,3,ENHANCED MONITORING
684,28.27440833333333,3,3,ENHANCED MONITORING
684,47.39626041666668,4,4,FIELD INSPECTION
684,26.666293749999994,3,3,ENHANCED MONITORING
684,24.36521875000002,3,3,ENHANCED MONITORING
684,23.19641874999999,3,3,ENHANCED MONITORING
684,29.662358333333334,3,4,FIELD INSPECTION
684,15.27556666666664,3,3,ENHANCED MONITORING
684,8.389589583333336,2,3,ENHANCED MONITORING
684,28.421522916666675,3,3,ENHANCED MONITORING
684,40.669572916666674,4,4,FIELD INSPECTION
684,16.51234375,3,3,ENHANCED MONITORING
684,9.25097083333334,2,3,ENHANCED MONITORING
684,21.06274999999999,3,3,ENHANCED MONITORING
684,23.3455625,3,3,ENHANCED MONITORING
684,30.762166666666662,4,4,FIELD INSPECTION
684,7.019902083333316,2,3,ENHANCED MONITORING
684,3.3805916666666627,2,3,ENHANCED MONITORING
684,11.642343749999997,3,3,ENHANCED MONITORING
684,5.622820833333331,2,3,ENHANCED MONITORING
684,29.832808333333315,3,4,FIELD INSPECTION
684,12.399222916666682,3,3,ENHANCED MONITORING
684,2.077866666666651,2,3,ENHANCED MONITORING
684,55.0005625,4,4,FIELD INSPECTION
684,34.87630208333335,4,4,FIELD INSPECTION
684,87.98973958333335,5,5,REINFORCE / ALARM
684,123.96483541666667,5,5,REINFORCE / ALARM
684,132.99767083333333,5,5,REINFORCE / ALARM
684,24.632054166666677,3,3,ENHANCED MONITORING
684,31.086833333333335,4,4,FIELD INSPECTION
684,49.61718333333334,4,4,FIELD INSPECTION
684,128.33261666666667,5,5,REINFORCE / ALARM
684,100.71971666666667,5,5,REINFORCE / ALARM
684,117.05450833333335,5,5,REINFORCE / ALARM
684,3.9893416666666703,2,3,ENHANCED MONITORING
684,7.126433333333324,2,3,ENHANCED MONITORING
684,26.308145833333338,3,3,ENHANCED MONITORING
684,6.193016666666651,2,3,ENHANCED MONITORING
684,31.391208333333328,4,4,FIELD INSPECTION
684,56.33575416666667,4,4,FIELD INSPECTION
684,2.583129166666661,3,3,ENHANCED MONITORING
684,37.05867083333332,4,4,FIELD INSPECTION
684,131.51637916666667,5,5,REINFORCE / ALARM
684,77.35081875000002,4,4,FIELD INSPECTION
684,15.069606250000001,3,3,ENHANCED MONITORING
684,18.53948124999999,3,3,ENHANCED MONITORING
684,16.156224999999996,3,3,ENHANCED MONITORING
684,45.943377083333324,4,4,FIELD INSPECTION
684,1.697397916666663,1,3,ENHANCED MONITORING
684,63.74322708333333,4,4,FIELD INSPECTION
684,118.54188749999999,5,5,REINFORCE / ALARM
684,143.8800916666667,5,5,REINFORCE / ALARM
684,141.40247916666667,5,5,REINFORCE / ALARM
692,4.721870833333335,2,3,ENHANCED MONITORING
692,1.6842083333333377,1,3,ENHANCED MONITORING
692,3.790483333333332,2,3,ENHANCED MONITORING
692,19.65045,3,3,ENHANCED MONITORING
692,8.17906354166667,2,3,ENHANCED MONITORING
692,19.90257395833333,3,3,ENHANCED MONITORING
692,29.238769791666673,3,3,ENHANCED MONITORING
692,23.869594791666675,3,3,ENHANCED MONITORING
692,37.746051041666675,4,4,FIELD INSPECTION
692,34.344153125,4,4,FIELD INSPECTION
692,30.671868750000005,5,5,REINFORCE / ALARM
692,51.18877291666667,4,4,FIELD INSPECTION
692,97.07533333333333,4,4,FIELD INSPECTION
692,16.619889583333332,3,3,ENHANCED MONITORING
692,3.612931250000005,2,3,ENHANCED MONITORING
692,17.18095416666667,3,3,ENHANCED MONITORING
692,24.076062500000003,3,3,ENHANCED MONITORING
692,43.97914374999999,4,4,FIELD INSPECTION
692,26.83877291666666,3,3,ENHANCED MONITORING
692,74.34765208333333,4,4,FIELD INSPECTION
692,18.224960416666665,3,3,ENHANCED MONITORING
692,10.901697916666665,3,3,ENHANCED MONITORING
692,21.2514625,3,3,ENHANCED MONITORING
692,9.037908333333334,2,3,ENHANCED MONITORING
692,25.418356250000006,3,3,ENHANCED MONITORING
692,15.016847916666668,3,3,ENHANCED MONITORING
692,47.99689374999999,4,4,FIELD INSPECTION
692,58.66726666666667,4,4,FIELD INSPECTION
692,18.301054166666667,3,3,ENHANCED MONITORING
692,100.37272916666667,5,5,REINFORCE / ALARM
692,63.53929583333335,4,4,FIELD INSPECTION
692,38.21935416666667,4,4,FIELD INSPECTION
692,56.15617291666666,4,4,FIELD INSPECTION
692,41.508633333333336,4,4,FIELD INSPECTION
692,40.573187499999996,4,4,FIELD INSPECTION
692,4.68230208333333,2,3,ENHANCED MONITORING
692,54.6596625,4,4,FIELD INSPECTION
692,80.54066875000001,4,4,FIELD INSPECTION
692,99.52656666666667,4,5,REINFORCE / ALARM
692,19.46072291666668,4,3,ENHANCED MONITORING
692,16.744683333333345,3,3,ENHANCED MONITORING
692,40.65942708333332,5,5,REINFORCE / ALARM
692,101.66074270833333,5,5,REINFORCE / ALARM
692,111.019259375,5,5,REINFORCE / ALARM
692,81.78606979166666,4,4,FIELD INSPECTION
692,37.63698333333332,5,5,REINFORCE / ALARM
692,6.215337499999985,2,3,ENHANCED MONITORING
692,25.85868541666667,3,3,ENHANCED MONITORING
692,13.363077083333367,3,3,ENHANCED MONITORING
692,22.822037499999993,3,3,ENHANCED MONITORING
692,8.58540416666663,2,3,ENHANCED MONITORING
692,57.866760416666615,4,4,FIELD INSPECTION
692,95.5727354166667,4,5,REINFORCE / ALARM
692,104.65934375000005,5,5,REINFORCE / ALARM
692,62.705308333333384,4,4,FIELD INSPECTION
692,31.72196250000003,4,4,FIELD INSPECTION
692,11.150270833333366,4,3,ENHANCED MONITORING
692,70.01233750000003,4,4,FIELD INSPECTION
692,25.664900000000028,3,3,ENHANCED MONITORING
692,11.389712500000059,3,3,ENHANCED MONITORING
692,57.07437083333332,4,4,FIELD INSPECTION
692,11.00822916666668,3,3,ENHANCED MONITORING
692,140.27426250000002,5,5,REINFORCE / ALARM
692,71.35970416666669,5,5,REINFORCE / ALARM
692,4.117179166666669,2,3,ENHANCED MONITORING
692,66.89756666666662,5,5,REINFORCE / ALARM
692,111.75838333333336,5,5,REINFORCE / ALARM
692,44.9805375,4,4,FIELD INSPECTION
692,173.58912083333334,5,5,REINFORCE / ALARM
692,14.975250000000065,4,3,ENHANCED MONITORING
692,63.24811041666669,4,4,FIELD INSPECTION
692,55.75033958333331,4,4,FIELD INSPECTION
692,53.94235208333334,4,4,FIELD INSPECTION
692,27.407954166666666,4,5,REINFORCE / ALARM
692,0.8370312499999955,1,3,ENHANCED MONITORING
692,86.51453541666667,4,4,FIELD INSPECTION
692,4.246031249999983,2,3,ENHANCED MONITORING
692,97.80786249999993,5,5,REINFORCE / ALARM
692,67.96287916666664,5,5,REINFORCE / ALARM
692,63.86599166666668,4,4,FIELD INSPECTION
695,120.65323541666665,5,5,REINFORCE / ALARM
695,61.0028375,4,4,FIELD INSPECTION
695,3.4343645833333283,2,3,ENHANCED MONITORING
695,30.101672916666672,4,3,ENHANCED MONITORING
695,30.181825000000003,4,4,FIELD INSPECTION
695,22.27010416666667,3,3,ENHANCED MONITORING
695,21.58627500000001,3,3,ENHANCED MONITORING
695,9.18502291666666,2,3,ENHANCED MONITORING
695,20.067443750000006,3,3,ENHANCED MONITORING
695,2.5334145833333443,2,3,ENHANCED MONITORING
695,24.229264583333332,3,3,ENHANCED MONITORING
695,24.04765416666667,3,3,ENHANCED MONITORING
695,1.9662625000000145,1,3,ENHANCED MONITORING
695,31.895456249999995,4,4,FIELD INSPECTION
695,14.874806249999992,3,3,ENHANCED MONITORING
695,3.3156583333333214,2,3,ENHANCED MONITORING
695,47.630629166666665,4,4,FIELD INSPECTION
695,0.2617624999999843,1,3,ENHANCED MONITORING
695,6.715527083333327,2,3,ENHANCED MONITORING
695,31.12843124999999,4,4,FIELD INSPECTION
695,6.95851979166665,2,3,ENHANCED MONITORING
695,8.142538541666669,2,3,ENHANCED MONITORING
695,7.853382291666658,2,3,ENHANCED MONITORING
695,10.58819166666668,3,3,ENHANCED MONITORING
695,9.985529166666678,2,3,ENHANCED MONITORING
695,41.0845375,4,4,FIELD INSPECTION
695,76.88411041666666,4,4,FIELD INSPECTION
695,97.15345624999996,4,5,REINFORCE / ALARM
695,83.66862916666668,4,4,FIELD INSPECTION
695,86.43133958333333,4,4,FIELD INSPECTION
695,93.35587083333337,4,4,FIELD INSPECTION
695,72.21804166666665,4,4,FIELD INSPECTION
695,1.693339583333317,1,3,ENHANCED MONITORING
695,9.51679166666669,2,3,ENHANCED MONITORING
695,8.022310416666677,2,3,ENHANCED MONITORING
695,19.56928333333329,3,3,ENHANCED MONITORING
695,28.449931249999988,3,4,FIELD INSPECTION
695,45.74046041666668,4,4,FIELD INSPECTION
695,49.901266666666665,4,4,FIELD INSPECTION
695,46.44661041666669,4,4,FIELD INSPECTION
695,43.54896041666668,4,4,FIELD INSPECTION
695,31.645868749999995,4,4,FIELD INSPECTION
695,27.96191666666667,3,3,ENHANCED MONITORING
695,0.676727083333347,1,3,ENHANCED MONITORING
695,15.959395833333334,3,3,ENHANCED MONITORING
695,34.66831249999998,4,4,FIELD INSPECTION
695,14.531877083333313,3,3,ENHANCED MONITORING
695,16.937454166666658,3,3,ENHANCED MONITORING
695,14.81798958333333,3,3,ENHANCED MONITORING
695,0.32162291666667403,1,3,ENHANCED MONITORING
695,19.447533333333354,3,3,ENHANCED MONITORING
695,23.98576458333334,3,3,ENHANCED MONITORING
695,15.270493749999988,3,3,ENHANCED MONITORING
695,33.7176479166667,4,4,FIELD INSPECTION
695,11.580454166666712,3,3,ENHANCED MONITORING
695,6.976275000000034,2,3,ENHANCED MONITORING
695,109.20772083333337,5,5,REINFORCE / ALARM
695,147.51635833333333,5,5,REINFORCE / ALARM
695,192.8601166666667,5,5,REINFORCE / ALARM
695,122.80110833333326,5,5,REINFORCE / ALARM
695,111.37284166666662,5,5,REINFORCE / ALARM
695,6.564354166666722,3,3,ENHANCED MONITORING
695,52.43569583333332,5,5,REINFORCE / ALARM
695,33.69228333333323,4,4,FIELD INSPECTION
695,79.91061249999998,4,4,FIELD INSPECTION
695,31.2633708333332,4,4,FIELD INSPECTION
695,25.11905416666659,3,3,ENHANCED MONITORING
695,1.0308166666667138,1,3,ENHANCED MONITORING
695,64.89275,4,4,FIELD INSPECTION
695,98.98883750000005,4,5,REINFORCE / ALARM
695,48.16632916666665,4,4,FIELD INSPECTION
695,37.68771249999997,4,4,FIELD INSPECTION
695,9.93479999999999,2,3,ENHANCED MONITORING
695,15.947220833333366,3,3,ENHANCED MONITORING
695,1.6030416666666074,1,3,ENHANCED MONITORING
695,5.342795833333281,2,3,ENHANCED MONITORING
695,18.599341666666646,3,3,ENHANCED MONITORING
695,26.827612499999976,3,4,FIELD INSPECTION
695,34.82658750000008,4,4,FIELD INSPECTION
695,106.41152916666674,5,5,REINFORCE / ALARM
699,23.287731249999997,3,3,ENHANCED MONITORING
699,10.178299999999995,3,3,ENHANCED MONITORING
699,14.39085,3,3,ENHANCED MONITORING
699,57.29149166666667,4,4,FIELD INSPECTION
699,55.6641,4,4,FIELD INSPECTION
699,54.72256666666667,4,4,FIELD INSPECTION
699,32.71016666666666,4,4,FIELD INSPECTION
699,18.244744791666665,3,3,ENHANCED MONITORING
699,1.0262510416666732,1,3,ENHANCED MONITORING
699,16.147601041666665,3,3,ENHANCED MONITORING
699,21.689762499999997,3,3,ENHANCED MONITORING
699,6.699293749999993,2,3,ENHANCED MONITORING
699,47.464237499999996,4,4,FIELD INSPECTION
699,36.18308541666665,4,4,FIELD INSPECTION
699,19.019379166666656,3,3,ENHANCED MONITORING
699,26.897618749999996,3,3,ENHANCED MONITORING
699,11.664664583333325,3,3,ENHANCED MONITORING
699,25.33718958333334,3,3,ENHANCED MONITORING
699,1.7734916666666625,1,3,ENHANCED MONITORING
699,2.949393750000009,2,3,ENHANCED MONITORING
699,29.017590624999997,3,3,ENHANCED MONITORING
699,11.586034375000004,3,3,ENHANCED MONITORING
699,1.4584635416666647,1,3,ENHANCED MONITORING
699,2.873300000000009,2,3,ENHANCED MONITORING
699,4.327197916666666,2,3,ENHANCED MONITORING
699,23.268454166666668,3,3,ENHANCED MONITORING
699,10.317297916666663,3,3,ENHANCED MONITORING
699,35.207056249999994,4,4,FIELD INSPECTION
699,43.79651875,4,4,FIELD INSPECTION
699,44.169885416666666,4,4,FIELD INSPECTION
699,0.33278333333333343,1,3,ENHANCED MONITORING
699,23.362810416666665,3,3,ENHANCED MONITORING
699,8.581345833333343,2,3,ENHANCED MONITORING
699,19.95178125,3,3,ENHANCED MONITORING
699,29.139847916666657,3,3,ENHANCED MONITORING
699,16.923249999999992,3,3,ENHANCED MONITORING
699,35.142122916666665,4,4,FIELD INSPECTION
699,1.9713354166666548,1,3,ENHANCED MONITORING
699,0.1288520833333339,1,3,ENHANCED MONITORING
699,16.51640208333333,3,3,ENHANCED MONITORING
699,9.063272916666667,2,3,ENHANCED MONITORING
699,27.62710416666666,3,3,ENHANCED MONITORING
699,11.11374583333332,3,3,ENHANCED MONITORING
699,10.249320833333336,3,3,ENHANCED MONITORING
699,36.13844375000001,4,4,FIELD INSPECTION
699,31.196408333333334,4,4,FIELD INSPECTION
699,6.638418749999995,2,3,ENHANCED MONITORING
699,30.67186874999999,4,4,FIELD INSPECTION
699,21.934277083333328,3,3,ENHANCED MONITORING
699,45.38738541666664,4,4,FIELD INSPECTION
699,49.20729166666664,4,4,FIELD INSPECTION
699,3.8067166666666608,2,3,ENHANCED MONITORING
699,0.8826874999999946,1,3,ENHANCED MONITORING
699,11.347100000000012,3,3,ENHANCED MONITORING
699,24.220133333333333,3,3,ENHANCED MONITORING
699,26.16001666666669,3,3,ENHANCED MONITORING
699,0.5620791666666894,1,3,ENHANCED MONITORING
699,30.317779166666657,4,4,FIELD INSPECTION
699,65.87892500000002,4,4,FIELD INSPECTION
699,27.405925000000007,3,3,ENHANCED MONITORING
699,17.988562500000004,3,3,ENHANCED MONITORING
699,1.87089166666667,1,3,ENHANCED MONITORING
699,116.77651249999998,5,5,REINFORCE / ALARM
699,68.75019583333336,5,5,REINFORCE / ALARM
699,82.6743375,4,4,FIELD INSPECTION
699,8.615841666666702,2,3,ENHANCED MONITORING
699,10.074812499999988,3,3,ENHANCED MONITORING
699,16.37740416666667,3,3,ENHANCED MONITORING
699,55.39422083333338,4,4,FIELD INSPECTION
699,8.766000000000005,2,3,ENHANCED MONITORING
699,11.838158333333354,3,3,ENHANCED MONITORING
699,30.62519791666668,4,4,FIELD INSPECTION
699,24.955706249999995,3,3,ENHANCED MONITORING
699,13.359018750000018,3,3,ENHANCED MONITORING
699,3.749900000000005,2,3,ENHANCED MONITORING
699,19.484058333333326,3,3,ENHANCED MONITORING
699,63.97962499999999,4,4,FIELD INSPECTION
699,101.93315833333334,5,5,REINFORCE / ALARM
699,142.0477541666667,5,5,REINFORCE / ALARM
699,106.96143333333333,5,5,REINFORCE / ALARM
701,14.884952083333337,3,3,ENHANCED MONITORING
701,17.343287500000002,4,3,ENHANCED MONITORING
701,82.76260624999999,4,4,FIELD INSPECTION
701,85.29094791666667,4,4,FIELD INSPECTION
701,0.09537083333333622,1,3,ENHANCED MONITORING
701,33.78663958333334,4,4,FIELD INSPECTION
701,64.20587708333335,4,4,FIELD INSPECTION
701,37.747065625000005,4,4,FIELD INSPECTION
701,102.53531354166667,5,5,REINFORCE / ALARM
701,19.99287187499999,3,3,ENHANCED MONITORING
701,55.805127083333325,4,4,FIELD INSPECTION
701,31.177131250000013,4,4,FIELD INSPECTION
701,17.368652083333338,3,3,ENHANCED MONITORING
701,4.584902083333323,2,3,ENHANCED MONITORING
701,8.955727083333345,2,3,ENHANCED MONITORING
701,34.566854166666666,4,4,FIELD INSPECTION
701,19.791477083333344,3,3,ENHANCED MONITORING
701,12.494593750000007,3,3,ENHANCED MONITORING
701,16.571189583333336,3,3,ENHANCED MONITORING
701,63.53320833333331,4,4,FIELD INSPECTION
701,43.12232812499999,4,4,FIELD INSPECTION
701,28.195778125000004,3,3,ENHANCED MONITORING
701,24.264267708333346,3,3,ENHANCED MONITORING
701,2.8002500000000197,2,3,ENHANCED MONITORING
701,1.8506000000000113,1,3,ENHANCED MONITORING
701,75.68791666666668,4,4,FIELD INSPECTION
701,37.98194166666668,4,4,FIELD INSPECTION
701,45.996135416666675,4,4,FIELD INSPECTION
701,13.302202083333329,3,3,ENHANCED MONITORING
701,19.972072916666672,3,3,ENHANCED MONITORING
701,24.766993750000008,3,3,ENHANCED MONITORING
701,59.362256249999994,4,4,FIELD INSPECTION
701,62.15033125,5,5,REINFORCE / ALARM
701,96.19771874999998,4,5,REINFORCE / ALARM
701,128.15100624999997,5,5,REINFORCE / ALARM
701,3.6443833333333373,2,3,ENHANCED MONITORING
701,23.168010416666657,3,3,ENHANCED MONITORING
701,32.20541145833334,4,4,FIELD INSPECTION
701,47.07514479166667,4,4,FIELD INSPECTION
701,18.231555208333333,3,3,ENHANCED MONITORING
701,39.27147708333334,4,4,FIELD INSPECTION
701,21.73947708333333,3,3,ENHANCED MONITORING
701,34.13464166666667,4,4,FIELD INSPECTION
701,16.804543749999997,3,3,ENHANCED MONITORING
701,20.774608333333333,3,3,ENHANCED MONITORING
701,50.26347291666667,4,4,FIELD INSPECTION
701,0.02130624999999971,1,3,ENHANCED MONITORING
701,20.43878125,3,3,ENHANCED MONITORING
701,42.184345833333325,4,4,FIELD INSPECTION
701,116.13732499999999,5,5,REINFORCE / ALARM
701,79.04618749999999,4,4,FIELD INSPECTION
701,3.744827083333339,2,3,ENHANCED MONITORING
701,11.411018750000002,3,3,ENHANCED MONITORING
701,104.24945208333332,5,5,REINFORCE / ALARM
701,57.96923333333334,5,5,REINFORCE / ALARM
701,5.369175000000003,2,3,ENHANCED MONITORING
701,44.298737499999994,5,5,REINFORCE / ALARM
701,5.947487500000018,2,3,ENHANCED MONITORING
701,88.36412083333333,4,5,REINFORCE / ALARM
701,31.963433333333324,5,5,REINFORCE / ALARM
701,44.59499583333334,4,4,FIELD INSPECTION
701,121.11689999999999,5,5,REINFORCE / ALARM
701,88.13076666666667,5,5,REINFORCE / ALARM
701,69.75869166666666,5,5,REINFORCE / ALARM
701,60.5341,4,4,FIELD INSPECTION
701,53.363025000000015,4,4,FIELD INSPECTION
701,137.3522625,5,5,REINFORCE / ALARM
701,45.33970000000002,5,5,REINFORCE / ALARM
701,23.242075000000014,3,3,ENHANCED MONITORING
701,74.92089166666666,4,4,FIELD INSPECTION
701,28.70966458333336,3,3,ENHANCED MONITORING
701,63.865991666666666,4,4,FIELD INSPECTION
701,44.76138750000001,5,5,REINFORCE / ALARM
701,92.66696874999998,4,5,REINFORCE / ALARM
701,116.24892916666668,5,5,REINFORCE / ALARM
701,30.35633333333333,4,4,FIELD INSPECTION
701,13.792245833333325,3,3,ENHANCED MONITORING
701,6.203162499999995,2,3,ENHANCED MONITORING
701,11.345070833333315,3,3,ENHANCED MONITORING
701,66.12648333333334,5,5,REINFORCE / ALARM
702,27.322729166666658,3,3,ENHANCED MONITORING
702,2.4177520833333332,2,3,ENHANCED MONITORING
702,17.722741666666664,3,3,ENHANCED MONITORING
702,26.996033333333333,3,3,ENHANCED MONITORING
702,1.1987302083333304,1,3,ENHANCED MONITORING
702,21.589826041666665,3,3,ENHANCED MONITORING
702,6.499928124999997,2,3,ENHANCED MONITORING
702,0.7746343750000015,1,3,ENHANCED MONITORING
702,18.59376145833333,3,3,ENHANCED MONITORING
702,45.922578125,4,4,FIELD INSPECTION
702,1.3311333333333313,1,3,ENHANCED MONITORING
702,9.354458333333332,2,3,ENHANCED MONITORING
702,56.400687500000004,4,4,FIELD INSPECTION
702,31.675291666666666,4,4,FIELD INSPECTION
702,9.743043749999998,2,3,ENHANCED MONITORING
702,14.18488958333333,3,3,ENHANCED MONITORING
702,45.33564166666667,4,4,FIELD INSPECTION
702,23.471370833333328,3,3,ENHANCED MONITORING
702,27.91321666666667,3,3,ENHANCED MONITORING
702,16.010125,3,3,ENHANCED MONITORING
702,5.220031250000001,2,3,ENHANCED MONITORING
702,21.12565416666666,3,3,ENHANCED MONITORING
702,5.039435416666671,2,3,ENHANCED MONITORING
702,13.926170833333336,3,3,ENHANCED MONITORING
702,68.62540208333333,4,4,FIELD INSPECTION
702,18.572962500000006,4,3,ENHANCED MONITORING
702,13.293070833333326,3,3,ENHANCED MONITORING
702,37.907877083333325,4,4,FIELD INSPECTION
702,34.352777083333336,4,4,FIELD INSPECTION
702,3.5206041666666663,2,3,ENHANCED MONITORING
702,6.436516666666665,2,3,ENHANCED MONITORING
702,40.74668125,4,4,FIELD INSPECTION
702,3.4800208333333367,3,3,ENHANCED MONITORING
702,20.329206249999995,3,3,ENHANCED MONITORING
702,39.067545833333334,4,4,FIELD INSPECTION
702,28.53718541666667,3,3,ENHANCED MONITORING
702,1.3980958333333244,1,3,ENHANCED MONITORING
702,57.87284791666665,4,4,FIELD INSPECTION
702,43.71738124999999,4,4,FIELD INSPECTION
702,29.996156249999995,3,4,FIELD INSPECTION
702,17.812025000000002,3,3,ENHANCED MONITORING
702,15.003658333333343,3,3,ENHANCED MONITORING
702,15.469859374999999,3,3,ENHANCED MONITORING
702,58.83923854166667,4,4,FIELD INSPECTION
702,1.7364593750000001,1,3,ENHANCED MONITORING
702,15.816339583333331,3,3,ENHANCED MONITORING
702,24.944545833333336,3,3,ENHANCED MONITORING
702,4.988706250000007,2,3,ENHANCED MONITORING
702,33.405156250000005,4,4,FIELD INSPECTION
702,122.47542708333333,5,5,REINFORCE / ALARM
702,88.08409583333336,4,4,FIELD INSPECTION
702,59.22224375,4,4,FIELD INSPECTION
702,46.221372916666674,4,4,FIELD INSPECTION
702,36.503693750000004,4,4,FIELD INSPECTION
702,9.90639166666667,2,3,ENHANCED MONITORING
702,24.31550416666666,3,3,ENHANCED MONITORING
702,6.923516666666639,2,3,ENHANCED MONITORING
702,51.70925416666665,4,4,FIELD INSPECTION
702,33.40211250000001,4,4,FIELD INSPECTION
702,11.994404166666683,3,3,ENHANCED MONITORING
702,57.9043,4,4,FIELD INSPECTION
702,0.03652500000002116,1,3,ENHANCED MONITORING
702,80.45037083333334,5,5,REINFORCE / ALARM
702,92.93989166666665,5,5,REINFORCE / ALARM
702,33.25398333333334,5,4,FIELD INSPECTION
702,74.95538750000001,4,4,FIELD INSPECTION
702,87.22778750000002,4,4,FIELD INSPECTION
702,51.56315416666666,4,4,FIELD INSPECTION
702,94.61598333333335,4,5,REINFORCE / ALARM
702,47.07057916666665,4,4,FIELD INSPECTION
702,14.038789583333342,3,3,ENHANCED MONITORING
702,10.909814583333358,3,3,ENHANCED MONITORING
702,17.015577083333326,3,3,ENHANCED MONITORING
702,32.13794166666663,4,4,FIELD INSPECTION
702,21.933262499999994,3,3,ENHANCED MONITORING
702,6.7591541666666615,2,3,ENHANCED MONITORING
702,34.467424999999984,4,4,FIELD INSPECTION
702,49.18497083333333,4,4,FIELD INSPECTION
702,20.985641666666677,3,3,ENHANCED MONITORING
702,38.998554166666686,4,4,FIELD INSPECTION
705,21.852095833333326,3,3,ENHANCED MONITORING
705,13.694845833333332,3,3,ENHANCED MONITORING
705,34.068693749999994,4,4,FIELD INSPECTION
705,59.022370833333326,4,4,FIELD INSPECTION
705,15.314120833333336,3,3,ENHANCED MONITORING
705,34.39741874999999,4,4,FIELD INSPECTION
705,3.7641041666666624,2,3,ENHANCED MONITORING
705,17.013547916666663,3,3,ENHANCED MONITORING
705,39.054356250000005,4,4,FIELD INSPECTION
705,42.991954166666666,4,4,FIELD INSPECTION
705,58.12142083333333,4,4,FIELD INSPECTION
705,43.47591041666666,4,4,FIELD INSPECTION
705,19.25780625,3,3,ENHANCED MONITORING
705,18.187420833333334,3,3,ENHANCED MONITORING
705,3.240579166666674,2,3,ENHANCED MONITORING
705,20.89432916666666,3,3,ENHANCED MONITORING
705,33.97332291666667,4,4,FIELD INSPECTION
705,23.025968750000008,3,3,ENHANCED MONITORING
705,22.835227083333326,3,3,ENHANCED MONITORING
705,43.128922916666674,4,4,FIELD INSPECTION
705,0.6544062500000033,1,3,ENHANCED MONITORING
705,20.429650000000006,3,3,ENHANCED MONITORING
705,29.770918750000003,3,3,ENHANCED MONITORING
705,3.0721583333333293,2,3,ENHANCED MONITORING
705,15.08786875,3,3,ENHANCED MONITORING
705,1.1058958333333315,1,3,ENHANCED MONITORING
705,52.00957083333333,4,4,FIELD INSPECTION
705,19.21620833333334,3,3,ENHANCED MONITORING
705,42.63482083333334,4,4,FIELD INSPECTION
705,81.97427500000002,4,4,FIELD INSPECTION
705,3.2537687499999968,2,3,ENHANCED MONITORING
705,48.13792083333334,4,4,FIELD INSPECTION
705,86.46279166666666,4,4,FIELD INSPECTION
705,45.02517916666667,4,4,FIELD INSPECTION
705,50.872222916666665,4,4,FIELD INSPECTION
705,16.146079166666667,3,3,ENHANCED MONITORING
705,7.061499999999998,2,3,ENHANCED MONITORING
705,3.429291666666663,2,3,ENHANCED MONITORING
705,26.17726458333333,3,3,ENHANCED MONITORING
705,3.9710791666666645,2,3,ENHANCED MONITORING
705,30.875799999999998,4,4,FIELD INSPECTION
705,7.802145833333327,3,3,ENHANCED MONITORING
705,47.04724375000001,4,4,FIELD INSPECTION
705,42.405525000000004,4,4,FIELD INSPECTION
705,3.347110416666671,2,3,ENHANCED MONITORING
705,3.3988541666666734,2,3,ENHANCED MONITORING
705,27.12488541666666,3,3,ENHANCED MONITORING
705,24.43218125,3,3,ENHANCED MONITORING
705,14.066183333333335,3,3,ENHANCED MONITORING
705,34.14275833333331,4,4,FIELD INSPECTION
705,13.282925000000006,3,3,ENHANCED MONITORING
705,29.898756249999995,3,4,FIELD INSPECTION
705,2.732272916666716,2,3,ENHANCED MONITORING
705,0.11667708333335014,1,3,ENHANCED MONITORING
705,35.28517916666669,4,4,FIELD INSPECTION
705,28.438770833333308,3,4,FIELD INSPECTION
705,45.380283333333324,4,4,FIELD INSPECTION
705,59.93549583333333,4,4,FIELD INSPECTION
705,12.085716666666647,4,3,ENHANCED MONITORING
705,30.147329166666655,4,4,FIELD INSPECTION
705,21.29407500000001,3,3,ENHANCED MONITORING
705,41.01351666666667,4,4,FIELD INSPECTION
705,4.480400000000011,2,3,ENHANCED MONITORING
705,25.66084166666666,3,3,ENHANCED MONITORING
705,35.53070833333336,4,4,FIELD INSPECTION
705,8.281029166666647,2,3,ENHANCED MONITORING
705,43.86449583333337,5,5,REINFORCE / ALARM
705,98.30906666666665,4,5,REINFORCE / ALARM
705,39.56063333333334,4,4,FIELD INSPECTION
705,82.33749583333334,4,4,FIELD INSPECTION
705,122.79907916666663,5,5,REINFORCE / ALARM
705,85.70185416666668,4,4,FIELD INSPECTION
705,11.82598333333332,3,3,ENHANCED MONITORING
705,93.28282083333333,4,5,REINFORCE / ALARM
705,96.58630416666666,4,4,FIELD INSPECTION
705,41.731841666666654,4,4,FIELD INSPECTION
705,35.891900000000014,4,4,FIELD INSPECTION
705,4.920729166666665,2,3,ENHANCED MONITORING
705,72.66445833333333,4,4,FIELD INSPECTION
705,44.941983333333305,4,4,FIELD INSPECTION
709,11.731627083333334,3,3,ENHANCED MONITORING
709,4.750279166666667,2,3,ENHANCED MONITORING
709,23.55558125,3,3,ENHANCED MONITORING
709,65.59687083333334,4,4,FIELD INSPECTION
709,55.56923645833333,4,4,FIELD INSPECTION
709,2.0712718749999985,2,3,ENHANCED MONITORING
709,21.52895104166667,3,3,ENHANCED MONITORING
709,47.61946875,4,4,FIELD INSPECTION
709,35.11675833333334,4,4,FIELD INSPECTION
709,33.38385,4,4,FIELD INSPECTION
709,46.039762499999995,4,4,FIELD INSPECTION
709,9.52896666666667,2,3,ENHANCED MONITORING
709,24.24448333333333,3,3,ENHANCED MONITORING
709,17.611137499999987,3,3,ENHANCED MONITORING
709,22.71043333333333,3,3,ENHANCED MONITORING
709,16.51437291666667,3,3,ENHANCED MONITORING
709,31.283662500000005,4,3,ENHANCED MONITORING
709,73.96718333333334,4,4,FIELD INSPECTION
709,5.205827083333323,3,3,ENHANCED MONITORING
709,86.42017916666664,4,4,FIELD INSPECTION
709,127.90141874999999,5,5,REINFORCE / ALARM
709,95.23792291666666,4,5,REINFORCE / ALARM
709,17.484314583333337,3,3,ENHANCED MONITORING
709,6.574499999999998,2,3,ENHANCED MONITORING
709,3.034618749999995,2,3,ENHANCED MONITORING
709,24.506245833333328,3,3,ENHANCED MONITORING
709,38.63026041666666,4,4,FIELD INSPECTION
709,49.610081250000015,4,4,FIELD INSPECTION
709,5.382364583333332,2,3,ENHANCED MONITORING
709,29.625833333333357,3,3,ENHANCED MONITORING
709,40.04154583333334,4,4,FIELD INSPECTION
709,77.92405833333332,4,4,FIELD INSPECTION
709,74.75145625,4,4,FIELD INSPECTION
709,49.05104583333332,4,4,FIELD INSPECTION
709,73.24784375,4,4,FIELD INSPECTION
709,25.939852083333324,3,3,ENHANCED MONITORING
709,33.77446458333334,4,4,FIELD INSPECTION
709,112.29053229166668,5,5,REINFORCE / ALARM
709,100.59644479166666,5,4,FIELD INSPECTION
709,52.619842708333344,4,4,FIELD INSPECTION
709,11.56929375,3,3,ENHANCED MONITORING
709,13.927185416666667,3,3,ENHANCED MONITORING
709,13.527946874999992,3,3,ENHANCED MONITORING
709,26.64549479166666,3,3,ENHANCED MONITORING
709,9.058707291666659,2,3,ENHANCED MONITORING
709,91.811675,5,5,REINFORCE / ALARM
709,60.38495625000001,4,4,FIELD INSPECTION
709,160.13980416666666,5,5,REINFORCE / ALARM
709,71.01271666666668,4,4,FIELD INSPECTION
709,106.34152291666668,5,5,REINFORCE / ALARM
709,31.4115,4,4,FIELD INSPECTION
709,47.733102083333335,4,4,FIELD INSPECTION
709,51.48706041666666,4,4,FIELD INSPECTION
709,42.071727083333336,5,5,REINFORCE / ALARM
709,51.33791666666667,4,4,FIELD INSPECTION
709,101.72821249999998,5,5,REINFORCE / ALARM
709,9.693329166666667,2,3,ENHANCED MONITORING
709,18.368016666666673,3,3,ENHANCED MONITORING
709,19.946708333333333,3,3,ENHANCED MONITORING
709,12.765487499999997,3,3,ENHANCED MONITORING
709,73.65672083333335,5,5,REINFORCE / ALARM
709,6.777416666666653,3,3,ENHANCED MONITORING
709,11.347099999999996,3,3,ENHANCED MONITORING
709,22.817979166666657,4,5,REINFORCE / ALARM
709,151.00652499999998,5,5,REINFORCE / ALARM
709,84.26723333333332,5,5,REINFORCE / ALARM
709,107.11362083333331,5,5,REINFORCE / ALARM
709,70.47092916666666,5,5,REINFORCE / ALARM
709,27.41201249999999,3,3,ENHANCED MONITORING
709,167.5685833333333,5,5,REINFORCE / ALARM
709,77.63794583333332,4,4,FIELD INSPECTION
709,36.51383958333332,4,4,FIELD INSPECTION
709,23.93300625000001,3,3,ENHANCED MONITORING
709,122.75545208333335,5,5,REINFORCE / ALARM
709,71.02489166666668,5,5,REINFORCE / ALARM
709,35.492154166666666,4,4,FIELD INSPECTION
709,155.58838333333333,5,5,REINFORCE / ALARM
709,76.38189166666666,4,5,REINFORCE / ALARM
709,15.468337499999985,3,3,ENHANCED MONITORING
709,56.13689583333331,4,4,FIELD INSPECTION
711,18.658187500000004,3,3,ENHANCED MONITORING
711,20.491539583333335,3,3,ENHANCED MONITORING
711,4.7523083333333345,2,3,ENHANCED MONITORING
711,29.11549791666667,3,3,ENHANCED MONITORING
711,39.2461125,4,4,FIELD INSPECTION
711,17.163706250000004,3,3,ENHANCED MONITORING
711,7.442983333333334,2,3,ENHANCED MONITORING
711,24.080628125,3,3,ENHANCED MONITORING
711,83.03197812500001,5,5,REINFORCE / ALARM
711,101.105765625,5,5,REINFORCE / ALARM
711,53.387375,5,5,REINFORCE / ALARM
711,8.205950000000001,2,3,ENHANCED MONITORING
711,74.59419583333334,4,4,FIELD INSPECTION
711,15.04424166666666,3,3,ENHANCED MONITORING
711,21.658310416666676,3,3,ENHANCED MONITORING
711,2.019020833333343,2,3,ENHANCED MONITORING
711,53.84089375,4,4,FIELD INSPECTION
711,98.83563541666668,4,5,REINFORCE / ALARM
711,47.06144791666666,4,4,FIELD INSPECTION
711,30.57751250000001,4,4,FIELD INSPECTION
711,4.495618750000003,2,3,ENHANCED MONITORING
711,0.4352562500000037,1,3,ENHANCED MONITORING
711,69.34372708333332,4,4,FIELD INSPECTION
711,88.64313125000001,4,4,FIELD INSPECTION
711,186.9288625,5,5,REINFORCE / ALARM
711,151.39815416666667,5,5,REINFORCE / ALARM
711,132.4315333333333,5,5,REINFORCE / ALARM
711,23.59413541666669,3,3,ENHANCED MONITORING
711,73.49844583333332,4,4,FIELD INSPECTION
711,51.689977083333325,4,4,FIELD INSPECTION
711,119.43674999999998,5,5,REINFORCE / ALARM
711,66.35273541666665,4,4,FIELD INSPECTION
711,133.36190624999998,5,5,REINFORCE / ALARM
711,54.43442500000001,4,4,FIELD INSPECTION
711,87.64173750000002,4,4,FIELD INSPECTION
711,15.654006249999995,3,3,ENHANCED MONITORING
711,11.90207708333333,3,3,ENHANCED MONITORING
711,77.52837083333333,4,4,FIELD INSPECTION
711,43.820868749999995,4,4,FIELD INSPECTION
711,119.66908958333333,5,5,REINFORCE / ALARM
711,64.77201458333332,5,5,REINFORCE / ALARM
711,135.32613958333332,5,5,REINFORCE / ALARM
711,31.049801041666672,4,4,FIELD INSPECTION
711,131.479346875,5,5,REINFORCE / ALARM
711,16.101944791666664,4,3,ENHANCED MONITORING
711,25.572572916666655,3,3,ENHANCED MONITORING
711,72.37733124999997,4,5,REINFORCE / ALARM
711,44.3575833333333,4,4,FIELD INSPECTION
711,35.77116458333338,4,4,FIELD INSPECTION
711,19.694077083333315,3,3,ENHANCED MONITORING
711,4.36473749999999,3,3,ENHANCED MONITORING
711,12.247035416666632,3,3,ENHANCED MONITORING
711,87.78682291666672,5,5,REINFORCE / ALARM
711,24.53769791666669,4,5,REINFORCE / ALARM
711,38.584604166666715,4,4,FIELD INSPECTION
711,74.20459583333334,4,5,REINFORCE / ALARM
711,29.30116666666665,3,4,FIELD INSPECTION
711,9.991616666666667,2,3,ENHANCED MONITORING
711,58.36897916666666,5,5,REINFORCE / ALARM
711,15.73415833333335,4,3,ENHANCED MONITORING
711,133.79310416666664,5,5,REINFORCE / ALARM
711,97.8829416666667,4,4,FIELD INSPECTION
711,122.36686666666668,5,5,REINFORCE / ALARM
711,28.32513750000002,3,3,ENHANCED MONITORING
711,17.479241666666663,3,3,ENHANCED MONITORING
711,46.83316666666666,4,4,FIELD INSPECTION
711,226.4286208333333,5,5,REINFORCE / ALARM
711,178.66000833333337,5,5,REINFORCE / ALARM
711,50.45522916666672,5,5,REINFORCE / ALARM
711,6.343174999999917,3,5,REINFORCE / ALARM
711,13.502074999999934,3,3,ENHANCED MONITORING
711,63.40131250000002,4,4,FIELD INSPECTION
711,63.86599166666668,4,4,FIELD INSPECTION
711,41.57762500000002,4,4,FIELD INSPECTION
711,159.37785208333335,5,5,REINFORCE / ALARM
711,79.84669375000006,5,5,REINFORCE / ALARM
711,47.712810416666635,4,5,REINFORCE / ALARM
711,5.7384833333332965,3,3,ENHANCED MONITORING
711,20.999845833333342,4,5,REINFORCE / ALARM
711,33.840412500000006,4,4,FIELD INSPECTION
724,12.608227083333327,3,3,ENHANCED MONITORING
724,37.42594999999999,4,4,FIELD INSPECTION
724,2.0332249999999923,2,3,ENHANCED MONITORING
724,72.61677291666668,4,4,FIELD INSPECTION
724,81.70743958333334,4,4,FIELD INSPECTION
724,34.58613125,4,4,FIELD INSPECTION
724,7.841714583333341,2,3,ENHANCED MONITORING
724,23.805168750000004,3,3,ENHANCED MONITORING
724,34.815427083333326,4,4,FIELD INSPECTION
724,30.456777083333336,4,4,FIELD INSPECTION
724,59.48705000000001,4,4,FIELD INSPECTION
724,2.030181249999989,2,3,ENHANCED MONITORING
724,43.363291666666676,4,4,FIELD INSPECTION
724,88.98301666666667,4,5,REINFORCE / ALARM
724,85.46342708333331,5,5,REINFORCE / ALARM
724,64.91608541666665,4,4,FIELD INSPECTION
724,11.889902083333345,3,3,ENHANCED MONITORING
724,70.17264166666666,4,4,FIELD INSPECTION
724,0.6270125000000158,1,3,ENHANCED MONITORING
724,21.452349999999996,3,3,ENHANCED MONITORING
724,36.12728333333332,4,4,FIELD INSPECTION
724,35.87160833333335,4,4,FIELD INSPECTION
724,58.39840208333333,4,4,FIELD INSPECTION
724,49.509637500000004,4,4,FIELD INSPECTION
724,10.326429166666678,3,3,ENHANCED MONITORING
724,22.624193750000007,3,3,ENHANCED MONITORING
724,30.729700000000005,4,4,FIELD INSPECTION
724,11.846275,3,3,ENHANCED MONITORING
724,15.582985416666686,3,3,ENHANCED MONITORING
724,15.84170416666666,3,3,ENHANCED MONITORING
724,42.43697708333334,4,4,FIELD INSPECTION
724,62.41818125,4,4,FIELD INSPECTION
724,18.16002708333332,4,5,REINFORCE / ALARM
724,52.180020833333295,4,4,FIELD INSPECTION
724,104.69789791666669,5,5,REINFORCE / ALARM
724,10.533404166666664,3,3,ENHANCED MONITORING
724,23.276570833333334,3,3,ENHANCED MONITORING
724,38.08796562500003,4,4,FIELD INSPECTION
724,15.079244791666687,3,3,ENHANCED MONITORING
724,50.872730208333316,4,4,FIELD INSPECTION
724,22.545056249999973,3,3,ENHANCED MONITORING
724,6.69422083333334,2,3,ENHANCED MONITORING
724,47.649906249999994,4,4,FIELD INSPECTION
724,40.828862499999985,4,4,FIELD INSPECTION
724,41.80184791666665,4,4,FIELD INSPECTION
724,80.69285624999999,4,4,FIELD INSPECTION
724,34.99297916666665,4,4,FIELD INSPECTION
724,29.15202291666667,3,4,FIELD INSPECTION
724,9.01355833333334,2,3,ENHANCED MONITORING
724,0.03551041666662277,1,3,ENHANCED MONITORING
724,20.25514166666668,3,3,ENHANCED MONITORING
724,55.155793749999994,4,4,FIELD INSPECTION
724,7.963464583333376,2,3,ENHANCED MONITORING
724,14.996556250000019,3,3,ENHANCED MONITORING
724,3.086362500000019,2,3,ENHANCED MONITORING
724,46.723591666666636,5,5,REINFORCE / ALARM
724,8.408866666666682,3,3,ENHANCED MONITORING
724,53.56188333333338,4,4,FIELD INSPECTION
724,80.45848749999999,4,4,FIELD INSPECTION
724,18.79414166666662,3,3,ENHANCED MONITORING
724,14.003279166666681,3,3,ENHANCED MONITORING
724,14.916404166666723,3,3,ENHANCED MONITORING
724,64.7770875,4,4,FIELD INSPECTION
724,63.43377916666668,5,5,REINFORCE / ALARM
724,117.91284583333334,5,5,REINFORCE / ALARM
724,4.620412499999968,3,3,ENHANCED MONITORING
724,147.13893333333334,5,5,REINFORCE / ALARM
724,36.85778333333336,4,4,FIELD INSPECTION
724,24.930341666666678,3,3,ENHANCED MONITORING
724,59.113683333333334,4,4,FIELD INSPECTION
724,23.988808333333328,3,3,ENHANCED MONITORING
724,43.23139583333332,4,4,FIELD INSPECTION
724,13.526425000000012,3,3,ENHANCED MONITORING
724,29.8977416666667,3,4,FIELD INSPECTION
724,4.465181250000012,2,3,ENHANCED MONITORING
724,97.15548541666664,5,5,REINFORCE / ALARM
724,36.49151874999999,5,5,REINFORCE / ALARM
724,57.94082499999999,4,4,FIELD INSPECTION
724,23.554566666666716,4,5,REINFORCE / ALARM
724,97.79162916666671,4,5,REINFORCE / ALARM
734,56.39054166666667,4,4,FIELD INSPECTION
734,59.873606250000016,4,4,FIELD INSPECTION
734,14.008352083333335,4,3,ENHANCED MONITORING
734,12.89535416666667,3,3,ENHANCED MONITORING
734,27.506368750000018,3,3,ENHANCED MONITORING
734,28.91258125,3,3,ENHANCED MONITORING
734,11.831056250000003,3,3,ENHANCED MONITORING
734,50.09048645833334,4,4,FIELD INSPECTION
734,18.957996875000006,3,3,ENHANCED MONITORING
734,2.7895968749999973,2,3,ENHANCED MONITORING
734,4.275454166666672,2,3,ENHANCED MONITORING
734,10.71501458333333,3,3,ENHANCED MONITORING
734,18.648041666666668,3,3,ENHANCED MONITORING
734,15.424710416666665,3,3,ENHANCED MONITORING
734,21.769914583333332,3,3,ENHANCED MONITORING
734,19.569283333333335,3,3,ENHANCED MONITORING
734,6.773358333333334,2,3,ENHANCED MONITORING
734,15.665166666666673,3,3,ENHANCED MONITORING
734,19.006189583333335,3,3,ENHANCED MONITORING
734,36.806039583333344,4,4,FIELD INSPECTION
734,2.6698760416666687,2,3,ENHANCED MONITORING
734,2.9722218750000002,2,3,ENHANCED MONITORING
734,4.303355208333332,2,3,ENHANCED MONITORING
734,31.692539583333332,4,4,FIELD INSPECTION
734,40.8897375,4,4,FIELD INSPECTION
734,71.20650208333335,4,4,FIELD INSPECTION
734,17.265164583333338,3,3,ENHANCED MONITORING
734,1.668989583333336,1,3,ENHANCED MONITORING
734,25.402122916666666,3,3,ENHANCED MONITORING
734,28.211504166666668,3,3,ENHANCED MONITORING
734,31.960389583333335,4,4,FIELD INSPECTION
734,18.382220833333335,3,3,ENHANCED MONITORING
734,46.79562708333333,4,4,FIELD INSPECTION
734,3.150281250000006,3,3,ENHANCED MONITORING
734,15.577912499999995,3,3,ENHANCED MONITORING
734,64.23935833333333,4,4,FIELD INSPECTION
734,36.916629166666674,4,4,FIELD INSPECTION
734,59.05635937500001,4,4,FIELD INSPECTION
734,47.70215729166666,4,4,FIELD INSPECTION
734,33.419867708333335,4,4,FIELD INSPECTION
734,30.980302083333328,4,4,FIELD INSPECTION
734,19.243602083333343,3,3,ENHANCED MONITORING
734,15.829021874999993,3,3,ENHANCED MONITORING
734,60.17240104166667,4,4,FIELD INSPECTION
734,112.33517395833333,5,5,REINFORCE / ALARM
734,109.30106249999999,5,5,REINFORCE / ALARM
734,6.743935416666663,2,3,ENHANCED MONITORING
734,81.25696458333334,4,4,FIELD INSPECTION
734,66.12242499999995,4,4,FIELD INSPECTION
734,70.54093541666667,4,4,FIELD INSPECTION
734,14.63029166666667,3,3,ENHANCED MONITORING
734,25.75012500000004,3,3,ENHANCED MONITORING
734,22.525779166666684,3,3,ENHANCED MONITORING
734,39.990816666666674,5,5,REINFORCE / ALARM
734,52.20842916666669,5,5,REINFORCE / ALARM
734,12.400237499999989,3,3,ENHANCED MONITORING
734,166.46877500000005,5,5,REINFORCE / ALARM
734,24.905991666666647,4,5,REINFORCE / ALARM
734,26.50903333333333,3,3,ENHANCED MONITORING
734,131.41492083333338,5,5,REINFORCE / ALARM
734,85.74243750000001,4,4,FIELD INSPECTION
734,34.613525,5,5,REINFORCE / ALARM
734,20.88824166666666,4,5,REINFORCE / ALARM
734,2.952437499999976,2,3,ENHANCED MONITORING
734,45.4411583333333,4,4,FIELD INSPECTION
734,45.22809583333333,4,4,FIELD INSPECTION
734,20.823308333333326,4,3,ENHANCED MONITORING
734,19.110691666666636,3,3,ENHANCED MONITORING
734,4.585916666666654,2,3,ENHANCED MONITORING
734,76.75931666666663,4,4,FIELD INSPECTION
734,41.546172916666656,4,4,FIELD INSPECTION
734,16.341893749999993,3,3,ENHANCED MONITORING
734,76.11302708333335,5,5,REINFORCE / ALARM
734,29.834837500000024,3,4,FIELD INSPECTION
734,74.33547708333334,4,4,FIELD INSPECTION
734,21.964714583333347,3,3,ENHANCED MONITORING
734,59.291235416666666,4,4,FIELD INSPECTION
734,56.80449166666667,4,4,FIELD INSPECTION
734,19.956854166666687,4,3,ENHANCED MONITORING
734,46.20006666666666,4,4,FIELD INSPECTION
735,1.9713354166666666,1,3,ENHANCED MONITORING
735,32.66755416666667,4,4,FIELD INSPECTION
735,38.71751458333333,4,4,FIELD INSPECTION
735,45.154031249999996,4,4,FIELD INSPECTION
735,12.225729166666667,3,3,ENHANCED MONITORING
735,21.08405625,3,3,ENHANCED MONITORING
735,40.999312499999995,4,4,FIELD INSPECTION
735,73.29857291666666,4,4,FIELD INSPECTION
735,23.659068750000007,3,3,ENHANCED MONITORING
735,4.718827083333321,2,3,ENHANCED MONITORING
735,26.14073958333333,3,3,ENHANCED MONITORING
735,46.01541249999999,4,4,FIELD INSPECTION
735,68.84962499999999,4,4,FIELD INSPECTION
735,9.935814583333334,2,3,ENHANCED MONITORING
735,11.602774999999996,3,3,ENHANCED MONITORING
735,20.014685416666666,3,3,ENHANCED MONITORING
735,48.45954374999999,5,5,REINFORCE / ALARM
735,34.38017083333334,4,4,FIELD INSPECTION
735,53.55782499999998,4,4,FIELD INSPECTION
735,26.093054166666665,3,3,ENHANCED MONITORING
735,4.381985416666684,2,3,ENHANCED MONITORING
735,16.559014583333337,3,3,ENHANCED MONITORING
735,8.218124999999995,2,3,ENHANCED MONITORING
735,34.84383541666666,4,4,FIELD INSPECTION
735,41.05004166666668,4,4,FIELD INSPECTION
735,59.091362500000024,4,4,FIELD INSPECTION
735,34.13667083333336,4,4,FIELD INSPECTION
735,22.163572916666666,3,3,ENHANCED MONITORING
735,3.7580166666666677,2,3,ENHANCED MONITORING
735,18.591224999999998,3,3,ENHANCED MONITORING
735,27.32171458333335,3,3,ENHANCED MONITORING
735,42.76062916666668,4,4,FIELD INSPECTION
735,90.03919791666668,4,4,FIELD INSPECTION
735,58.938160416666655,4,4,FIELD INSPECTION
735,33.4995125,4,4,FIELD INSPECTION
735,17.02065,3,3,ENHANCED MONITORING
735,13.986031250000005,3,3,ENHANCED MONITORING
735,9.89269479166667,2,3,ENHANCED MONITORING
735,8.324148958333334,2,3,ENHANCED MONITORING
735,10.429409375000015,3,3,ENHANCED MONITORING
735,6.32186874999999,2,3,ENHANCED MONITORING
735,5.21698749999999,2,3,ENHANCED MONITORING
735,5.420411458333324,2,3,ENHANCED MONITORING
735,23.124890625000003,3,3,ENHANCED MONITORING
735,37.260065625,4,4,FIELD INSPECTION
735,57.26714166666668,4,4,FIELD INSPECTION
735,45.213891666666655,4,4,FIELD INSPECTION
735,13.210889583333348,3,3,ENHANCED MONITORING
735,5.041464583333355,2,3,ENHANCED MONITORING
735,46.53487916666666,4,5,REINFORCE / ALARM
735,14.859587499999977,3,3,ENHANCED MONITORING
735,92.57768541666671,4,4,FIELD INSPECTION
735,29.480747916666672,4,5,REINFORCE / ALARM
735,36.875031250000006,4,4,FIELD INSPECTION
735,9.009499999999994,3,3,ENHANCED MONITORING
735,129.92754166666666,5,5,REINFORCE / ALARM
735,164.73992500000003,5,5,REINFORCE / ALARM
735,80.79532916666666,4,4,FIELD INSPECTION
735,51.73766249999999,4,4,FIELD INSPECTION
735,35.800587500000006,5,5,REINFORCE / ALARM
735,79.05633333333331,4,4,FIELD INSPECTION
735,86.819925,5,5,REINFORCE / ALARM
735,55.34957916666667,4,4,FIELD INSPECTION
735,19.61189583333333,3,3,ENHANCED MONITORING
735,34.82861666666667,4,4,FIELD INSPECTION
735,45.38028333333336,4,4,FIELD INSPECTION
735,41.969254166666694,5,5,REINFORCE / ALARM
735,9.07443333333334,3,3,ENHANCED MONITORING
735,34.9097833333333,4,5,REINFORCE / ALARM
735,78.3278625,5,5,REINFORCE / ALARM
735,8.018252083333314,2,3,ENHANCED MONITORING
735,48.557958333333325,4,4,FIELD INSPECTION
735,64.41589583333334,5,5,REINFORCE / ALARM
735,30.38372708333335,4,5,REINFORCE / ALARM
735,15.933016666666658,3,3,ENHANCED MONITORING
735,15.107145833333325,3,3,ENHANCED MONITORING
735,89.14332083333333,4,4,FIELD INSPECTION
735,130.92792083333333,5,5,REINFORCE / ALARM
735,55.61945833333332,5,5,REINFORCE / ALARM
735,129.3532875,5,5,REINFORCE / ALARM
739,5.100310416666672,2,3,ENHANCED MONITORING
739,90.74636249999999,4,5,REINFORCE / ALARM
739,48.030375000000014,4,4,FIELD INSPECTION
739,34.27363958333334,4,4,FIELD INSPECTION
739,16.582349999999995,3,3,ENHANCED MONITORING
739,1.7055145833333238,1,3,ENHANCED MONITORING
739,32.498118749999996,4,4,FIELD INSPECTION
739,8.066444791666656,2,3,ENHANCED MONITORING
739,52.39054687500001,4,4,FIELD INSPECTION
739,16.486471875000003,3,3,ENHANCED MONITORING
739,12.700554166666672,3,3,ENHANCED MONITORING
739,22.406058333333345,3,3,ENHANCED MONITORING
739,29.625833333333343,3,3,ENHANCED MONITORING
739,25.337189583333316,3,3,ENHANCED MONITORING
739,9.365618749999992,2,3,ENHANCED MONITORING
739,49.39498958333332,4,4,FIELD INSPECTION
739,5.029289583333328,2,3,ENHANCED MONITORING
739,25.980435416666655,3,3,ENHANCED MONITORING
739,32.78828958333333,4,4,FIELD INSPECTION
739,4.722885416666675,2,3,ENHANCED MONITORING
739,27.87466249999999,3,3,ENHANCED MONITORING
739,5.838927083333327,2,3,ENHANCED MONITORING
739,32.65436458333333,4,4,FIELD INSPECTION
739,28.59704583333333,3,3,ENHANCED MONITORING
739,22.06008541666667,3,3,ENHANCED MONITORING
739,40.541735416666675,4,4,FIELD INSPECTION
739,8.001004166666675,2,3,ENHANCED MONITORING
739,9.529981249999993,2,3,ENHANCED MONITORING
739,17.347345833333325,3,3,ENHANCED MONITORING
739,26.92196875,3,3,ENHANCED MONITORING
739,48.88668333333334,4,4,FIELD INSPECTION
739,51.68490416666666,4,4,FIELD INSPECTION
739,15.056416666666678,3,3,ENHANCED MONITORING
739,50.130562499999996,4,4,FIELD INSPECTION
739,63.17303124999999,4,4,FIELD INSPECTION
739,0.8563083333333404,1,3,ENHANCED MONITORING
739,49.13018333333333,4,4,FIELD INSPECTION
739,68.55438125,4,4,FIELD INSPECTION
739,59.145135416666676,4,4,FIELD INSPECTION
739,12.169927083333329,3,3,ENHANCED MONITORING
739,18.604414583333334,3,3,ENHANCED MONITORING
739,32.39666041666666,4,4,FIELD INSPECTION
739,31.569774999999993,4,4,FIELD INSPECTION
739,39.76152083333333,4,4,FIELD INSPECTION
739,8.931377083333336,2,3,ENHANCED MONITORING
739,6.778431250000007,2,3,ENHANCED MONITORING
739,8.334802083333324,2,3,ENHANCED MONITORING
739,28.713722916666665,3,4,FIELD INSPECTION
739,43.266906250000005,4,4,FIELD INSPECTION
739,25.61315625,3,3,ENHANCED MONITORING
739,17.850579166666662,3,3,ENHANCED MONITORING
739,8.950654166666672,2,3,ENHANCED MONITORING
739,26.94327499999999,3,3,ENHANCED MONITORING
739,29.209854166666656,3,4,FIELD INSPECTION
739,18.913862500000004,3,3,ENHANCED MONITORING
739,28.0938125,3,3,ENHANCED MONITORING
739,7.199483333333333,2,3,ENHANCED MONITORING
739,24.15925833333333,3,3,ENHANCED MONITORING
739,37.06881666666667,5,5,REINFORCE / ALARM
739,13.414820833333337,3,3,ENHANCED MONITORING
739,102.11172499999999,5,5,REINFORCE / ALARM
739,0.63107083333333,1,3,ENHANCED MONITORING
739,96.06683749999998,4,5,REINFORCE / ALARM
739,43.91116666666665,5,5,REINFORCE / ALARM
739,56.069933333333346,4,5,REINFORCE / ALARM
739,51.975074999999975,4,4,FIELD INSPECTION
739,66.60739583333334,4,4,FIELD INSPECTION
739,11.706262500000003,3,3,ENHANCED MONITORING
739,2.8164833333333283,2,3,ENHANCED MONITORING
739,18.585137500000016,3,3,ENHANCED MONITORING
739,26.78601458333334,3,3,ENHANCED MONITORING
739,32.14301458333332,4,4,FIELD INSPECTION
739,37.739456249999996,4,4,FIELD INSPECTION
739,152.33360000000002,5,5,REINFORCE / ALARM
739,73.77035416666666,5,5,REINFORCE / ALARM
739,28.215562500000022,3,3,ENHANCED MONITORING
739,23.633704166666657,4,3,ENHANCED MONITORING
739,15.275566666666677,3,3,ENHANCED MONITORING
739,6.450720833333335,2,3,ENHANCED MONITORING
739,42.1031791666667,4,4,FIELD INSPECTION
744,22.86769375,3,3,ENHANCED MONITORING
744,29.631920833333336,3,3,ENHANCED MONITORING
744,32.636102083333334,4,4,FIELD INSPECTION
744,89.42233125000001,4,5,REINFORCE / ALARM
744,45.053080208333334,4,4,FIELD INSPECTION
744,30.076815625,4,3,ENHANCED MONITORING
744,35.25626354166667,4,4,FIELD INSPECTION
744,41.15505104166667,4,4,FIELD INSPECTION
744,33.20781979166666,4,4,FIELD INSPECTION
744,14.932130208333328,3,3,ENHANCED MONITORING
744,3.171587499999999,2,3,ENHANCED MONITORING
744,11.668722916666667,3,3,ENHANCED MONITORING
744,31.65398541666667,4,4,FIELD INSPECTION
744,36.25309166666668,4,4,FIELD INSPECTION
744,15.28875625,3,3,ENHANCED MONITORING
744,6.144316666666666,2,3,ENHANCED MONITORING
744,21.241316666666673,3,3,ENHANCED MONITORING
744,23.166995833333342,3,3,ENHANCED MONITORING
744,20.62343541666667,3,3,ENHANCED MONITORING
744,27.17054166666667,3,3,ENHANCED MONITORING
744,17.490402083333333,3,3,ENHANCED MONITORING
744,6.7966937500000055,2,3,ENHANCED MONITORING
744,11.164474999999998,3,3,ENHANCED MONITORING
744,3.0924500000000017,2,3,ENHANCED MONITORING
744,32.81771249999999,4,4,FIELD INSPECTION
744,26.353802083333324,3,3,ENHANCED MONITORING
744,15.619510416666671,3,3,ENHANCED MONITORING
744,2.66835416666666,2,3,ENHANCED MONITORING
744,23.502822916666656,3,3,ENHANCED MONITORING
744,4.864927083333324,2,3,ENHANCED MONITORING
744,48.190679166666655,4,4,FIELD INSPECTION
744,31.247137499999997,4,4,FIELD INSPECTION
744,31.714860416666667,4,4,FIELD INSPECTION
744,29.851070833333335,3,3,ENHANCED MONITORING
744,10.276714583333332,3,3,ENHANCED MONITORING
744,12.019768750000003,3,3,ENHANCED MONITORING
744,4.566639583333335,2,3,ENHANCED MONITORING
744,0.42612500000000136,1,3,ENHANCED MONITORING
744,8.597579166666671,2,3,ENHANCED MONITORING
744,62.55413541666667,4,4,FIELD INSPECTION
744,51.63113125000001,4,4,FIELD INSPECTION
744,17.476197916666667,3,3,ENHANCED MONITORING
744,38.60591041666668,4,4,FIELD INSPECTION
744,35.21923125,4,4,FIELD INSPECTION
744,26.211760416666667,3,3,ENHANCED MONITORING
744,9.05718541666667,2,3,ENHANCED MONITORING
744,22.165602083333326,3,3,ENHANCED MONITORING
744,10.359910416666672,3,3,ENHANCED MONITORING
744,49.03988541666666,4,4,FIELD INSPECTION
744,65.8931291666667,4,4,FIELD INSPECTION
744,8.088258333333338,3,3,ENHANCED MONITORING
744,6.206206249999994,2,3,ENHANCED MONITORING
744,71.94917708333335,4,4,FIELD INSPECTION
744,6.260993750000002,2,3,ENHANCED MONITORING
744,41.778512499999984,4,4,FIELD INSPECTION
744,68.33624583333334,4,4,FIELD INSPECTION
744,26.73630000000001,3,3,ENHANCED MONITORING
744,50.19346666666666,4,4,FIELD INSPECTION
744,55.091874999999995,4,4,FIELD INSPECTION
744,1.7004416666666298,1,3,ENHANCED MONITORING
744,74.94118333333333,5,5,REINFORCE / ALARM
744,28.250058333333318,4,5,REINFORCE / ALARM
744,107.51133749999997,5,5,REINFORCE / ALARM
744,68.46002500000002,5,5,REINFORCE / ALARM
744,84.68321249999998,4,4,FIELD INSPECTION
744,98.03107083333335,4,5,REINFORCE / ALARM
744,8.463654166666656,2,3,ENHANCED MONITORING
744,62.938662499999985,4,4,FIELD INSPECTION
744,25.96521666666669,3,3,ENHANCED MONITORING
744,23.627616666666658,3,3,ENHANCED MONITORING
744,15.809237499999986,3,3,ENHANCED MONITORING
744,2.3873145833333482,2,3,ENHANCED MONITORING
744,12.717802083333316,3,3,ENHANCED MONITORING
744,32.65842291666669,4,4,FIELD INSPECTION
744,13.984002083333325,3,3,ENHANCED MONITORING
744,18.55774374999999,3,3,ENHANCED MONITORING
744,16.818747916666684,3,3,ENHANCED MONITORING
744,1.6091291666666656,1,3,ENHANCED MONITORING
744,15.594145833333345,3,3,ENHANCED MONITORING
744,8.08014166666665,2,3,ENHANCED MONITORING
748,2.6693687500000003,2,3,ENHANCED MONITORING
748,39.871095833333335,4,4,FIELD INSPECTION
748,22.06617291666667,3,3,ENHANCED MONITORING
748,1.1535812499999973,1,3,ENHANCED MONITORING
748,0.45199687499999835,1,3,ENHANCED MONITORING
748,6.692698958333328,2,3,ENHANCED MONITORING
748,25.434082291666673,3,3,ENHANCED MONITORING
748,30.557220833333343,4,3,ENHANCED MONITORING
748,68.85266875,4,4,FIELD INSPECTION
748,5.158141666666669,2,3,ENHANCED MONITORING
748,43.525625,4,4,FIELD INSPECTION
748,65.92762499999999,4,4,FIELD INSPECTION
748,62.474997916666666,4,4,FIELD INSPECTION
748,13.845004166666671,3,3,ENHANCED MONITORING
748,8.844122916666668,2,3,ENHANCED MONITORING
748,19.528700000000004,3,3,ENHANCED MONITORING
748,4.40329166666667,2,3,ENHANCED MONITORING
748,5.016099999999998,2,3,ENHANCED MONITORING
748,6.932647916666668,2,3,ENHANCED MONITORING
748,0.5610645833333324,1,3,ENHANCED MONITORING
748,1.7816083333333335,1,3,ENHANCED MONITORING
748,22.779425,3,3,ENHANCED MONITORING
748,1.854658333333333,1,3,ENHANCED MONITORING
748,14.502454166666661,3,3,ENHANCED MONITORING
748,10.234102083333331,3,3,ENHANCED MONITORING
748,12.723889583333332,3,3,ENHANCED MONITORING
748,40.06386666666668,4,4,FIELD INSPECTION
748,102.90107083333334,5,5,REINFORCE / ALARM
748,114.27454999999999,5,5,REINFORCE / ALARM
748,99.68179791666665,4,5,REINFORCE / ALARM
748,31.723991666666667,4,4,FIELD INSPECTION
748,37.217960416666656,4,4,FIELD INSPECTION
748,50.61959166666667,4,4,FIELD INSPECTION
748,51.16137916666665,4,4,FIELD INSPECTION
748,55.89643958333337,4,4,FIELD INSPECTION
748,1.2357625000000023,1,3,ENHANCED MONITORING
748,15.763581249999993,3,3,ENHANCED MONITORING
748,69.87638333333335,4,4,FIELD INSPECTION
748,32.247516666666655,4,4,FIELD INSPECTION
748,73.29755833333333,4,4,FIELD INSPECTION
748,56.132837500000015,4,4,FIELD INSPECTION
748,16.806572916666692,4,3,ENHANCED MONITORING
748,52.73246145833332,4,4,FIELD INSPECTION
748,126.33338020833334,5,5,REINFORCE / ALARM
748,117.50143229166667,5,5,REINFORCE / ALARM
748,129.79463124999998,5,5,REINFORCE / ALARM
748,14.608985416666647,4,3,ENHANCED MONITORING
748,15.789960416666668,3,3,ENHANCED MONITORING
748,57.567458333333356,4,4,FIELD INSPECTION
748,16.495095833333313,3,3,ENHANCED MONITORING
748,50.17317499999999,4,4,FIELD INSPECTION
748,29.65119791666662,3,3,ENHANCED MONITORING
748,68.7816479166667,4,4,FIELD INSPECTION
748,76.48436458333336,5,5,REINFORCE / ALARM
748,52.13334999999997,4,4,FIELD INSPECTION
748,70.31265416666666,4,5,REINFORCE / ALARM
748,84.03185000000003,4,4,FIELD INSPECTION
748,93.01294166666668,4,4,FIELD INSPECTION
748,37.13374999999997,4,4,FIELD INSPECTION
748,0.7954333333333553,1,3,ENHANCED MONITORING
748,50.234049999999996,4,4,FIELD INSPECTION
748,81.87078749999995,4,4,FIELD INSPECTION
748,68.46611249999997,4,4,FIELD INSPECTION
748,81.04085833333335,4,4,FIELD INSPECTION
748,8.412925000000001,2,3,ENHANCED MONITORING
748,4.7583958333333465,2,3,ENHANCED MONITORING
748,18.349754166666656,3,3,ENHANCED MONITORING
748,43.98421666666667,4,4,FIELD INSPECTION
748,59.712287499999974,4,4,FIELD INSPECTION
748,7.737212499999991,2,3,ENHANCED MONITORING
748,20.093822916666696,3,3,ENHANCED MONITORING
748,31.000593749999982,4,4,FIELD INSPECTION
748,3.539881249999969,2,3,ENHANCED MONITORING
748,50.23405,4,4,FIELD INSPECTION
748,64.30124791666664,4,4,FIELD INSPECTION
748,43.41300625000007,4,4,FIELD INSPECTION
748,28.803006250000028,3,3,ENHANCED MONITORING
748,40.42099999999994,4,4,FIELD INSPECTION
748,4.790862499999936,2,3,ENHANCED MONITORING
748,65.47309166666662,4,4,FIELD INSPECTION
754,20.650829166666664,3,3,ENHANCED MONITORING
754,17.255018750000005,3,3,ENHANCED MONITORING
754,70.21322500000001,5,5,REINFORCE / ALARM
754,110.16751666666669,5,5,REINFORCE / ALARM
754,115.58640625000002,5,5,REINFORCE / ALARM
754,40.971918750000015,4,4,FIELD INSPECTION
754,4.1060187500000005,2,3,ENHANCED MONITORING
754,10.303093750000002,3,3,ENHANCED MONITORING
754,15.396302083333325,3,3,ENHANCED MONITORING
754,10.852997916666668,3,3,ENHANCED MONITORING
754,5.0150854166666745,2,3,ENHANCED MONITORING
754,17.589831250000007,3,3,ENHANCED MONITORING
754,10.89865416666668,3,3,ENHANCED MONITORING
754,14.645510416666669,3,3,ENHANCED MONITORING
754,23.176127083333327,3,3,ENHANCED MONITORING
754,32.44637500000001,4,4,FIELD INSPECTION
754,46.532849999999996,4,4,FIELD INSPECTION
754,43.119791666666664,4,4,FIELD INSPECTION
754,44.73602291666666,4,4,FIELD INSPECTION
754,43.01224583333334,4,4,FIELD INSPECTION
754,30.185376041666668,4,3,ENHANCED MONITORING
754,51.317117708333335,4,4,FIELD INSPECTION
754,6.070759374999999,2,3,ENHANCED MONITORING
754,18.8042875,3,3,ENHANCED MONITORING
754,51.67272916666666,4,4,FIELD INSPECTION
754,26.579039583333337,3,3,ENHANCED MONITORING
754,54.56733541666667,4,4,FIELD INSPECTION
754,41.68821458333334,4,4,FIELD INSPECTION
754,22.286337500000002,3,3,ENHANCED MONITORING
754,11.899033333333321,3,3,ENHANCED MONITORING
754,49.433543750000005,4,4,FIELD INSPECTION
754,91.91211875,4,4,FIELD INSPECTION
754,51.94362291666669,4,4,FIELD INSPECTION
754,16.649312500000008,3,3,ENHANCED MONITORING
754,3.853387500000013,2,3,ENHANCED MONITORING
754,20.837512500000006,3,3,ENHANCED MONITORING
754,5.720220833333319,2,3,ENHANCED MONITORING
754,19.73871875,3,3,ENHANCED MONITORING
754,58.19244166666666,4,4,FIELD INSPECTION
754,0.2972729166666663,1,3,ENHANCED MONITORING
754,65.24379583333335,4,4,FIELD INSPECTION
754,28.854749999999996,3,3,ENHANCED MONITORING
754,10.305630208333339,3,3,ENHANCED MONITORING
754,22.044359375000028,3,3,ENHANCED MONITORING
754,6.493840625000004,2,3,ENHANCED MONITORING
754,6.701322916666676,2,3,ENHANCED MONITORING
754,15.072649999999998,3,3,ENHANCED MONITORING
754,7.228906250000004,2,3,ENHANCED MONITORING
754,7.5545874999999825,2,3,ENHANCED MONITORING
754,47.357706250000014,4,4,FIELD INSPECTION
754,79.19431666666665,4,4,FIELD INSPECTION
754,112.27379166666667,5,5,REINFORCE / ALARM
754,50.34565416666666,5,5,REINFORCE / ALARM
754,28.789816666666685,4,5,REINFORCE / ALARM
754,27.982208333333364,3,3,ENHANCED MONITORING
754,91.59252500000001,5,5,REINFORCE / ALARM
754,23.6519666666667,3,3,ENHANCED MONITORING
754,65.26611666666666,4,4,FIELD INSPECTION
754,5.8582041666667095,2,3,ENHANCED MONITORING
754,74.54143750000001,4,4,FIELD INSPECTION
754,24.18766666666667,3,3,ENHANCED MONITORING
754,89.39899583333329,5,5,REINFORCE / ALARM
754,51.9933375,4,4,FIELD INSPECTION
754,144.967725,5,5,REINFORCE / ALARM
754,1.0003791666666804,1,3,ENHANCED MONITORING
754,13.061745833333353,3,3,ENHANCED MONITORING
754,3.0883916666666806,2,3,ENHANCED MONITORING
754,69.458375,4,4,FIELD INSPECTION
754,14.904229166666644,4,3,ENHANCED MONITORING
754,0.24552916666666627,1,3,ENHANCED MONITORING
754,35.073131249999996,4,4,FIELD INSPECTION
754,7.454143749999983,2,3,ENHANCED MONITORING
754,8.86441458333335,2,3,ENHANCED MONITORING
754,35.344024999999995,4,4,FIELD INSPECTION
754,41.37978125,4,4,FIELD INSPECTION
754,39.196397916666676,4,4,FIELD INSPECTION
754,19.278097916666667,3,3,ENHANCED MONITORING
754,15.823441666666705,3,3,ENHANCED MONITORING
754,16.521475,3,3,ENHANCED MONITORING
754,99.15725833333336,4,5,REINFORCE / ALARM
759,35.97813958333333,4,4,FIELD INSPECTION
759,2.8702562499999993,2,3,ENHANCED MONITORING
759,19.03764166666667,3,3,ENHANCED MONITORING
759,8.068981249999995,2,3,ENHANCED MONITORING
759,3.94216354166667,2,3,ENHANCED MONITORING
759,33.39348854166666,4,4,FIELD INSPECTION
759,27.421651041666667,3,3,ENHANCED MONITORING
759,22.767757291666666,3,3,ENHANCED MONITORING
759,17.222044791666665,3,3,ENHANCED MONITORING
759,39.495192708333335,4,4,FIELD INSPECTION
759,21.90586875,4,3,ENHANCED MONITORING
759,56.89073125000001,4,4,FIELD INSPECTION
759,41.268177083333335,4,4,FIELD INSPECTION
759,0.2262520833333331,1,3,ENHANCED MONITORING
759,0.6341145833333334,1,3,ENHANCED MONITORING
759,41.57052291666667,4,4,FIELD INSPECTION
759,28.184110416666673,3,3,ENHANCED MONITORING
759,27.947712500000005,3,3,ENHANCED MONITORING
759,29.046506249999993,3,3,ENHANCED MONITORING
759,19.97410208333333,3,3,ENHANCED MONITORING
759,5.019143750000008,2,3,ENHANCED MONITORING
759,5.403670833333332,2,3,ENHANCED MONITORING
759,28.186139583333333,3,3,ENHANCED MONITORING
759,0.6990479166666622,1,3,ENHANCED MONITORING
759,16.1014375,3,3,ENHANCED MONITORING
759,2.1296104166666687,2,3,ENHANCED MONITORING
759,46.727650000000004,4,4,FIELD INSPECTION
759,29.08100208333333,3,3,ENHANCED MONITORING
759,51.68388958333333,4,4,FIELD INSPECTION
759,48.616804166666675,4,4,FIELD INSPECTION
759,9.249956250000002,2,3,ENHANCED MONITORING
759,20.494583333333335,3,3,ENHANCED MONITORING
759,40.15923750000001,4,4,FIELD INSPECTION
759,14.914375000000005,3,3,ENHANCED MONITORING
759,31.251195833333327,4,3,ENHANCED MONITORING
759,1.6446395833333252,1,3,ENHANCED MONITORING
759,8.388575000000008,2,3,ENHANCED MONITORING
759,21.538589583333337,3,3,ENHANCED MONITORING
759,19.51551041666666,4,3,ENHANCED MONITORING
759,6.5613104166666645,2,3,ENHANCED MONITORING
759,19.203018750000002,3,3,ENHANCED MONITORING
759,51.027454166666665,4,4,FIELD INSPECTION
759,33.6943125,4,4,FIELD INSPECTION
759,27.031543749999997,3,3,ENHANCED MONITORING
759,8.46669791666666,2,3,ENHANCED MONITORING
759,30.897106250000004,4,3,ENHANCED MONITORING
759,25.241818749999997,3,3,ENHANCED MONITORING
759,3.5561145833333363,2,3,ENHANCED MONITORING
759,13.785143750000003,3,3,ENHANCED MONITORING
759,0.6229541666666661,1,3,ENHANCED MONITORING
759,4.242987499999997,2,3,ENHANCED MONITORING
759,2.1904854166666703,2,3,ENHANCED MONITORING
759,69.17530624999999,4,4,FIELD INSPECTION
759,19.452606250000002,4,3,ENHANCED MONITORING
759,41.14135416666667,4,4,FIELD INSPECTION
759,117.37105833333332,5,5,REINFORCE / ALARM
759,60.19522916666667,4,4,FIELD INSPECTION
759,31.581950000000003,4,4,FIELD INSPECTION
759,6.432458333333329,2,3,ENHANCED MONITORING
759,96.65529583333334,5,5,REINFORCE / ALARM
759,16.077087499999994,4,3,ENHANCED MONITORING
759,47.947179166666665,4,4,FIELD INSPECTION
759,141.99499583333332,5,5,REINFORCE / ALARM
759,64.6796875,4,4,FIELD INSPECTION
759,86.35930416666667,4,4,FIELD INSPECTION
759,55.779762500000004,4,4,FIELD INSPECTION
759,28.564579166666665,4,5,REINFORCE / ALARM
759,79.10909166666666,5,5,REINFORCE / ALARM
759,105.55724999999997,5,5,REINFORCE / ALARM
759,139.21300833333333,5,5,REINFORCE / ALARM
759,61.59941250000001,4,4,FIELD INSPECTION
759,15.002643749999978,3,3,ENHANCED MONITORING
759,53.60753958333334,4,4,FIELD INSPECTION
759,14.351281250000019,4,3,ENHANCED MONITORING
759,6.210264583333351,2,3,ENHANCED MONITORING
759,21.5487354166667,3,3,ENHANCED MONITORING
759,44.421502083333316,4,4,FIELD INSPECTION
759,89.7480125,4,4,FIELD INSPECTION
759,4.36473749999999,3,3,ENHANCED MONITORING
759,5.1824916666666665,2,3,ENHANCED MONITORING
760,6.111850000000001,2,3,ENHANCED MONITORING
760,11.807720833333335,3,3,ENHANCED MONITORING
760,1.3493958333333325,1,3,ENHANCED MONITORING
760,19.838147916666667,3,3,ENHANCED MONITORING
760,18.199595833333337,3,3,ENHANCED MONITORING
760,28.905479166666662,3,3,ENHANCED MONITORING
760,12.769545833333334,3,3,ENHANCED MONITORING
760,11.448051041666668,3,3,ENHANCED MONITORING
760,57.903792708333334,4,4,FIELD INSPECTION
760,59.455090625000004,4,4,FIELD INSPECTION
760,40.7436375,4,4,FIELD INSPECTION
760,3.327833333333333,2,3,ENHANCED MONITORING
760,11.943674999999999,3,3,ENHANCED MONITORING
760,7.054397916666667,2,3,ENHANCED MONITORING
760,2.7464770833333354,2,3,ENHANCED MONITORING
760,9.822181250000002,2,3,ENHANCED MONITORING
760,14.301566666666666,3,3,ENHANCED MONITORING
760,11.118818750000003,3,3,ENHANCED MONITORING
760,27.39679375,3,3,ENHANCED MONITORING
760,20.147595833333334,3,3,ENHANCED MONITORING
760,4.6762145833333335,2,3,ENHANCED MONITORING
760,20.927810416666663,3,3,ENHANCED MONITORING
760,0.29524374999999825,1,3,ENHANCED MONITORING
760,7.1183166666666695,2,3,ENHANCED MONITORING
760,88.13583958333334,4,4,FIELD INSPECTION
760,121.3786625,5,5,REINFORCE / ALARM
760,120.99210625,5,5,REINFORCE / ALARM
760,36.857783333333344,4,4,FIELD INSPECTION
760,26.666293749999994,3,3,ENHANCED MONITORING
760,19.390716666666673,3,3,ENHANCED MONITORING
760,27.416070833333336,3,3,ENHANCED MONITORING
760,25.695337500000004,3,3,ENHANCED MONITORING
760,6.499420833333342,2,3,ENHANCED MONITORING
760,32.49101666666667,4,4,FIELD INSPECTION
760,24.242454166666665,3,3,ENHANCED MONITORING
760,19.843220833333337,3,3,ENHANCED MONITORING
760,17.748106250000003,3,3,ENHANCED MONITORING
760,25.13883854166667,3,3,ENHANCED MONITORING
760,3.42168229166667,2,3,ENHANCED MONITORING
760,8.617363541666672,2,3,ENHANCED MONITORING
760,2.8631541666666727,2,3,ENHANCED MONITORING
760,28.09178333333333,3,3,ENHANCED MONITORING
760,27.13198749999999,3,3,ENHANCED MONITORING
760,11.192883333333326,3,3,ENHANCED MONITORING
760,28.90953749999999,3,4,FIELD INSPECTION
760,37.13679375,4,4,FIELD INSPECTION
760,12.390091666666672,3,3,ENHANCED MONITORING
760,6.409122916666653,2,3,ENHANCED MONITORING
760,14.897127083333345,3,3,ENHANCED MONITORING
760,26.524252083333334,3,3,ENHANCED MONITORING
760,9.997704166666686,2,3,ENHANCED MONITORING
760,5.689783333333337,2,3,ENHANCED MONITORING
760,97.8971458333333,4,5,REINFORCE / ALARM
760,14.277216666666655,4,3,ENHANCED MONITORING
760,38.716500000000025,4,4,FIELD INSPECTION
760,105.65465,5,5,REINFORCE / ALARM
760,30.823041666666665,4,4,FIELD INSPECTION
760,18.43092083333332,3,3,ENHANCED MONITORING
760,17.680129166666674,3,3,ENHANCED MONITORING
760,78.11277083333333,4,4,FIELD INSPECTION
760,22.02660416666666,3,3,ENHANCED MONITORING
760,29.453354166666653,3,4,FIELD INSPECTION
760,103.93594583333335,5,5,REINFORCE / ALARM
760,49.536016666666654,4,4,FIELD INSPECTION
760,126.00110416666666,5,5,REINFORCE / ALARM
760,53.131700000000016,5,5,REINFORCE / ALARM
760,52.305829166666655,5,5,REINFORCE / ALARM
760,136.01707083333332,5,5,REINFORCE / ALARM
760,70.33700416666666,4,4,FIELD INSPECTION
760,167.59090416666663,5,5,REINFORCE / ALARM
760,74.57999166666667,4,4,FIELD INSPECTION
760,43.88884583333333,4,4,FIELD INSPECTION
760,59.41602916666667,4,4,FIELD INSPECTION
760,1.527962500000001,1,3,ENHANCED MONITORING
760,30.448660416666666,4,4,FIELD INSPECTION
760,1.4843354166666718,1,3,ENHANCED MONITORING
760,72.84606875,4,4,FIELD INSPECTION
760,110.47595,5,5,REINFORCE / ALARM
760,29.459441666666674,3,4,FIELD INSPECTION
760,11.253758333333337,3,3,ENHANCED MONITORING
761,17.840433333333333,3,3,ENHANCED MONITORING
761,8.084199999999996,2,3,ENHANCED MONITORING
761,5.545712499999998,2,3,ENHANCED MONITORING
761,23.16801041666667,3,3,ENHANCED MONITORING
761,23.96090729166667,3,3,ENHANCED MONITORING
761,29.157603125000005,3,4,FIELD INSPECTION
761,26.90116979166666,3,3,ENHANCED MONITORING
761,25.077963541666662,3,3,ENHANCED MONITORING
761,16.822298958333334,3,3,ENHANCED MONITORING
761,11.716915625000004,3,3,ENHANCED MONITORING
761,42.53234791666667,4,4,FIELD INSPECTION
761,20.23282083333333,3,3,ENHANCED MONITORING
761,3.159412500000007,2,3,ENHANCED MONITORING
761,51.19688958333333,4,4,FIELD INSPECTION
761,28.328181249999997,3,4,FIELD INSPECTION
761,22.79058541666667,3,3,ENHANCED MONITORING
761,22.3715625,3,3,ENHANCED MONITORING
761,20.195281249999997,3,3,ENHANCED MONITORING
761,1.4204166666666727,1,3,ENHANCED MONITORING
761,12.606197916666664,3,3,ENHANCED MONITORING
761,5.458458333333332,2,3,ENHANCED MONITORING
761,2.487758333333334,2,3,ENHANCED MONITORING
761,1.1738729166666673,1,3,ENHANCED MONITORING
761,0.2698791666666705,1,3,ENHANCED MONITORING
761,29.548725000000008,3,4,FIELD INSPECTION
761,53.15199166666667,4,4,FIELD INSPECTION
761,50.879325000000016,4,4,FIELD INSPECTION
761,10.13061458333334,3,3,ENHANCED MONITORING
761,2.9270729166666576,2,3,ENHANCED MONITORING
761,17.969285416666654,3,3,ENHANCED MONITORING
761,25.592864583333327,3,3,ENHANCED MONITORING
761,17.557364583333325,3,3,ENHANCED MONITORING
761,4.30589166666667,2,3,ENHANCED MONITORING
761,17.141385416666676,3,3,ENHANCED MONITORING
761,1.0226999999999968,1,3,ENHANCED MONITORING
761,29.401610416666685,3,4,FIELD INSPECTION
761,54.57037916666665,4,4,FIELD INSPECTION
761,59.887810416666674,4,4,FIELD INSPECTION
761,31.08581874999997,4,4,FIELD INSPECTION
761,14.370558333333326,3,3,ENHANCED MONITORING
761,7.25325625,2,3,ENHANCED MONITORING
761,5.4300500000000325,2,3,ENHANCED MONITORING
761,20.637132291666653,3,3,ENHANCED MONITORING
761,15.485078124999994,3,3,ENHANCED MONITORING
761,13.962188541666642,3,3,ENHANCED MONITORING
761,33.16875833333335,4,4,FIELD INSPECTION
761,1.2114124999999885,1,3,ENHANCED MONITORING
761,6.076339583333301,2,3,ENHANCED MONITORING
761,10.595293749999998,3,3,ENHANCED MONITORING
761,14.7074,3,3,ENHANCED MONITORING
761,11.89497500000003,3,3,ENHANCED MONITORING
761,1.5746333333333074,1,3,ENHANCED MONITORING
761,63.43783749999997,4,4,FIELD INSPECTION
761,24.232308333333332,3,3,ENHANCED MONITORING
761,31.411500000000043,4,4,FIELD INSPECTION
761,36.02785416666668,5,5,REINFORCE / ALARM
761,34.018979166666675,4,4,FIELD INSPECTION
761,134.88479583333336,5,5,REINFORCE / ALARM
761,134.07718750000004,5,5,REINFORCE / ALARM
761,135.36570833333334,5,5,REINFORCE / ALARM
761,13.765866666666662,3,3,ENHANCED MONITORING
761,69.13776666666665,4,4,FIELD INSPECTION
761,4.683316666666708,2,3,ENHANCED MONITORING
761,10.762700000000004,3,3,ENHANCED MONITORING
761,65.7997875,4,4,FIELD INSPECTION
761,10.821545833333337,3,3,ENHANCED MONITORING
761,36.38904583333331,4,4,FIELD INSPECTION
761,46.65054166666665,4,4,FIELD INSPECTION
761,29.828750000000042,3,4,FIELD INSPECTION
761,28.822283333333274,3,4,FIELD INSPECTION
761,21.528443749999997,3,3,ENHANCED MONITORING
761,1.1302458333332968,1,3,ENHANCED MONITORING
761,17.793762499999982,3,3,ENHANCED MONITORING
761,21.89775208333334,3,3,ENHANCED MONITORING
761,40.510283333333355,4,4,FIELD INSPECTION
761,9.774495833333333,2,3,ENHANCED MONITORING
761,70.34512083333333,5,5,REINFORCE / ALARM
761,78.9629916666667,4,4,FIELD INSPECTION
761,113.84436666666663,5,5,REINFORCE / ALARM
761,62.69719166666667,4,4,FIELD INSPECTION
762,6.3391166666666665,2,3,ENHANCED MONITORING
762,27.224314583333335,3,3,ENHANCED MONITORING
762,4.875072916666672,2,3,ENHANCED MONITORING
762,11.89700416666666,3,3,ENHANCED MONITORING
762,14.982352083333337,3,3,ENHANCED MONITORING
762,21.057677083333335,3,3,ENHANCED MONITORING
762,24.23941041666667,3,3,ENHANCED MONITORING
762,17.73035104166667,3,3,ENHANCED MONITORING
762,34.27516145833333,4,4,FIELD INSPECTION
762,25.550759375000002,3,3,ENHANCED MONITORING
762,19.41202291666667,3,3,ENHANCED MONITORING
762,16.52959166666666,3,3,ENHANCED MONITORING
762,11.375508333333338,3,3,ENHANCED MONITORING
762,25.995654166666668,3,3,ENHANCED MONITORING
762,35.602743749999995,4,4,FIELD INSPECTION
762,2.682558333333336,2,3,ENHANCED MONITORING
762,28.725897916666664,3,3,ENHANCED MONITORING
762,46.46588749999999,5,5,REINFORCE / ALARM
762,28.66096458333332,3,4,FIELD INSPECTION
762,78.90718958333333,4,4,FIELD INSPECTION
762,10.010893750000006,3,3,ENHANCED MONITORING
762,12.708670833333338,3,3,ENHANCED MONITORING
762,33.63039375,4,4,FIELD INSPECTION
762,31.20959791666667,4,4,FIELD INSPECTION
762,28.89431875,3,3,ENHANCED MONITORING
762,9.119074999999995,2,3,ENHANCED MONITORING
762,13.918054166666659,3,3,ENHANCED MONITORING
762,1.0277729166666596,1,3,ENHANCED MONITORING
762,16.397695833333334,3,3,ENHANCED MONITORING
762,21.47264166666667,3,3,ENHANCED MONITORING
762,21.48481666666666,3,3,ENHANCED MONITORING
762,8.220154166666665,2,3,ENHANCED MONITORING
762,6.597835416666672,2,3,ENHANCED MONITORING
762,13.17335,3,3,ENHANCED MONITORING
762,23.276570833333334,3,3,ENHANCED MONITORING
762,4.759410416666667,2,3,ENHANCED MONITORING
762,1.489408333333331,1,3,ENHANCED MONITORING
762,5.042986458333336,2,3,ENHANCED MONITORING
762,16.49255937499999,3,3,ENHANCED MONITORING
762,6.378178124999999,2,3,ENHANCED MONITORING
762,15.958381249999997,3,3,ENHANCED MONITORING
762,25.715629166666663,3,3,ENHANCED MONITORING
762,12.999856249999999,3,3,ENHANCED MONITORING
762,13.00391458333334,3,3,ENHANCED MONITORING
762,11.59871666666667,3,3,ENHANCED MONITORING
762,8.30030625,2,3,ENHANCED MONITORING
762,7.517047916666674,2,3,ENHANCED MONITORING
762,16.18158958333333,3,3,ENHANCED MONITORING
762,4.307920833333333,2,3,ENHANCED MONITORING
762,22.650572916666665,3,3,ENHANCED MONITORING
762,40.25460833333332,4,4,FIELD INSPECTION
762,30.255889583333328,4,4,FIELD INSPECTION
762,6.50855208333333,2,3,ENHANCED MONITORING
762,14.430418750000008,3,3,ENHANCED MONITORING
762,6.227512499999996,2,3,ENHANCED MONITORING
762,63.906574999999975,4,4,FIELD INSPECTION
762,18.686595833333342,4,3,ENHANCED MONITORING
762,18.737325,3,3,ENHANCED MONITORING
762,1.552312499999985,1,3,ENHANCED MONITORING
762,64.99623749999999,4,4,FIELD INSPECTION
762,28.728941666666667,3,4,FIELD INSPECTION
762,2.499933333333344,2,3,ENHANCED MONITORING
762,29.39653750000001,3,4,FIELD INSPECTION
762,22.379679166666666,3,3,ENHANCED MONITORING
762,25.99565416666667,3,3,ENHANCED MONITORING
762,24.82888333333332,3,3,ENHANCED MONITORING
762,11.619008333333335,3,3,ENHANCED MONITORING
762,10.032199999999998,3,3,ENHANCED MONITORING
762,43.454604166666634,4,4,FIELD INSPECTION
762,4.013691666666666,2,3,ENHANCED MONITORING
762,32.74364791666667,4,4,FIELD INSPECTION
762,2.929102083333337,2,3,ENHANCED MONITORING
762,23.42774375000001,3,3,ENHANCED MONITORING
762,36.662983333333344,4,4,FIELD INSPECTION
762,23.30396458333333,3,3,ENHANCED MONITORING
762,55.553510416666676,4,4,FIELD INSPECTION
762,41.11801874999998,4,4,FIELD INSPECTION
762,39.60933333333333,4,4,FIELD INSPECTION
762,7.73112500000001,2,3,ENHANCED MONITORING
762,13.81456666666667,3,3,ENHANCED MONITORING
781,26.468450000000008,3,3,ENHANCED MONITORING
781,5.165243750000005,2,3,ENHANCED MONITORING
781,7.389210416666667,2,3,ENHANCED MONITORING
781,29.621775000000003,4,3,ENHANCED MONITORING
781,12.872526041666669,3,3,ENHANCED MONITORING
781,72.77555520833333,4,4,FIELD INSPECTION
781,2.172730208333334,2,3,ENHANCED MONITORING
781,6.736833333333332,2,3,ENHANCED MONITORING
781,103.84158958333335,5,5,REINFORCE / ALARM
781,1.6466687499999846,1,3,ENHANCED MONITORING
781,2.313250000000013,2,3,ENHANCED MONITORING
781,76.48842291666666,4,4,FIELD INSPECTION
781,1.1789458333333347,1,3,ENHANCED MONITORING
781,52.166831249999994,4,4,FIELD INSPECTION
781,23.5403625,3,3,ENHANCED MONITORING
781,54.26701875,4,4,FIELD INSPECTION
781,64.35907916666667,5,5,REINFORCE / ALARM
781,76.01562708333333,4,4,FIELD INSPECTION
781,3.1675291666666587,3,3,ENHANCED MONITORING
781,65.3067,4,4,FIELD INSPECTION
781,45.66436666666667,4,4,FIELD INSPECTION
781,65.2397375,4,4,FIELD INSPECTION
781,2.3487604166666736,3,3,ENHANCED MONITORING
781,14.10169374999999,3,3,ENHANCED MONITORING
781,47.53322916666667,4,4,FIELD INSPECTION
781,24.372320833333337,3,3,ENHANCED MONITORING
781,4.018764583333341,2,3,ENHANCED MONITORING
781,29.107381250000003,3,3,ENHANCED MONITORING
781,38.49734999999999,4,4,FIELD INSPECTION
781,45.4066625,4,4,FIELD INSPECTION
781,76.71264583333334,4,4,FIELD INSPECTION
781,43.910152083333344,4,4,FIELD INSPECTION
781,11.254772916666669,3,3,ENHANCED MONITORING
781,19.90815416666667,3,3,ENHANCED MONITORING
781,19.836118749999997,3,3,ENHANCED MONITORING
781,65.13320625000001,4,4,FIELD INSPECTION
781,81.25899375000002,4,4,FIELD INSPECTION
781,76.55081979166668,4,4,FIELD INSPECTION
781,18.092557291666665,3,3,ENHANCED MONITORING
781,4.484965624999997,2,3,ENHANCED MONITORING
781,3.633222916666669,2,3,ENHANCED MONITORING
781,4.972472916666667,2,3,ENHANCED MONITORING
781,9.409245833333335,2,3,ENHANCED MONITORING
781,11.830041666666665,3,3,ENHANCED MONITORING
781,19.32476875,3,3,ENHANCED MONITORING
781,16.651341666666667,3,3,ENHANCED MONITORING
781,38.45575208333333,4,4,FIELD INSPECTION
781,11.731627083333331,3,3,ENHANCED MONITORING
781,30.86869791666666,4,4,FIELD INSPECTION
781,188.64655208333332,5,5,REINFORCE / ALARM
781,204.8382875,5,5,REINFORCE / ALARM
781,199.52694375,5,5,REINFORCE / ALARM
781,227.4482770833333,5,5,REINFORCE / ALARM
781,70.33193124999995,5,5,REINFORCE / ALARM
781,56.343870833333405,5,5,REINFORCE / ALARM
781,169.84936666666667,5,5,REINFORCE / ALARM
781,28.45500416666667,3,4,FIELD INSPECTION
781,74.04632083333333,5,5,REINFORCE / ALARM
781,84.13330833333333,4,4,FIELD INSPECTION
781,93.29702500000002,5,5,REINFORCE / ALARM
781,69.7384,4,4,FIELD INSPECTION
781,35.796529166666666,4,4,FIELD INSPECTION
781,55.030999999999985,4,4,FIELD INSPECTION
781,2.1001874999999948,2,3,ENHANCED MONITORING
781,89.47813333333333,4,4,FIELD INSPECTION
781,3.9507874999999992,2,3,ENHANCED MONITORING
781,37.94541666666667,4,4,FIELD INSPECTION
781,6.296504166666655,3,3,ENHANCED MONITORING
781,6.243745833333335,2,3,ENHANCED MONITORING
781,160.7282625,5,5,REINFORCE / ALARM
781,83.24453333333334,4,4,FIELD INSPECTION
781,117.40859791666666,5,5,REINFORCE / ALARM
781,10.704868749999996,3,3,ENHANCED MONITORING
781,1.4904229166666714,1,3,ENHANCED MONITORING
781,2.5324000000000098,2,3,ENHANCED MONITORING
781,81.79367916666668,5,5,REINFORCE / ALARM
781,62.82705833333333,5,5,REINFORCE / ALARM
781,44.680220833333344,4,4,FIELD INSPECTION
781,172.8992041666667,5,5,REINFORCE / ALARM
781,26.82761249999997,3,3,ENHANCED MONITORING
783,40.08415833333334,4,4,FIELD INSPECTION
783,40.99423958333333,4,4,FIELD INSPECTION
783,3.9294812499999963,2,3,ENHANCED MONITORING
783,2.174252083333331,2,3,ENHANCED MONITORING
783,20.977017708333328,3,3,ENHANCED MONITORING
783,9.014065625000002,2,3,ENHANCED MONITORING
783,17.604542708333334,3,3,ENHANCED MONITORING
783,11.895989583333334,3,3,ENHANCED MONITORING
783,30.368508333333338,4,4,FIELD INSPECTION
783,35.79855833333334,4,4,FIELD INSPECTION
783,40.19068958333333,4,4,FIELD INSPECTION
783,6.593777083333332,3,3,ENHANCED MONITORING
783,60.50569166666666,4,4,FIELD INSPECTION
783,25.630404166666676,3,3,ENHANCED MONITORING
783,24.192739583333317,3,3,ENHANCED MONITORING
783,7.418633333333328,2,3,ENHANCED MONITORING
783,13.003914583333327,3,3,ENHANCED MONITORING
783,43.48301250000001,4,4,FIELD INSPECTION
783,0.6432458333333315,1,3,ENHANCED MONITORING
783,34.41263750000001,4,4,FIELD INSPECTION
783,5.026753125,2,3,ENHANCED MONITORING
783,3.7291010416666666,2,3,ENHANCED MONITORING
783,7.622057291666664,2,3,ENHANCED MONITORING
783,18.643983333333335,3,3,ENHANCED MONITORING
783,24.305358333333334,3,3,ENHANCED MONITORING
783,20.762433333333334,3,3,ENHANCED MONITORING
783,16.400739583333337,3,3,ENHANCED MONITORING
783,2.964612499999998,2,3,ENHANCED MONITORING
783,66.15996458333335,4,4,FIELD INSPECTION
783,7.9015749999999985,3,3,ENHANCED MONITORING
783,2.6724124999999965,2,3,ENHANCED MONITORING
783,53.99308125000001,4,4,FIELD INSPECTION
783,11.067075000000003,3,3,ENHANCED MONITORING
783,15.325281249999998,3,3,ENHANCED MONITORING
783,4.059347916666669,2,3,ENHANCED MONITORING
783,33.90230208333333,4,4,FIELD INSPECTION
783,13.108416666666665,3,3,ENHANCED MONITORING
783,21.614683333333335,3,3,ENHANCED MONITORING
783,22.521720833333337,3,3,ENHANCED MONITORING
783,8.675702083333332,2,3,ENHANCED MONITORING
783,44.1222,4,4,FIELD INSPECTION
783,27.759,3,3,ENHANCED MONITORING
783,48.09632291666667,4,4,FIELD INSPECTION
783,37.84091458333334,5,4,FIELD INSPECTION
783,54.21324583333333,5,5,REINFORCE / ALARM
783,36.74414999999999,5,5,REINFORCE / ALARM
783,10.313239583333347,3,3,ENHANCED MONITORING
783,91.12683125,4,4,FIELD INSPECTION
783,38.679975000000006,4,4,FIELD INSPECTION
783,135.13235416666666,5,5,REINFORCE / ALARM
783,96.00596250000001,5,5,REINFORCE / ALARM
783,103.94000416666667,5,5,REINFORCE / ALARM
783,119.71474583333331,5,5,REINFORCE / ALARM
783,12.15876666666665,4,3,ENHANCED MONITORING
783,6.726687499999994,2,3,ENHANCED MONITORING
783,53.22098333333332,4,4,FIELD INSPECTION
783,71.93395833333334,4,4,FIELD INSPECTION
783,26.082908333333336,3,3,ENHANCED MONITORING
783,12.041074999999994,3,3,ENHANCED MONITORING
783,34.30509166666666,4,4,FIELD INSPECTION
783,18.605429166666667,3,3,ENHANCED MONITORING
783,32.27186666666666,4,4,FIELD INSPECTION
783,12.495608333333323,3,3,ENHANCED MONITORING
783,25.41328333333333,3,3,ENHANCED MONITORING
783,55.00259166666665,4,4,FIELD INSPECTION
783,44.532091666666666,4,4,FIELD INSPECTION
783,38.29849166666667,4,4,FIELD INSPECTION
783,62.97518749999998,4,4,FIELD INSPECTION
783,6.489274999999998,2,3,ENHANCED MONITORING
783,9.551287499999999,2,3,ENHANCED MONITORING
783,1.3595416666666524,1,3,ENHANCED MONITORING
783,1.975393750000002,1,3,ENHANCED MONITORING
783,6.648564583333328,2,3,ENHANCED MONITORING
783,14.677977083333323,3,3,ENHANCED MONITORING
783,8.662512499999993,2,3,ENHANCED MONITORING
783,28.310933333333335,3,3,ENHANCED MONITORING
783,59.79751249999999,4,4,FIELD INSPECTION
783,128.750625,5,5,REINFORCE / ALARM
783,11.134037500000014,4,3,ENHANCED MONITORING
783,63.837583333333306,4,4,FIELD INSPECTION
795,73.80789375,4,4,FIELD INSPECTION
795,2.8550375000000017,2,3,ENHANCED MONITORING
795,33.74707083333333,4,4,FIELD INSPECTION
795,36.84357916666667,4,4,FIELD INSPECTION
795,33.86679166666667,4,4,FIELD INSPECTION
795,15.706764583333337,3,3,ENHANCED MONITORING
795,23.007706250000002,3,3,ENHANCED MONITORING
795,48.923715625,4,4,FIELD INSPECTION
795,100.39352812499999,5,5,REINFORCE / ALARM
795,40.864880208333325,4,4,FIELD INSPECTION
795,51.87361666666667,4,4,FIELD INSPECTION
795,9.657818750000006,2,3,ENHANCED MONITORING
795,4.11413541666666,2,3,ENHANCED MONITORING
795,20.576764583333336,3,3,ENHANCED MONITORING
795,11.74481666666667,3,3,ENHANCED MONITORING
795,16.678735416666672,3,3,ENHANCED MONITORING
795,51.45966666666667,4,4,FIELD INSPECTION
795,39.22074791666669,4,4,FIELD INSPECTION
795,59.834037499999994,4,4,FIELD INSPECTION
795,37.94034374999999,4,4,FIELD INSPECTION
795,5.492954166666659,2,3,ENHANCED MONITORING
795,4.410393749999995,2,3,ENHANCED MONITORING
795,16.033460416666678,3,3,ENHANCED MONITORING
795,10.00074791666668,3,3,ENHANCED MONITORING
795,22.277206250000006,3,3,ENHANCED MONITORING
795,30.39894583333333,4,4,FIELD INSPECTION
795,60.97950208333334,4,4,FIELD INSPECTION
795,19.848293750000007,3,3,ENHANCED MONITORING
795,22.093566666666664,3,3,ENHANCED MONITORING
795,49.65472291666665,4,4,FIELD INSPECTION
795,46.556185416666665,4,4,FIELD INSPECTION
795,16.663516666666695,3,3,ENHANCED MONITORING
795,15.082795833333364,3,3,ENHANCED MONITORING
795,36.33933124999998,4,4,FIELD INSPECTION
795,9.408231249999988,2,3,ENHANCED MONITORING
795,19.981204166666668,3,3,ENHANCED MONITORING
795,14.008352083333307,3,3,ENHANCED MONITORING
795,3.997965625000017,2,3,ENHANCED MONITORING
795,29.330082291666656,3,3,ENHANCED MONITORING
795,7.86454270833335,2,3,ENHANCED MONITORING
795,26.55570416666667,3,3,ENHANCED MONITORING
795,6.843364583333354,2,3,ENHANCED MONITORING
795,4.959790625000013,2,3,ENHANCED MONITORING
795,51.629609374999994,4,4,FIELD INSPECTION
795,29.334140625000014,3,4,FIELD INSPECTION
795,52.236837500000014,4,4,FIELD INSPECTION
795,7.563718749999999,2,3,ENHANCED MONITORING
795,42.33450416666668,4,4,FIELD INSPECTION
795,27.68594999999998,3,3,ENHANCED MONITORING
795,160.33358958333332,5,5,REINFORCE / ALARM
795,141.7271458333333,5,5,REINFORCE / ALARM
795,117.21278333333333,5,5,REINFORCE / ALARM
795,12.116154166666663,3,3,ENHANCED MONITORING
795,52.5899125,4,4,FIELD INSPECTION
795,51.33588749999999,4,4,FIELD INSPECTION
795,84.89627499999999,5,5,REINFORCE / ALARM
795,111.71171250000003,5,5,REINFORCE / ALARM
795,69.1844375,5,5,REINFORCE / ALARM
795,53.75668333333334,4,4,FIELD INSPECTION
795,39.503816666666694,4,4,FIELD INSPECTION
795,22.259958333333326,3,3,ENHANCED MONITORING
795,75.90706666666667,5,5,REINFORCE / ALARM
795,103.4692375,5,5,REINFORCE / ALARM
795,92.96018333333336,5,5,REINFORCE / ALARM
795,0.9009500000000296,1,3,ENHANCED MONITORING
795,39.883270833333306,4,4,FIELD INSPECTION
795,11.010258333333338,3,3,ENHANCED MONITORING
795,5.5010708333333085,2,3,ENHANCED MONITORING
795,76.42450416666665,4,4,FIELD INSPECTION
795,43.85029166666666,4,4,FIELD INSPECTION
795,37.86019166666669,4,4,FIELD INSPECTION
795,14.406068750000003,3,3,ENHANCED MONITORING
795,20.016714583333343,3,3,ENHANCED MONITORING
795,61.92915208333333,4,4,FIELD INSPECTION
795,39.013772916666646,4,4,FIELD INSPECTION
795,5.207856249999975,2,3,ENHANCED MONITORING
795,20.49559791666666,3,3,ENHANCED MONITORING
795,9.6365125,2,3,ENHANCED MONITORING
795,7.315145833333335,2,3,ENHANCED MONITORING
795,29.74758333333332,3,4,FIELD INSPECTION
802,41.51877916666667,4,4,FIELD INSPECTION
802,20.14150833333333,3,3,ENHANCED MONITORING
802,37.61161875,4,4,FIELD INSPECTION
802,38.63837708333333,4,4,FIELD INSPECTION
802,25.39349895833333,3,3,ENHANCED MONITORING
802,35.28061354166667,4,4,FIELD INSPECTION
802,29.191084375000003,3,3,ENHANCED MONITORING
802,27.111188541666667,3,3,ENHANCED MONITORING
802,61.42845520833333,4,4,FIELD INSPECTION
802,7.297390625000001,2,3,ENHANCED MONITORING
802,9.839429166666667,2,3,ENHANCED MONITORING
802,7.936070833333338,2,3,ENHANCED MONITORING
802,32.28911458333334,4,4,FIELD INSPECTION
802,10.149891666666667,3,3,ENHANCED MONITORING
802,5.031318750000005,2,3,ENHANCED MONITORING
802,23.81125625,3,3,ENHANCED MONITORING
802,28.117147916666667,3,3,ENHANCED MONITORING
802,49.428470833333336,4,4,FIELD INSPECTION
802,6.186929166666668,2,3,ENHANCED MONITORING
802,6.399991666666665,2,3,ENHANCED MONITORING
802,20.61481145833333,3,3,ENHANCED MONITORING
802,23.88684270833333,3,3,ENHANCED MONITORING
802,25.371178125,3,3,ENHANCED MONITORING
802,45.207804166666655,4,4,FIELD INSPECTION
802,24.03345,3,3,ENHANCED MONITORING
802,8.584389583333332,2,3,ENHANCED MONITORING
802,23.45006458333333,3,3,ENHANCED MONITORING
802,20.08875,3,3,ENHANCED MONITORING
802,25.28443125,3,3,ENHANCED MONITORING
802,11.952806249999997,3,3,ENHANCED MONITORING
802,0.4068479166666658,1,3,ENHANCED MONITORING
802,12.451981249999998,3,3,ENHANCED MONITORING
802,5.4625166666666685,2,3,ENHANCED MONITORING
802,37.13476458333333,4,4,FIELD INSPECTION
802,32.210991666666665,4,4,FIELD INSPECTION
802,3.4637875000000045,2,3,ENHANCED MONITORING
802,34.39640416666667,4,4,FIELD INSPECTION
802,32.41137187500001,4,4,FIELD INSPECTION
802,38.719036458333335,4,4,FIELD INSPECTION
802,31.365336458333335,4,4,FIELD INSPECTION
802,26.679483333333334,3,3,ENHANCED MONITORING
802,22.213287499999996,3,3,ENHANCED MONITORING
802,31.011246874999998,4,4,FIELD INSPECTION
802,29.289498958333326,4,3,ENHANCED MONITORING
802,7.764098958333325,2,3,ENHANCED MONITORING
802,15.224837499999992,3,3,ENHANCED MONITORING
802,45.26056249999999,4,4,FIELD INSPECTION
802,5.058712499999998,2,3,ENHANCED MONITORING
802,10.450208333333336,3,3,ENHANCED MONITORING
802,42.10013541666665,4,4,FIELD INSPECTION
802,18.7982,3,3,ENHANCED MONITORING
802,8.93543541666667,2,3,ENHANCED MONITORING
802,150.75592291666666,5,5,REINFORCE / ALARM
802,67.47486458333334,5,5,REINFORCE / ALARM
802,40.037487500000005,4,4,FIELD INSPECTION
802,149.42783333333333,5,5,REINFORCE / ALARM
802,133.74034583333332,5,5,REINFORCE / ALARM
802,73.55932083333333,5,5,REINFORCE / ALARM
802,56.37025,5,5,REINFORCE / ALARM
802,46.63227916666667,4,4,FIELD INSPECTION
802,106.72402083333333,5,5,REINFORCE / ALARM
802,97.72669583333334,4,5,REINFORCE / ALARM
802,34.51003750000002,4,4,FIELD INSPECTION
802,89.80888750000001,4,4,FIELD INSPECTION
802,0.5559916666666685,1,3,ENHANCED MONITORING
802,5.846029166666668,2,3,ENHANCED MONITORING
802,118.90105000000001,5,5,REINFORCE / ALARM
802,74.3953375,5,5,REINFORCE / ALARM
802,110.62205000000002,5,5,REINFORCE / ALARM
802,63.87613750000003,5,5,REINFORCE / ALARM
802,47.46220833333333,4,4,FIELD INSPECTION
802,125.58106666666667,5,5,REINFORCE / ALARM
802,10.450208333333343,3,3,ENHANCED MONITORING
802,3.133033333333333,2,3,ENHANCED MONITORING
802,43.446487499999996,4,4,FIELD INSPECTION
802,24.623937499999997,4,3,ENHANCED MONITORING
802,49.81401250000001,4,4,FIELD INSPECTION
802,2.5587791666666817,3,3,ENHANCED MONITORING
802,107.3895875,5,5,REINFORCE / ALARM
802,10.13365833333332,4,5,REINFORCE / ALARM
803,12.908543750000002,3,3,ENHANCED MONITORING
803,6.661754166666667,2,3,ENHANCED MONITORING
803,60.676141666666666,4,4,FIELD INSPECTION
803,23.971560416666673,3,3,ENHANCED MONITORING
803,59.19738645833334,4,4,FIELD INSPECTION
803,10.293455208333322,3,3,ENHANCED MONITORING
803,29.089626041666666,3,4,FIELD INSPECTION
803,17.35343333333333,3,3,ENHANCED MONITORING
803,54.47399375,4,4,FIELD INSPECTION
803,22.989443750000003,3,3,ENHANCED MONITORING
803,44.47831875,4,4,FIELD INSPECTION
803,35.8127625,4,4,FIELD INSPECTION
803,19.801622916666677,3,3,ENHANCED MONITORING
803,7.893458333333335,2,3,ENHANCED MONITORING
803,10.40556666666666,3,3,ENHANCED MONITORING
803,9.056170833333333,2,3,ENHANCED MONITORING
803,40.12372708333333,4,4,FIELD INSPECTION
803,10.002777083333351,3,3,ENHANCED MONITORING
803,25.64156458333333,3,3,ENHANCED MONITORING
803,36.186129166666674,5,5,REINFORCE / ALARM
803,8.766507291666658,2,3,ENHANCED MONITORING
803,30.15189479166666,4,4,FIELD INSPECTION
803,10.456803125000006,3,3,ENHANCED MONITORING
803,17.182983333333336,3,3,ENHANCED MONITORING
803,3.6646750000000026,2,3,ENHANCED MONITORING
803,17.974358333333324,3,3,ENHANCED MONITORING
803,50.406529166666665,4,4,FIELD INSPECTION
803,16.1866625,3,3,ENHANCED MONITORING
803,21.57105625,3,3,ENHANCED MONITORING
803,38.40806666666666,4,4,FIELD INSPECTION
803,14.078358333333332,3,3,ENHANCED MONITORING
803,39.599187500000006,4,4,FIELD INSPECTION
803,29.699897916666675,3,3,ENHANCED MONITORING
803,64.91507083333333,5,5,REINFORCE / ALARM
803,29.08201666666667,3,4,FIELD INSPECTION
803,55.986737500000004,4,4,FIELD INSPECTION
803,16.786281250000005,3,3,ENHANCED MONITORING
803,25.08252916666667,3,3,ENHANCED MONITORING
803,17.293572916666673,3,3,ENHANCED MONITORING
803,43.61795208333333,4,4,FIELD INSPECTION
803,2.6754562499999985,2,3,ENHANCED MONITORING
803,32.50217708333333,4,4,FIELD INSPECTION
803,13.718181250000002,3,3,ENHANCED MONITORING
803,7.45414374999999,2,3,ENHANCED MONITORING
803,20.3079,3,3,ENHANCED MONITORING
803,23.76965833333334,3,3,ENHANCED MONITORING
803,22.487224999999995,3,3,ENHANCED MONITORING
803,45.172293749999994,4,4,FIELD INSPECTION
803,29.05360833333333,3,5,REINFORCE / ALARM
803,23.059449999999984,3,3,ENHANCED MONITORING
803,66.57492916666665,4,4,FIELD INSPECTION
803,8.883691666666687,2,3,ENHANCED MONITORING
803,2.4309416666666976,2,3,ENHANCED MONITORING
803,51.10456250000002,5,5,REINFORCE / ALARM
803,77.62982916666668,4,4,FIELD INSPECTION
803,164.40714166666666,5,5,REINFORCE / ALARM
803,76.2094125,5,5,REINFORCE / ALARM
803,93.6561875,4,4,FIELD INSPECTION
803,49.860683333333334,4,4,FIELD INSPECTION
803,58.744374999999984,5,5,REINFORCE / ALARM
803,101.5557333333333,5,5,REINFORCE / ALARM
803,76.7065583333333,5,5,REINFORCE / ALARM
803,68.2287,5,5,REINFORCE / ALARM
803,89.33203333333331,5,5,REINFORCE / ALARM
803,15.67328333333334,3,3,ENHANCED MONITORING
803,142.55301666666668,5,5,REINFORCE / ALARM
803,43.11573333333333,5,5,REINFORCE / ALARM
803,27.68797916666667,3,3,ENHANCED MONITORING
803,89.44769583333334,4,4,FIELD INSPECTION
803,86.73064166666667,4,4,FIELD INSPECTION
803,107.56916875000002,5,5,REINFORCE / ALARM
803,86.44351458333334,4,4,FIELD INSPECTION
803,7.7260520833333315,2,3,ENHANCED MONITORING
803,67.03555,4,4,FIELD INSPECTION
803,6.467968750000002,3,3,ENHANCED MONITORING
803,58.82452708333333,4,4,FIELD INSPECTION
803,153.78141041666666,5,5,REINFORCE / ALARM
803,203.93530833333332,5,5,REINFORCE / ALARM
803,216.62368750000005,5,5,REINFORCE / ALARM
803,80.17034583333331,4,4,FIELD INSPECTION
804,26.315247916666664,3,3,ENHANCED MONITORING
804,11.33796875,3,3,ENHANCED MONITORING
804,15.25933333333334,3,3,ENHANCED MONITORING
804,9.198212499999997,2,3,ENHANCED MONITORING
804,10.927569791666663,3,3,ENHANCED MONITORING
804,16.527055208333337,3,3,ENHANCED MONITORING
804,22.350763541666662,3,3,ENHANCED MONITORING
804,14.149886458333333,3,3,ENHANCED MONITORING
804,35.38207187499999,4,4,FIELD INSPECTION
804,7.168538541666668,2,3,ENHANCED MONITORING
804,0.027393749999994554,1,3,ENHANCED MONITORING
804,29.039404166666653,3,3,ENHANCED MONITORING
804,5.219016666666669,2,3,ENHANCED MONITORING
804,30.777385416666664,4,4,FIELD INSPECTION
804,10.385275000000002,3,3,ENHANCED MONITORING
804,3.928466666666663,2,3,ENHANCED MONITORING
804,1.6030416666666696,1,3,ENHANCED MONITORING
804,8.913114583333332,2,3,ENHANCED MONITORING
804,37.12056041666667,4,4,FIELD INSPECTION
804,1.7958125000000014,1,3,ENHANCED MONITORING
804,36.44992083333334,4,4,FIELD INSPECTION
804,42.6612,4,4,FIELD INSPECTION
804,9.731883333333338,2,3,ENHANCED MONITORING
804,43.887831250000005,4,4,FIELD INSPECTION
804,19.50435,3,3,ENHANCED MONITORING
804,33.249925,4,4,FIELD INSPECTION
804,1.340264583333327,1,3,ENHANCED MONITORING
804,17.23168333333333,3,3,ENHANCED MONITORING
804,9.637527083333337,2,3,ENHANCED MONITORING
804,60.81513958333333,4,4,FIELD INSPECTION
804,63.014756250000005,4,4,FIELD INSPECTION
804,56.13791041666665,4,4,FIELD INSPECTION
804,56.02021875000002,4,4,FIELD INSPECTION
804,52.77659583333332,4,4,FIELD INSPECTION
804,65.25089791666669,4,4,FIELD INSPECTION
804,30.89710625000001,4,4,FIELD INSPECTION
804,36.90141041666667,4,4,FIELD INSPECTION
804,38.07021041666665,4,4,FIELD INSPECTION
804,36.44890624999997,4,4,FIELD INSPECTION
804,19.05488958333333,3,3,ENHANCED MONITORING
804,9.416347916666671,2,3,ENHANCED MONITORING
804,17.64867708333333,3,3,ENHANCED MONITORING
804,26.01138020833334,3,3,ENHANCED MONITORING
804,18.232569791666663,3,3,ENHANCED MONITORING
804,13.529976041666666,3,3,ENHANCED MONITORING
804,44.156695833333366,4,4,FIELD INSPECTION
804,48.41084375,4,4,FIELD INSPECTION
804,49.54210416666666,4,4,FIELD INSPECTION
804,48.3824354166667,4,4,FIELD INSPECTION
804,4.436772916666674,2,3,ENHANCED MONITORING
804,34.128554166666646,4,4,FIELD INSPECTION
804,32.37028125,4,4,FIELD INSPECTION
804,32.20794791666668,4,4,FIELD INSPECTION
804,18.291922916666675,3,3,ENHANCED MONITORING
804,12.913616666666632,3,3,ENHANCED MONITORING
804,16.5032125,3,3,ENHANCED MONITORING
804,22.708404166666657,3,3,ENHANCED MONITORING
804,49.91344166666669,4,4,FIELD INSPECTION
804,82.57490833333333,4,4,FIELD INSPECTION
804,48.186620833333336,4,4,FIELD INSPECTION
804,66.44100416666667,5,5,REINFORCE / ALARM
804,28.769524999999987,4,5,REINFORCE / ALARM
804,42.60235416666665,4,4,FIELD INSPECTION
804,180.8332458333333,5,5,REINFORCE / ALARM
804,28.205416666666697,4,5,REINFORCE / ALARM
804,66.84480833333332,4,4,FIELD INSPECTION
804,128.8602,5,5,REINFORCE / ALARM
804,46.93868333333338,4,4,FIELD INSPECTION
804,43.054858333333335,4,4,FIELD INSPECTION
804,63.36681666666663,4,4,FIELD INSPECTION
804,130.39425,5,5,REINFORCE / ALARM
804,76.14346458333331,4,4,FIELD INSPECTION
804,34.4298854166667,4,4,FIELD INSPECTION
804,35.77725208333336,4,4,FIELD INSPECTION
804,19.518554166666664,3,3,ENHANCED MONITORING
804,19.268966666666675,3,3,ENHANCED MONITORING
804,45.83481666666668,4,4,FIELD INSPECTION
804,22.533895833333293,3,3,ENHANCED MONITORING
804,10.162066666666629,3,3,ENHANCED MONITORING
804,72.61981666666661,4,4,FIELD INSPECTION
805,22.309672916666667,3,3,ENHANCED MONITORING
805,12.32414375,3,3,ENHANCED MONITORING
805,16.139991666666663,3,3,ENHANCED MONITORING
805,28.697489583333336,3,3,ENHANCED MONITORING
805,9.677603125,2,3,ENHANCED MONITORING
805,15.453626041666672,4,3,ENHANCED MONITORING
805,15.577405208333332,3,3,ENHANCED MONITORING
805,27.526153124999997,3,3,ENHANCED MONITORING
805,30.415686458333337,4,4,FIELD INSPECTION
805,2.025615624999999,2,3,ENHANCED MONITORING
805,30.638387500000004,4,4,FIELD INSPECTION
805,9.123133333333337,2,3,ENHANCED MONITORING
805,20.318045833333336,3,3,ENHANCED MONITORING
805,19.29838958333333,3,3,ENHANCED MONITORING
805,21.539604166666667,3,3,ENHANCED MONITORING
805,19.21620833333333,3,3,ENHANCED MONITORING
805,34.746435416666664,4,4,FIELD INSPECTION
805,17.910439583333332,3,3,ENHANCED MONITORING
805,14.238662499999995,3,3,ENHANCED MONITORING
805,18.770806250000003,3,3,ENHANCED MONITORING
805,17.669476041666673,3,3,ENHANCED MONITORING
805,3.2563052083333317,2,3,ENHANCED MONITORING
805,6.975767708333332,2,3,ENHANCED MONITORING
805,7.426750000000001,2,3,ENHANCED MONITORING
805,13.436127083333332,3,3,ENHANCED MONITORING
805,4.687374999999998,2,3,ENHANCED MONITORING
805,2.105260416666667,2,3,ENHANCED MONITORING
805,15.19744375,3,3,ENHANCED MONITORING
805,15.393258333333334,3,3,ENHANCED MONITORING
805,5.805445833333333,2,3,ENHANCED MONITORING
805,12.87100416666667,3,3,ENHANCED MONITORING
805,31.023929166666672,4,4,FIELD INSPECTION
805,15.956352083333337,3,3,ENHANCED MONITORING
805,20.79084166666667,3,3,ENHANCED MONITORING
805,35.34503958333334,4,4,FIELD INSPECTION
805,25.99159583333333,3,3,ENHANCED MONITORING
805,1.9266937500000079,1,3,ENHANCED MONITORING
805,2.5876947916666726,2,3,ENHANCED MONITORING
805,48.49961979166667,4,4,FIELD INSPECTION
805,24.710684375000003,3,3,ENHANCED MONITORING
805,22.852475000000002,3,3,ENHANCED MONITORING
805,45.74046041666667,4,4,FIELD INSPECTION
805,7.808740624999999,2,3,ENHANCED MONITORING
805,36.617834375,4,4,FIELD INSPECTION
805,17.20986979166667,3,3,ENHANCED MONITORING
805,36.35962291666667,4,4,FIELD INSPECTION
805,3.994414583333333,2,3,ENHANCED MONITORING
805,6.819014583333335,2,3,ENHANCED MONITORING
805,35.3014125,4,4,FIELD INSPECTION
805,34.981818749999995,4,4,FIELD INSPECTION
805,60.70860833333333,4,4,FIELD INSPECTION
805,26.628754166666663,3,3,ENHANCED MONITORING
805,11.371450000000001,3,3,ENHANCED MONITORING
805,7.796058333333334,2,3,ENHANCED MONITORING
805,67.39877083333333,4,4,FIELD INSPECTION
805,62.323825,4,4,FIELD INSPECTION
805,25.28950416666667,3,3,ENHANCED MONITORING
805,10.811399999999997,3,3,ENHANCED MONITORING
805,73.61613750000001,4,4,FIELD INSPECTION
805,2.508050000000002,2,3,ENHANCED MONITORING
805,39.1487125,4,4,FIELD INSPECTION
805,66.33954583333333,4,4,FIELD INSPECTION
805,27.077199999999994,4,5,REINFORCE / ALARM
805,17.893191666666667,3,3,ENHANCED MONITORING
805,73.48018333333333,4,4,FIELD INSPECTION
805,2.6237124999999994,2,3,ENHANCED MONITORING
805,91.056825,5,5,REINFORCE / ALARM
805,75.96185416666667,4,4,FIELD INSPECTION
805,37.85816249999999,5,5,REINFORCE / ALARM
805,55.440891666666666,4,4,FIELD INSPECTION
805,57.802841666666666,4,4,FIELD INSPECTION
805,36.78270416666667,4,4,FIELD INSPECTION
805,42.84179583333334,4,4,FIELD INSPECTION
805,48.69594166666667,4,4,FIELD INSPECTION
805,29.77802083333334,3,3,ENHANCED MONITORING
805,22.47910833333333,3,3,ENHANCED MONITORING
805,7.893458333333338,2,3,ENHANCED MONITORING
805,34.008833333333335,4,4,FIELD INSPECTION
805,7.2299208333333285,2,3,ENHANCED MONITORING
805,94.68294583333333,4,4,FIELD INSPECTION
811,24.932370833333337,3,3,ENHANCED MONITORING
811,21.160149999999998,3,3,ENHANCED MONITORING
811,57.117997916666674,5,5,REINFORCE / ALARM
811,11.311589583333339,4,3,ENHANCED MONITORING
811,13.385397916666667,3,3,ENHANCED MONITORING
811,70.60282500000001,4,4,FIELD INSPECTION
811,36.312952083333336,4,4,FIELD INSPECTION
811,51.41096666666667,4,4,FIELD INSPECTION
811,24.309416666666653,3,3,ENHANCED MONITORING
811,33.84954375000001,4,4,FIELD INSPECTION
811,0.6615083333333303,1,3,ENHANCED MONITORING
811,18.171187499999995,3,3,ENHANCED MONITORING
811,29.735408333333336,3,4,FIELD INSPECTION
811,47.438872916666675,4,4,FIELD INSPECTION
811,6.531887500000001,2,3,ENHANCED MONITORING
811,9.714635416666662,2,3,ENHANCED MONITORING
811,44.02987291666667,4,4,FIELD INSPECTION
811,41.67401041666667,4,4,FIELD INSPECTION
811,73.38075416666666,4,4,FIELD INSPECTION
811,9.702460416666662,2,3,ENHANCED MONITORING
811,1.1261874999999957,1,3,ENHANCED MONITORING
811,6.192002083333335,2,3,ENHANCED MONITORING
811,38.13311458333333,4,4,FIELD INSPECTION
811,6.346218750000008,2,3,ENHANCED MONITORING
811,18.924008333333333,3,3,ENHANCED MONITORING
811,55.34957916666667,4,4,FIELD INSPECTION
811,56.435183333333335,4,4,FIELD INSPECTION
811,20.18310625000001,3,3,ENHANCED MONITORING
811,12.301822916666667,3,3,ENHANCED MONITORING
811,70.23250208333333,4,4,FIELD INSPECTION
811,28.38093958333333,3,3,ENHANCED MONITORING
811,73.98037291666668,5,5,REINFORCE / ALARM
811,116.65374791666666,5,5,REINFORCE / ALARM
811,85.26862708333334,4,4,FIELD INSPECTION
811,41.37775208333333,4,4,FIELD INSPECTION
811,5.550785416666666,3,3,ENHANCED MONITORING
811,12.155722916666662,3,3,ENHANCED MONITORING
811,35.175096875,4,4,FIELD INSPECTION
811,29.498503124999996,3,3,ENHANCED MONITORING
811,34.115871874999996,4,4,FIELD INSPECTION
811,73.67904166666666,4,4,FIELD INSPECTION
811,39.055370833333335,4,4,FIELD INSPECTION
811,11.913744791666668,3,3,ENHANCED MONITORING
811,18.382728125000003,3,3,ENHANCED MONITORING
811,19.523119791666666,3,3,ENHANCED MONITORING
811,53.65015208333333,4,4,FIELD INSPECTION
811,64.87144375,4,4,FIELD INSPECTION
811,56.92015416666666,4,4,FIELD INSPECTION
811,47.147687499999996,5,5,REINFORCE / ALARM
811,67.73561249999999,4,4,FIELD INSPECTION
811,104.8571875,5,5,REINFORCE / ALARM
811,46.282247916666655,4,4,FIELD INSPECTION
811,62.00626041666667,4,4,FIELD INSPECTION
811,36.51181041666667,4,4,FIELD INSPECTION
811,44.183074999999995,4,4,FIELD INSPECTION
811,32.7446625,4,4,FIELD INSPECTION
811,7.100054166666662,2,3,ENHANCED MONITORING
811,18.10016666666667,3,3,ENHANCED MONITORING
811,14.070241666666666,3,3,ENHANCED MONITORING
811,15.577912499999988,3,3,ENHANCED MONITORING
811,21.373212500000005,4,5,REINFORCE / ALARM
811,129.01441666666668,5,5,REINFORCE / ALARM
811,157.11228749999998,5,5,REINFORCE / ALARM
811,83.42512916666666,4,4,FIELD INSPECTION
811,28.193241666666665,3,3,ENHANCED MONITORING
811,33.5056,4,4,FIELD INSPECTION
811,87.51795833333334,4,4,FIELD INSPECTION
811,122.79096249999999,5,5,REINFORCE / ALARM
811,42.58003333333335,5,5,REINFORCE / ALARM
811,3.283191666666653,2,3,ENHANCED MONITORING
811,68.65583958333333,4,4,FIELD INSPECTION
811,9.880012500000007,2,3,ENHANCED MONITORING
811,13.80239166666667,3,3,ENHANCED MONITORING
811,7.933027083333336,2,3,ENHANCED MONITORING
811,6.732775000000001,2,3,ENHANCED MONITORING
811,56.9120375,4,4,FIELD INSPECTION
811,93.48776666666667,4,4,FIELD INSPECTION
811,34.24015833333333,5,5,REINFORCE / ALARM
811,10.060608333333315,4,3,ENHANCED MONITORING
811,20.058312500000028,3,3,ENHANCED MONITORING
812,38.50648125,4,4,FIELD INSPECTION
812,17.12210833333333,3,3,ENHANCED MONITORING
812,6.647549999999995,2,3,ENHANCED MONITORING
812,98.99796875,5,5,REINFORCE / ALARM
812,64.15920625000001,4,4,FIELD INSPECTION
812,111.42052708333334,5,5,REINFORCE / ALARM
812,5.149010416666663,2,3,ENHANCED MONITORING
812,1.5396302083333377,1,3,ENHANCED MONITORING
812,16.289642708333332,3,3,ENHANCED MONITORING
812,78.78391770833333,4,4,FIELD INSPECTION
812,70.61398541666667,4,4,FIELD INSPECTION
812,42.1681125,4,4,FIELD INSPECTION
812,10.17119791666668,3,3,ENHANCED MONITORING
812,36.892279166666654,4,4,FIELD INSPECTION
812,13.485841666666667,3,3,ENHANCED MONITORING
812,45.44115833333333,4,4,FIELD INSPECTION
812,4.228783333333356,2,3,ENHANCED MONITORING
812,26.264518749999997,3,3,ENHANCED MONITORING
812,54.98230000000001,4,4,FIELD INSPECTION
812,5.282935416666642,2,3,ENHANCED MONITORING
812,24.996289583333322,3,3,ENHANCED MONITORING
812,43.560120833333336,4,4,FIELD INSPECTION
812,9.533025000000004,2,3,ENHANCED MONITORING
812,35.98524166666668,4,4,FIELD INSPECTION
812,16.047664583333333,3,3,ENHANCED MONITORING
812,4.2866145833333436,2,3,ENHANCED MONITORING
812,32.09837291666669,4,4,FIELD INSPECTION
812,42.96658958333335,4,4,FIELD INSPECTION
812,0.4636645833333309,1,3,ENHANCED MONITORING
812,50.90468958333336,4,4,FIELD INSPECTION
812,4.879131249999982,2,3,ENHANCED MONITORING
812,12.617358333333321,3,3,ENHANCED MONITORING
812,97.49841458333334,4,4,FIELD INSPECTION
812,69.68462708333333,4,4,FIELD INSPECTION
812,66.94322291666664,4,4,FIELD INSPECTION
812,43.59968958333334,4,4,FIELD INSPECTION
812,79.26026458333334,4,4,FIELD INSPECTION
812,58.68400729166668,4,4,FIELD INSPECTION
812,9.380330208333334,2,3,ENHANCED MONITORING
812,31.66768229166667,4,4,FIELD INSPECTION
812,49.878945833333326,4,4,FIELD INSPECTION
812,3.8442562500000057,2,3,ENHANCED MONITORING
812,17.137834375,3,3,ENHANCED MONITORING
812,38.019988541666656,4,4,FIELD INSPECTION
812,73.64911145833334,4,4,FIELD INSPECTION
812,21.35697916666666,3,3,ENHANCED MONITORING
812,15.29585833333333,3,3,ENHANCED MONITORING
812,48.25865625,4,4,FIELD INSPECTION
812,51.20906458333334,4,4,FIELD INSPECTION
812,35.59259791666667,4,4,FIELD INSPECTION
812,34.97065833333334,4,4,FIELD INSPECTION
812,40.85118333333333,5,5,REINFORCE / ALARM
812,117.01798333333335,5,5,REINFORCE / ALARM
812,70.8524125,5,5,REINFORCE / ALARM
812,103.35763333333334,5,5,REINFORCE / ALARM
812,98.37602916666668,5,5,REINFORCE / ALARM
812,64.47068333333333,4,4,FIELD INSPECTION
812,149.9533875,5,5,REINFORCE / ALARM
812,175.0338875,5,5,REINFORCE / ALARM
812,96.66950000000001,5,5,REINFORCE / ALARM
812,121.42939166666667,5,5,REINFORCE / ALARM
812,148.8454625,5,5,REINFORCE / ALARM
812,55.25826666666668,5,5,REINFORCE / ALARM
812,48.170387500000004,4,4,FIELD INSPECTION
812,3.735695833333336,2,3,ENHANCED MONITORING
812,12.493579166666668,3,3,ENHANCED MONITORING
812,58.13968333333333,4,4,FIELD INSPECTION
812,14.977279166666667,3,3,ENHANCED MONITORING
812,76.1972375,4,4,FIELD INSPECTION
812,5.091179166666659,2,3,ENHANCED MONITORING
812,5.77399375,2,3,ENHANCED MONITORING
812,19.230412499999993,3,3,ENHANCED MONITORING
812,56.824783333333336,4,4,FIELD INSPECTION
812,66.13561458333335,4,4,FIELD INSPECTION
812,19.613925000000005,3,3,ENHANCED MONITORING
812,12.89332500000001,3,3,ENHANCED MONITORING
812,4.330241666666662,2,3,ENHANCED MONITORING
812,104.09219166666666,5,5,REINFORCE / ALARM
812,138.8457291666667,5,5,REINFORCE / ALARM
812,67.5570458333333,5,5,REINFORCE / ALARM
831,8.255664583333326,2,3,ENHANCED MONITORING
831,34.69570624999999,4,4,FIELD INSPECTION
831,23.34454791666667,3,3,ENHANCED MONITORING
831,54.38673958333334,4,4,FIELD INSPECTION
831,44.60463437500001,4,4,FIELD INSPECTION
831,26.759128125,3,3,ENHANCED MONITORING
831,48.591946875,4,4,FIELD INSPECTION
831,40.35048645833333,4,4,FIELD INSPECTION
831,52.128784375,4,4,FIELD INSPECTION
831,31.248659375000003,4,4,FIELD INSPECTION
831,65.54208333333334,4,4,FIELD INSPECTION
831,64.49198958333334,4,4,FIELD INSPECTION
831,18.711960416666667,3,3,ENHANCED MONITORING
831,38.07325416666667,4,4,FIELD INSPECTION
831,79.41549583333334,4,4,FIELD INSPECTION
831,52.69644374999999,5,5,REINFORCE / ALARM
831,20.99984583333334,3,3,ENHANCED MONITORING
831,96.2981625,4,5,REINFORCE / ALARM
831,41.781556249999994,4,4,FIELD INSPECTION
831,12.305881249999997,3,3,ENHANCED MONITORING
831,26.080879166666666,3,3,ENHANCED MONITORING
831,27.492164583333345,3,3,ENHANCED MONITORING
831,92.32911250000001,4,5,REINFORCE / ALARM
831,69.62375208333334,4,4,FIELD INSPECTION
831,48.33677916666667,4,4,FIELD INSPECTION
831,35.47693541666666,4,4,FIELD INSPECTION
831,66.68348958333331,4,4,FIELD INSPECTION
831,87.73203541666668,4,4,FIELD INSPECTION
831,27.76204375,3,3,ENHANCED MONITORING
831,20.60415833333334,3,3,ENHANCED MONITORING
831,21.027239583333337,3,3,ENHANCED MONITORING
831,38.20007708333333,4,4,FIELD INSPECTION
831,7.471391666666662,2,3,ENHANCED MONITORING
831,2.1701937500000046,2,3,ENHANCED MONITORING
831,20.22977708333333,3,3,ENHANCED MONITORING
831,52.30785833333334,4,4,FIELD INSPECTION
831,15.144685416666656,3,3,ENHANCED MONITORING
831,23.57638020833333,3,3,ENHANCED MONITORING
831,8.64678645833333,2,3,ENHANCED MONITORING
831,4.697013541666668,2,3,ENHANCED MONITORING
831,16.525533333333335,3,3,ENHANCED MONITORING
831,60.25711875,4,4,FIELD INSPECTION
831,19.787418749999993,3,3,ENHANCED MONITORING
831,43.336912500000004,4,4,FIELD INSPECTION
831,0.6442604166666683,1,3,ENHANCED MONITORING
831,10.910829166666664,3,3,ENHANCED MONITORING
831,46.409070833333324,4,4,FIELD INSPECTION
831,24.95773541666666,3,3,ENHANCED MONITORING
831,4.927831250000015,2,3,ENHANCED MONITORING
831,22.37054791666667,3,3,ENHANCED MONITORING
831,23.934020833333317,3,3,ENHANCED MONITORING
831,72.68069166666668,4,4,FIELD INSPECTION
831,58.63480000000002,5,5,REINFORCE / ALARM
831,44.58890833333333,4,4,FIELD INSPECTION
831,105.30766249999999,5,5,REINFORCE / ALARM
831,14.258954166666669,3,3,ENHANCED MONITORING
831,89.78656666666662,4,5,REINFORCE / ALARM
831,86.50946249999998,4,4,FIELD INSPECTION
831,157.12852083333337,5,5,REINFORCE / ALARM
831,0.9577666666666668,1,3,ENHANCED MONITORING
831,86.90515000000005,5,5,REINFORCE / ALARM
831,24.463633333333338,3,3,ENHANCED MONITORING
831,25.41531250000004,3,3,ENHANCED MONITORING
831,71.35767499999994,5,5,REINFORCE / ALARM
831,60.04709999999999,5,5,REINFORCE / ALARM
831,134.79754166666666,5,5,REINFORCE / ALARM
831,70.29236249999997,5,5,REINFORCE / ALARM
831,10.969675000000024,3,3,ENHANCED MONITORING
831,82.46330416666667,4,4,FIELD INSPECTION
831,25.04194583333336,3,3,ENHANCED MONITORING
831,14.002264583333286,3,3,ENHANCED MONITORING
831,15.610379166666656,3,3,ENHANCED MONITORING
831,81.78962083333336,4,4,FIELD INSPECTION
831,115.49712291666667,5,5,REINFORCE / ALARM
831,89.03678958333332,4,4,FIELD INSPECTION
831,46.98231041666664,4,4,FIELD INSPECTION
831,10.978806250000005,3,3,ENHANCED MONITORING
831,8.942537499999991,2,3,ENHANCED MONITORING
831,72.72736249999996,5,5,REINFORCE / ALARM
831,13.784129166666665,4,3,ENHANCED MONITORING
835,6.533916666666667,2,3,ENHANCED MONITORING
835,7.803160416666665,2,3,ENHANCED MONITORING
835,0.2759666666666665,1,3,ENHANCED MONITORING
835,35.55810208333333,4,4,FIELD INSPECTION
835,31.667682291666665,4,4,FIELD INSPECTION
835,38.363932291666664,4,4,FIELD INSPECTION
835,3.6205406250000016,2,3,ENHANCED MONITORING
835,19.039670833333332,3,3,ENHANCED MONITORING
835,14.805814583333332,3,3,ENHANCED MONITORING
835,0.536714583333335,1,3,ENHANCED MONITORING
835,13.121606250000005,3,3,ENHANCED MONITORING
835,35.1553125,4,4,FIELD INSPECTION
835,12.487491666666662,3,3,ENHANCED MONITORING
835,10.441077083333338,3,3,ENHANCED MONITORING
835,10.733277083333325,3,3,ENHANCED MONITORING
835,5.7374687499999935,2,3,ENHANCED MONITORING
835,51.33690208333334,4,4,FIELD INSPECTION
835,47.88934791666668,4,4,FIELD INSPECTION
835,12.31602708333333,3,3,ENHANCED MONITORING
835,16.772077083333333,3,3,ENHANCED MONITORING
835,31.436864583333335,4,4,FIELD INSPECTION
835,13.237268749999998,3,3,ENHANCED MONITORING
835,12.764472916666668,3,3,ENHANCED MONITORING
835,0.9811020833333343,1,3,ENHANCED MONITORING
835,1.0013937500000054,1,3,ENHANCED MONITORING
835,41.56342083333333,4,4,FIELD INSPECTION
835,41.94693333333333,4,4,FIELD INSPECTION
835,17.181968750000003,3,3,ENHANCED MONITORING
835,34.791077083333334,4,4,FIELD INSPECTION
835,2.2706375000000016,2,3,ENHANCED MONITORING
835,8.659468749999997,2,3,ENHANCED MONITORING
835,2.7566229166666703,2,3,ENHANCED MONITORING
835,50.79004166666667,4,4,FIELD INSPECTION
835,9.981470833333324,2,3,ENHANCED MONITORING
835,18.02610208333334,3,3,ENHANCED MONITORING
835,14.693195833333325,3,3,ENHANCED MONITORING
835,15.369922916666676,4,3,ENHANCED MONITORING
835,9.344819791666675,2,3,ENHANCED MONITORING
835,102.35268854166667,5,5,REINFORCE / ALARM
835,13.578676041666663,3,3,ENHANCED MONITORING
835,22.033706250000005,3,3,ENHANCED MONITORING
835,42.99195416666666,4,4,FIELD INSPECTION
835,2.8453989583333246,2,3,ENHANCED MONITORING
835,10.168661458333345,3,3,ENHANCED MONITORING
835,34.75505937500001,4,4,FIELD INSPECTION
835,16.813675,3,3,ENHANCED MONITORING
835,50.50900208333335,4,4,FIELD INSPECTION
835,5.145966666666669,2,3,ENHANCED MONITORING
835,28.56559375000001,3,4,FIELD INSPECTION
835,12.905499999999995,3,3,ENHANCED MONITORING
835,51.33994583333333,4,4,FIELD INSPECTION
835,92.39201666666668,4,4,FIELD INSPECTION
835,31.336420833333325,5,5,REINFORCE / ALARM
835,13.051599999999988,3,3,ENHANCED MONITORING
835,123.03649166666668,5,5,REINFORCE / ALARM
835,11.681912500000001,3,3,ENHANCED MONITORING
835,69.86015,4,4,FIELD INSPECTION
835,47.71179583333333,4,4,FIELD INSPECTION
835,2.112362499999996,2,3,ENHANCED MONITORING
835,31.241050000000012,5,5,REINFORCE / ALARM
835,63.05635416666667,4,4,FIELD INSPECTION
835,87.65797083333335,4,4,FIELD INSPECTION
835,30.942762500000004,4,4,FIELD INSPECTION
835,73.87992916666667,4,4,FIELD INSPECTION
835,41.66893749999999,4,4,FIELD INSPECTION
835,11.547987499999977,3,3,ENHANCED MONITORING
835,29.90179999999999,3,4,FIELD INSPECTION
835,6.852495833333333,2,3,ENHANCED MONITORING
835,11.41000416666668,3,3,ENHANCED MONITORING
835,111.0055625,5,5,REINFORCE / ALARM
835,101.10018541666666,5,5,REINFORCE / ALARM
835,75.01829166666666,4,4,FIELD INSPECTION
835,26.460333333333313,3,3,ENHANCED MONITORING
835,65.97531041666667,4,4,FIELD INSPECTION
835,94.21623750000002,4,4,FIELD INSPECTION
835,131.64218749999998,5,5,REINFORCE / ALARM
835,10.602395833333352,4,3,ENHANCED MONITORING
835,47.66512499999996,5,5,REINFORCE / ALARM
835,60.68425833333331,4,4,FIELD INSPECTION
835,11.629154166666671,3,3,ENHANCED MONITORING
841,8.998339583333335,2,3,ENHANCED MONITORING
841,17.241829166666665,3,3,ENHANCED MONITORING
841,16.247537499999996,3,3,ENHANCED MONITORING
841,17.500547916666665,3,3,ENHANCED MONITORING
841,10.020024999999997,3,3,ENHANCED MONITORING
841,7.011785416666669,2,3,ENHANCED MONITORING
841,8.97601875,2,3,ENHANCED MONITORING
841,4.602657291666668,2,3,ENHANCED MONITORING
841,1.6471760416666659,1,3,ENHANCED MONITORING
841,32.346438541666664,4,4,FIELD INSPECTION
841,16.582349999999995,3,3,ENHANCED MONITORING
841,25.68924999999999,3,3,ENHANCED MONITORING
841,90.50692083333331,4,4,FIELD INSPECTION
841,24.231293750000003,3,3,ENHANCED MONITORING
841,90.39836041666666,5,5,REINFORCE / ALARM
841,83.41904166666666,4,4,FIELD INSPECTION
841,110.13809375,5,5,REINFORCE / ALARM
841,35.300397916666675,5,5,REINFORCE / ALARM
841,62.22439583333334,4,4,FIELD INSPECTION
841,37.825695833333334,4,4,FIELD INSPECTION
841,17.356477083333342,3,3,ENHANCED MONITORING
841,16.098393749999993,3,3,ENHANCED MONITORING
841,9.721737500000001,2,3,ENHANCED MONITORING
841,11.121862500000006,3,3,ENHANCED MONITORING
841,8.359152083333326,2,3,ENHANCED MONITORING
841,32.26577916666667,4,4,FIELD INSPECTION
841,6.465939583333328,2,3,ENHANCED MONITORING
841,37.03330625,4,4,FIELD INSPECTION
841,71.95120625,4,4,FIELD INSPECTION
841,86.82296874999999,4,4,FIELD INSPECTION
841,27.751897916666667,3,3,ENHANCED MONITORING
841,91.65441458333333,4,5,REINFORCE / ALARM
841,4.140514583333338,2,3,ENHANCED MONITORING
841,24.97396875,3,3,ENHANCED MONITORING
841,15.186283333333321,3,3,ENHANCED MONITORING
841,4.061377083333331,2,3,ENHANCED MONITORING
841,86.69513124999999,5,5,REINFORCE / ALARM
841,75.17250833333333,4,4,FIELD INSPECTION
841,28.779670833333324,4,5,REINFORCE / ALARM
841,84.3666625,4,4,FIELD INSPECTION
841,97.38883958333334,4,5,REINFORCE / ALARM
841,35.05892708333334,4,4,FIELD INSPECTION
841,5.731381250000001,2,3,ENHANCED MONITORING
841,47.04724375000001,4,4,FIELD INSPECTION
841,45.37216666666668,4,4,FIELD INSPECTION
841,79.88017500000001,4,4,FIELD INSPECTION
841,39.74934583333333,4,4,FIELD INSPECTION
841,52.757318749999996,4,4,FIELD INSPECTION
841,38.66678541666666,4,4,FIELD INSPECTION
841,22.831168750000003,3,3,ENHANCED MONITORING
841,21.10942083333333,3,3,ENHANCED MONITORING
841,60.94196250000001,4,4,FIELD INSPECTION
841,63.257241666666665,5,5,REINFORCE / ALARM
841,8.339875000000006,2,3,ENHANCED MONITORING
841,91.34699583333332,5,5,REINFORCE / ALARM
841,116.8292708333333,5,5,REINFORCE / ALARM
841,26.819495833333324,3,3,ENHANCED MONITORING
841,150.06904999999998,5,5,REINFORCE / ALARM
841,165.7748,5,5,REINFORCE / ALARM
841,73.53091250000001,5,5,REINFORCE / ALARM
841,42.01795416666668,4,4,FIELD INSPECTION
841,76.7816375,4,4,FIELD INSPECTION
841,44.85067083333333,4,5,REINFORCE / ALARM
841,52.59600000000001,5,5,REINFORCE / ALARM
841,30.31372083333334,4,4,FIELD INSPECTION
841,4.188200000000005,2,3,ENHANCED MONITORING
841,223.0399125,5,5,REINFORCE / ALARM
841,87.48955,5,5,REINFORCE / ALARM
841,68.05622083333334,4,4,FIELD INSPECTION
841,82.32735000000001,4,4,FIELD INSPECTION
841,0.8136958333333387,1,3,ENHANCED MONITORING
841,2.9514229166666532,2,3,ENHANCED MONITORING
841,24.188681249999988,3,3,ENHANCED MONITORING
841,22.58563958333333,3,3,ENHANCED MONITORING
841,31.15988333333333,4,4,FIELD INSPECTION
841,74.03617500000003,4,4,FIELD INSPECTION
841,149.24520833333335,5,5,REINFORCE / ALARM
841,72.20383749999999,5,5,REINFORCE / ALARM
841,23.996925,3,3,ENHANCED MONITORING
841,43.27197916666666,4,4,FIELD INSPECTION
844,2.4847145833333335,2,3,ENHANCED MONITORING
844,2.6115374999999994,2,3,ENHANCED MONITORING
844,20.634595833333332,3,3,ENHANCED MONITORING
844,16.79845625,3,3,ENHANCED MONITORING
844,10.391869791666666,3,3,ENHANCED MONITORING
844,26.683034375000002,3,3,ENHANCED MONITORING
844,16.18615520833333,3,3,ENHANCED MONITORING
844,25.99616145833333,3,3,ENHANCED MONITORING
844,5.223582291666673,2,3,ENHANCED MONITORING
844,45.672990625000004,4,4,FIELD INSPECTION
844,46.72054791666667,4,4,FIELD INSPECTION
844,16.38957916666667,3,3,ENHANCED MONITORING
844,45.59436041666667,4,4,FIELD INSPECTION
844,30.507506250000002,4,4,FIELD INSPECTION
844,27.97916458333333,3,4,FIELD INSPECTION
844,42.29290625000001,4,4,FIELD INSPECTION
844,31.53223541666667,4,4,FIELD INSPECTION
844,24.258687499999997,3,3,ENHANCED MONITORING
844,14.58767916666667,3,3,ENHANCED MONITORING
844,19.0964875,3,3,ENHANCED MONITORING
844,18.854509374999996,3,3,ENHANCED MONITORING
844,12.343928125000003,3,3,ENHANCED MONITORING
844,6.64095520833333,2,3,ENHANCED MONITORING
844,22.300541666666675,3,3,ENHANCED MONITORING
844,2.775899999999998,2,3,ENHANCED MONITORING
844,37.05258333333334,4,4,FIELD INSPECTION
844,49.80082291666667,4,4,FIELD INSPECTION
844,39.403372916666676,5,5,REINFORCE / ALARM
844,54.15845833333335,4,4,FIELD INSPECTION
844,52.91965208333335,5,5,REINFORCE / ALARM
844,21.070866666666678,3,3,ENHANCED MONITORING
844,43.49417291666666,4,4,FIELD INSPECTION
844,26.685570833333333,3,3,ENHANCED MONITORING
844,49.472097916666655,4,4,FIELD INSPECTION
844,18.136691666666664,3,3,ENHANCED MONITORING
844,4.149645833333341,2,3,ENHANCED MONITORING
844,36.601093750000004,4,4,FIELD INSPECTION
844,56.43061770833332,4,4,FIELD INSPECTION
844,37.97433229166666,4,4,FIELD INSPECTION
844,8.278492708333316,2,3,ENHANCED MONITORING
844,23.155835416666644,3,3,ENHANCED MONITORING
844,14.54608125,3,3,ENHANCED MONITORING
844,6.774372916666675,2,3,ENHANCED MONITORING
844,12.50068125,3,3,ENHANCED MONITORING
844,12.008608333333328,3,3,ENHANCED MONITORING
844,34.06869375000001,4,4,FIELD INSPECTION
844,28.11106041666667,3,3,ENHANCED MONITORING
844,23.039158333333347,3,3,ENHANCED MONITORING
844,28.971427083333328,3,4,FIELD INSPECTION
844,77.44618958333332,5,5,REINFORCE / ALARM
844,27.034587499999997,3,3,ENHANCED MONITORING
844,56.855220833333334,4,4,FIELD INSPECTION
844,20.358629166666656,3,3,ENHANCED MONITORING
844,26.0585583333333,3,3,ENHANCED MONITORING
844,26.93515833333335,3,3,ENHANCED MONITORING
844,62.80067916666665,4,4,FIELD INSPECTION
844,64.69997916666662,4,4,FIELD INSPECTION
844,34.686574999999976,4,4,FIELD INSPECTION
844,32.07503750000001,4,4,FIELD INSPECTION
844,31.874150000000043,4,4,FIELD INSPECTION
844,18.38222083333339,3,3,ENHANCED MONITORING
844,59.13600416666668,5,5,REINFORCE / ALARM
844,76.28043333333333,4,4,FIELD INSPECTION
844,143.77254583333334,5,5,REINFORCE / ALARM
844,62.6951625,5,5,REINFORCE / ALARM
844,41.06221666666662,4,4,FIELD INSPECTION
844,61.06168333333333,5,5,REINFORCE / ALARM
844,25.7785333333333,3,3,ENHANCED MONITORING
844,48.984083333333295,4,4,FIELD INSPECTION
844,32.34897500000001,4,4,FIELD INSPECTION
844,5.4046854166666565,3,3,ENHANCED MONITORING
844,65.80181666666665,4,4,FIELD INSPECTION
844,76.35551250000002,4,4,FIELD INSPECTION
844,18.007839583333322,3,3,ENHANCED MONITORING
844,54.36441875,4,4,FIELD INSPECTION
844,34.405535416666645,4,4,FIELD INSPECTION
844,59.07208541666665,4,4,FIELD INSPECTION
844,2.25237500000001,3,3,ENHANCED MONITORING
844,5.3407666666666485,2,3,ENHANCED MONITORING
844,0.6716541666666842,1,3,ENHANCED MONITORING
854,10.418756249999996,3,3,ENHANCED MONITORING
854,18.349754166666667,3,3,ENHANCED MONITORING
854,21.291031249999996,3,3,ENHANCED MONITORING
854,14.199093749999994,3,3,ENHANCED MONITORING
854,39.86297916666666,4,4,FIELD INSPECTION
854,15.852864583333334,3,3,ENHANCED MONITORING
854,14.688122916666666,3,3,ENHANCED MONITORING
854,53.684140625,4,4,FIELD INSPECTION
854,31.53172812499999,4,4,FIELD INSPECTION
854,25.054628124999994,3,3,ENHANCED MONITORING
854,29.041433333333334,3,3,ENHANCED MONITORING
854,41.556318749999996,4,4,FIELD INSPECTION
854,48.039506249999995,4,4,FIELD INSPECTION
854,6.722629166666668,2,3,ENHANCED MONITORING
854,36.106991666666666,4,4,FIELD INSPECTION
854,12.799983333333335,3,3,ENHANCED MONITORING
854,24.91207916666666,3,3,ENHANCED MONITORING
854,14.519702083333335,3,3,ENHANCED MONITORING
854,27.887852083333332,3,3,ENHANCED MONITORING
854,13.883558333333326,3,3,ENHANCED MONITORING
854,8.573229166666664,2,3,ENHANCED MONITORING
854,14.341135416666669,3,3,ENHANCED MONITORING
854,9.82421041666667,2,3,ENHANCED MONITORING
854,4.47634166666667,2,3,ENHANCED MONITORING
854,36.16177916666666,4,4,FIELD INSPECTION
854,43.01934791666667,4,4,FIELD INSPECTION
854,23.65196666666667,3,3,ENHANCED MONITORING
854,10.714000000000004,3,3,ENHANCED MONITORING
854,48.82783750000001,4,4,FIELD INSPECTION
854,16.73149375,4,3,ENHANCED MONITORING
854,25.659827083333315,3,3,ENHANCED MONITORING
854,87.87610625,4,4,FIELD INSPECTION
854,105.00937499999999,5,5,REINFORCE / ALARM
854,125.21581666666668,5,5,REINFORCE / ALARM
854,167.637575,5,5,REINFORCE / ALARM
854,29.71105833333333,4,5,REINFORCE / ALARM
854,70.17264166666666,4,4,FIELD INSPECTION
854,23.512461458333323,3,3,ENHANCED MONITORING
854,72.28551145833335,4,4,FIELD INSPECTION
854,15.871634374999994,3,3,ENHANCED MONITORING
854,24.72742500000001,3,3,ENHANCED MONITORING
854,47.1487020833333,5,5,REINFORCE / ALARM
854,44.622896875,4,4,FIELD INSPECTION
854,39.009207291666634,4,4,FIELD INSPECTION
854,87.66558020833334,4,4,FIELD INSPECTION
854,120.34480208333336,5,5,REINFORCE / ALARM
854,61.00689583333332,4,4,FIELD INSPECTION
854,22.778410416666674,3,3,ENHANCED MONITORING
854,54.373550000000016,4,4,FIELD INSPECTION
854,61.937268749999966,4,4,FIELD INSPECTION
854,32.064891666666696,4,4,FIELD INSPECTION
854,43.6270833333333,5,5,REINFORCE / ALARM
854,106.56371666666666,5,5,REINFORCE / ALARM
854,63.218687500000016,5,5,REINFORCE / ALARM
854,193.0934708333333,5,5,REINFORCE / ALARM
854,217.64841666666666,5,5,REINFORCE / ALARM
854,186.48041666666663,5,5,REINFORCE / ALARM
854,157.5668208333333,5,5,REINFORCE / ALARM
854,206.01723333333334,5,5,REINFORCE / ALARM
854,200.3842666666666,5,5,REINFORCE / ALARM
854,98.99898333333329,4,5,REINFORCE / ALARM
854,50.507987500000006,4,4,FIELD INSPECTION
854,114.91982499999999,5,5,REINFORCE / ALARM
854,144.1966416666667,5,5,REINFORCE / ALARM
854,85.05252083333333,5,5,REINFORCE / ALARM
854,72.54067916666666,4,4,FIELD INSPECTION
854,47.640774999999984,4,4,FIELD INSPECTION
854,22.862620833333356,3,3,ENHANCED MONITORING
854,40.548837500000005,4,4,FIELD INSPECTION
854,20.330220833333353,3,3,ENHANCED MONITORING
854,32.59653333333335,4,4,FIELD INSPECTION
854,1.3270749999999865,1,3,ENHANCED MONITORING
854,15.399345833333328,3,3,ENHANCED MONITORING
854,25.597937500000018,3,3,ENHANCED MONITORING
854,13.052614583333357,3,3,ENHANCED MONITORING
854,11.45363125,3,3,ENHANCED MONITORING
854,15.006702083333343,3,3,ENHANCED MONITORING
854,39.52207916666666,4,4,FIELD INSPECTION
854,84.03996666666664,4,4,FIELD INSPECTION
854,51.86752916666665,4,4,FIELD INSPECTION
857,29.167241666666666,3,4,FIELD INSPECTION
857,13.789202083333334,3,3,ENHANCED MONITORING
857,1.8850958333333356,1,3,ENHANCED MONITORING
857,38.758097916666664,4,4,FIELD INSPECTION
857,45.657771875,4,4,FIELD INSPECTION
857,52.421998958333326,4,4,FIELD INSPECTION
857,40.66602187499999,4,4,FIELD INSPECTION
857,46.36442916666666,4,4,FIELD INSPECTION
857,86.70426249999998,5,5,REINFORCE / ALARM
857,64.66345416666665,4,5,REINFORCE / ALARM
857,4.747235416666636,3,3,ENHANCED MONITORING
857,129.0489125,5,5,REINFORCE / ALARM
857,147.89378333333332,5,5,REINFORCE / ALARM
857,2.978816666666679,3,3,ENHANCED MONITORING
857,4.807095833333342,2,3,ENHANCED MONITORING
857,52.72992499999999,4,4,FIELD INSPECTION
857,22.292425000000005,3,3,ENHANCED MONITORING
857,8.600622916666664,2,3,ENHANCED MONITORING
857,0.7193395833333334,1,3,ENHANCED MONITORING
857,1.7166750000000004,1,3,ENHANCED MONITORING
857,6.416224999999997,2,3,ENHANCED MONITORING
857,3.7377250000000024,2,3,ENHANCED MONITORING
857,10.248306250000006,3,3,ENHANCED MONITORING
857,35.45461458333333,4,4,FIELD INSPECTION
857,54.48515416666666,4,4,FIELD INSPECTION
857,118.70523541666665,5,5,REINFORCE / ALARM
857,49.24280208333332,4,4,FIELD INSPECTION
857,41.02366249999998,4,4,FIELD INSPECTION
857,7.767649999999996,2,3,ENHANCED MONITORING
857,64.98406249999996,4,4,FIELD INSPECTION
857,40.02632708333333,4,4,FIELD INSPECTION
857,80.25049791666667,4,4,FIELD INSPECTION
857,99.91515208333333,4,5,REINFORCE / ALARM
857,99.83601458333332,4,5,REINFORCE / ALARM
857,42.052449999999965,4,4,FIELD INSPECTION
857,8.584389583333335,2,3,ENHANCED MONITORING
857,33.56241666666666,4,4,FIELD INSPECTION
857,77.74650625000004,4,4,FIELD INSPECTION
857,31.822406250000004,4,4,FIELD INSPECTION
857,28.091783333333282,3,4,FIELD INSPECTION
857,47.816297916666635,4,4,FIELD INSPECTION
857,75.90199374999999,4,4,FIELD INSPECTION
857,56.19016145833336,4,4,FIELD INSPECTION
857,38.47046354166671,4,4,FIELD INSPECTION
857,57.11038854166666,5,5,REINFORCE / ALARM
857,103.16384791666663,5,5,REINFORCE / ALARM
857,135.54123125000004,5,5,REINFORCE / ALARM
857,44.68326458333333,4,4,FIELD INSPECTION
857,9.839429166666662,2,3,ENHANCED MONITORING
857,12.438791666666658,3,3,ENHANCED MONITORING
857,5.797329166666636,2,3,ENHANCED MONITORING
857,6.056047916666646,2,3,ENHANCED MONITORING
857,62.38368541666665,5,5,REINFORCE / ALARM
857,14.637393749999964,4,3,ENHANCED MONITORING
857,109.66022499999993,5,5,REINFORCE / ALARM
857,29.790195833333332,3,4,FIELD INSPECTION
857,88.49195833333341,4,4,FIELD INSPECTION
857,8.19580416666667,2,3,ENHANCED MONITORING
857,37.00794166666663,4,4,FIELD INSPECTION
857,25.27935833333338,3,3,ENHANCED MONITORING
857,3.1715875000000344,2,3,ENHANCED MONITORING
857,46.9569458333334,5,5,REINFORCE / ALARM
857,24.65437499999992,3,3,ENHANCED MONITORING
857,46.51661666666667,4,4,FIELD INSPECTION
857,114.21976250000004,5,5,REINFORCE / ALARM
857,80.67560833333333,5,5,REINFORCE / ALARM
857,54.63937083333337,5,5,REINFORCE / ALARM
857,286.98707083333346,5,5,REINFORCE / ALARM
857,169.68094583333328,5,5,REINFORCE / ALARM
857,203.93327916666667,5,5,REINFORCE / ALARM
857,74.76768958333344,4,4,FIELD INSPECTION
857,90.22283749999993,5,5,REINFORCE / ALARM
857,94.62004166666668,5,5,REINFORCE / ALARM
857,55.48248958333332,5,5,REINFORCE / ALARM
857,12.192247916666693,3,3,ENHANCED MONITORING
857,116.3311104166667,5,5,REINFORCE / ALARM
857,110.89700208333335,5,5,REINFORCE / ALARM
857,35.35011249999999,5,5,REINFORCE / ALARM
857,113.09357499999997,5,5,REINFORCE / ALARM
857,16.12984583333345,3,3,ENHANCED MONITORING
869,17.292558333333336,3,3,ENHANCED MONITORING
869,4.461122916666664,2,3,ENHANCED MONITORING
869,23.47035625,3,3,ENHANCED MONITORING
869,31.814289583333334,4,3,ENHANCED MONITORING
869,27.709285416666663,3,3,ENHANCED MONITORING
869,21.41785416666666,3,3,ENHANCED MONITORING
869,14.330989583333333,3,3,ENHANCED MONITORING
869,19.274546875,3,3,ENHANCED MONITORING
869,28.183603125000005,3,3,ENHANCED MONITORING
869,11.793009375000006,3,3,ENHANCED MONITORING
869,17.057175000000004,3,3,ENHANCED MONITORING
869,36.65791041666666,4,4,FIELD INSPECTION
869,6.194031249999999,2,3,ENHANCED MONITORING
869,2.3203520833333315,2,3,ENHANCED MONITORING
869,2.102216666666673,2,3,ENHANCED MONITORING
869,2.118450000000003,2,3,ENHANCED MONITORING
869,36.13844374999999,4,4,FIELD INSPECTION
869,10.15800833333333,3,3,ENHANCED MONITORING
869,36.27642708333334,4,4,FIELD INSPECTION
869,4.069493749999995,2,3,ENHANCED MONITORING
869,17.625341666666667,3,3,ENHANCED MONITORING
869,40.245477083333334,4,4,FIELD INSPECTION
869,66.59217708333334,4,4,FIELD INSPECTION
869,56.953635416666664,4,4,FIELD INSPECTION
869,10.813429166666666,3,3,ENHANCED MONITORING
869,24.97295416666667,3,3,ENHANCED MONITORING
869,34.71295416666666,4,4,FIELD INSPECTION
869,14.655656249999998,3,3,ENHANCED MONITORING
869,8.349006249999997,2,3,ENHANCED MONITORING
869,8.204935416666665,2,3,ENHANCED MONITORING
869,45.2970875,4,4,FIELD INSPECTION
869,20.126289583333335,3,3,ENHANCED MONITORING
869,9.850589583333337,2,3,ENHANCED MONITORING
869,17.822170833333335,3,3,ENHANCED MONITORING
869,17.210377083333334,3,3,ENHANCED MONITORING
869,40.00400625,4,4,FIELD INSPECTION
869,69.16008750000002,4,4,FIELD INSPECTION
869,44.04356979166668,4,4,FIELD INSPECTION
869,75.84771354166666,4,4,FIELD INSPECTION
869,26.38677604166668,3,3,ENHANCED MONITORING
869,64.89173541666668,4,4,FIELD INSPECTION
869,21.96065625,3,3,ENHANCED MONITORING
869,45.498989583333326,4,4,FIELD INSPECTION
869,42.022012499999995,4,4,FIELD INSPECTION
869,28.937945833333345,3,5,REINFORCE / ALARM
869,2.8834458333333117,2,3,ENHANCED MONITORING
869,5.8663208333333285,2,3,ENHANCED MONITORING
869,41.56545000000001,4,4,FIELD INSPECTION
869,13.6096208333333,3,3,ENHANCED MONITORING
869,16.475818750000062,3,3,ENHANCED MONITORING
869,3.323774999999967,2,3,ENHANCED MONITORING
869,66.79712291666664,4,4,FIELD INSPECTION
869,46.23354791666668,5,5,REINFORCE / ALARM
869,33.64662708333334,4,4,FIELD INSPECTION
869,76.67409166666665,4,5,REINFORCE / ALARM
869,3.1046249999999724,2,3,ENHANCED MONITORING
869,13.845004166666696,3,3,ENHANCED MONITORING
869,9.742029166666669,2,3,ENHANCED MONITORING
869,53.154020833333306,4,4,FIELD INSPECTION
869,50.9300541666667,4,4,FIELD INSPECTION
869,83.70718333333336,4,4,FIELD INSPECTION
869,106.01178333333331,5,5,REINFORCE / ALARM
869,72.258625,5,5,REINFORCE / ALARM
869,93.14889583333331,4,4,FIELD INSPECTION
869,116.88608750000003,5,5,REINFORCE / ALARM
869,31.91067500000004,5,5,REINFORCE / ALARM
869,60.30683333333337,5,5,REINFORCE / ALARM
869,64.8724583333334,4,4,FIELD INSPECTION
869,32.88264583333333,4,4,FIELD INSPECTION
869,54.243683333333365,4,4,FIELD INSPECTION
869,31.268443749999975,4,4,FIELD INSPECTION
869,19.699150000000014,3,3,ENHANCED MONITORING
869,31.61035833333334,5,5,REINFORCE / ALARM
869,55.39117708333331,4,4,FIELD INSPECTION
869,49.413252083333305,4,4,FIELD INSPECTION
869,27.843210416666654,3,3,ENHANCED MONITORING
869,100.59086458333333,5,5,REINFORCE / ALARM
869,246.9881375,5,5,REINFORCE / ALARM
869,117.62673333333335,5,5,REINFORCE / ALARM
869,87.73507916666671,4,4,FIELD INSPECTION
874,110.58755416666666,5,5,REINFORCE / ALARM
874,14.776391666666663,3,3,ENHANCED MONITORING
874,36.52601458333333,4,4,FIELD INSPECTION
874,46.14325,4,4,FIELD INSPECTION
874,3.6859812500000064,2,3,ENHANCED MONITORING
874,7.485595833333334,2,3,ENHANCED MONITORING
874,17.20327500000001,3,3,ENHANCED MONITORING
874,10.253886458333334,3,3,ENHANCED MONITORING
874,3.561694791666674,2,3,ENHANCED MONITORING
874,12.00810104166667,3,3,ENHANCED MONITORING
874,5.200754166666656,2,3,ENHANCED MONITORING
874,1.8982854166666574,1,3,ENHANCED MONITORING
874,1.3676583333333354,1,3,ENHANCED MONITORING
874,30.33807083333333,4,4,FIELD INSPECTION
874,7.976654166666677,2,3,ENHANCED MONITORING
874,5.910962500000011,2,3,ENHANCED MONITORING
874,38.122968750000005,4,4,FIELD INSPECTION
874,13.513235416666674,3,3,ENHANCED MONITORING
874,10.08292916666667,3,3,ENHANCED MONITORING
874,12.31501249999999,3,3,ENHANCED MONITORING
874,8.524021874999995,2,3,ENHANCED MONITORING
874,8.064415625000004,2,3,ENHANCED MONITORING
874,4.020286458333335,2,3,ENHANCED MONITORING
874,3.524662499999985,2,3,ENHANCED MONITORING
874,68.76338541666667,4,4,FIELD INSPECTION
874,62.660666666666664,4,4,FIELD INSPECTION
874,55.66714374999999,4,4,FIELD INSPECTION
874,43.725497916666654,4,4,FIELD INSPECTION
874,44.529047916666656,4,4,FIELD INSPECTION
874,38.68098958333332,4,4,FIELD INSPECTION
874,23.623558333333353,3,3,ENHANCED MONITORING
874,33.856645833333324,4,4,FIELD INSPECTION
874,68.78672083333335,4,4,FIELD INSPECTION
874,45.25650416666665,4,4,FIELD INSPECTION
874,21.348862500000024,3,3,ENHANCED MONITORING
874,11.262889583333326,3,3,ENHANCED MONITORING
874,51.126883333333346,4,4,FIELD INSPECTION
874,69.85558437500002,4,4,FIELD INSPECTION
874,122.13097604166667,5,5,REINFORCE / ALARM
874,16.70968020833332,4,5,REINFORCE / ALARM
874,5.702972916666677,2,3,ENHANCED MONITORING
874,64.33777291666665,4,4,FIELD INSPECTION
874,19.955839583333326,3,3,ENHANCED MONITORING
874,26.047397916666664,3,3,ENHANCED MONITORING
874,3.0965083333333254,2,3,ENHANCED MONITORING
874,2.2767249999999923,2,3,ENHANCED MONITORING
874,32.32969791666665,4,4,FIELD INSPECTION
874,15.52109583333331,3,3,ENHANCED MONITORING
874,4.824343750000007,2,3,ENHANCED MONITORING
874,22.390839583333378,3,3,ENHANCED MONITORING
874,53.03835833333329,4,4,FIELD INSPECTION
874,24.455516666666625,3,3,ENHANCED MONITORING
874,3.250724999999998,2,3,ENHANCED MONITORING
874,56.08007916666666,5,5,REINFORCE / ALARM
874,109.51818333333335,5,5,REINFORCE / ALARM
874,153.45775833333337,5,5,REINFORCE / ALARM
874,107.28812916666668,5,5,REINFORCE / ALARM
874,103.87304166666665,5,5,REINFORCE / ALARM
874,7.1446958333333255,3,3,ENHANCED MONITORING
874,46.04787916666669,5,5,REINFORCE / ALARM
874,52.654845833333354,4,4,FIELD INSPECTION
874,39.317133333333324,4,4,FIELD INSPECTION
874,68.90035416666666,4,4,FIELD INSPECTION
874,12.927820833333337,3,3,ENHANCED MONITORING
874,52.857762500000014,4,4,FIELD INSPECTION
874,39.17712083333337,4,4,FIELD INSPECTION
874,18.532379166666658,3,3,ENHANCED MONITORING
874,28.227737499999993,3,3,ENHANCED MONITORING
874,90.01586250000003,4,4,FIELD INSPECTION
874,21.492933333333337,4,3,ENHANCED MONITORING
874,34.76266875000001,4,4,FIELD INSPECTION
874,39.19031041666667,4,4,FIELD INSPECTION
874,100.06733958333332,5,5,REINFORCE / ALARM
874,64.39763333333335,4,4,FIELD INSPECTION
874,115.23840416666667,5,5,REINFORCE / ALARM
874,73.42133749999999,5,5,REINFORCE / ALARM
874,2.4471750000000156,3,3,ENHANCED MONITORING
874,118.60276249999998,5,5,REINFORCE / ALARM
874,109.68254583333334,5,5,REINFORCE / ALARM
874,38.32487083333334,4,4,FIELD INSPECTION
876,60.46307916666666,4,4,FIELD INSPECTION
876,35.59158333333333,4,4,FIELD INSPECTION
876,12.385018750000006,3,3,ENHANCED MONITORING
876,34.82050000000001,4,4,FIELD INSPECTION
876,5.918064583333334,2,3,ENHANCED MONITORING
876,2.203674999999999,2,3,ENHANCED MONITORING
876,25.6466375,3,3,ENHANCED MONITORING
876,35.81834270833334,4,4,FIELD INSPECTION
876,61.842405208333325,5,5,REINFORCE / ALARM
876,50.687061458333325,4,4,FIELD INSPECTION
876,27.870604166666656,3,3,ENHANCED MONITORING
876,33.38080625,4,4,FIELD INSPECTION
876,19.2852,3,3,ENHANCED MONITORING
876,28.370793749999994,3,3,ENHANCED MONITORING
876,32.802493750000004,4,4,FIELD INSPECTION
876,35.53070833333333,4,4,FIELD INSPECTION
876,9.830297916666664,2,3,ENHANCED MONITORING
876,23.724002083333335,3,3,ENHANCED MONITORING
876,2.032210416666667,2,3,ENHANCED MONITORING
876,25.978406250000003,3,3,ENHANCED MONITORING
876,12.44843020833333,3,3,ENHANCED MONITORING
876,18.656665625000002,3,3,ENHANCED MONITORING
876,11.449065625000008,3,3,ENHANCED MONITORING
876,0.7477479166666626,1,3,ENHANCED MONITORING
876,28.356589583333335,3,3,ENHANCED MONITORING
876,33.52792083333333,4,4,FIELD INSPECTION
876,34.65918125,4,4,FIELD INSPECTION
876,50.686554166666674,4,4,FIELD INSPECTION
876,13.493958333333333,3,3,ENHANCED MONITORING
876,13.04145416666667,3,3,ENHANCED MONITORING
876,26.65310416666667,3,3,ENHANCED MONITORING
876,111.54734999999998,5,5,REINFORCE / ALARM
876,66.77074374999998,5,5,REINFORCE / ALARM
876,85.93216458333332,4,4,FIELD INSPECTION
876,36.855754166666664,4,4,FIELD INSPECTION
876,55.72598958333334,4,4,FIELD INSPECTION
876,64.62287083333334,4,4,FIELD INSPECTION
876,91.32366041666667,4,4,FIELD INSPECTION
876,9.904362500000005,2,3,ENHANCED MONITORING
876,2.289914583333335,2,3,ENHANCED MONITORING
876,4.81724166666667,2,3,ENHANCED MONITORING
876,15.24817291666667,3,3,ENHANCED MONITORING
876,7.4800156249999965,2,3,ENHANCED MONITORING
876,36.715234375,4,4,FIELD INSPECTION
876,19.050323958333337,3,3,ENHANCED MONITORING
876,20.3566,3,3,ENHANCED MONITORING
876,20.679237500000003,3,3,ENHANCED MONITORING
876,1.8962562500000135,1,3,ENHANCED MONITORING
876,28.63255624999999,3,3,ENHANCED MONITORING
876,7.678366666666659,2,3,ENHANCED MONITORING
876,7.528208333333324,2,3,ENHANCED MONITORING
876,48.704058333333315,4,4,FIELD INSPECTION
876,0.07102083333334501,1,3,ENHANCED MONITORING
876,27.395779166666657,3,3,ENHANCED MONITORING
876,24.147083333333327,4,3,ENHANCED MONITORING
876,56.500116666666656,5,5,REINFORCE / ALARM
876,43.409962499999985,5,5,REINFORCE / ALARM
876,73.90833749999999,5,5,REINFORCE / ALARM
876,102.95991666666669,5,5,REINFORCE / ALARM
876,11.069104166666683,3,3,ENHANCED MONITORING
876,118.61087916666668,5,5,REINFORCE / ALARM
876,56.591429166666664,5,5,REINFORCE / ALARM
876,22.5968,4,3,ENHANCED MONITORING
876,109.59935,5,5,REINFORCE / ALARM
876,83.60369583333336,5,5,REINFORCE / ALARM
876,128.93527916666665,5,5,REINFORCE / ALARM
876,47.54540416666665,4,4,FIELD INSPECTION
876,203.24742083333334,5,5,REINFORCE / ALARM
876,53.0525625,4,4,FIELD INSPECTION
876,70.30656666666665,5,5,REINFORCE / ALARM
876,103.47329583333334,5,5,REINFORCE / ALARM
876,107.17348125000001,5,5,REINFORCE / ALARM
876,38.68301875000001,4,4,FIELD INSPECTION
876,4.603164583333357,2,3,ENHANCED MONITORING
876,27.836108333333346,3,3,ENHANCED MONITORING
876,6.968158333333356,2,3,ENHANCED MONITORING
876,35.0457375,4,4,FIELD INSPECTION
876,6.795679166666652,2,3,ENHANCED MONITORING
876,46.13310416666667,5,5,REINFORCE / ALARM
876,51.973045833333366,5,5,REINFORCE / ALARM
880,18.405556250000004,3,3,ENHANCED MONITORING
880,23.682404166666668,3,3,ENHANCED MONITORING
880,37.44218333333334,4,4,FIELD INSPECTION
880,91.80051458333332,4,4,FIELD INSPECTION
880,56.56961562499998,4,4,FIELD INSPECTION
880,34.762161458333324,4,4,FIELD INSPECTION
880,13.029786458333328,3,3,ENHANCED MONITORING
880,40.58333333333333,4,4,FIELD INSPECTION
880,3.8757083333333355,2,3,ENHANCED MONITORING
880,23.47542916666666,3,3,ENHANCED MONITORING
880,4.047172916666668,2,3,ENHANCED MONITORING
880,63.08780624999999,4,4,FIELD INSPECTION
880,41.974327083333336,4,4,FIELD INSPECTION
880,13.104358333333328,3,3,ENHANCED MONITORING
880,46.04787916666666,4,4,FIELD INSPECTION
880,14.10575208333333,3,3,ENHANCED MONITORING
880,56.08210833333334,4,4,FIELD INSPECTION
880,12.305881249999999,4,3,ENHANCED MONITORING
880,9.41736249999999,2,3,ENHANCED MONITORING
880,55.84266666666667,4,4,FIELD INSPECTION
880,18.794141666666665,3,3,ENHANCED MONITORING
880,18.456285416666656,3,3,ENHANCED MONITORING
880,2.29194375,2,3,ENHANCED MONITORING
880,27.055893750000006,3,3,ENHANCED MONITORING
880,34.42785625,4,4,FIELD INSPECTION
880,23.9056125,4,3,ENHANCED MONITORING
880,67.45355833333333,4,4,FIELD INSPECTION
880,41.42543750000001,5,5,REINFORCE / ALARM
880,30.29545833333332,4,4,FIELD INSPECTION
880,31.09596458333333,4,4,FIELD INSPECTION
880,25.958114583333337,3,3,ENHANCED MONITORING
880,50.61654791666666,4,4,FIELD INSPECTION
880,20.1131,3,3,ENHANCED MONITORING
880,7.070631249999998,2,3,ENHANCED MONITORING
880,20.38602291666667,3,3,ENHANCED MONITORING
880,91.37337500000001,4,4,FIELD INSPECTION
880,57.09770625000001,5,5,REINFORCE / ALARM
880,29.279860416666665,3,3,ENHANCED MONITORING
880,77.67345625,4,4,FIELD INSPECTION
880,85.27268541666668,4,4,FIELD INSPECTION
880,67.76909375,4,4,FIELD INSPECTION
880,48.06892916666667,4,4,FIELD INSPECTION
880,40.36824166666667,4,4,FIELD INSPECTION
880,36.66095416666667,5,5,REINFORCE / ALARM
880,55.180143750000006,4,4,FIELD INSPECTION
880,79.89843749999999,4,4,FIELD INSPECTION
880,20.1678875,3,3,ENHANCED MONITORING
880,2.0890270833333346,2,3,ENHANCED MONITORING
880,96.194675,5,5,REINFORCE / ALARM
880,126.35012083333334,5,5,REINFORCE / ALARM
880,90.22486666666667,4,5,REINFORCE / ALARM
880,43.64433125,4,4,FIELD INSPECTION
880,54.35021458333333,4,4,FIELD INSPECTION
880,16.506256249999993,4,3,ENHANCED MONITORING
880,59.4200875,5,5,REINFORCE / ALARM
880,125.08595000000003,5,5,REINFORCE / ALARM
880,107.11565000000003,5,5,REINFORCE / ALARM
880,41.56342083333332,4,4,FIELD INSPECTION
880,134.66564583333334,5,5,REINFORCE / ALARM
880,32.87655833333334,5,5,REINFORCE / ALARM
880,35.780295833333334,4,4,FIELD INSPECTION
880,48.84204166666666,4,4,FIELD INSPECTION
880,9.612162500000002,3,3,ENHANCED MONITORING
880,3.804687500000005,2,3,ENHANCED MONITORING
880,56.98914583333334,4,4,FIELD INSPECTION
880,35.011241666666656,4,4,FIELD INSPECTION
880,180.14535833333332,5,5,REINFORCE / ALARM
880,33.14237916666667,5,5,REINFORCE / ALARM
880,95.39315416666669,5,5,REINFORCE / ALARM
880,83.41701249999997,4,5,REINFORCE / ALARM
880,12.500681249999985,3,3,ENHANCED MONITORING
880,109.27468333333331,5,5,REINFORCE / ALARM
880,26.206687500000005,3,3,ENHANCED MONITORING
880,13.693831250000011,3,3,ENHANCED MONITORING
880,41.72778333333334,4,4,FIELD INSPECTION
880,49.58471666666666,4,4,FIELD INSPECTION
880,56.690858333333345,5,5,REINFORCE / ALARM
880,183.22157500000003,5,5,REINFORCE / ALARM
880,110.9446875,5,5,REINFORCE / ALARM
880,63.16998749999999,5,5,REINFORCE / ALARM
896,0.10957500000000335,1,3,ENHANCED MONITORING
896,6.144316666666661,2,3,ENHANCED MONITORING
896,49.51876874999999,4,4,FIELD INSPECTION
896,55.6214875,4,4,FIELD INSPECTION
896,50.84990208333334,4,4,FIELD INSPECTION
896,11.176650000000004,3,3,ENHANCED MONITORING
896,37.73742708333332,4,4,FIELD INSPECTION
896,34.86666354166666,4,4,FIELD INSPECTION
896,96.49549895833331,4,5,REINFORCE / ALARM
896,77.20319687500002,4,4,FIELD INSPECTION
896,59.451539583333336,4,4,FIELD INSPECTION
896,10.949383333333317,3,3,ENHANCED MONITORING
896,27.097491666666667,3,3,ENHANCED MONITORING
896,2.5557354166666593,2,3,ENHANCED MONITORING
896,0.6107791666666671,1,3,ENHANCED MONITORING
896,15.002643749999999,3,3,ENHANCED MONITORING
896,23.220768750000005,3,3,ENHANCED MONITORING
896,9.347356250000006,2,3,ENHANCED MONITORING
896,1.1414062500000075,1,3,ENHANCED MONITORING
896,5.599485416666666,2,3,ENHANCED MONITORING
896,15.650455208333346,3,3,ENHANCED MONITORING
896,25.672509374999994,3,3,ENHANCED MONITORING
896,5.038928124999998,2,3,ENHANCED MONITORING
896,10.642979166666661,3,3,ENHANCED MONITORING
896,30.45576249999999,4,4,FIELD INSPECTION
896,85.87534791666666,4,4,FIELD INSPECTION
896,24.433195833333343,3,3,ENHANCED MONITORING
896,9.019645833333326,2,3,ENHANCED MONITORING
896,46.766204166666675,4,4,FIELD INSPECTION
896,2.8956208333333273,2,3,ENHANCED MONITORING
896,10.719072916666661,3,3,ENHANCED MONITORING
896,13.828770833333365,3,3,ENHANCED MONITORING
896,8.378429166666676,2,3,ENHANCED MONITORING
896,5.754716666666663,2,3,ENHANCED MONITORING
896,28.532112500000007,3,3,ENHANCED MONITORING
896,74.23198958333333,4,4,FIELD INSPECTION
896,52.308872916666644,4,4,FIELD INSPECTION
896,11.140632291666662,3,3,ENHANCED MONITORING
896,36.73958437499999,4,4,FIELD INSPECTION
896,54.983821875,4,4,FIELD INSPECTION
896,61.69782708333332,4,4,FIELD INSPECTION
896,86.31161875000002,4,4,FIELD INSPECTION
896,35.16089270833332,4,4,FIELD INSPECTION
896,52.14907604166667,4,4,FIELD INSPECTION
896,17.135805208333334,3,3,ENHANCED MONITORING
896,42.56785833333333,4,4,FIELD INSPECTION
896,2.565881250000007,2,3,ENHANCED MONITORING
896,36.16177916666666,4,4,FIELD INSPECTION
896,28.16280416666667,3,4,FIELD INSPECTION
896,43.742745833333366,5,5,REINFORCE / ALARM
896,12.203408333333376,4,3,ENHANCED MONITORING
896,27.830020833333364,3,3,ENHANCED MONITORING
896,36.805025000000015,4,4,FIELD INSPECTION
896,47.90050833333344,4,4,FIELD INSPECTION
896,49.75922500000009,4,4,FIELD INSPECTION
896,95.69752916666668,4,5,REINFORCE / ALARM
896,3.2446374999998633,2,3,ENHANCED MONITORING
896,116.61417916666659,5,5,REINFORCE / ALARM
896,138.2491541666666,5,5,REINFORCE / ALARM
896,82.40445833333335,5,5,REINFORCE / ALARM
896,25.500537500000046,3,4,FIELD INSPECTION
896,107.78324583333337,5,5,REINFORCE / ALARM
896,33.39602499999989,4,4,FIELD INSPECTION
896,78.70122916666672,4,4,FIELD INSPECTION
896,9.691299999999906,2,3,ENHANCED MONITORING
896,60.739045833333286,4,4,FIELD INSPECTION
896,141.23608750000008,5,5,REINFORCE / ALARM
896,66.4207125,5,5,REINFORCE / ALARM
896,4.949137499999936,2,3,ENHANCED MONITORING
896,105.86974166666676,5,5,REINFORCE / ALARM
896,21.385387500000046,3,3,ENHANCED MONITORING
896,10.467456249999936,3,3,ENHANCED MONITORING
896,3.5358229166666084,2,3,ENHANCED MONITORING
896,85.83679375000003,5,5,REINFORCE / ALARM
896,43.15733125000002,5,5,REINFORCE / ALARM
896,23.847781250000036,3,3,ENHANCED MONITORING
896,37.86120624999996,4,4,FIELD INSPECTION
896,36.12322500000001,4,4,FIELD INSPECTION
896,38.562283333333426,4,4,FIELD INSPECTION
896,18.033204166666675,3,3,ENHANCED MONITORING
910,39.85181875,4,4,FIELD INSPECTION
910,16.226231249999998,3,3,ENHANCED MONITORING
910,3.309570833333332,2,3,ENHANCED MONITORING
910,55.51089791666667,4,4,FIELD INSPECTION
910,45.10431666666667,4,4,FIELD INSPECTION
910,15.910695833333333,3,3,ENHANCED MONITORING
910,7.108170833333336,2,3,ENHANCED MONITORING
910,8.111593749999995,2,3,ENHANCED MONITORING
910,0.17856666666666618,1,3,ENHANCED MONITORING
910,14.86871875,3,3,ENHANCED MONITORING
910,32.24041458333334,4,4,FIELD INSPECTION
910,41.431525,4,4,FIELD INSPECTION
910,6.2467895833333245,2,3,ENHANCED MONITORING
910,56.020218750000005,4,4,FIELD INSPECTION
910,2.3193375,2,3,ENHANCED MONITORING
910,36.53818958333334,4,4,FIELD INSPECTION
910,40.016181249999995,4,4,FIELD INSPECTION
910,8.356108333333333,2,3,ENHANCED MONITORING
910,14.444622916666669,3,3,ENHANCED MONITORING
910,87.80812916666667,4,4,FIELD INSPECTION
910,50.03519166666667,4,4,FIELD INSPECTION
910,47.57381250000001,4,4,FIELD INSPECTION
910,7.5271937499999995,2,3,ENHANCED MONITORING
910,8.576272916666671,2,3,ENHANCED MONITORING
910,3.4292916666666713,2,3,ENHANCED MONITORING
910,15.555591666666663,3,3,ENHANCED MONITORING
910,23.745308333333337,3,3,ENHANCED MONITORING
910,2.8124249999999975,2,3,ENHANCED MONITORING
910,37.657275,4,4,FIELD INSPECTION
910,56.085152083333334,4,4,FIELD INSPECTION
910,85.68866458333333,4,4,FIELD INSPECTION
910,10.872275000000002,4,3,ENHANCED MONITORING
910,29.52944791666666,3,3,ENHANCED MONITORING
910,13.126679166666662,3,3,ENHANCED MONITORING
910,53.10227708333333,4,4,FIELD INSPECTION
910,22.103712500000015,3,3,ENHANCED MONITORING
910,30.86565416666666,4,4,FIELD INSPECTION
910,24.794894791666653,3,3,ENHANCED MONITORING
910,41.929178125,4,4,FIELD INSPECTION
910,7.796565625,2,3,ENHANCED MONITORING
910,4.89435,2,3,ENHANCED MONITORING
910,69.50403125000001,4,4,FIELD INSPECTION
910,71.71988125000001,4,4,FIELD INSPECTION
910,57.28033125000001,4,4,FIELD INSPECTION
910,4.860868750000001,2,3,ENHANCED MONITORING
910,27.958872916666664,3,3,ENHANCED MONITORING
910,28.686329166666663,3,4,FIELD INSPECTION
910,26.53236875,3,3,ENHANCED MONITORING
910,17.863768750000002,3,3,ENHANCED MONITORING
910,11.922368750000004,3,3,ENHANCED MONITORING
910,33.95201666666667,4,4,FIELD INSPECTION
910,28.66705208333333,3,3,ENHANCED MONITORING
910,20.836497916666662,3,3,ENHANCED MONITORING
910,38.549093750000004,4,4,FIELD INSPECTION
910,98.04324583333333,4,5,REINFORCE / ALARM
910,161.20105833333332,5,5,REINFORCE / ALARM
910,88.87952916666666,5,5,REINFORCE / ALARM
910,10.888508333333343,4,3,ENHANCED MONITORING
910,48.27590416666666,5,5,REINFORCE / ALARM
910,4.1679083333333296,2,3,ENHANCED MONITORING
910,78.07421666666666,4,4,FIELD INSPECTION
910,17.17689583333333,3,3,ENHANCED MONITORING
910,16.566116666666662,3,3,ENHANCED MONITORING
910,4.6102666666666705,2,3,ENHANCED MONITORING
910,65.76529166666668,4,4,FIELD INSPECTION
910,18.441066666666675,3,3,ENHANCED MONITORING
910,13.341770833333351,3,3,ENHANCED MONITORING
910,23.380058333333313,3,3,ENHANCED MONITORING
910,15.232954166666667,3,3,ENHANCED MONITORING
910,36.44383333333334,4,4,FIELD INSPECTION
910,70.69921041666666,4,4,FIELD INSPECTION
910,93.45834375,4,4,FIELD INSPECTION
910,54.068160416666665,4,4,FIELD INSPECTION
910,90.44401666666666,4,4,FIELD INSPECTION
910,25.914487499999996,4,3,ENHANCED MONITORING
910,70.43034583333333,5,5,REINFORCE / ALARM
910,2.0169916666666645,2,3,ENHANCED MONITORING
910,141.09404583333333,5,5,REINFORCE / ALARM
910,52.25307083333332,4,4,FIELD INSPECTION
910,143.65282499999998,5,5,REINFORCE / ALARM
911,5.982997916666666,2,3,ENHANCED MONITORING
911,8.701066666666668,2,3,ENHANCED MONITORING
911,5.838927083333335,2,3,ENHANCED MONITORING
911,2.1549750000000016,2,3,ENHANCED MONITORING
911,16.619382291666668,3,3,ENHANCED MONITORING
911,16.342401041666665,3,3,ENHANCED MONITORING
911,16.636630208333333,3,3,ENHANCED MONITORING
911,0.35003125000000185,1,3,ENHANCED MONITORING
911,4.210520833333336,2,3,ENHANCED MONITORING
911,10.884450000000003,3,3,ENHANCED MONITORING
911,22.21531666666667,3,3,ENHANCED MONITORING
911,8.988193749999999,2,3,ENHANCED MONITORING
911,16.382477083333335,3,3,ENHANCED MONITORING
911,10.113366666666662,3,3,ENHANCED MONITORING
911,48.36417291666666,4,4,FIELD INSPECTION
911,61.54361041666667,4,4,FIELD INSPECTION
911,68.58278958333334,4,4,FIELD INSPECTION
911,7.311087500000004,2,3,ENHANCED MONITORING
911,19.76306875,3,3,ENHANCED MONITORING
911,50.316231249999994,4,4,FIELD INSPECTION
911,23.039665624999998,3,3,ENHANCED MONITORING
911,48.21046354166666,4,4,FIELD INSPECTION
911,22.686590624999994,3,3,ENHANCED MONITORING
911,31.094950000000008,4,4,FIELD INSPECTION
911,83.99633958333334,4,4,FIELD INSPECTION
911,52.56048958333333,4,4,FIELD INSPECTION
911,21.76788541666666,3,3,ENHANCED MONITORING
911,24.530595833333336,3,3,ENHANCED MONITORING
911,19.871629166666665,3,3,ENHANCED MONITORING
911,13.560920833333329,3,3,ENHANCED MONITORING
911,32.061847916666665,4,4,FIELD INSPECTION
911,7.6357541666666675,2,3,ENHANCED MONITORING
911,17.89522083333333,3,3,ENHANCED MONITORING
911,28.030908333333326,3,3,ENHANCED MONITORING
911,15.077722916666671,3,3,ENHANCED MONITORING
911,70.60383958333334,4,4,FIELD INSPECTION
911,43.09239791666668,4,4,FIELD INSPECTION
911,31.025451041666667,4,4,FIELD INSPECTION
911,24.179042708333323,3,3,ENHANCED MONITORING
911,5.980461458333345,2,3,ENHANCED MONITORING
911,9.944945833333332,2,3,ENHANCED MONITORING
911,11.584512499999997,3,3,ENHANCED MONITORING
911,7.560674999999988,2,3,ENHANCED MONITORING
911,25.425458333333324,3,3,ENHANCED MONITORING
911,12.378931250000003,3,3,ENHANCED MONITORING
911,15.048299999999998,3,3,ENHANCED MONITORING
911,30.34821666666667,4,4,FIELD INSPECTION
911,30.324881249999994,4,4,FIELD INSPECTION
911,42.59626666666666,4,4,FIELD INSPECTION
911,44.22061458333332,4,4,FIELD INSPECTION
911,9.001383333333337,2,3,ENHANCED MONITORING
911,2.361950000000013,2,3,ENHANCED MONITORING
911,12.67823333333334,3,3,ENHANCED MONITORING
911,12.601125000000009,3,3,ENHANCED MONITORING
911,13.54671666666667,3,3,ENHANCED MONITORING
911,39.75746249999998,4,4,FIELD INSPECTION
911,20.815191666666664,4,3,ENHANCED MONITORING
911,11.718437499999967,3,3,ENHANCED MONITORING
911,124.31486666666665,5,5,REINFORCE / ALARM
911,7.572850000000007,3,3,ENHANCED MONITORING
911,91.23945000000003,5,5,REINFORCE / ALARM
911,30.93667499999997,4,4,FIELD INSPECTION
911,87.56665833333336,4,4,FIELD INSPECTION
911,12.570687500000004,3,3,ENHANCED MONITORING
911,49.56442500000001,4,4,FIELD INSPECTION
911,27.77117500000001,3,4,FIELD INSPECTION
911,62.51862500000002,4,4,FIELD INSPECTION
911,71.58899999999998,4,4,FIELD INSPECTION
911,25.51474166666667,3,3,ENHANCED MONITORING
911,22.68202500000005,3,3,ENHANCED MONITORING
911,71.53116874999999,4,4,FIELD INSPECTION
911,36.922716666666695,4,4,FIELD INSPECTION
911,52.03797916666668,4,4,FIELD INSPECTION
911,81.0418729166666,5,5,REINFORCE / ALARM
911,51.36023749999996,4,4,FIELD INSPECTION
911,75.62095416666665,4,4,FIELD INSPECTION
911,16.921220833333326,3,3,ENHANCED MONITORING
911,34.53844583333336,5,5,REINFORCE / ALARM
911,9.127191666666663,2,3,ENHANCED MONITORING
911,87.14053333333334,4,4,FIELD INSPECTION
914,8.87253125,2,3,ENHANCED MONITORING
914,9.658833333333332,2,3,ENHANCED MONITORING
914,13.821668749999999,3,3,ENHANCED MONITORING
914,37.63393958333333,4,4,FIELD INSPECTION
914,25.134272916666664,3,3,ENHANCED MONITORING
914,1.0592250000000014,1,3,ENHANCED MONITORING
914,18.034218750000004,3,3,ENHANCED MONITORING
914,40.03647291666667,4,4,FIELD INSPECTION
914,20.194266666666664,3,3,ENHANCED MONITORING
914,52.22872083333334,4,4,FIELD INSPECTION
914,37.65930416666667,4,4,FIELD INSPECTION
914,18.36294375,3,3,ENHANCED MONITORING
914,5.50005625,2,3,ENHANCED MONITORING
914,20.32514791666667,3,3,ENHANCED MONITORING
914,6.9103270833333355,2,3,ENHANCED MONITORING
914,3.936583333333336,2,3,ENHANCED MONITORING
914,49.34831875,4,4,FIELD INSPECTION
914,75.20294583333335,4,4,FIELD INSPECTION
914,52.78775625,4,4,FIELD INSPECTION
914,14.272143750000003,3,3,ENHANCED MONITORING
914,1.798856249999999,1,3,ENHANCED MONITORING
914,20.076575000000002,3,3,ENHANCED MONITORING
914,44.997785416666666,4,4,FIELD INSPECTION
914,18.41874583333333,3,3,ENHANCED MONITORING
914,5.902845833333335,2,3,ENHANCED MONITORING
914,20.40732916666667,3,3,ENHANCED MONITORING
914,18.350768749999997,3,3,ENHANCED MONITORING
914,11.877727083333333,3,3,ENHANCED MONITORING
914,4.5412750000000015,2,3,ENHANCED MONITORING
914,17.365608333333338,3,3,ENHANCED MONITORING
914,19.96598541666667,3,3,ENHANCED MONITORING
914,7.345583333333335,2,3,ENHANCED MONITORING
914,11.653504166666664,3,3,ENHANCED MONITORING
914,3.6819229166666716,2,3,ENHANCED MONITORING
914,12.10499375,3,3,ENHANCED MONITORING
914,10.656168749999999,3,3,ENHANCED MONITORING
914,33.76837708333334,4,4,FIELD INSPECTION
914,56.22820833333333,4,4,FIELD INSPECTION
914,82.996975,4,4,FIELD INSPECTION
914,48.10342500000001,4,4,FIELD INSPECTION
914,35.83406875,4,4,FIELD INSPECTION
914,11.81177916666667,3,3,ENHANCED MONITORING
914,3.8473000000000055,2,3,ENHANCED MONITORING
914,12.735049999999992,3,3,ENHANCED MONITORING
914,24.236366666666658,3,3,ENHANCED MONITORING
914,9.477222916666667,2,3,ENHANCED MONITORING
914,56.007029166666655,4,4,FIELD INSPECTION
914,64.45952291666666,4,4,FIELD INSPECTION
914,56.763908333333326,4,4,FIELD INSPECTION
914,11.148241666666669,3,3,ENHANCED MONITORING
914,18.745441666666665,3,3,ENHANCED MONITORING
914,2.110333333333332,2,3,ENHANCED MONITORING
914,69.54562916666667,4,4,FIELD INSPECTION
914,13.138854166666675,4,3,ENHANCED MONITORING
914,22.870737500000008,3,3,ENHANCED MONITORING
914,46.13716250000001,5,5,REINFORCE / ALARM
914,9.293583333333322,2,3,ENHANCED MONITORING
914,35.20198333333334,4,4,FIELD INSPECTION
914,34.901666666666664,4,4,FIELD INSPECTION
914,42.62670416666666,4,4,FIELD INSPECTION
914,9.522879166666666,2,3,ENHANCED MONITORING
914,99.91616666666665,4,5,REINFORCE / ALARM
914,19.66668333333335,4,3,ENHANCED MONITORING
914,65.55425833333332,5,5,REINFORCE / ALARM
914,52.97748333333334,4,4,FIELD INSPECTION
914,145.33703333333335,5,5,REINFORCE / ALARM
914,57.41932916666665,5,5,REINFORCE / ALARM
914,109.74747916666666,5,5,REINFORCE / ALARM
914,54.64748750000001,4,4,FIELD INSPECTION
914,76.09577916666665,4,4,FIELD INSPECTION
914,35.383593749999996,4,4,FIELD INSPECTION
914,8.60873958333333,2,3,ENHANCED MONITORING
914,14.134160416666669,3,3,ENHANCED MONITORING
914,40.38650416666666,4,4,FIELD INSPECTION
914,28.099899999999995,3,3,ENHANCED MONITORING
914,43.73057083333334,4,4,FIELD INSPECTION
914,77.5121375,4,4,FIELD INSPECTION
914,95.41141666666665,4,5,REINFORCE / ALARM
914,141.37204166666666,5,5,REINFORCE / ALARM
914,66.71088333333333,4,4,FIELD INSPECTION
915,6.3675250000000005,2,3,ENHANCED MONITORING
915,16.841068749999998,3,3,ENHANCED MONITORING
915,7.501829166666668,2,3,ENHANCED MONITORING
915,30.506491666666665,4,4,FIELD INSPECTION
915,6.449706249999999,2,3,ENHANCED MONITORING
915,4.979574999999999,2,3,ENHANCED MONITORING
915,1.9895979166666702,1,3,ENHANCED MONITORING
915,13.864281250000003,3,3,ENHANCED MONITORING
915,11.184766666666663,3,3,ENHANCED MONITORING
915,25.553295833333337,3,3,ENHANCED MONITORING
915,30.62316875,4,4,FIELD INSPECTION
915,32.15316041666667,4,4,FIELD INSPECTION
915,56.645202083333345,4,4,FIELD INSPECTION
915,14.88596666666667,3,3,ENHANCED MONITORING
915,3.781352083333329,2,3,ENHANCED MONITORING
915,0.22929583333333406,1,3,ENHANCED MONITORING
915,20.988685416666673,3,3,ENHANCED MONITORING
915,8.203920833333328,2,3,ENHANCED MONITORING
915,3.9791958333333306,2,3,ENHANCED MONITORING
915,10.137716666666668,3,3,ENHANCED MONITORING
915,6.5207270833333295,2,3,ENHANCED MONITORING
915,0.9171833333333291,1,3,ENHANCED MONITORING
915,22.248797916666664,3,3,ENHANCED MONITORING
915,12.982608333333337,3,3,ENHANCED MONITORING
915,14.93669583333334,3,3,ENHANCED MONITORING
915,6.914385416666664,2,3,ENHANCED MONITORING
915,31.30496874999999,4,4,FIELD INSPECTION
915,45.45231874999999,4,4,FIELD INSPECTION
915,53.12358333333333,4,4,FIELD INSPECTION
915,53.98395,4,4,FIELD INSPECTION
915,10.479631249999997,3,3,ENHANCED MONITORING
915,23.104091666666676,3,3,ENHANCED MONITORING
915,9.908420833333329,2,3,ENHANCED MONITORING
915,9.94393125,2,3,ENHANCED MONITORING
915,1.7400104166666648,1,3,ENHANCED MONITORING
915,7.562704166666667,2,3,ENHANCED MONITORING
915,9.819137499999986,2,3,ENHANCED MONITORING
915,0.2424854166666582,1,3,ENHANCED MONITORING
915,9.054141666666666,2,3,ENHANCED MONITORING
915,0.5570062500000024,1,3,ENHANCED MONITORING
915,12.436762500000013,3,3,ENHANCED MONITORING
915,20.23687916666665,3,3,ENHANCED MONITORING
915,15.292307291666658,3,3,ENHANCED MONITORING
915,26.54505104166667,3,3,ENHANCED MONITORING
915,4.973994791666681,2,3,ENHANCED MONITORING
915,8.170439583333325,2,3,ENHANCED MONITORING
915,51.96492916666667,4,4,FIELD INSPECTION
915,44.89937083333333,4,4,FIELD INSPECTION
915,70.30453749999997,4,4,FIELD INSPECTION
915,27.280116666666633,3,3,ENHANCED MONITORING
915,66.31316666666667,4,4,FIELD INSPECTION
915,54.15642916666672,4,4,FIELD INSPECTION
915,83.44339166666667,4,4,FIELD INSPECTION
915,12.073541666666614,3,3,ENHANCED MONITORING
915,14.409112500000012,3,3,ENHANCED MONITORING
915,18.497883333333338,3,3,ENHANCED MONITORING
915,26.916895833333324,3,3,ENHANCED MONITORING
915,29.22811666666667,3,4,FIELD INSPECTION
915,44.56049999999996,4,4,FIELD INSPECTION
915,47.64483333333331,4,4,FIELD INSPECTION
915,11.45667499999997,3,3,ENHANCED MONITORING
915,56.179508333333324,4,4,FIELD INSPECTION
915,24.039537499999984,3,3,ENHANCED MONITORING
915,52.70760416666667,5,5,REINFORCE / ALARM
915,3.8655625000000007,2,3,ENHANCED MONITORING
915,96.90488333333333,4,5,REINFORCE / ALARM
915,11.448558333333324,3,3,ENHANCED MONITORING
915,74.34257916666664,4,4,FIELD INSPECTION
915,24.173462499999967,3,3,ENHANCED MONITORING
915,11.48711249999998,3,3,ENHANCED MONITORING
915,16.08216041666667,3,3,ENHANCED MONITORING
915,42.748454166666626,4,4,FIELD INSPECTION
915,41.16773333333331,4,4,FIELD INSPECTION
915,43.85739374999997,4,4,FIELD INSPECTION
915,72.11049583333332,4,4,FIELD INSPECTION
915,5.831825000000035,2,3,ENHANCED MONITORING
915,51.29124583333331,4,4,FIELD INSPECTION
915,33.16875833333331,4,4,FIELD INSPECTION
915,37.014029166666695,4,4,FIELD INSPECTION
915,55.81019999999999,4,4,FIELD INSPECTION
917,47.54033125,4,4,FIELD INSPECTION
917,5.315402083333335,2,3,ENHANCED MONITORING
917,33.241808333333346,4,4,FIELD INSPECTION
917,19.60377916666667,3,3,ENHANCED MONITORING
917,37.14795416666667,4,4,FIELD INSPECTION
917,0.3023458333333406,1,3,ENHANCED MONITORING
917,2.4786270833333326,2,3,ENHANCED MONITORING
917,3.6844593750000008,2,3,ENHANCED MONITORING
917,45.51877395833333,4,4,FIELD INSPECTION
917,65.03529895833333,4,4,FIELD INSPECTION
917,56.53055416666666,4,4,FIELD INSPECTION
917,0.6077354166666673,1,3,ENHANCED MONITORING
917,9.271262499999999,2,3,ENHANCED MONITORING
917,58.81539583333333,4,4,FIELD INSPECTION
917,78.41105833333334,4,4,FIELD INSPECTION
917,47.40640625000001,4,4,FIELD INSPECTION
917,41.388912499999996,4,4,FIELD INSPECTION
917,77.93724791666666,4,4,FIELD INSPECTION
917,167.94296458333335,5,5,REINFORCE / ALARM
917,96.70703958333335,5,5,REINFORCE / ALARM
917,50.67894479166668,4,4,FIELD INSPECTION
917,24.947082291666664,3,3,ENHANCED MONITORING
917,7.134042708333323,2,3,ENHANCED MONITORING
917,10.02814166666669,3,3,ENHANCED MONITORING
917,83.68080416666665,5,5,REINFORCE / ALARM
917,51.105577083333316,4,4,FIELD INSPECTION
917,100.74508125,5,5,REINFORCE / ALARM
917,48.105454166666696,4,4,FIELD INSPECTION
917,50.90671875000003,4,4,FIELD INSPECTION
917,30.405033333333336,4,3,ENHANCED MONITORING
917,9.622308333333327,3,3,ENHANCED MONITORING
917,66.13155625,4,4,FIELD INSPECTION
917,175.19622083333334,5,5,REINFORCE / ALARM
917,153.38572291666662,5,5,REINFORCE / ALARM
917,173.97770624999998,5,5,REINFORCE / ALARM
917,148.93880416666667,5,5,REINFORCE / ALARM
917,76.57466250000003,5,4,FIELD INSPECTION
917,17.819634375000007,3,3,ENHANCED MONITORING
917,45.00235104166669,4,4,FIELD INSPECTION
917,32.07757395833331,4,3,ENHANCED MONITORING
917,75.96185416666661,4,4,FIELD INSPECTION
917,141.10520624999998,5,5,REINFORCE / ALARM
917,89.13774062499998,4,4,FIELD INSPECTION
917,29.351388541666733,3,3,ENHANCED MONITORING
917,26.104721874999985,3,3,ENHANCED MONITORING
917,53.77697499999996,4,4,FIELD INSPECTION
917,31.796027083333446,4,3,ENHANCED MONITORING
917,17.678100000000033,3,3,ENHANCED MONITORING
917,31.484550000000155,4,4,FIELD INSPECTION
917,29.755700000000004,3,3,ENHANCED MONITORING
917,3.2446374999998633,2,3,ENHANCED MONITORING
917,42.73120625000015,4,4,FIELD INSPECTION
917,24.50726041666654,3,3,ENHANCED MONITORING
917,42.698739583333264,4,4,FIELD INSPECTION
917,13.479754166666757,3,3,ENHANCED MONITORING
917,101.01191666666669,5,5,REINFORCE / ALARM
917,25.175870833333278,4,5,REINFORCE / ALARM
917,134.16038333333339,5,5,REINFORCE / ALARM
917,77.58518749999992,4,4,FIELD INSPECTION
917,238.8349458333333,5,5,REINFORCE / ALARM
917,140.23773749999995,5,5,REINFORCE / ALARM
917,56.5853416666667,5,5,REINFORCE / ALARM
917,30.027608333333276,5,5,REINFORCE / ALARM
917,29.875420833333276,3,3,ENHANCED MONITORING
917,23.211637500000048,3,3,ENHANCED MONITORING
917,3.5875666666666697,2,3,ENHANCED MONITORING
917,72.44733749999993,4,4,FIELD INSPECTION
917,43.28212500000006,5,5,REINFORCE / ALARM
917,25.985508333333325,4,5,REINFORCE / ALARM
917,66.22997083333334,5,5,REINFORCE / ALARM
917,157.0270625,5,5,REINFORCE / ALARM
917,134.17458750000006,5,5,REINFORCE / ALARM
917,62.845320833333346,5,5,REINFORCE / ALARM
917,54.90722083333332,4,4,FIELD INSPECTION
917,121.38677916666664,5,5,REINFORCE / ALARM
917,120.17536666666666,5,5,REINFORCE / ALARM
917,94.4556791666667,4,4,FIELD INSPECTION
917,56.672595833333396,4,4,FIELD INSPECTION
917,30.553162499999946,4,4,FIELD INSPECTION
917,111.89839583333331,5,5,REINFORCE / ALARM
919,28.283539583333333,3,3,ENHANCED MONITORING
919,12.583877083333329,3,3,ENHANCED MONITORING
919,26.95646458333333,3,3,ENHANCED MONITORING
919,10.067710416666662,3,3,ENHANCED MONITORING
919,26.160016666666664,3,3,ENHANCED MONITORING
919,1.0247291666666751,1,3,ENHANCED MONITORING
919,0.19987291666666826,1,3,ENHANCED MONITORING
919,16.136440624999995,3,3,ENHANCED MONITORING
919,13.334161458333341,3,3,ENHANCED MONITORING
919,54.609440625,4,4,FIELD INSPECTION
919,42.357839583333345,4,4,FIELD INSPECTION
919,62.68095833333333,4,4,FIELD INSPECTION
919,37.10838541666667,4,4,FIELD INSPECTION
919,47.22581041666667,4,4,FIELD INSPECTION
919,15.273537499999998,3,3,ENHANCED MONITORING
919,28.399202083333325,3,4,FIELD INSPECTION
919,19.76712708333333,3,3,ENHANCED MONITORING
919,8.280014583333335,2,3,ENHANCED MONITORING
919,20.186149999999994,3,3,ENHANCED MONITORING
919,44.0795875,4,4,FIELD INSPECTION
919,1.278374999999997,1,3,ENHANCED MONITORING
919,17.217479166666653,3,3,ENHANCED MONITORING
919,28.57776875,4,5,REINFORCE / ALARM
919,40.69087916666666,4,4,FIELD INSPECTION
919,66.60638124999997,4,4,FIELD INSPECTION
919,16.031431250000015,3,3,ENHANCED MONITORING
919,4.411408333333327,2,3,ENHANCED MONITORING
919,14.514629166666667,3,3,ENHANCED MONITORING
919,14.484191666666668,3,3,ENHANCED MONITORING
919,26.288868750000006,3,3,ENHANCED MONITORING
919,42.16405416666666,4,4,FIELD INSPECTION
919,39.93501458333333,4,4,FIELD INSPECTION
919,18.51817500000001,3,3,ENHANCED MONITORING
919,42.85092708333334,4,4,FIELD INSPECTION
919,50.30405625,4,4,FIELD INSPECTION
919,9.865808333333337,2,3,ENHANCED MONITORING
919,3.4800208333333322,2,3,ENHANCED MONITORING
919,36.23990208333333,4,4,FIELD INSPECTION
919,17.393002083333332,3,3,ENHANCED MONITORING
919,10.12148333333334,3,3,ENHANCED MONITORING
919,43.22125,4,4,FIELD INSPECTION
919,45.30418958333335,4,4,FIELD INSPECTION
919,35.17002395833334,4,4,FIELD INSPECTION
919,29.62836979166666,3,4,FIELD INSPECTION
919,20.240430208333343,3,3,ENHANCED MONITORING
919,55.825418750000004,4,4,FIELD INSPECTION
919,66.609425,4,4,FIELD INSPECTION
919,60.534099999999995,4,4,FIELD INSPECTION
919,6.001260416666646,2,3,ENHANCED MONITORING
919,29.005922916666616,3,4,FIELD INSPECTION
919,16.521474999999995,3,3,ENHANCED MONITORING
919,81.2945041666667,4,4,FIELD INSPECTION
919,29.00490833333335,3,4,FIELD INSPECTION
919,27.412012499999992,4,5,REINFORCE / ALARM
919,9.190095833333325,3,3,ENHANCED MONITORING
919,77.92405833333332,5,5,REINFORCE / ALARM
919,31.08683333333333,4,4,FIELD INSPECTION
919,57.989525000000036,5,5,REINFORCE / ALARM
919,46.59372499999998,4,4,FIELD INSPECTION
919,28.619366666666647,3,3,ENHANCED MONITORING
919,12.24602083333334,3,3,ENHANCED MONITORING
919,37.73844166666667,4,4,FIELD INSPECTION
919,35.15125416666663,4,4,FIELD INSPECTION
919,8.893837500000037,2,3,ENHANCED MONITORING
919,90.16602083333333,4,5,REINFORCE / ALARM
919,2.311220833333285,3,3,ENHANCED MONITORING
919,136.3072416666667,5,5,REINFORCE / ALARM
919,109.32744166666673,5,5,REINFORCE / ALARM
919,212.79464999999996,5,5,REINFORCE / ALARM
919,11.39782916666663,4,3,ENHANCED MONITORING
919,0.07710833333330432,1,3,ENHANCED MONITORING
919,74.44505208333335,4,4,FIELD INSPECTION
919,91.21205625000003,5,5,REINFORCE / ALARM
919,45.26563541666665,4,4,FIELD INSPECTION
919,54.948818750000015,4,4,FIELD INSPECTION
919,36.10597708333335,4,4,FIELD INSPECTION
919,47.76353958333336,4,4,FIELD INSPECTION
919,128.60452500000002,5,5,REINFORCE / ALARM
919,77.2524041666667,5,5,REINFORCE / ALARM
919,77.15094583333332,4,4,FIELD INSPECTION
926,17.756222916666665,3,3,ENHANCED MONITORING
926,19.083297916666666,3,3,ENHANCED MONITORING
926,9.10994375,2,3,ENHANCED MONITORING
926,1.2824333333333335,1,3,ENHANCED MONITORING
926,20.84765833333333,3,3,ENHANCED MONITORING
926,10.978806249999991,3,3,ENHANCED MONITORING
926,11.808735416666659,3,3,ENHANCED MONITORING
926,4.227261458333328,2,3,ENHANCED MONITORING
926,0.3637281250000039,1,3,ENHANCED MONITORING
926,14.815453124999996,3,3,ENHANCED MONITORING
926,3.2527541666666573,2,3,ENHANCED MONITORING
926,38.84738124999999,4,4,FIELD INSPECTION
926,57.19307708333334,4,4,FIELD INSPECTION
926,66.87220208333332,4,4,FIELD INSPECTION
926,12.236889583333346,3,3,ENHANCED MONITORING
926,3.320731249999991,2,3,ENHANCED MONITORING
926,41.06830416666665,4,4,FIELD INSPECTION
926,1.8800229166666647,1,3,ENHANCED MONITORING
926,0.9060229166666641,1,3,ENHANCED MONITORING
926,55.262325,4,4,FIELD INSPECTION
926,44.18003124999999,4,4,FIELD INSPECTION
926,58.137654166666664,4,4,FIELD INSPECTION
926,5.610645833333322,2,3,ENHANCED MONITORING
926,0.18059583333332588,1,3,ENHANCED MONITORING
926,8.380458333333323,2,3,ENHANCED MONITORING
926,21.09420208333334,3,3,ENHANCED MONITORING
926,8.25566458333334,2,3,ENHANCED MONITORING
926,1.5320208333333316,1,3,ENHANCED MONITORING
926,20.17194583333332,3,3,ENHANCED MONITORING
926,40.21808333333333,4,4,FIELD INSPECTION
926,43.62606875,4,4,FIELD INSPECTION
926,12.57373125,3,3,ENHANCED MONITORING
926,14.45476874999998,3,3,ENHANCED MONITORING
926,38.61504166666668,4,4,FIELD INSPECTION
926,67.57327916666667,4,4,FIELD INSPECTION
926,43.837102083333356,4,4,FIELD INSPECTION
926,20.075560416666665,3,3,ENHANCED MONITORING
926,26.99298958333334,3,3,ENHANCED MONITORING
926,10.133658333333308,3,3,ENHANCED MONITORING
926,2.8519937500000054,2,3,ENHANCED MONITORING
926,7.572850000000012,2,3,ENHANCED MONITORING
926,18.527306250000006,3,3,ENHANCED MONITORING
926,9.759784374999983,2,3,ENHANCED MONITORING
926,18.932632291666682,3,3,ENHANCED MONITORING
926,13.016596874999996,3,3,ENHANCED MONITORING
926,5.490925000000002,2,3,ENHANCED MONITORING
926,1.8424833333333257,1,3,ENHANCED MONITORING
926,11.205058333333318,3,3,ENHANCED MONITORING
926,18.217858333333304,3,3,ENHANCED MONITORING
926,16.08926250000003,3,3,ENHANCED MONITORING
926,30.857537500000035,4,4,FIELD INSPECTION
926,28.757349999999946,3,4,FIELD INSPECTION
926,29.291020833333334,3,4,FIELD INSPECTION
926,18.844870833333317,4,3,ENHANCED MONITORING
926,20.210499999999964,3,3,ENHANCED MONITORING
926,44.81211666666661,4,4,FIELD INSPECTION
926,9.679125000000008,2,3,ENHANCED MONITORING
926,47.360749999999996,4,4,FIELD INSPECTION
926,67.8066333333334,4,4,FIELD INSPECTION
926,44.87705000000002,4,4,FIELD INSPECTION
926,29.073900000000005,3,4,FIELD INSPECTION
926,2.071779166666668,2,3,ENHANCED MONITORING
926,13.485841666666667,3,3,ENHANCED MONITORING
926,23.21772500000003,3,3,ENHANCED MONITORING
926,81.15246250000003,4,4,FIELD INSPECTION
926,64.78114583333331,4,4,FIELD INSPECTION
926,36.72182916666666,4,4,FIELD INSPECTION
926,25.68519166666664,3,3,ENHANCED MONITORING
926,9.949004166666626,2,3,ENHANCED MONITORING
926,1.8911833333333259,1,3,ENHANCED MONITORING
926,28.4103625,3,3,ENHANCED MONITORING
926,88.3722375,4,4,FIELD INSPECTION
926,33.960133333333346,5,4,FIELD INSPECTION
926,14.709429166666665,3,3,ENHANCED MONITORING
926,31.480491666666683,4,4,FIELD INSPECTION
926,22.229520833333357,3,3,ENHANCED MONITORING
926,43.2151625,4,4,FIELD INSPECTION
926,48.80348750000002,4,4,FIELD INSPECTION
926,27.481004166666636,3,3,ENHANCED MONITORING
926,22.093566666666646,3,3,ENHANCED MONITORING
932,22.071245833333336,3,3,ENHANCED MONITORING
932,26.904720833333332,3,3,ENHANCED MONITORING
932,25.120068749999998,3,3,ENHANCED MONITORING
932,23.678345833333328,3,3,ENHANCED MONITORING
932,11.927948958333326,3,3,ENHANCED MONITORING
932,22.078855208333334,3,3,ENHANCED MONITORING
932,42.985359374999994,4,4,FIELD INSPECTION
932,42.04940625,4,4,FIELD INSPECTION
932,3.4049416666666676,2,3,ENHANCED MONITORING
932,4.927831249999997,2,3,ENHANCED MONITORING
932,16.094335416666667,3,3,ENHANCED MONITORING
932,15.323252083333331,3,3,ENHANCED MONITORING
932,22.512589583333334,3,3,ENHANCED MONITORING
932,3.1279604166666695,2,3,ENHANCED MONITORING
932,15.509935416666659,3,3,ENHANCED MONITORING
932,2.8864895833333413,2,3,ENHANCED MONITORING
932,31.492666666666665,4,4,FIELD INSPECTION
932,23.828504166666665,3,3,ENHANCED MONITORING
932,19.805681250000003,3,3,ENHANCED MONITORING
932,1.623333333333335,1,3,ENHANCED MONITORING
932,11.910193749999998,3,3,ENHANCED MONITORING
932,9.179950000000007,2,3,ENHANCED MONITORING
932,34.57395625,4,4,FIELD INSPECTION
932,5.715147916666666,2,3,ENHANCED MONITORING
932,18.61050208333334,3,3,ENHANCED MONITORING
932,41.88402916666667,4,4,FIELD INSPECTION
932,33.9743375,4,4,FIELD INSPECTION
932,1.9226354166666724,1,3,ENHANCED MONITORING
932,1.0927062499999944,1,3,ENHANCED MONITORING
932,2.992006250000003,2,3,ENHANCED MONITORING
932,15.66009375,3,3,ENHANCED MONITORING
932,27.024441666666664,3,3,ENHANCED MONITORING
932,18.84994375000001,3,3,ENHANCED MONITORING
932,27.85132708333334,3,3,ENHANCED MONITORING
932,9.087622916666664,2,3,ENHANCED MONITORING
932,26.467435416666657,3,3,ENHANCED MONITORING
932,29.600468750000005,3,4,FIELD INSPECTION
932,31.63217187500001,4,3,ENHANCED MONITORING
932,3.0665781250000084,2,3,ENHANCED MONITORING
932,2.718576041666674,2,3,ENHANCED MONITORING
932,17.436629166666666,3,3,ENHANCED MONITORING
932,23.764585416666662,3,3,ENHANCED MONITORING
932,10.925033333333326,3,3,ENHANCED MONITORING
932,22.42736458333334,3,3,ENHANCED MONITORING
932,18.716018750000007,3,3,ENHANCED MONITORING
932,5.507158333333332,2,3,ENHANCED MONITORING
932,11.80975,3,3,ENHANCED MONITORING
932,22.835227083333336,3,3,ENHANCED MONITORING
932,67.05584166666667,4,4,FIELD INSPECTION
932,48.08211875000001,5,5,REINFORCE / ALARM
932,18.006825000000003,4,3,ENHANCED MONITORING
932,20.351527083333334,3,3,ENHANCED MONITORING
932,49.02973958333336,4,4,FIELD INSPECTION
932,13.446272916666688,3,3,ENHANCED MONITORING
932,28.54631666666668,3,3,ENHANCED MONITORING
932,12.006579166666656,3,3,ENHANCED MONITORING
932,3.070129166666721,2,3,ENHANCED MONITORING
932,68.72584583333334,4,4,FIELD INSPECTION
932,10.99808333333337,4,3,ENHANCED MONITORING
932,22.341124999999977,3,3,ENHANCED MONITORING
932,115.46364166666665,5,5,REINFORCE / ALARM
932,19.378541666666706,4,5,REINFORCE / ALARM
932,108.58679583333333,5,5,REINFORCE / ALARM
932,77.88956249999998,5,5,REINFORCE / ALARM
932,75.49717499999998,5,5,REINFORCE / ALARM
932,118.97207083333338,5,5,REINFORCE / ALARM
932,102.99644166666663,5,5,REINFORCE / ALARM
932,94.76817083333334,5,5,REINFORCE / ALARM
932,8.082170833333306,2,3,ENHANCED MONITORING
932,85.83375000000005,5,5,REINFORCE / ALARM
932,67.6382125,4,4,FIELD INSPECTION
932,70.99343958333333,4,4,FIELD INSPECTION
932,56.96378125000003,4,4,FIELD INSPECTION
932,27.74581041666667,3,3,ENHANCED MONITORING
932,25.946954166666682,3,3,ENHANCED MONITORING
932,27.02241250000003,3,3,ENHANCED MONITORING
932,111.5980791666667,5,5,REINFORCE / ALARM
932,108.84449999999998,5,5,REINFORCE / ALARM
932,89.71757500000001,4,4,FIELD INSPECTION
932,20.273404166666637,3,3,ENHANCED MONITORING
