longitude,latitude,rmse,mean_velocity,temporal_coherence,max_temporal_coherence,20230606,20230618,20230630,20230712,20230724,20230805,20230817,20230829,20230922,20231004,20231016,20231109,20231121,20231203,20231215,20231227,20240108,20240120,20240201,20240213,20240225,20240308,20240320,20240401,20240425,20240507,20240519,20240531,20240612,20240624,20240706,20240718,20240730,20240811,20240823,20240904,20240916,20240928,20241010,20241022,20241103,20241127,20241209,20241221,20250102,20250114,20250207,20250219,20250303,20250315,20250327,20250408,20250414,20250420,20250426,20250508,20250514,20250520,20250526,20250601,20250607,20250613,20250619,20250625,20250701,20250707,20250713,20250719,20250725,20250731,20250806,20250812,20250818,20250824,20250905,20250917,20250923,20250929,20251011,20251017,20251023,20251029,20251104,20251110,20251116
-8.27958332751996,40.2739076980863,0.0182,-5.5129,0.4991,0.9635,0,-0.3309,-5.4712,-5.2244,-6.7882,-1.5627,-4.6789,-6.5631,-5.9938,-6.3522,-6.3316,-13.6773,-15.8156,-13.6439,-17.5162,-14.6474,-16.7287,-14.2611,-14.4087,-15.1148,-12.2089,-13.6403,-15.3954,-14.1831,-11.3214,-12.9,-13.3505,-12.9493,-9.5632,-14.0615,-14.2454,-18.6111,-16.2281,-20.4436,-21.6143,-17.7848,-15.2349,-12.5139,-15.3101,-16.947,-12.1473,-9.1145,-7.2607,-15.6643,-18.0876,-18.1414,-18.9503,-22.167,-16.1792,-14.1896,-17.6449,-18.251,-13.1133,-10.655,-10.2297,-19.2418,-20.1608,-23.1182,-25.5839,-23.599,-19.5251,-19.6222,-22.6787,-18.9895,-23.8712,-23.2067,-27.27,-28.5371,-29.1937,-28.56,-31.494,-29.0272,-28.4364,-33.051,-35.4087,-37.4707,-39.0694,-38.9337,-37.6836,-36.9406,-35.2487,-39.4252,-42.6191,-43.1571,-38.7668
-8.27931383293473,40.2739076980863,0.0151,14.2355,0.6594,0.9966,0,-7.1534,-9.3636,-8.2379,-6.6272,-6.9601,-6.7361,-7.2262,-7.7762,-10.0929,-3.5289,-2.3507,-9.4111,-8.1391,-7.4504,-10.6771,-9.524,-12.6563,-11.1677,-12.244,-10.1293,-9.9495,-10.7971,-10.0978,-6.1581,-9.1621,-6.958,-6.3047,-6.6824,-4.6911,-10.7142,-5.8518,-10.5687,-12.9707,-8.1935,-4.1137,2.5549,4.9797,5.1275,6.4023,7.5374,12.0054,11.3021,2.3978,-1.0575,-0.2847,-5.1624,-6.8597,-1.5254,-7.5293,-10.1428,-6.3468,-7.7808,-4.8236,-4.9076,-5.1501,-8.1623,-7.9929,-9.5236,-9.0712,-10.2734,-10.3316,-11.9392,-15.8571,-15.9282,-15.9574,-16.0435,-17.8794,-15.9413,-13.737,-12.798,-12.3356,-14.2225,-11.8729,-18.1917,-17.2329,-21.6439,-21.2071,-21.8622,-22.1369,-19.3905,-21.1597,-20.021,-18.3285,-19.4271
-8.27904433834949,40.2739076980863,0.0177,-16.693,0.4794,0.9428,0,-3.5171,-2.7729,2.5997,2.5588,-1.6081,0.2168,3.7574,0.23,1.1461,-0.1605,2.7353,-2.0611,-0.8625,2.5087,-0.1067,-0.5323,4.0299,7.2711,7.1435,9.0735,7.8212,6.4208,5.3582,7.2728,6.354,7.4823,6.832,9.1304,11.6214,5.0753,9.9583,6.8408,8.2754,13.3339,13.4642,13.9629,11.1237,12.0115,13.1833,9.5895,10.1548,7.9602,7.0904,5.0185,4.5928,0.2238,2.3168,4.4227,4.3679,0.7439,5.4491,2.9843,5.2288,6.5515,7.3725,5.3235,5.8878,8.333,7.9764,3.7544,0.3147,-4.586,-11.6772,-12.7662,-12.3486,-14.6498,-14.5808,-15.7905,-12.4951,-9.8308,-15.4918,-15.9419,-16.6736,-21.6965,-20.2269,-18.8963,-18.9777,-17.9365,-20.0801,-22.1641,-23.4227,-20.8026,-20.2081,-22.2654
-8.27877484376426,40.2739076980863,0.0154,-7.0024,0.4284,0.8699,0,0.3442,-0.2979,-2.3655,-5.0661,-7.2156,-7.1658,-5.5797,-7.4503,-8.5094,-9.2822,-10.6101,-13.0109,-13.7835,-7.4847,-6.4121,-6.8489,-8.1938,-6.0112,-5.8955,-8.6959,-9.1677,-9.3816,-7.5298,-10.9153,-7.1182,-7.0255,-10.3631,-13.6073,-18.3125,-19.2285,-19.5035,-18.273,-18.1681,-16.2207,-13.9854,-14.1955,-14.2048,-16.2778,-21.7491,-19.3672,-21.0515,-19.3902,-18.9697,-17.61,-17.6273,-20.4209,-21.2895,-26.8512,-21.4645,-20.2576,-23.1401,-25.0679,-23.347,-24.4907,-25.1149,-23.1251,-20.8284,-21.8563,-24.6138,-24.754,-25.5813,-25.4808,-27.5439,-26.7804,-26.9222,-25.7395,-28.4956,-25.1635,-28.9215,-29.8809,-31.7597,-28.2294,-33.0712,-29.9139,-30.3046,-27.9911,-26.244,-27.2146,-27.7627,-29.0839,-29.0883,-26.3343,-27.0499,-28.5994
-8.27850534917902,40.2739076980863,0.0155,3.5442,0.4383,0.8563,0,1.0495,0.2495,-1.4958,-2.5942,-2.6532,-3.2179,-1.4806,-5.1481,-4.6317,-5.5793,-1.3356,3.2715,1.9808,0.2392,0.4817,3.359,1.8988,-1.2888,-1.2941,1.2685,1.7032,-2.0481,-0.209,-1.3073,-1.5271,-3.4702,-4.7477,-3.886,-4.9049,-5.383,-6.3297,-7.4977,-5.8099,-6.6745,-7.4828,-5.3172,-8.5043,-5.9254,-9.1376,-7.3709,-11.5132,-10.4626,-8.9715,-12.8525,-12.2008,-7.2908,-7.787,-12.1881,-8.069,-10.2763,-10.4935,-12.5061,-12.2367,-13.4472,-13.8204,-11.191,-14.0765,-16.6724,-18.7841,-17.5457,-22.0041,-22.3045,-22.0846,-21.6765,-18.0975,-20.9049,-16.7578,-19.9444,-19.3682,-21.7345,-19.7006,-20.1582,-19.4932,-19.604,-23.8449,-22.1802,-25.01,-22.8755,-23.4636,-23.2054,-24.7096,-25.9477,-25.7598,-25.4167
-8.28120029503138,40.2741133121161,0.0139,-30.0232,0.5329,0.9235,0,5.4619,-0.5781,-0.6002,-3.8889,-1.9687,-5.2132,-3.3869,-1.333,-3.4087,-2.1492,-0.9598,-3.385,-4.3585,-4.6161,-3.2023,-2.9825,-0.7696,-5.8765,-4.3459,-3.9687,-3.7091,-3.2259,-1.8402,-3.2089,-5.7036,-7.3233,-8.3749,-10.512,-11.4344,-15.6577,-16.649,-17.6353,-17.7939,-16.2857,-13.2712,-18.923,-17.8872,-17.606,-11.0199,-14.4605,-15.4832,-17.6336,-26.161,-28.7698,-25.316,-25.2803,-32.6976,-25.6227,-24.4227,-25.6851,-26.1778,-26.4161,-25.6023,-24.9299,-32.9885,-29.7623,-28.2991,-29.0384,-27.2858,-24.4947,-23.6971,-22.7666,-21.7717,-22.1869,-19.7165,-20.1242,-22.7848,-21.8069,-23.4988,-24.236,-24.8496,-27.8196,-32.0864,-34.9402,-34.5908,-36.4465,-33.4616,-29.4213,-26.5098,-32.238,-30.9237,-26.8403,-25.0725,-30.3781
-8.28093080044614,40.2741133121161,0.0149,11.6749,0.4435,0.89,0,-0.4985,-1.3381,-2.6022,-3.0282,0.6829,-1.2133,-3.8949,-8.3041,-6.3545,-8.0791,-7.6123,-4.4802,-5.1731,1.3205,0.4229,0.9755,0.9247,0.4726,-0.9099,0.6391,3.8727,3.5601,3.6276,3.1861,2.3076,0.6711,0.7015,4.391,4.2128,-2.8634,-1.3317,-4.4568,-4.969,-9.8331,-8.3032,-2.4717,-2.8662,-4.5306,-0.9314,1.9286,5.711,2.1378,4.3138,9.4837,5.5312,4.5438,2.0209,5.3926,5.8885,1.11,3.1845,3.0287,3.0486,2.7978,4.9147,6.5257,4.4797,6.8833,7.7303,9.8441,8.0985,7.8568,5.7673,6.9161,4.0837,6.4844,4.1373,3.6379,1.663,4.8333,2.4238,6.3643,1.6462,-6.5057,-3.9402,-2.9259,-4.705,-7.0306,-5.4215,-5.4619,-1.8307,-3.9017,-2.6507,-5.0779
-8.28066130586091,40.2741133121161,0.0144,1.0068,0.4446,0.8485,0,-1.1396,-0.4759,-0.6572,-0.5473,0.6507,-0.6817,-1.8049,-5.9155,-6.9869,-6.5866,-5.0161,-6.3304,-7.8515,-2.7882,-3.027,-0.6811,-2.0495,1.1496,-1.6236,-3.905,-5.9516,-5.7033,-3.1842,0.0629,-3.1111,-4.3641,-4.1535,0.6165,0.6123,-5.1494,-3.6772,-8.6606,-7.8785,-9.804,-13.3503,-7.3775,-5.1095,-6.2528,-6.2422,-4.9227,2.1056,1.5365,-3.1832,-1.9075,-3.6962,-3.7441,-3.9834,-3.7466,-2.5443,-2.9026,-3.8712,-3.8858,-3.6757,-3.2912,-3.0742,2.8632,-0.7126,-4.0791,-2.2099,-1.1356,-2.9583,-3.7347,-5.1088,-10.3066,-10.2832,-10.6149,-9.5551,-9.517,-10.9467,-11.011,-14.7826,-11.6153,-13.5361,-16.8995,-15.9921,-16.8635,-17.9461,-19.5651,-17.7173,-16.8567,-15.4317,-19.0238,-18.5063,-18.5296
-8.28039181127567,40.2741133121161,0.0127,-23.981,0.4883,0.9392,0,-2.7777,-3.426,-9.6568,-9.486,-8.6127,-10.7173,-9.4926,-12.5766,-14.565,-16.8474,-13.1056,-14.4332,-9.8746,-12.232,-13.8431,-14.5214,-14.3595,-16.6454,-15.9593,-14.9074,-22.8423,-23.0923,-22.282,-18.7488,-21.4099,-20.6965,-21.6224,-19.9091,-15.3469,-21.2754,-23.8809,-23.331,-23.7153,-26.4609,-30.0291,-31.2508,-31.9785,-32.1868,-32.3496,-33.5051,-32.9691,-31.6995,-35.8415,-34.8046,-34.7795,-36.828,-38.7044,-38.0637,-39.5389,-40.6761,-41.8357,-40.8784,-41.4049,-41.5262,-39.1281,-36.4632,-34.5549,-34.2906,-36.4715,-37.1628,-37.2077,-36.6738,-40.5819,-41.3491,-39.8942,-42.6542,-40.5573,-42.63,-43.5842,-44.819,-46.9872,-44.4864,-44.6908,-42.7321,-46.0623,-48.0512,-49.0406,-48.9728,-50.6701,-46.6148,-45.8172,-41.5791,-40.8766,-41.762
-8.28012231669044,40.2741133121161,0.0131,-31.1214,0.4664,1.0,0,-7.9044,-2.1455,0.6935,4.9124,1.1885,-1.5471,4.5116,5.4383,3.7927,-1.0418,0.2541,-0.5104,4.5152,6.7347,8.3494,6.8327,3.3707,3.805,4.899,2.1513,0.401,0.401,0.9624,5.3519,3.3672,2.61,-1.7329,-1.6947,-0.8938,-2.1829,-5.4142,-6.8622,-14.3797,-15.6292,-22.927,-26.1886,-26.1886,-26.0656,-20.389,-17.5336,-19.8215,-18.4593,-19.3368,-17.5129,-18.6385,-26.9511,-33.1709,-26.8622,-25.6816,-26.8237,-29.6493,-28.0193,-29.6376,-29.1322,-34.241,-32.8236,-35.604,-38.5621,-43.3723,-40.8514,-37.3011,-42.1973,-43.6583,-46.7877,-48.1194,-50.6362,-50.787,-47.345,-49.3267,-50.8484,-48.2642,-50.5782,-44.1512,-49.5087,-50.8834,-52.5654,-52.0468,-49.2187,-44.7818,-49.0565,-48.259,-46.2252,-47.5952,-48.2628
-8.2798528221052,40.2741133121161,0.0121,-25.4091,0.4397,1.0,0,-6.4392,-9.8,-7.0212,-7.9844,-5.6906,-4.8742,4.3471,2.0708,-0.0784,1.485,-0.0164,-2.2271,4.2418,4.6641,6.9112,9.2714,11.74,9.1394,9.693,12.2033,4.5552,7.1377,9.9879,7.5308,6.9944,9.2783,12.7665,14.9889,5.5343,5.7013,2.9636,1.9303,-0.6379,-3.6786,-6.9113,-11.6478,-10.2448,-10.244,-7.6803,-4.2108,-0.1564,-6.3932,-4.2338,-6.0033,-3.4399,-5.2157,-2.3078,0.4456,0.4735,-2.1219,-3.6338,-4.0761,-4.8824,-6.4285,-2.0271,-3.9854,-8.5545,-8.3566,-4.1088,-5.5905,-6.6994,-16.181,-12.5553,-11.277,-12.7358,-14.3137,-12.7373,-8.8272,-6.7897,-3.7955,-2.2601,-2.5293,-1.3411,-2.5275,-3.5665,-4.6286,-5.8356,-6.271,-1.7773,-8.5265,-9.3074,-4.3556,-8.6572,-10.1054
-8.27958332751996,40.2741133121161,0.0117,-13.3879,0.5325,1.0,0,-5.3929,-9.9072,-5.9242,-7.2329,-5.2868,-8.384,-8.2703,-12.1468,-11.3633,-12.9733,-17.8048,-18.5797,-16.0925,-19.1469,-17.0146,-18.2981,-15.8749,-18.0838,-20.0166,-21.2885,-21.5387,-22.8031,-22.0466,-20.4665,-22.0899,-21.2294,-21.5708,-20.8228,-21.9935,-21.9975,-26.1172,-24.0807,-26.2421,-28.2113,-29.231,-29.3679,-28.5292,-29.6668,-27.4799,-26.9384,-25.3594,-28.614,-28.0907,-29.87,-26.7964,-27.6786,-30.5077,-27.0938,-28.4832,-32.4677,-31.7975,-30.1294,-29.5261,-29.1146,-32.0893,-35.3277,-35.8075,-37.2473,-38.0186,-37.1155,-37.4913,-42.9704,-37.2109,-40.9417,-43.1769,-47.0345,-45.2655,-46.8536,-43.8328,-43.3187,-41.1096,-37.2157,-39.6254,-39.0654,-38.921,-38.5947,-36.7217,-38.058,-38.6171,-38.3902,-39.428,-42.4909,-43.8924,-40.5902
-8.27931383293473,40.2741133121161,0.0131,-10.411,0.5089,1.0,0,-1.579,-7.3816,-0.3119,-1.8729,-1.7926,-3.4172,-6.5791,-6.5416,-5.4164,-7.6247,-4.9199,-7.0781,-3.3754,-4.8756,-5.136,-2.4215,-5.4453,-5.246,-8.2507,-8.1325,-6.6331,-8.0141,-7.7468,-4.9635,-7.5328,-8.963,-7.1282,-8.1578,-3.6191,-7.0661,-10.189,-9.2784,-9.7789,-12.0921,-13.8758,-14.0719,-10.5912,-10.4152,-8.7466,-4.8627,-3.9589,-0.2872,-5.7556,-7.8422,-3.9977,-3.7973,-4.4592,-2.8103,-0.4126,-0.1857,2.0632,5.1395,5.0702,6.3605,3.3477,1.9387,4.0991,2.4772,4.1831,3.2569,2.8354,0.2882,0.6683,-0.9986,-4.5133,-3.7151,-5.5618,-2.7127,-0.3952,0.745,1.6799,6.144,6.2514,5.4276,5.2033,6.0516,8.7079,5.3175,3.0064,7.0561,5.0736,5.1926,0.8544,3.184
-8.27904433834949,40.2741133121161,0.0112,18.5414,0.4799,1.0,0,0.6853,-3.2232,0.1865,-0.2944,-2.8724,-2.6641,-0.8163,0.6947,-1.638,-0.9659,3.6074,1.5949,1.4668,5.3958,9.9627,9.4275,10.5106,12.1424,12.8318,12.6343,11.7898,11.8627,12.6193,16.1175,13.2824,12.6769,11.6261,9.6005,7.5026,6.9826,10.0968,8.5267,10.7575,13.0341,12.4931,16.1914,14.7234,15.4393,15.7707,15.2703,18.0798,14.8299,13.9038,7.5003,13.3549,13.9818,14.446,14.1404,13.1091,16.1948,19.7705,19.5324,18.9788,19.9622,19.7513,19.6665,19.3618,15.8982,15.5462,12.8824,12.6675,15.5509,12.8925,15.7357,14.737,13.2715,14.4319,13.1917,14.1693,15.0398,14.4347,14.1427,15.2059,16.3567,17.1479,16.8486,16.0259,18.1088,15.0756,15.2107,12.4264,15.7736,15.7676,20.5694
-8.27877484376426,40.2741133121161,0.0147,28.8577,0.3678,0.891,0,2.8345,-1.3807,-3.6087,-5.7106,-10.082,-7.4911,-8.2793,-9.0963,-9.695,-11.969,-10.9955,-14.3039,-12.6407,-10.0743,-6.3322,-5.2204,-7.9459,-7.5807,-7.4037,-12.8069,-9.0095,-13.3573,-11.1259,-12.5218,-12.553,-14.8977,-16.5882,-16.9265,-22.2215,-21.0595,-17.7835,-14.0337,-12.2198,-9.8773,-9.1953,-2.3319,-3.3724,-5.3729,-4.1596,-4.8891,-9.3744,-10.8998,-8.9351,-10.8574,-8.4755,-7.4639,-4.2401,-2.2409,-4.6887,2.2504,1.6408,0.6532,4.3559,3.6899,5.5035,8.242,7.0278,7.9648,4.2374,6.4046,5.7329,3.8275,4.1837,4.0444,2.1773,2.023,1.1145,1.6544,-1.762,0.5281,4.042,3.2373,3.1488,5.8143,1.7046,-1.8866,-2.3223,1.5106,-2.1383,-1.1157,-3.578,-3.7912,-0.4358,4.6153
-8.27850534917902,40.2741133121161,0.0163,-5.8283,0.4904,0.9653,0,-1.2976,0.6999,-0.2944,-1.2547,-2.7232,-2.4088,-2.3638,-5.2673,-4.9948,-5.9003,-9.3962,-7.4291,-8.8693,-11.9201,-13.1776,-14.5089,-13.767,-13.65,-17.4245,-16.1744,-13.4723,-14.6683,-13.2098,-11.7983,-12.8544,-12.097,-13.4232,-15.1415,-12.8087,-17.16,-17.5326,-15.2676,-13.4458,-15.1764,-15.8054,-15.4064,-15.6957,-16.1518,-15.7163,-16.9411,-16.4974,-16.5348,-18.154,-20.5782,-18.3826,-20.8371,-18.5033,-19.9801,-20.1663,-20.9974,-20.3081,-21.4615,-19.6812,-20.8758,-22.2188,-21.6308,-21.5343,-21.5456,-19.929,-21.0333,-20.3052,-22.9631,-21.0967,-22.1369,-21.8595,-24.6947,-19.9692,-22.2674,-20.4154,-20.2136,-21.2253,-21.3118,-21.7774,-23.2718,-24.3044,-25.3695,-23.4913,-25.3436,-25.1807,-22.6892,-22.3774,-24.0401,-24.4131,-26.3529
-8.27823585459378,40.2741133121161,0.0168,-20.1993,0.5264,0.9697,0,1.5885,3.9627,3.1644,1.6429,0.3317,2.5345,1.3833,-1.4086,-0.5685,-1.3999,-0.8656,-2.5122,-1.6089,-3.1164,-4.6314,-8.9495,-3.7438,-7.3427,-7.275,-10.8334,-10.1892,-8.7283,-8.1344,-8.9616,-11.0594,-11.8282,-13.1631,-14.4052,-17.7397,-19.5116,-20.7464,-23.6362,-20.9795,-21.4916,-21.4654,-21.9139,-23.1837,-20.8916,-15.9755,-23.8701,-29.0614,-27.5427,-30.7518,-30.7568,-31.8833,-30.2073,-31.0261,-35.0104,-34.0006,-33.2504,-34.638,-34.9013,-36.9241,-35.1182,-36.94,-36.1797,-34.6976,-36.4389,-35.2687,-36.2561,-36.6064,-40.9819,-39.215,-39.2372,-36.4051,-39.1803,-34.8037,-38.7298,-34.8759,-37.1224,-36.9913,-37.4653,-36.1821,-36.2182,-36.2868,-36.592,-36.2291,-37.6674,-36.8972,-33.6086,-31.1424,-30.9421,-30.7701,-34.4312
-8.27796636000855,40.2741133121161,0.0164,-6.7271,0.4839,0.9344,0,-0.4423,-1.198,0.4039,-2.3812,-0.9608,-1.4273,-2.276,-2.6849,-2.8998,-4.9279,-4.4293,-3.6852,-4.1374,-6.7646,-8.9236,-10.4062,-8.1724,-13.4742,-11.8288,-15.3153,-12.1604,-11.7025,-12.1247,-14.4233,-12.3839,-11.98,-11.8198,-11.8656,-11.4504,-13.9193,-16.2895,-16.1938,-18.474,-18.5727,-17.9607,-18.1106,-17.941,-17.0441,-17.393,-22.8424,-21.9608,-19.9414,-20.0719,-20.7136,-23.6084,-20.4006,-19.9919,-23.5409,-22.9215,-25.0367,-26.7718,-27.4526,-27.0488,-26.7599,-28.2222,-31.4221,-30.2327,-29.2169,-27.7678,-24.8074,-25.5742,-24.5598,-25.0157,-25.2962,-25.9068,-26.3547,-25.5536,-25.4006,-24.5088,-24.7546,-26.0162,-25.9136,-25.5815,-24.1636,-26.1896,-27.4974,-27.6253,-24.9268,-25.181,-25.2132,-28.752,-28.1559,-28.1357,-27.4613
-8.27769686542331,40.2741133121161,0.0145,-15.9032,0.4824,0.8964,0,-2.3792,-4.9612,-5.1717,-5.8533,-6.3047,-7.5059,-7.4307,-6.0719,-8.0385,-8.081,-11.1537,-13.222,-11.5698,-14.5764,-13.2704,-14.6693,-15.8282,-14.3797,-12.2953,-16.4293,-16.861,-17.8388,-18.026,-19.5353,-19.7224,-21.6513,-20.2882,-20.9314,-21.1934,-25.4907,-25.391,-26.6694,-27.7236,-28.0871,-26.7794,-27.5331,-26.9359,-24.6236,-23.708,-22.0283,-27.9006,-27.9661,-27.7379,-26.496,-26.6207,-29.4221,-29.6681,-31.3064,-30.3886,-34.1672,-31.7116,-34.0212,-33.0584,-36.7411,-37.2081,-34.9367,-35.1193,-35.3578,-34.424,-33.4181,-31.2264,-31.3458,-31.7811,-31.9905,-32.7799,-33.582,-34.5366,-31.2784,-32.2898,-32.034,-31.4017,-32.4529,-32.2745,-32.7253,-34.5558,-35.3267,-33.0531,-33.6489,-32.6085,-34.7694,-36.6226,-34.1958,-34.1278,-35.0469
-8.27742737083808,40.2741133121161,0.014,-2.0373,0.6568,0.9398,0,-2.52,-3.1673,-2.5334,-2.3312,-2.5377,-2.7623,-3.2134,-2.6545,-3.0009,-3.4464,-2.3949,-3.2547,-2.8864,-3.0563,-0.332,-0.7086,-2.6733,-0.1888,-1.2757,-0.9818,-1.917,1.0019,-0.3111,1.0412,1.5383,0.5016,0.5886,3.2116,0.5422,2.7315,2.4368,3.7442,2.5452,2.4918,2.9831,2.3581,2.1116,1.7781,2.1036,1.1621,-1.7891,-0.8751,-1.1189,-1.4537,-0.4186,-1.7397,-1.3989,-2.418,-2.4584,-5.4694,-5.0325,-3.9392,-4.6545,-3.74,-5.7515,-4.8797,-4.2355,-3.5563,-2.5221,-3.1833,-2.5545,-1.4979,-1.1075,-2.4552,-1.8968,-5.1367,-4.147,-3.8809,-3.217,-4.8067,-5.2527,-5.884,-5.0432,-3.8143,-3.7858,-5.1396,-3.3699,-3.0782,-3.621,-3.4302,-1.4976,-1.8167,-1.6744,-2.9975
-8.28120029503138,40.2743189255207,0.0146,-8.3263,0.4481,0.8722,0,1.21,-1.5396,-0.7243,-1.4573,0.2226,0.6206,-0.8579,0.1081,-1.496,-4.6199,-4.4826,-2.9958,-1.5252,1.6077,3.313,3.0228,5.2583,5.1725,3.7528,3.4736,2.8604,3.7819,5.1059,3.0072,8.356,4.1621,4.8291,3.5874,3.7861,3.8847,4.9372,4.9113,6.1882,4.7121,7.2057,9.9822,10.4352,9.8821,14.7612,14.3756,20.3307,18.2884,10.7261,10.9554,11.2454,11.5292,6.1671,11.0594,12.6162,8.3616,9.4041,9.0271,8.1873,9.6512,4.8793,6.9782,1.6091,0.5627,2.1467,3.9362,1.9011,1.9011,3.1156,2.4995,2.7382,2.0254,0.2161,1.0765,-1.8487,2.2912,3.1959,1.2299,-3.5314,-8.7041,-6.3878,-7.5903,-7.0437,-5.9388,-1.9804,-4.9673,-4.7689,-2.6667,-2.2183,-5.1303
-8.28093080044614,40.2743189255207,0.0151,-10.5358,0.5708,0.9852,0,1.5674,0.2907,-3.9683,-5.9031,-2.1763,-4.0934,-5.7116,-8.2137,-6.5559,-7.0292,-8.0775,-16.2854,-11.0082,-7.9683,-9.5066,-8.8032,-7.869,-7.2874,-9.2936,-11.3575,-11.1087,-10.6111,-11.5915,-12.3468,-11.9639,-12.5065,-12.2485,-13.8073,-16.4349,-19.8517,-17.6023,-22.7105,-20.8393,-22.9562,-25.4021,-19.7751,-21.6058,-21.1711,-20.6873,-14.1821,-9.6583,-11.7531,-17.6352,-17.7342,-18.4479,-18.1853,-22.5004,-15.7375,-16.9385,-20.0615,-20.5719,-17.1379,-18.1019,-16.3545,-12.9574,-12.8796,-16.7922,-14.6479,-15.0767,-12.2487,-17.2014,-16.3063,-19.7023,-20.0,-21.1632,-19.4829,-24.5918,-23.2686,-26.2705,-26.1769,-34.3204,-35.0185,-38.9879,-44.3694,-40.889,-39.7523,-40.111,-36.5574,-36.0468,-36.1169,-32.874,-38.1353,-34.9885,-38.1195
-8.28066130586091,40.2743189255207,0.0136,-7.8853,0.5257,0.9336,0,2.2086,-1.528,-2.1393,-5.1669,-2.7035,-1.4238,-5.2169,-5.4639,-5.4608,-2.8086,0.6879,-2.9585,-1.3218,-1.2343,0.1902,1.8403,0.7015,1.8276,0.8152,-0.3988,-1.1838,-1.3882,-1.7074,-1.7958,-2.6711,-4.8766,-4.2973,-4.8047,-2.9466,-6.9789,-6.8846,-11.959,-10.9636,-13.8935,-15.4785,-10.2071,-7.2008,-5.2971,-7.1027,-7.1283,-4.4676,-4.73,-6.5252,-5.0269,-5.762,-4.361,-6.5022,-4.2241,-6.5299,-9.0899,-9.0496,-9.3559,-9.3936,-10.1704,-8.6709,-5.5525,-10.9875,-10.8814,-12.968,-10.7409,-14.5644,-14.0073,-14.9819,-18.1787,-16.7829,-17.0678,-19.4711,-19.0999,-20.0361,-21.8458,-23.1893,-19.2292,-19.9938,-19.988,-17.0229,-19.5019,-19.8977,-15.6951,-15.0091,-15.4637,-13.3766,-13.7209,-9.2823,-9.8949
-8.28039181127567,40.2743189255207,0.0156,-19.3602,0.4692,0.9244,0,1.1965,-0.0065,-3.658,-5.3309,-4.6499,-2.3603,-6.185,-10.7342,-8.0858,-10.654,-9.5542,-12.2607,-11.5193,-10.0614,-9.7266,-9.0286,-10.4401,-9.6498,-9.2892,-10.4881,-18.1788,-17.4551,-14.5476,-13.811,-14.8739,-14.6417,-15.949,-13.1785,-12.2622,-14.4045,-15.5814,-15.0938,-16.3032,-23.6369,-27.1366,-22.669,-22.9787,-23.6623,-23.5959,-24.4658,-24.7302,-23.699,-26.6073,-27.3319,-25.7934,-27.9062,-27.3082,-29.5588,-26.169,-24.6885,-27.145,-25.7162,-26.416,-25.0068,-24.4746,-23.3485,-24.9855,-26.3155,-29.7509,-29.5529,-29.9967,-32.2833,-31.8495,-30.5694,-28.3131,-33.4702,-29.4178,-36.9509,-37.2276,-35.5686,-41.0083,-38.614,-37.8891,-36.5598,-40.1029,-40.9153,-39.8037,-38.3901,-39.0861,-38.9969,-39.8065,-36.8341,-32.9859,-37.1092
-8.28012231669044,40.2743189255207,0.016,-16.1623,0.5185,0.9721,0,-3.9465,-0.8774,1.3507,3.2941,0.3175,-0.1655,2.687,6.302,3.2372,3.3673,2.7557,2.0587,4.4094,5.5125,5.7771,5.8756,3.4292,4.4875,5.7391,2.0287,-0.3061,0.705,2.4448,6.1739,2.3977,1.7525,0.2729,1.2109,-3.9914,-2.2357,-4.2408,-2.264,-7.421,-8.6541,-15.2893,-14.4458,-13.5502,-14.489,-12.554,-11.3842,-11.9742,-12.9552,-16.5024,-17.716,-17.0167,-22.316,-23.8396,-20.5311,-18.0689,-16.8228,-18.9118,-17.4575,-19.5136,-18.9647,-20.4563,-19.4802,-16.7217,-20.5362,-20.4529,-19.4609,-16.1369,-16.774,-19.3019,-21.6388,-25.1123,-25.6577,-27.8022,-26.7161,-27.5643,-24.9613,-28.9612,-29.9929,-25.5309,-30.7699,-35.2836,-32.4511,-30.4015,-32.2538,-31.7916,-28.9403,-31.4153,-26.0764,-31.843,-33.1071
-8.2798528221052,40.2743189255207,0.0142,-18.7805,0.6312,1.0,0,-7.6579,-10.1827,-10.3088,-12.1338,-10.3453,-8.7562,0.7079,-5.4584,-5.6796,-2.0965,-3.7988,-5.9685,-0.4859,-3.2816,-1.9315,2.5851,3.3955,0.8346,1.1093,4.9136,-0.7972,1.9345,3.7407,1.3465,3.0236,0.1235,0.3109,4.2956,-3.4644,-6.4892,-8.6022,-10.1989,-8.5846,-12.6359,-15.6452,-17.8153,-20.3661,-20.5213,-16.6298,-16.4236,-11.428,-16.4132,-16.3175,-15.8094,-11.0612,-12.8946,-12.7608,-10.9052,-11.4178,-12.5666,-14.864,-13.8818,-15.001,-14.48,-13.338,-15.281,-17.9334,-16.907,-15.662,-14.4001,-14.7535,-23.1469,-19.1769,-17.6748,-21.6014,-22.3994,-21.1202,-18.5439,-19.2693,-15.6349,-15.0258,-18.2232,-19.2716,-19.3912,-20.5571,-21.5604,-20.1473,-18.7775,-15.8106,-20.1247,-19.2094,-16.4563,-20.2597,-21.9974
-8.27958332751996,40.2743189255207,0.013,-7.3259,0.5233,1.0,0,-1.2383,-5.5306,-1.494,-3.4196,-3.2038,-2.8476,-2.1233,-6.7696,-6.0437,-5.4792,-3.4383,-2.6315,-0.3257,-7.6617,-1.8813,-2.817,-0.0514,-3.5001,-3.0832,-5.6466,-6.3698,-7.5974,-7.5321,-6.4784,-5.4258,-5.0153,-4.7113,-2.785,-2.9178,-8.7836,-7.919,-8.9144,-4.7931,-8.3679,-8.6098,-10.1526,-13.4665,-11.9454,-4.0487,-12.9463,-14.1446,-8.877,-10.6589,-7.7471,-10.7752,-13.8088,-14.421,-12.3138,-13.5299,-13.6154,-16.3676,-15.8413,-15.5166,-14.2739,-12.2786,-11.7612,-14.8614,-13.7245,-15.6416,-13.7894,-11.9587,-17.2969,-13.1857,-15.1989,-14.6888,-20.1419,-16.789,-17.2388,-18.6158,-19.7741,-17.5272,-15.7679,-14.6414,-15.2021,-17.3866,-14.2042,-15.7546,-9.5436,-11.1449,-13.5751,-10.3541,-13.1488,-11.9179,-14.0167
-8.27931383293473,40.2743189255207,0.0145,-7.956,0.4559,0.9923,0,-1.8709,-3.4556,-1.1501,-4.1715,-5.5385,-3.6914,-11.0597,-10.5472,-10.6403,-11.3791,-8.4161,-9.5656,-7.4853,-6.9225,-4.2963,-5.2437,-10.0262,-11.3017,-10.9276,-14.0828,-12.1026,-14.4598,-15.1452,-12.7484,-14.4137,-17.1043,-15.778,-20.6264,-23.308,-26.5934,-29.9139,-29.3734,-28.8808,-22.64,-24.8586,-24.0133,-26.6519,-26.765,-25.1079,-25.5562,-25.4291,-21.2003,-24.8045,-25.6747,-19.6142,-21.565,-18.8382,-21.0282,-17.5816,-20.6094,-22.3609,-19.0685,-20.5913,-19.2481,-20.1322,-21.2757,-19.872,-18.2194,-17.5843,-18.6626,-18.892,-22.432,-20.9383,-25.3793,-28.5466,-28.599,-30.6969,-26.7541,-28.9884,-30.9869,-32.8886,-26.0793,-25.2232,-26.0323,-27.2393,-26.5084,-26.8372,-28.3358,-28.3918,-27.0489,-26.1483,-23.0782,-26.4369,-31.003
-8.27904433834949,40.2743189255207,0.0141,-7.5735,0.482,0.9722,0,-1.0486,-1.9876,-1.6261,-2.7762,-3.4712,-7.3153,-5.9104,-7.3112,-10.6801,-5.4893,-5.5822,-4.184,-8.7742,-12.6434,-8.2124,-7.0083,0.0179,-0.309,0.3416,-4.5617,-0.398,0.4188,2.0057,2.3686,0.5301,-1.2332,0.8996,-6.7996,-7.181,-8.5823,-14.7551,-15.4737,-17.1841,-18.2895,-23.0034,-21.2862,-21.7487,-20.6013,-27.5527,-34.1508,-25.7448,-29.81,-32.1284,-33.5291,-35.5538,-34.8467,-35.268,-31.9649,-34.1076,-35.9957,-30.7163,-29.0254,-29.4544,-27.7617,-27.7485,-29.0472,-29.4371,-28.9672,-28.0737,-27.8509,-30.8269,-30.1392,-26.4757,-25.7602,-28.3833,-30.3054,-27.776,-33.9068,-32.6371,-35.301,-37.6567,-35.0689,-36.0666,-36.3205,-36.258,-36.8796,-36.6354,-36.8957,-36.3387,-40.9015,-40.1116,-38.9348,-39.2748,-39.1145
-8.27877484376426,40.2743189255207,0.0128,-2.1166,0.4799,0.9789,0,0.3735,-0.5632,-4.3424,-5.7918,-7.9977,-6.8526,-5.2641,-7.8808,-8.9665,-7.437,-5.1992,-3.9818,-3.7642,-7.9624,-7.1358,-8.5645,-9.578,-6.6134,-12.3026,-13.3202,-10.3182,-10.3161,-12.4672,-11.8225,-12.7166,-13.7593,-12.9225,-13.237,-16.4885,-12.9981,-13.8554,-14.3425,-15.6364,-13.6605,-15.0064,-13.3802,-12.2055,-14.8051,-14.4666,-14.8876,-15.5493,-15.8493,-19.3855,-20.437,-19.838,-22.0813,-22.8821,-22.8437,-22.5541,-22.9799,-21.159,-20.2048,-23.0759,-21.4878,-18.7911,-19.6159,-18.5694,-19.9136,-18.4266,-17.5189,-19.1249,-20.1059,-19.2826,-19.0187,-22.8487,-21.8755,-21.5209,-22.4685,-23.0594,-19.4486,-20.4795,-21.23,-20.9603,-21.1406,-22.0873,-20.5376,-24.0388,-23.2658,-21.2335,-23.5834,-24.7098,-26.5445,-26.8762,-24.9367
-8.27850534917902,40.2743189255207,0.0157,0.6323,0.5044,0.9531,0,-0.4167,-2.7261,-4.8007,-6.7702,-7.7843,-8.1403,-8.2647,-10.2817,-9.5588,-10.3104,-6.0895,-4.151,-7.0505,-5.8166,-3.195,-5.2184,-6.09,-6.7264,-6.1406,-7.9005,-1.162,-2.1409,-0.8094,-1.2842,-1.4297,1.134,-2.4146,-0.5533,-4.0656,-7.8985,-9.8809,-8.5816,-7.3853,-6.471,-6.6738,-5.5813,-5.1267,-2.8443,-2.6162,-6.1429,-3.9559,-4.3152,-3.9129,-5.4645,-4.6146,-3.3829,-3.6862,-4.9694,-3.6776,-1.8323,-2.2763,-2.5283,-5.1618,-0.3431,0.9472,1.2603,0.2133,-1.6209,1.4146,2.2972,1.9191,-1.6527,-0.381,-2.1172,-2.8372,-4.6568,-5.7826,-6.0036,-6.4452,-6.614,-7.1959,-7.4433,-7.8004,-8.5696,-11.3542,-7.8704,-8.8967,-6.7218,-5.9509,-5.3909,-3.3549,-2.8231,-3.2156,-2.727
-8.27823585459378,40.2743189255207,0.0179,-9.2973,0.5081,0.9318,0,0.7343,3.9283,3.2034,1.6431,1.2651,1.18,-0.3709,-3.1422,-3.0175,-4.0328,-0.3633,-1.2387,-2.5845,0.545,0.3999,-1.1415,-0.3774,-1.5372,-2.9492,-6.7206,-4.8472,-3.5153,-2.4739,-3.9442,-3.751,-2.6776,-5.2469,-6.3072,-10.4603,-15.3595,-15.6689,-15.4109,-17.2508,-16.7209,-15.8995,-16.9421,-18.8369,-16.4809,-14.7621,-19.851,-15.8977,-15.1559,-17.5518,-16.7115,-20.6192,-19.0002,-19.0839,-23.7903,-23.9074,-22.7149,-23.5779,-21.6842,-24.8624,-22.9349,-22.2535,-20.7683,-20.0463,-19.6963,-18.5262,-20.2609,-20.2404,-20.4309,-17.5198,-16.7687,-15.9874,-17.1961,-15.4282,-19.4584,-16.2274,-16.0701,-17.7414,-15.8458,-17.0623,-16.2734,-16.0867,-14.9241,-14.7086,-16.4381,-15.0332,-15.0139,-13.4994,-12.2368,-13.2431,-12.9829
-8.27796636000855,40.2743189255207,0.0179,-12.7063,0.4817,0.8758,0,-1.4137,-3.3302,-2.8741,-5.8091,-6.2695,-7.1855,-5.9606,-7.6619,-7.4956,-8.1763,-10.4352,-12.2117,-11.8542,-11.9076,-12.6294,-14.13,-8.9632,-9.3139,-10.6541,-11.4828,-9.3371,-8.7133,-9.3789,-18.8313,-15.0077,-22.2352,-22.4792,-28.3403,-28.7707,-32.0895,-33.6228,-34.3294,-33.2742,-30.365,-32.225,-30.0594,-29.3466,-30.6401,-27.4737,-32.1963,-39.7777,-41.1516,-41.9369,-41.3177,-41.1203,-40.5611,-40.4325,-38.8861,-39.4418,-37.2799,-39.3168,-39.1353,-39.5145,-40.704,-38.2863,-36.715,-36.2459,-37.9786,-34.2084,-33.4666,-35.4301,-34.8075,-32.4029,-32.5149,-30.37,-29.8218,-29.1505,-32.4634,-30.6347,-31.2175,-31.3886,-32.2978,-32.7655,-30.0976,-33.6948,-33.7486,-31.6055,-28.5002,-25.6522,-28.7478,-34.3965,-33.0024,-34.5077,-31.7879
-8.27769686542331,40.2743189255207,0.0156,-14.7628,0.5277,0.9263,0,-1.2672,-1.9275,-3.4634,-5.6411,-8.6277,-9.178,-8.2248,-11.3637,-10.6815,-9.7188,-8.7358,-3.9041,-6.709,-4.0986,-3.8954,-2.4381,-2.4797,-3.2463,-1.9844,-0.1122,-0.9062,-4.1526,-6.1993,-6.832,-6.4972,-6.6746,-6.3712,-10.5976,-9.6743,-6.4209,-10.2772,-9.3188,-9.086,-10.5839,-11.5689,-8.1874,-8.9781,-4.774,-5.661,-9.1793,-10.1825,-11.4534,-11.1768,-13.1786,-13.387,-12.1292,-10.1699,-9.3036,-7.8469,-6.8914,-9.2234,-9.0083,-8.0281,-9.848,-9.7603,-10.5219,-10.9018,-14.4272,-18.6127,-18.4964,-17.7145,-18.3397,-18.2572,-19.9854,-17.833,-17.4155,-17.7446,-18.8138,-19.8817,-20.9504,-20.0023,-19.9474,-18.9892,-21.0339,-20.7163,-19.7333,-19.2238,-20.2227,-20.9881,-21.3524,-18.1351,-17.2824,-18.8555,-21.8192
-8.27742737083808,40.2743189255207,0.0141,-2.9165,0.5488,0.912,0,-0.9258,-1.5283,-2.9121,-5.1894,-3.3538,-4.2737,-5.7289,-6.2796,-4.4872,-6.5632,-5.7008,-4.1442,-3.3891,-5.7737,-5.5577,-6.7054,-7.2334,-4.957,-7.3057,-6.508,-8.0834,-7.3865,-7.4439,-8.9352,-11.1845,-11.8698,-11.2996,-11.3349,-15.9452,-13.1162,-14.9937,-15.6773,-13.7079,-14.8653,-14.4858,-15.4495,-13.9698,-14.7196,-17.6285,-19.1626,-20.3377,-18.9193,-19.6854,-20.334,-17.2281,-20.3714,-20.2067,-18.9809,-18.0561,-20.4008,-19.6168,-17.9645,-15.2572,-17.2096,-16.503,-18.952,-18.7576,-16.8891,-19.0765,-18.5922,-17.7515,-20.5933,-18.255,-20.5309,-14.5799,-18.8228,-14.4952,-18.6382,-17.3333,-19.9664,-19.1431,-19.3995,-19.3602,-18.6821,-18.4884,-19.0264,-18.3568,-20.2664,-21.2156,-19.4807,-17.3832,-16.7055,-16.2363,-16.3555
-8.27715787625284,40.2743189255207,0.007,0.233,0.7572,1.0,0,1.4979,-0.1576,1.7111,-1.0768,0.8485,0.9862,0.4544,0.8487,1.7991,0.1884,0.2161,3.4818,1.1874,-0.8236,2.8029,-0.2294,0.6401,3.2623,1.5986,-0.4887,1.1714,1.5335,0.8269,1.3882,1.5112,-1.2148,-1.0697,-0.5839,-1.3677,-2.2022,-1.4715,-0.1751,-0.845,-0.7019,-0.6735,-0.6264,-1.3587,-1.3237,-1.7444,-1.7081,-0.2985,-1.2432,-1.0723,0.7915,3.7834,2.1001,2.5847,2.4837,0.5874,1.8432,1.3257,0.0118,1.3539,2.9434,2.3075,1.8907,1.7193,2.0425,2.4557,2.1067,2.9301,0.8142,2.1616,1.4195,3.7804,0.1178,4.4892,1.9722,4.1582,1.6686,3.9824,3.5805,2.9707,4.4957,3.5788,3.1103,-0.6,3.2301,2.781,-0.6567,1.3216,1.3965,3.1717,0.2463
-8.2768883816676,40.2743189255207,0.0122,2.1234,0.5879,0.9633,0,-1.0401,-0.8583,-1.7363,-3.8548,-0.1178,-0.3861,-0.744,-1.9112,1.372,-3.1893,-1.7687,-3.728,-2.2075,-0.8513,0.2534,-4.5199,-3.7485,-3.0184,-2.9669,-7.0914,-5.1199,-5.116,-4.5942,-6.7543,-8.9924,-6.0277,-14.0819,-12.2374,-12.6255,-12.6072,-12.6176,-13.6148,-13.194,-12.8665,-14.8649,-11.3433,-9.2222,-14.1169,-11.0021,-12.476,-10.0799,-8.5748,-11.2167,-11.1095,-10.3817,-9.6327,-10.4207,-10.9816,-10.9051,-12.4397,-12.7857,-12.0184,-12.1602,-8.0968,-9.3298,-9.3888,-9.2818,-8.9319,-9.1181,-11.6515,-10.1724,-11.295,-10.2515,-12.3835,-10.1026,-15.222,-11.571,-12.2955,-12.106,-13.2639,-9.5378,-11.2842,-10.7598,-9.7763,-10.9509,-10.5736,-14.0968,-11.9931,-10.8788,-11.2944,-10.3015,-8.0614,-7.2978,-7.0959
-8.27661888708237,40.2743189255207,0.013,-1.9888,0.6303,0.9484,0,0.6041,0.4786,1.6969,-0.0425,3.9329,1.0776,0.6859,-1.7027,-0.4627,-3.5995,0.8239,-3.6053,-1.4685,0.2948,0.6377,-1.6401,0.2078,1.2911,-2.5238,-2.4864,-0.3226,-5.0921,-1.2366,-3.1512,-4.2327,-5.5425,-5.7003,-5.4467,-5.7375,-7.1913,-5.6576,-4.3551,-2.7212,-2.9135,-3.7976,-3.6873,-2.6818,-3.0705,-2.6207,-2.268,-2.0665,-3.0736,-4.7414,-5.0038,-5.7152,-5.6079,-7.8758,-6.3803,-7.9558,-6.1276,-6.9644,-4.4321,-4.9283,-1.0254,-1.1911,-2.36,-2.8793,-3.637,-3.3955,-5.4144,-3.7561,-3.1345,-2.0676,-3.664,-1.6589,-3.175,-0.2604,-1.146,-1.4225,-3.1679,-1.33,-2.1106,-2.0442,-1.5536,-1.4401,-1.3827,0.4753,-1.9692,-1.2894,0.4009,-0.006,1.3979,0.7685,0.2617
-8.28146978961662,40.2745245383001,0.0166,-16.6759,0.4779,0.8726,0,1.3503,-3.5029,-8.769,-9.2001,-7.6681,-9.1257,-9.4724,-11.5866,-8.8937,-7.9251,-11.2163,-10.8057,-10.7506,-7.9088,-3.9363,-6.9187,-5.9581,-6.6209,-5.7119,-4.0012,-1.9245,-5.5098,-3.817,-1.9601,-4.2875,-5.6344,-5.6603,-5.1152,-10.0967,-12.5388,-15.7739,-11.225,-11.8568,-12.0119,-10.497,-6.5486,-8.8101,-7.2391,-9.9123,-10.4267,-11.3144,-11.5693,-12.1513,-13.4203,-13.3198,-13.8673,-14.19,-15.9659,-16.3528,-15.7912,-16.959,-15.7801,-11.752,-11.2684,-8.5753,-7.5535,-10.525,-10.6891,-13.4969,-9.56,-13.795,-15.6388,-12.5176,-16.8242,-17.0074,-18.1478,-19.5675,-17.8443,-20.0613,-20.7494,-19.5412,-22.1986,-22.3357,-22.1899,-20.2497,-21.7569,-18.4946,-20.5814,-21.8157,-24.3517,-28.0012,-25.2409,-22.8137,-25.6101
-8.28120029503138,40.2745245383001,0.0169,-9.7925,0.4293,0.855,0,-2.5499,-2.9078,-9.1423,-9.71,-9.592,-11.4634,-14.1575,-19.4172,-17.7662,-20.7538,-21.3379,-22.4508,-23.6879,-18.1506,-18.9316,-22.2274,-18.8873,-17.7166,-19.7153,-20.6968,-20.7339,-19.9155,-18.6347,-19.9604,-15.6868,-17.1205,-17.5891,-23.0654,-23.1926,-23.4833,-25.8481,-28.7239,-32.4031,-33.3765,-29.9232,-27.3883,-28.3958,-29.3919,-26.1921,-26.5634,-21.792,-19.3914,-25.1569,-25.3386,-22.0195,-21.6274,-27.0949,-21.1464,-23.7518,-24.1866,-26.0521,-26.4299,-28.2643,-27.6976,-24.7622,-24.5833,-22.5348,-23.5039,-23.4381,-20.7997,-23.3138,-25.9144,-27.0079,-26.0309,-28.1128,-27.3986,-27.4583,-28.0885,-31.3763,-29.8875,-31.5279,-31.3772,-33.1399,-35.8553,-33.2097,-36.5155,-34.8663,-35.4377,-31.274,-35.3223,-34.5101,-29.9023,-30.9309,-30.7658
-8.28093080044614,40.2745245383001,0.0141,1.4127,0.4667,0.9328,0,-2.2495,-2.4786,-5.523,-9.1845,-7.9486,-8.3248,-10.9939,-12.6313,-12.4471,-15.4025,-12.1797,-11.9859,-12.1751,-10.7004,-10.9927,-11.1992,-10.4202,-10.8374,-13.0743,-16.5974,-16.1068,-17.1563,-18.6293,-18.5286,-19.0416,-19.3297,-18.8446,-19.1626,-17.7413,-20.6058,-17.4596,-20.5275,-24.9407,-25.4528,-27.3424,-20.6555,-19.5919,-21.408,-20.8614,-17.6417,-14.9793,-12.2223,-16.9503,-15.9011,-15.7924,-15.5472,-14.5566,-16.1483,-15.0219,-14.4644,-16.5285,-15.9558,-14.9383,-14.1553,-13.0391,-13.5171,-12.569,-10.6945,-11.3128,-11.7589,-9.854,-10.5629,-7.2666,-11.054,-11.7144,-12.9821,-10.6733,-14.0455,-16.2804,-15.6226,-15.4883,-15.3176,-15.6149,-18.9215,-15.2254,-16.1626,-17.1589,-16.2045,-16.7226,-15.6618,-9.8979,-11.3875,-10.8796,-11.7813
-8.28066130586091,40.2745245383001,0.0157,5.3867,0.4171,0.8959,0,1.2351,-1.6947,-1.6558,-0.4302,-1.4341,-1.1824,-2.5708,-2.2121,-3.5095,-7.2166,-1.6142,0.5371,-1.8769,-3.659,-2.2478,-1.2832,0.7561,0.3489,-1.6051,-2.1254,-1.4321,-1.8918,-1.824,-3.1972,-1.9079,-2.7108,-1.5571,-0.7964,2.3315,1.4383,3.1213,-0.1489,1.8173,2.0823,2.1015,4.547,5.5731,5.635,7.7837,6.3599,7.3466,5.5432,8.5411,8.9476,9.3359,13.0613,11.5114,10.3206,13.0911,11.7668,8.2331,7.3605,7.9918,7.8096,7.7152,7.3171,7.1383,3.9529,2.3779,2.2461,3.4422,5.0442,1.6443,0.8743,3.2338,0.0059,2.6758,-2.4352,0.019,-1.0836,-0.4607,1.0632,-1.0715,1.3714,-0.0388,-3.6941,-1.7984,0.2117,0.8163,-0.0779,1.7652,5.227,6.7796,7.6909
-8.28039181127567,40.2745245383001,0.0171,10.6282,0.4455,0.8953,0,-4.869,-6.1769,-6.2494,-2.7724,-5.204,-1.9073,-3.8992,-4.7261,-6.9318,-8.2985,-5.3806,-5.9274,-5.0545,-3.7064,-4.7985,-5.5439,-6.8156,-7.1731,-6.6602,-7.7533,-10.8381,-10.5549,-8.7096,-10.1123,-7.5294,-8.6068,-12.0334,-13.1366,-9.9148,-10.5333,-11.3065,-12.7944,-13.5293,-11.8937,-17.132,-14.7131,-15.0482,-13.2895,-13.3959,-9.6164,-10.412,-8.2215,-10.8281,-8.7446,-7.7771,-8.4497,-11.8724,-9.137,-8.1157,-5.4714,-8.7557,-8.583,-7.714,-7.573,-7.5875,-4.3171,-4.9742,-4.0033,-4.2747,-3.8352,-4.3039,-4.5402,-3.695,-4.7069,-4.7623,-8.0232,-7.0999,-6.4224,-7.5615,-5.0935,-8.7975,-9.4076,-9.5112,-7.9073,-6.7331,-10.9251,-8.9677,-8.9886,-7.6989,-4.586,-9.6672,-5.6046,-6.4012,-6.6163
-8.28012231669044,40.2745245383001,0.0173,5.1371,0.4562,0.8572,0,1.8667,1.766,1.7756,3.7018,1.4406,1.8368,3.6113,3.2717,3.7247,0.7504,1.8649,3.732,4.1206,4.8097,4.1415,5.3536,4.9572,3.7766,4.3378,5.9132,4.1842,4.5067,8.0032,9.8491,7.5921,6.3102,8.8613,5.2964,3.1608,2.4859,-0.7349,0.8,-3.2804,-0.3734,-1.3358,-1.6786,-1.0404,-3.1038,-1.9244,2.1028,0.2588,0.6783,-0.7987,-1.0089,-1.4073,-3.0142,-1.6158,-1.5116,-1.0325,1.0306,1.2294,1.3048,1.9087,1.785,0.2445,3.6958,4.9957,5.811,7.1943,5.5176,7.0295,5.5257,6.5641,5.135,5.6336,2.1857,6.8135,5.6008,7.0986,4.1979,4.8038,3.3186,3.777,1.7518,-3.0639,0.4723,0.5013,-0.3353,-0.1704,4.3538,2.381,5.196,5.52,4.7796
-8.2798528221052,40.2745245383001,0.0159,0.2582,0.4811,0.9072,0,-3.5708,-4.6839,-3.4539,-4.6443,-2.8407,-1.9788,2.5667,-2.5433,-1.7314,4.0215,-0.6465,-2.2752,-0.8376,-4.9763,-7.5041,-3.7721,-3.4724,-3.9911,-4.1722,-1.7068,-3.3441,-2.5374,-0.3894,-1.0989,0.3047,-3.5515,-2.8104,1.4946,-2.4984,-7.4616,-6.8645,-9.9753,-6.8597,-11.3845,-12.6654,-12.5835,-12.02,-12.7717,-11.3483,-12.1603,-8.3694,-10.6824,-9.5529,-7.407,-3.1363,-5.0531,-3.4758,-7.0498,-6.3262,-4.7786,-4.9137,-4.7395,-6.4626,-6.6736,-4.8758,-5.7357,-6.5384,-6.1751,-5.9199,-5.0194,-5.6682,-11.7679,-10.3702,-9.4284,-10.1374,-10.7959,-8.8498,-7.2664,-10.1178,-7.3098,-9.5836,-14.5679,-16.2341,-16.6577,-20.6053,-20.6126,-21.0752,-19.0808,-19.051,-17.3278,-13.308,-13.0285,-14.2989,-14.9979
-8.27958332751996,40.2745245383001,0.017,5.7922,0.4703,0.9362,0,-0.216,-0.7656,0.2514,1.7939,2.9377,2.0778,2.7648,1.4797,-0.3107,0.9166,0.791,1.2934,1.3273,0.9943,-1.0265,-1.1488,-1.3637,-1.3639,-0.6033,-1.2035,-1.6068,-0.6507,-1.3789,1.5481,4.4093,4.6186,5.4914,6.2018,5.0518,2.3753,0.5962,-2.242,0.7254,1.5297,-4.9205,-3.0828,-3.0111,-1.9015,4.1782,4.3265,7.9964,5.1195,4.8394,9.4632,8.6173,10.8379,7.3583,9.8651,5.3251,7.1882,9.8123,11.4248,8.652,11.3021,12.0427,12.1605,8.2224,9.072,7.9618,9.3844,9.8803,10.5348,9.3732,4.2447,7.9328,2.9239,6.3219,2.7115,4.3816,0.5638,3.7893,-0.8427,-1.6553,-1.1447,-2.459,-0.5498,-1.7525,-2.1281,-1.702,-1.572,1.3678,0.5453,1.2844,1.1055
-8.27931383293473,40.2745245383001,0.0167,7.9926,0.4255,0.9111,0,3.3119,-2.004,-4.2949,-4.109,-4.7115,-2.295,-3.118,-3.5268,-5.8241,-5.7938,-5.7948,-5.1807,-2.4737,-1.8387,1.2826,-1.9173,-1.0854,-1.4584,-1.9831,0.6581,-2.6574,0.8818,-0.1407,-1.3533,-1.2376,-2.6092,-3.8623,-5.3441,-6.6867,-6.4719,-6.5003,-8.1362,-3.9181,4.2935,0.5924,4.9628,4.9845,8.2862,10.5834,8.4525,9.0474,7.078,8.041,6.98,6.3659,5.468,5.2162,6.5563,5.7363,5.6133,3.2765,4.1578,2.1689,2.4948,2.2454,2.3923,1.1165,2.9422,3.798,5.0818,3.828,1.8781,3.2575,-0.7366,0.4145,1.5111,1.6599,-0.8211,0.6959,-0.3152,-0.3932,-0.0007,-0.783,0.9232,0.1213,-0.2389,-0.6549,1.1846,0.813,2.3223,-0.7829,1.3315,2.3144,2.1507
-8.27904433834949,40.2745245383001,0.0159,8.6629,0.4574,0.9307,0,0.8756,-0.6081,0.2166,-1.3696,-1.0235,-0.8359,-1.981,-1.8005,-1.5409,-0.0324,0.4326,1.7538,0.4949,0.291,4.3041,4.1553,4.363,5.1489,4.5418,6.8861,3.2477,4.7731,5.698,5.4505,4.6773,4.1735,2.3005,2.9408,0.4893,-2.2595,-4.4204,-4.7888,0.2919,1.4946,1.1034,1.3532,0.5007,2.3649,2.5479,6.0471,-0.5751,-1.6356,-3.2634,-4.0705,-5.1836,-4.5514,-6.3447,-3.4572,-3.5837,-3.0547,-1.8689,-3.3756,-3.0804,-3.4742,-4.7408,-3.4505,-3.8791,-5.3574,-7.731,-7.9759,-10.3072,-12.3228,-15.3697,-16.3185,-16.6579,-16.9591,-17.3015,-19.3025,-19.935,-21.6167,-21.7042,-22.8448,-21.3072,-22.7578,-22.3515,-23.3691,-24.8825,-24.2136,-22.992,-23.4652,-24.5309,-22.1685,-23.2251,-21.1583
-8.27877484376426,40.2745245383001,0.0163,-0.1123,0.4441,0.9174,0,-0.1992,0.4323,1.8959,1.8695,0.0093,0.9459,1.3932,-1.2977,-1.3468,-1.3671,-1.7398,2.2451,1.4066,0.714,3.879,4.9237,5.4022,6.8944,5.7711,4.1004,6.9267,6.57,7.2058,3.2744,3.5343,-0.8075,0.3582,-1.3361,-2.0683,0.8841,0.0981,-2.7431,-2.7746,1.2371,-0.6173,3.2105,1.385,0.6503,1.1258,1.5617,-1.8545,-3.9042,-3.7316,-5.0473,-5.3124,-3.5766,-0.459,-2.0519,-3.8843,-3.242,-4.555,-1.8969,-6.1529,-2.0534,0.4065,-2.187,-4.8885,-4.5864,-4.2497,-3.567,-5.8438,-6.0174,-4.2685,-6.9185,-5.0412,-3.6895,-1.8038,-3.8864,-3.976,-6.041,-6.5496,-7.4447,-8.3514,-8.5066,-9.149,-8.4301,-9.077,-7.5756,-10.7024,-13.0429,-9.5345,-10.013,-9.0691,-8.1596
-8.27850534917902,40.2745245383001,0.0173,1.1287,0.4603,0.8824,0,-1.0806,-0.7178,1.741,-0.4505,-4.836,-2.8984,-4.7903,-5.7088,-7.8607,-6.4218,-4.2226,-2.4044,-1.9098,0.9288,2.1348,4.7847,6.7974,7.3435,6.4221,2.9256,6.9525,6.3954,7.9228,4.4974,3.3924,2.7874,2.0753,0.2782,-1.2028,3.0088,3.4157,-0.6933,-1.8684,-4.6109,-4.1252,-1.5214,-0.0752,-1.7865,1.6269,0.0914,-0.2458,-1.1538,-2.5904,0.5137,-2.908,-4.5574,-7.1631,-8.0194,-8.0282,-7.9423,-6.8166,-7.6184,-9.2568,-10.0384,-12.017,-9.5699,-10.6985,-11.7444,-9.7469,-8.3944,-8.1317,-8.8979,-8.1849,-8.1299,-6.8744,-6.5694,-8.9964,-9.8979,-9.5551,-12.0617,-10.8107,-12.8465,-11.7073,-11.4805,-12.9788,-14.268,-13.2741,-14.5888,-16.5067,-18.2784,-12.3736,-12.3452,-11.8076,-11.5963
-8.27823585459378,40.2745245383001,0.0174,-3.6014,0.44,0.8886,0,-4.4788,-7.5237,-6.5362,-4.6067,-6.9734,-5.799,-6.1505,-9.5031,-9.8242,-10.0366,-7.5267,-6.9795,-8.5896,-6.0158,-2.8263,-6.1887,-5.5933,-5.3338,-7.5188,-11.3865,-12.3873,-12.507,-13.633,-14.0382,-16.4186,-14.6248,-15.6454,-15.4637,-15.4006,-16.8483,-18.9747,-18.2739,-20.2941,-22.9352,-17.8963,-16.7937,-18.0581,-19.6255,-20.157,-19.6512,-16.0245,-14.7847,-17.543,-17.5638,-15.648,-13.8761,-13.4761,-11.288,-12.1997,-11.6928,-9.2888,-8.8822,-7.958,-7.3917,-10.7229,-11.2067,-11.0391,-12.2436,-14.3146,-13.9217,-9.6741,-8.8616,-6.7567,-8.4044,-4.0923,-8.0621,-4.5256,-6.7572,-6.2732,-8.0263,-9.8518,-8.587,-11.3516,-10.0407,-9.5613,-10.0849,-11.2043,-9.609,-10.1789,-7.3277,-5.4156,-5.2816,-7.7981,-7.9373
-8.27796636000855,40.2745245383001,0.0162,-11.9426,0.4539,0.851,0,-0.3668,-3.0876,-2.2709,-0.1186,-3.2621,-2.6783,-3.3067,-4.4404,-4.987,-4.5761,-1.0799,-1.4092,-3.7313,-4.6536,-2.8978,-2.79,-4.5245,-8.1897,-8.3895,-7.8348,-9.2188,-8.6898,-11.5172,-10.6666,-12.3213,-13.3165,-11.6446,-9.159,-7.9475,-6.6771,-8.1739,-9.5133,-8.1421,-11.1048,-9.0323,-5.4787,-5.547,-5.2863,-5.5973,-8.3018,-8.202,-11.127,-10.0548,-12.1744,-11.744,-9.7101,-9.0497,-7.8234,-10.4953,-8.0232,-9.3951,-6.6375,-5.6772,-7.2054,-6.3704,-4.2157,-4.8224,-9.6562,-12.3995,-9.6859,-9.656,-16.1407,-13.8396,-16.0872,-12.8737,-18.0727,-13.3283,-16.0821,-16.2364,-18.5034,-18.093,-23.6211,-25.0842,-27.4732,-22.9765,-22.7625,-19.5278,-19.0728,-17.0009,-15.9482,-14.9267,-13.4719,-19.1837,-19.3909
-8.27769686542331,40.2745245383001,0.0161,-6.9432,0.472,0.9213,0,-2.3628,-3.2239,-3.3426,-2.7279,-3.0819,-5.2942,-7.5897,-5.297,-6.557,-7.8983,-5.2169,-2.7027,-1.1348,3.0144,3.5366,4.5451,2.4987,1.5051,0.8894,0.4401,-0.7528,-1.6675,-3.2322,-1.8852,-1.1419,-2.2623,-3.6481,-6.2918,-3.4737,-5.7014,-5.4752,-8.1725,-4.6597,-7.0898,-7.8369,-5.4257,-6.6303,-7.6104,-7.9936,-4.2854,-5.8232,-7.7554,-8.301,-8.5236,-9.5746,-11.1747,-12.1111,-16.4145,-14.1871,-9.5384,-12.9271,-10.9377,-9.4979,-9.9523,-8.288,-9.1088,-10.0211,-12.0425,-12.0024,-10.6231,-11.1204,-14.9156,-13.4836,-14.7804,-12.4557,-15.7247,-12.9301,-17.0055,-11.3276,-14.1018,-10.9391,-11.9651,-11.0405,-12.7496,-12.5109,-11.8219,-9.4996,-6.8874,-6.6719,-8.1938,-7.0285,-6.609,-4.2791,-6.504
-8.27742737083808,40.2745245383001,0.0161,2.6133,0.4861,0.916,0,-1.7332,1.3591,-0.1892,-0.643,-1.1659,0.7817,-3.4659,-3.4388,-2.6532,-4.2846,-4.846,-4.6492,-1.5611,-1.7428,-3.275,-1.8768,-0.1048,-0.9314,-2.6359,-0.8039,-2.3043,-1.3515,-1.3116,-3.1327,-2.8279,-4.9559,-5.9844,-5.9833,-6.7276,-4.7924,-5.7419,-7.2566,-6.774,-6.6757,-7.6892,-6.9563,-6.863,-5.274,-7.8196,-6.5854,-7.5619,-4.8589,-7.3885,-4.6574,-4.0612,-2.5484,-4.1551,-0.0097,-0.3355,-2.9335,-0.2473,-3.1744,-0.5094,-0.8794,-1.7122,-1.1952,-3.2849,-3.6386,-4.2791,-3.9386,-6.1987,-10.981,-7.3306,-10.354,-7.7086,-12.9351,-7.6607,-12.9295,-10.521,-10.6842,-11.1291,-13.3669,-12.8319,-11.3732,-11.8985,-9.7779,-12.8765,-9.7196,-9.7562,-10.0577,-8.7061,-9.2581,-8.4971,-8.0809
-8.27715787625284,40.2745245383001,0.0137,-1.8725,0.5029,0.9113,0,0.8533,1.8983,4.2381,2.4606,3.3235,4.5658,2.3459,1.3683,1.6343,1.7423,3.1109,3.8427,3.2734,2.3566,4.2728,3.3884,4.031,4.5395,4.4435,3.1279,5.6913,5.1186,5.7609,5.0297,5.0994,3.8835,2.6974,3.6354,1.1521,-2.2033,-2.7884,-0.5949,-0.3713,-0.7424,-0.9276,-1.1198,-2.9845,-0.8663,-0.1369,-0.3232,2.1703,3.2863,1.2015,0.9793,1.6646,4.2493,2.398,2.8668,3.6012,3.737,1.0177,1.0734,2.6383,6.1758,1.82,0.5296,0.0713,1.2222,3.5597,0.785,4.091,-0.2753,4.7501,1.4182,7.2576,2.7886,4.962,4.8472,5.4808,3.9131,6.5847,5.8144,5.6271,7.2243,6.2052,6.1184,5.7547,6.3626,5.7358,5.5024,5.7046,5.7876,8.2327,8.0192
-8.2768883816676,40.2745245383001,0.0144,-3.7327,0.5091,0.9176,0,-3.9652,-3.6053,-6.4041,-8.3266,-2.955,-9.0628,-7.4555,-7.5762,-8.0054,-10.5248,-10.6825,-9.7363,-9.7882,-12.672,-13.0622,-13.4975,-16.196,-13.0248,-15.4038,-16.0495,-19.9511,-22.1156,-22.385,-21.8836,-22.511,-22.2707,-23.4202,-21.3245,-28.1503,-27.6451,-27.7552,-26.443,-22.8026,-19.844,-22.5125,-22.572,-23.9975,-24.077,-24.0592,-26.7813,-24.8433,-25.6941,-28.6815,-31.3584,-30.6652,-28.7015,-30.0019,-33.8364,-34.444,-31.9119,-36.1738,-35.4066,-38.7527,-35.6564,-36.6531,-38.6451,-37.7169,-36.0642,-33.4098,-35.0496,-35.4164,-38.0602,-35.043,-37.037,-34.5145,-38.2664,-34.5019,-37.0862,-35.7325,-34.6146,-33.5565,-32.7109,-33.6828,-30.7473,-31.6319,-26.8378,-25.9372,-27.9502,-27.1905,-25.326,-27.9132,-31.3621,-30.2962,-30.1672
-8.27661888708237,40.2745245383001,0.0163,-4.8351,0.4249,0.831,0,-2.5784,-0.9608,-4.2663,-5.132,-3.5292,-8.0928,-4.7918,-6.0215,-5.9082,-6.9027,-5.3278,-3.2291,-5.5251,-5.7511,-6.0638,-7.6586,-4.7976,-6.8375,-9.0493,-6.0051,-7.8288,-8.4614,-8.1788,-7.856,-8.0502,-9.4808,-7.9138,-7.2047,-11.1261,-9.6637,-11.187,-12.395,-11.5358,-11.1283,-11.9508,-13.1252,-13.0393,-12.5476,-15.6592,-18.8534,-16.3802,-16.6962,-18.7618,-22.2342,-21.718,-20.2676,-15.3534,-18.5828,-18.2469,-17.2013,-16.9159,-16.312,-17.3627,-16.1773,-15.0537,-17.4194,-16.6957,-15.6103,-12.0592,-15.3436,-10.4636,-12.6891,-10.1478,-10.3409,-9.3895,-12.0278,-7.352,-9.8674,-8.9845,-10.0855,-9.4198,-9.4613,-8.8596,-8.8276,-8.7277,-6.8049,-5.7172,-5.7606,-4.9796,-4.3932,-4.6174,-5.2012,-4.4318,-6.8764
-8.27634939249713,40.2745245383001,0.0158,1.2055,0.476,0.8944,0,1.3682,1.3743,-2.0183,-2.6498,-4.272,-1.729,-1.0881,-6.454,-7.154,-5.9195,-7.7221,-5.5973,-6.1478,-0.4846,-2.6433,0.5488,0.5414,1.3175,-0.2582,-2.225,-4.8045,-2.9765,-2.2717,-1.367,-0.1547,1.7254,1.4325,3.2694,4.9113,4.1713,4.4936,2.7711,0.1312,3.5179,3.0718,3.4345,2.1489,3.3312,4.5335,5.1301,3.0843,4.3161,4.0342,4.3126,4.7064,0.9552,1.2237,1.6085,5.3371,3.2025,5.1873,5.825,5.3714,4.9632,2.8179,1.264,-0.6439,-0.0453,0.0894,0.7877,-0.5283,-6.9939,-5.7386,-7.0478,-7.2752,-6.365,-4.4157,-8.9766,-5.1862,-8.3475,-5.3798,-6.0211,-5.2806,-7.1386,-6.5666,-9.015,-8.0869,-8.1722,-6.1104,-6.9402,-11.7552,-11.8245,-11.4087,-10.0894
-8.28227827337232,40.2747301504543,0.0081,-11.6854,0.3799,1.0,0,3.2583,10.0011,12.0201,6.3429,3.9276,4.2273,3.0925,6.5508,7.0582,11.4225,14.6619,16.8566,12.6096,15.0337,13.3431,13.3944,13.5629,15.2359,11.4693,14.1993,14.1407,13.8915,14.5266,14.6643,14.6135,10.0,11.0083,6.8694,5.1314,7.2125,14.986,12.0959,12.5858,17.5307,16.3192,15.4353,16.1522,16.747,17.4478,20.8241,26.2627,25.8616,17.0164,14.9724,11.3141,16.6644,20.5735,28.5251,25.4047,17.3026,18.6421,19.0838,17.7769,17.3993,16.9237,15.426,14.3439,12.3943,14.5319,13.5819,9.2222,5.7116,4.0869,3.4557,-2.44,-1.1346,-1.1212,0.5086,1.4667,4.0511,-1.1985,-4.6292,0.014,-1.4063,3.2959,-0.5429,1.0122,1.5345,1.8662,6.2831,2.5517,2.3015,1.4465,1.7342
-8.28200877878709,40.2747301504543,0.0084,-13.2879,0.3251,1.0,0,5.7384,4.7661,8.3802,5.2224,4.7207,2.3302,-0.7018,-0.8427,-1.7101,-2.1497,-5.2064,-4.9783,-7.6561,-7.6423,-7.8858,-4.8523,-8.9897,-7.8308,-9.0094,-9.6756,-12.543,-11.892,-15.3344,-13.3257,-12.069,-12.069,-12.069,-16.5824,-20.5399,-16.4086,-22.5885,-24.0917,-23.7446,-24.3161,-24.583,-21.9321,-24.7753,-23.3952,-25.9092,-25.8082,-26.0156,-23.3662,-26.1323,-29.7887,-28.2848,-22.4284,-13.7944,-12.565,-11.5943,-12.5896,-7.0659,-6.1279,-10.4318,-4.4167,-3.1438,-4.1527,-11.7326,-8.7161,-9.1245,-9.9688,-11.7059,-12.6405,-11.1031,-13.6433,-11.8244,-13.9578,-10.2618,-12.1668,-8.6159,-8.2266,-7.8486,-7.5717,-9.1254,-9.3805,-5.9032,-9.1933,-9.2742,-8.8412,-2.6673,-3.1347,-2.0114,-5.1491,-4.21,-8.6893
-8.28173928420185,40.2747301504543,0.0128,-27.7822,0.4106,0.9996,0,4.517,1.2671,5.5843,3.1674,-0.3332,-5.7552,-5.4674,-15.804,-16.3091,-30.5551,-28.394,-30.8735,-28.1259,-20.7412,-28.2441,-26.9189,-25.5937,-28.5731,-27.1501,-27.2766,-29.8352,-30.4014,-33.7279,-34.0395,-38.2691,-37.4442,-37.3809,-36.7049,-32.7878,-46.8935,-48.9423,-55.249,-49.3039,-54.2898,-47.2981,-43.5019,-50.8343,-46.9566,-52.094,-53.5904,-55.6115,-56.1077,-55.3118,-52.6638,-57.2839,-52.5985,-54.9999,-50.2218,-50.4375,-54.6217,-53.6896,-54.1457,-54.7369,-53.7762,-52.8334,-54.242,-61.0914,-55.8607,-59.0806,-59.4448,-59.1357,-60.929,-57.8729,-61.8405,-61.095,-62.2973,-57.7196,-58.4077,-52.399,-52.8241,-54.0682,-55.629,-58.3917,-58.7727,-54.3155,-54.2508,-53.3288,-49.3185,-48.6803,-45.5213,-40.8862,-40.7872,-43.3087,-40.5196
-8.28146978961662,40.2747301504543,0.0156,-9.2098,0.4719,0.9263,0,0.8649,3.5672,3.1414,4.4448,5.6347,1.1553,-0.2515,-1.0961,-2.3558,-5.0422,-1.6263,0.1566,-0.7803,0.7979,1.3977,2.0176,2.8035,-2.5461,-0.5562,-3.3736,-0.1459,-1.4848,-2.1146,0.5162,-0.8006,-3.9634,-1.0401,1.1966,0.3944,-6.2049,-7.8014,-4.5971,-2.253,-4.228,-3.9618,-3.5972,-5.3423,-5.4396,-11.9947,-7.097,-8.4789,-5.9935,-10.798,-9.6361,-8.7502,-8.9065,-8.443,-6.3755,-6.6359,-9.2738,-7.954,-5.9065,-0.393,2.036,0.5537,1.0022,0.4,0.6001,-4.4058,-3.4442,-4.7387,-9.0246,-5.3556,-7.5111,-3.8438,-5.6073,-5.5201,-4.4542,-1.6981,-5.5911,-3.3786,-4.91,-3.9957,-3.1211,-4.9058,-2.2837,-3.8619,-5.2381,-7.2751,-8.0135,-9.4852,-9.5122,-11.4579,-13.4584
-8.28120029503138,40.2747301504543,0.0175,-11.8302,0.4703,0.8483,0,4.737,1.524,4.0807,3.9981,6.4983,4.2104,5.6581,7.435,3.9234,6.1653,6.9653,7.5017,9.5495,10.6298,9.6714,11.0446,9.6591,7.2866,8.2925,7.0227,7.2317,5.9979,4.9655,4.5971,6.1693,4.4932,1.8777,1.3124,0.9437,-1.2351,0.9474,1.0265,1.868,1.107,-1.5524,2.1584,1.9834,-1.9447,-2.2284,-9.6348,-7.9743,-7.6727,-8.594,-8.7721,-9.5176,-10.557,-14.0131,-11.972,-9.1751,-12.9052,-10.2728,-11.0035,-9.4059,-9.4739,-9.182,-8.7307,-7.8805,-9.7032,-7.9318,-9.5981,-10.1678,-11.8861,-9.0412,-13.0752,-10.8363,-14.2767,-10.4881,-12.343,-10.1377,-13.2212,-11.3286,-9.9497,-10.8059,-12.5449,-13.5256,-18.7298,-18.5754,-15.8851,-15.8965,-13.8811,-13.4238,-12.0745,-15.2049,-13.0837
-8.28093080044614,40.2747301504543,0.015,9.1607,0.4233,0.8315,0,0.4562,2.4044,2.5177,1.2181,2.5508,4.8899,4.5518,4.6282,2.853,5.7303,8.7981,10.3008,10.9448,13.9652,11.2786,11.1801,8.9951,9.1256,7.0021,9.7208,8.0314,7.255,3.44,3.2235,4.3089,2.1826,3.7331,0.449,5.0018,11.617,5.5768,6.3333,7.6507,7.3647,10.8295,10.2084,9.777,9.0545,8.3574,6.68,8.0588,11.6297,9.5159,7.9339,10.7192,11.3585,11.5596,15.0969,13.107,11.6301,11.4729,11.6133,11.7763,10.5794,9.0649,10.1539,12.033,12.7987,11.6971,11.4618,17.389,13.7454,13.3153,13.9142,10.6233,11.2523,13.0463,9.4945,9.5417,10.8426,9.9528,9.9456,11.4061,8.1979,7.3627,9.5612,11.0338,11.8312,10.8325,10.9095,11.8827,11.812,14.1149,11.9511
-8.28066130586091,40.2747301504543,0.0165,4.4888,0.4517,0.8666,0,1.4007,5.7456,3.8472,3.4133,4.1025,4.5699,3.2557,2.2667,5.2644,8.843,8.6257,6.3079,6.1177,4.4353,8.0579,4.589,8.1654,11.3566,9.6522,11.3758,15.941,14.6269,13.3212,13.9222,18.9233,17.4643,15.726,16.574,14.8526,18.8617,17.0023,18.3789,19.5512,21.8431,24.9294,22.8067,22.5965,21.7022,23.937,21.9124,24.2626,24.3001,27.5556,27.798,26.28,25.5368,24.75,20.4628,21.5627,22.1801,21.2689,20.5968,19.5927,19.1956,17.4575,18.7868,18.5054,19.5505,20.6184,19.5319,18.3067,18.7446,17.313,15.345,17.6379,13.9661,15.4214,12.8376,15.7861,16.3918,15.3466,14.2324,11.0576,8.5951,8.2576,10.571,10.3493,10.631,9.0454,8.4619,12.3311,13.8683,10.9018,12.6095
-8.28039181127567,40.2747301504543,0.0145,0.9825,0.4953,0.9262,0,-1.5593,0.9615,2.2804,0.2591,0.0737,2.2093,-1.2958,-1.9245,-0.8936,0.0722,-5.0429,-0.3085,-0.3141,-2.9548,-3.1943,-3.4557,-0.9561,0.2119,0.2519,-2.462,-0.2086,-2.475,-1.6047,-1.5697,-3.0906,-8.8637,-6.4739,-0.2299,-4.1977,-2.1169,-2.5733,1.8777,-0.5291,-1.0037,-1.0151,-1.6003,-4.4167,-5.0317,-8.2984,-5.738,-0.7595,-1.4207,2.791,4.0567,2.6894,-1.3538,2.1083,3.4641,2.7551,1.1109,2.7522,2.0184,0.6684,1.3941,-0.3899,-0.5063,0.5868,-0.3098,1.3013,1.3098,-0.094,-1.1089,-1.3253,-3.7397,-1.6409,-6.6694,-2.3275,-6.4506,-3.4348,-5.7474,-5.7523,-4.8491,-4.1924,-4.2408,-7.9727,-5.978,-6.2118,-5.5268,-6.6895,-3.1229,-4.9568,-6.2658,-7.9757,-8.2697
-8.28012231669044,40.2747301504543,0.0152,-11.9107,0.4952,0.8921,0,0.1159,3.1954,5.5816,5.8609,6.6544,4.075,1.9361,2.6253,3.0616,2.2959,1.5075,3.6345,1.418,1.5331,1.7522,2.6183,3.1654,2.6016,4.6808,3.9139,3.8872,2.1457,3.9871,3.9084,-1.7856,-8.5364,-5.6891,-3.2507,-4.9386,-3.2901,-6.8657,-8.4794,-9.0269,-8.6969,-9.7873,-9.5443,-8.6877,-5.5924,-6.669,-8.6068,-9.6985,-9.9523,-9.5385,-8.0991,-9.0018,-11.553,-12.5371,-11.4267,-13.7703,-11.1803,-13.6274,-13.3223,-12.8856,-12.077,-12.3564,-10.6062,-11.6083,-14.683,-15.4016,-16.9501,-17.5201,-19.2478,-16.0042,-19.8451,-16.6766,-19.2263,-15.3154,-18.6823,-16.6631,-21.3708,-18.8622,-17.453,-19.7578,-21.3812,-21.6094,-19.9347,-22.6819,-20.527,-19.8887,-18.5648,-16.5587,-15.5878,-17.258,-16.058
-8.2798528221052,40.2747301504543,0.015,0.5971,0.4394,0.8374,0,1.9217,2.3452,3.4346,3.7336,1.8852,3.7721,3.926,-1.5113,-0.5645,1.2056,2.9685,2.4229,-0.1503,-1.8775,-2.0153,-1.4465,1.0823,-4.24,-3.6292,-7.284,-4.9833,-5.7387,-7.1199,-2.5883,-8.6952,-8.3889,-7.9173,-6.4901,-9.4682,-6.5046,-6.1156,-9.3081,-4.7744,-4.8018,-6.5745,-6.4749,-6.0043,-3.854,-6.8715,-9.5079,-9.5012,-8.9952,-7.785,-9.893,-10.1046,-12.1287,-10.5922,-12.7122,-9.2945,-5.5709,-5.6236,-6.0723,-7.1808,-7.1291,-4.2848,-4.4517,-6.3317,-3.3458,-3.4228,-3.6821,-2.3772,-3.0091,-1.2803,-2.0527,0.3793,-3.1377,1.1135,-1.2888,-0.8224,-0.978,-0.2522,-3.5988,-4.4567,-3.1726,-3.8115,-4.1015,-4.7134,-4.3564,-1.2142,-1.8586,-4.513,-5.5417,-4.9491,-4.5131
-8.27958332751996,40.2747301504543,0.0148,-8.3016,0.4603,0.856,0,0.3889,2.6318,4.8326,2.5403,-1.2364,1.2011,0.6233,-2.3133,-0.3694,-0.5689,-0.3828,0.7957,-1.9144,0.834,2.1364,1.2312,1.8904,0.1066,2.0078,3.1355,2.5467,3.8538,1.2207,3.7256,-0.9738,-1.9963,-1.293,-0.7123,-2.7515,-0.6928,-0.0926,-1.7009,-1.1218,-1.0851,-4.5526,-3.5125,-2.8947,-3.7744,-6.2419,-3.295,-1.4219,-3.2708,-5.3808,-1.3363,-3.4804,-3.2584,-2.5721,-3.3484,-1.2392,-4.3311,-4.6721,-4.274,-4.0703,-2.7679,-8.2528,-9.8088,-6.7425,-7.5644,-6.6602,-8.0419,-8.3855,-8.1955,-7.7546,-11.0797,-8.0945,-10.4562,-9.5379,-10.4144,-9.0687,-11.6808,-11.5786,-13.4791,-13.9138,-12.5852,-8.0889,-9.2647,-7.8389,-10.913,-13.4591,-11.5042,-13.3607,-10.0101,-7.837,-6.9338
-8.27931383293473,40.2747301504543,0.0162,1.0428,0.4583,0.8526,0,-3.2665,0.2026,-0.241,1.0138,0.2884,-0.7199,-1.6824,-4.7903,-4.5945,-7.4099,-10.3256,-12.0125,-10.5955,-8.6623,-9.0638,-5.1363,-6.2753,-8.5308,-6.37,-5.6651,-5.9948,-5.4703,-5.5407,-6.6522,-5.207,-7.7652,-7.798,-7.5463,-9.2081,-12.7835,-10.0287,-10.0875,-7.1987,-7.294,-6.029,-4.8415,-6.1893,-4.4588,-4.3409,-9.0028,-10.2225,-8.1922,-12.322,-11.2697,-12.3763,-12.0078,-12.0523,-7.6669,-6.3056,-6.8317,-10.1681,-11.9894,-10.9076,-10.565,-11.889,-16.171,-14.8587,-10.9745,-10.7232,-12.1713,-13.8865,-15.0509,-13.6329,-17.5274,-13.2763,-16.9735,-16.429,-15.7978,-12.2188,-13.6027,-13.3275,-15.0028,-14.3529,-14.6804,-16.4752,-12.006,-14.8007,-15.1649,-15.0394,-16.1147,-16.04,-16.6179,-18.943,-17.916
-8.27904433834949,40.2747301504543,0.016,10.0962,0.4512,0.8738,0,3.6003,1.9656,8.2713,4.6968,4.662,3.9376,5.6297,3.1014,3.365,2.1533,2.1451,3.0034,3.5,5.479,7.7623,5.3761,3.721,2.9441,4.0388,2.6679,4.5137,6.0029,6.5311,6.8868,2.3475,1.3778,0.3408,0.4013,1.4264,-3.5731,-1.235,-0.911,1.3117,1.005,2.9406,3.9229,1.0329,4.2571,-1.0615,-1.4221,-3.1295,-0.6263,-1.9954,-1.813,-4.0064,-2.408,-2.1292,2.0695,4.9706,2.8399,-2.63,-2.0486,-2.1944,1.9595,1.1356,0.6518,-0.2813,-1.2714,-3.9088,-3.7503,-3.4676,-5.5109,-4.523,-5.1165,-5.9878,-5.8876,-6.0502,-5.9832,-5.3978,-6.9562,-8.092,-8.3957,-7.5683,-7.4518,-7.7154,-6.4872,-6.5534,-8.1932,-7.2418,-9.0091,-9.6511,-13.8274,-17.3883,-19.8908
-8.27877484376426,40.2747301504543,0.0178,19.7593,0.3989,0.8002,0,1.8996,3.4916,7.3582,6.1495,6.4014,6.0787,2.8668,0.2365,-0.2334,-2.0807,-4.7593,-3.948,-6.3602,-5.5409,-2.5367,-2.8168,-4.1565,-3.668,-4.0833,-3.8528,-2.0752,-2.7608,-1.376,-2.9374,-0.938,-5.3467,-5.2645,-4.4598,-2.0318,-3.1642,-3.3501,-3.466,-0.7055,1.1693,4.5648,3.2002,4.0897,2.2279,7.1621,5.4578,3.6388,1.0872,-0.6984,0.7997,2.8386,4.0275,8.0095,7.1073,6.2911,6.7924,6.6711,8.1784,9.4236,11.6325,15.8953,16.1789,14.485,11.5036,10.8238,12.2753,11.8066,12.988,14.2579,13.4725,12.1787,12.0095,13.3355,14.7274,13.1687,13.1345,13.4893,12.9641,12.3912,14.516,15.2674,14.4671,18.3685,12.0461,14.1936,16.124,17.1089,18.4318,19.2847,17.5673
-8.27850534917902,40.2747301504543,0.0151,-0.8175,0.4472,0.882,0,3.0215,7.3574,7.0856,8.2375,3.6518,1.1613,0.9211,-1.7052,-3.284,-1.8134,0.6634,0.0282,0.8247,2.791,1.4113,3.7051,1.722,1.5315,0.2887,1.4872,1.076,2.2273,0.9468,-0.1679,-4.1601,-4.3171,-4.2094,-1.6066,-0.384,-0.2128,-1.4426,-1.4483,2.8464,2.8766,2.5933,4.3472,2.1553,5.2963,7.4722,3.6051,4.3643,5.6746,1.2435,3.8594,3.0158,3.8595,0.7421,2.5972,3.6994,2.1913,3.3374,1.9431,1.4841,2.1517,3.2207,1.9914,1.9142,2.8538,-2.6833,-3.3663,-2.0695,0.1205,0.5571,-1.3958,-3.2464,-4.0999,-5.5317,-6.6783,-7.8925,-4.0077,-7.5516,-9.3618,-7.8126,-5.6695,-6.4188,-6.6143,-5.2012,-7.7048,-6.833,-2.9137,-5.9706,-3.3143,-4.6158,-6.1206
-8.27823585459378,40.2747301504543,0.0164,-10.0003,0.4307,0.9095,0,2.5907,3.7955,2.7527,2.2969,1.0886,-3.0504,-1.8707,-5.9217,-6.5734,-6.7382,-4.3905,-5.0716,-3.1707,0.3829,1.4742,-0.577,-0.6372,2.5238,2.7317,1.9041,-0.7524,-0.1378,-0.4645,-0.4069,-2.2706,-2.562,0.3712,-1.6513,3.137,2.0824,-0.3257,-1.091,-3.1453,-2.949,-0.7332,3.5744,2.501,-0.4163,-2.0264,2.3731,-0.2432,0.2893,-0.0044,-3.6528,-3.3486,-1.106,-2.9036,-4.781,-5.2651,-5.7442,-3.397,-4.1063,-4.0893,-4.4998,-3.636,-5.7537,-4.5414,-4.9337,-6.036,-5.4541,-3.4525,-4.2197,-7.1337,-8.4984,-6.8199,-8.3001,-8.0882,-8.6974,-8.1108,-12.6346,-12.6132,-15.3245,-13.4933,-9.64,-9.8842,-14.3177,-13.5023,-12.7169,-12.2352,-11.9454,-7.4699,-11.1033,-8.8214,-11.0019
-8.27796636000855,40.2747301504543,0.0138,-15.9916,0.4567,0.9058,0,-3.9927,-1.9107,-3.7287,-4.4932,-6.333,-9.9384,-10.3999,-11.6955,-13.9396,-11.6231,-8.6061,-11.2157,-10.7453,-5.5246,-8.2557,-8.0972,-8.5876,-8.8705,-8.3528,-8.4593,-11.3548,-10.6227,-11.0788,-8.8216,-9.6503,-10.3364,-6.2681,-5.5841,-5.2797,-5.0766,-7.3303,-3.9619,-10.4901,-13.3454,-10.2983,-9.1116,-7.5794,-9.3982,-7.4047,-7.6239,-9.2679,-12.7393,-9.8068,-9.9572,-13.3522,-10.4767,-10.6432,-12.8654,-15.5179,-12.0555,-14.066,-12.1893,-9.4582,-13.8932,-11.6337,-11.8791,-12.8537,-14.037,-9.599,-9.2204,-6.931,-10.0925,-6.6349,-10.3243,-8.7213,-12.5902,-11.1736,-11.9541,-12.0857,-14.8797,-12.7193,-8.9734,-9.1088,-12.8967,-14.6501,-15.6652,-17.1177,-19.1087,-20.0961,-18.805,-16.4477,-16.6867,-11.7188,-18.5194
-8.27769686542331,40.2747301504543,0.0145,-23.9346,0.4547,1.0,0,-4.6254,-3.1654,-3.6049,-5.0509,-6.7482,-9.2146,-10.3849,-10.8356,-13.4758,-13.2343,-7.5267,-8.199,-8.3779,-3.6303,-5.7465,-6.2412,-3.7963,-4.3604,-7.2375,-9.3311,-10.6178,-7.6547,-8.3603,-6.5254,-7.5471,-6.6845,-6.4041,-6.5361,-7.2495,-1.9577,-3.193,-4.2596,-10.7746,-8.4283,-11.3943,-12.1635,-10.26,-10.9567,-7.5804,-12.1392,-14.3782,-18.7151,-18.0644,-20.6407,-20.4196,-23.1863,-21.2361,-24.5771,-26.4674,-22.9528,-26.1756,-25.3062,-25.9135,-23.1954,-23.0487,-24.7819,-25.8524,-27.7999,-28.0586,-28.67,-29.911,-30.6914,-30.5993,-30.2277,-30.5013,-28.5773,-28.9136,-31.7573,-29.153,-27.9186,-22.1687,-20.0889,-24.2793,-22.9792,-23.6623,-24.0183,-22.9527,-17.9559,-19.0911,-19.0336,-21.7049,-20.9539,-19.5782,-22.6369
-8.27742737083808,40.2747301504543,0.0197,1.3669,0.4877,0.9767,0,1.6524,-1.0635,-1.4921,0.4776,-3.3119,-0.9403,-2.1203,-1.547,-1.6015,-1.263,-1.0855,-0.231,2.2809,-0.1456,-1.3932,-0.1162,-2.3051,-2.9251,-4.708,-4.4469,-3.6643,-3.2666,-0.2418,0.7507,2.8513,2.6736,2.0138,1.4277,0.5207,5.0981,1.85,0.9689,0.2776,1.0204,3.3116,2.5227,3.3357,2.5682,1.4396,2.8669,-2.7697,1.5906,1.9573,1.0029,1.4911,6.2328,7.2189,7.1479,4.3636,4.2527,4.5677,6.322,6.6919,6.3828,9.1311,8.8746,8.3387,8.1671,8.0585,9.4436,7.4565,2.9231,5.89,4.9168,7.2167,3.7029,5.0507,3.8033,3.5953,3.1729,3.1368,-0.8273,0.8965,2.6931,5.5834,6.9868,7.5451,6.6891,9.2324,8.0298,7.8655,7.355,7.1958,8.7446
-8.27715787625284,40.2747301504543,0.0174,-4.7449,0.4514,0.8811,0,-0.3167,-3.0195,-5.4384,-3.9156,-0.803,-0.8102,-1.9049,-5.6269,-6.9107,-6.8503,-7.6041,-11.5567,-13.9943,-15.392,-11.995,-13.957,-14.6158,-17.6253,-16.9322,-16.9914,-16.9633,-18.0757,-17.918,-17.1589,-17.9736,-18.3301,-19.6478,-17.1855,-15.9078,-21.2472,-19.3878,-18.0571,-17.8202,-18.982,-19.0144,-17.447,-18.5981,-18.85,-21.7427,-20.8655,-17.0167,-16.2397,-17.2611,-16.2048,-16.2612,-15.5701,-13.4198,-15.9037,-17.4517,-16.349,-18.5438,-19.7997,-21.9593,-22.0842,-22.4565,-24.5201,-27.0311,-25.4759,-24.3452,-27.3804,-28.9876,-31.5866,-30.7325,-33.6235,-29.1997,-33.5069,-30.9028,-34.1381,-33.2788,-36.2305,-36.8587,-39.1157,-38.3646,-38.027,-37.304,-37.9326,-36.8035,-36.6564,-37.4484,-37.7206,-36.8728,-35.8879,-34.7904,-35.5298
-8.2768883816676,40.2747301504543,0.0147,-15.3357,0.4507,0.9059,0,1.5974,1.4912,8.4848,8.3387,6.9603,3.5987,1.677,1.6373,3.6557,0.5616,-1.6242,-3.0211,-1.2115,-2.3479,-2.2362,-4.1657,-7.2774,-3.8336,-5.4356,-6.3366,-6.6771,-7.3455,-7.2869,-10.2018,-9.5255,-11.2626,-10.6521,-11.0388,-8.352,-6.1256,-11.2316,-14.654,-17.1253,-20.0985,-18.6873,-19.068,-17.4212,-17.0957,-20.9004,-21.362,-23.1552,-25.2929,-30.6243,-28.6453,-29.0948,-22.6185,-24.343,-27.3056,-28.9915,-22.8973,-25.9396,-25.6566,-27.1905,-26.8332,-29.9732,-27.5483,-31.1424,-32.9478,-32.9733,-35.186,-37.813,-34.9616,-37.1142,-39.6294,-37.3908,-38.6371,-35.5482,-38.7273,-38.7565,-38.2636,-37.4903,-32.0861,-31.6307,-33.033,-36.0176,-35.7494,-32.7162,-28.4225,-27.2192,-25.9043,-25.7909,-29.0856,-25.1355,-24.5427
-8.27661888708237,40.2747301504543,0.0177,-14.3352,0.4295,0.8835,0,0.0463,-2.0262,-2.1327,-0.8383,-3.5143,-2.9138,-2.7772,-1.3277,-3.1758,-2.1328,-2.2762,-3.6836,-0.8765,-3.6618,-3.3938,-3.7045,-6.8482,-4.4476,-9.223,-11.3681,-10.7634,-11.1727,-10.7929,-10.6412,-13.7111,-13.6267,-13.267,-9.3808,-8.2954,-9.2181,-11.3632,-14.3825,-17.4449,-19.8891,-18.2848,-19.1325,-18.3182,-17.7009,-17.5038,-18.1176,-17.5844,-19.1617,-18.0068,-20.6135,-18.1843,-18.2228,-15.5149,-20.6527,-19.1633,-19.9813,-19.6321,-19.848,-19.0153,-18.3244,-21.4652,-22.6538,-22.7024,-23.0723,-25.3494,-23.5708,-25.415,-27.7124,-27.7497,-26.1315,-27.715,-24.2113,-25.7188,-27.1052,-28.0614,-28.5213,-29.891,-26.6216,-29.0034,-29.437,-29.0396,-30.7764,-31.0082,-30.2844,-32.2522,-30.4559,-34.7935,-32.05,-31.7455,-30.2734
-8.27634939249713,40.2747301504543,0.0133,2.1647,0.4378,0.8808,0,-0.0489,-3.7893,-9.6899,-7.3604,-11.2474,-11.4942,-11.0315,-9.5061,-10.507,-10.4146,-10.6339,-8.4993,-12.393,-11.2546,-9.3881,-10.3354,-11.731,-10.4986,-10.1364,-11.77,-12.7105,-12.4044,-12.4884,-11.1356,-10.5589,-7.4328,-12.1337,-8.986,-8.7391,-11.3446,-10.068,-13.396,-15.3138,-12.8593,-12.1426,-11.7642,-10.9145,-10.9979,-3.8673,-4.1222,-3.2187,-1.7194,-4.6007,-5.1155,-2.726,-4.8934,-6.5672,-2.294,-1.7464,-5.024,-4.861,-5.4565,-3.6539,-3.9529,-2.9297,-3.1932,-4.5126,-3.1536,-1.1453,-2.0419,-1.8801,-1.4043,-0.6272,-2.3895,1.6154,0.9051,2.1197,0.0906,-0.1343,1.0738,0.7298,0.8259,-1.0983,-1.3714,-1.0572,-1.0656,-1.6129,-1.9107,0.4926,-2.2465,-5.0133,-6.0294,-4.3269,-0.6725
-8.2760798979119,40.2747301504543,0.0143,5.5554,0.4532,0.8954,0,-1.817,-2.145,-4.3847,-5.485,-5.8208,-3.3444,-3.5482,-4.9437,-3.7801,-5.1081,-7.5663,-5.7279,-3.9724,-5.6267,-4.4209,-2.6181,-2.9888,-2.527,-2.181,-5.8456,-4.5106,-4.1567,-1.8331,-0.4675,-1.5235,0.9367,-0.8989,-0.4254,-1.7015,-2.9481,-3.3133,-3.3082,-3.4677,-5.1884,-3.9626,-1.6905,0.0941,0.0012,3.3115,5.8797,5.291,8.6886,6.698,7.5697,6.7578,5.0237,4.1423,2.6249,1.952,1.804,4.3879,6.3134,6.2324,5.4121,5.4591,5.325,5.9536,3.9078,8.3274,9.1931,9.52,13.0673,14.3134,13.0602,16.4091,12.9807,16.0021,13.6421,13.6633,13.7422,15.636,16.9279,14.4744,13.8478,14.3442,15.7983,14.2666,14.4446,12.9935,12.6141,12.3052,11.2311,9.3982,13.5247
-8.27581040332666,40.2747301504543,0.0169,1.0088,0.504,0.9358,0,-1.2155,1.7519,-0.0254,-0.81,-2.0458,0.9872,-2.4274,-1.5386,-1.2113,-4.4744,-3.8743,-6.1446,-3.7257,-7.22,-10.885,-4.2372,-5.1586,-8.4103,-4.9793,-5.113,-0.0628,-0.0918,-1.928,-3.0641,-3.3833,-6.0012,-6.6918,-6.6312,-7.444,-10.8007,-6.9614,-9.3913,-10.8411,-11.7041,-12.223,-7.2258,-7.8426,-6.7447,-1.3204,-6.717,-6.9445,-7.3941,-7.0316,-8.1674,-6.6581,-7.9167,-7.308,-12.8268,-15.203,-11.3296,-7.2347,-3.9635,-6.4429,-4.774,-3.3357,0.4427,-1.7263,-2.1981,-1.2028,2.1179,2.3321,2.9195,5.3657,2.4824,4.2112,4.4509,6.1125,2.8715,2.3933,3.8791,3.3863,3.8834,1.5985,-4.0394,-1.4866,0.3074,-3.0621,-2.6168,-2.1441,-1.0201,-0.0417,3.7566,4.0651,5.7972
-8.28227827337232,40.2749357619834,0.0082,-5.6504,0.455,1.0,0,0.7073,5.7333,5.8512,6.3401,1.8068,4.9769,3.718,6.1938,5.2383,5.4618,9.9786,11.0924,11.7074,9.5194,7.9478,7.6383,7.2184,9.2462,7.0,9.4856,7.5328,7.8922,7.8357,7.3868,3.6032,0.5394,2.9078,4.9461,6.1302,9.7478,10.0349,10.6853,10.5212,15.0733,16.4448,16.3256,14.4753,13.6102,11.2461,13.5016,14.0129,10.5982,6.1575,5.2427,2.4849,8.6213,9.6556,13.8612,11.9169,7.1318,6.1587,6.7889,5.3995,5.7101,6.5717,5.2254,3.3143,3.2818,6.3067,7.1358,3.3493,3.5199,1.3408,1.6175,1.7309,-0.0191,1.4466,3.3319,2.2522,0.7165,-0.6643,3.3962,3.8753,5.2069,7.7929,4.7192,4.6858,4.5534,6.0059,9.2366,5.3247,6.7293,6.7672,6.7784
-8.28200877878709,40.2749357619834,0.0113,-0.2029,0.3505,1.0,0,-0.8662,2.8044,-1.7641,2.0678,-0.4998,-0.3945,0.4386,3.8602,0.6742,0.6551,1.0681,-0.4455,-1.9007,-1.0683,-0.3937,-0.6182,-3.4049,-0.3648,-2.2972,0.2804,-4.6283,-2.0244,-1.528,1.622,-0.2297,-0.3055,-0.2716,0.4873,-3.067,-5.9451,-7.0789,-7.8392,-2.439,-1.1364,4.3413,3.4429,3.6257,4.4258,-2.4373,0.807,-1.2057,0.6365,-0.4316,-0.1252,3.1974,2.6507,2.5796,5.511,3.7058,5.719,6.4676,7.6457,4.8595,5.5375,6.6327,11.0657,10.7756,10.3634,10.4155,11.0108,11.1161,13.4379,13.6335,12.0609,13.7767,12.3146,15.0355,14.437,13.4075,13.0102,13.1123,13.772,14.244,14.462,17.509,17.0741,15.0291,18.8549,21.0319,22.0145,20.3806,19.5449,20.5839,20.5694
-8.28173928420185,40.2749357619834,0.0145,1.9065,0.4921,1.0,0,3.8881,1.3436,3.3373,-1.4035,-1.9213,-1.4113,-9.0883,-14.6441,-12.2841,-14.914,-16.7843,-15.5219,-20.2541,-17.2955,-16.5199,-17.3987,-16.3089,-14.5899,-15.699,-13.5692,-15.0794,-15.5663,-16.0653,-16.0372,-17.8608,-19.0769,-20.1324,-12.6005,-10.7247,-17.2914,-21.6547,-24.9943,-21.8574,-22.9163,-22.5763,-17.1682,-17.2882,-14.113,-19.8039,-14.2868,-15.0128,-12.8715,-14.2472,-13.7183,-13.1087,-10.3675,-10.4201,-12.139,-13.764,-12.9353,-10.3944,-11.4063,-11.2406,-11.5109,-13.7083,-14.1441,-20.2647,-17.4673,-19.9128,-21.0411,-23.1275,-27.1691,-24.5991,-28.0036,-27.2053,-26.9949,-24.6834,-24.722,-22.781,-24.2874,-21.7367,-20.4515,-22.9325,-23.5538,-21.727,-21.7753,-23.442,-21.4764,-21.3323,-17.1122,-12.8131,-11.752,-12.7862,-11.8736
-8.28146978961662,40.2749357619834,0.0147,-17.2966,0.4964,0.9399,0,0.2022,-0.6287,4.2648,1.9912,2.1078,4.4706,0.1506,-2.3163,-2.0875,-4.3925,-3.8372,-2.837,-4.5447,-0.1596,-3.6246,-4.1331,-1.7238,0.7909,-0.5551,-3.4118,-2.2652,-2.2242,-0.6265,-3.1255,-3.9507,-6.3577,-5.0849,-3.1974,-2.0655,-5.3441,-8.3538,-12.4248,-12.7846,-16.9997,-14.0583,-11.8363,-12.1501,-10.1379,-14.9061,-15.7429,-15.8233,-18.6048,-22.2691,-23.192,-23.8339,-23.5279,-23.1835,-24.334,-25.2074,-26.1173,-26.2643,-25.7812,-29.079,-28.3969,-31.9758,-29.1129,-29.5682,-33.2832,-37.3266,-38.8865,-39.9143,-41.587,-40.4213,-42.4981,-40.6864,-40.7344,-38.796,-43.3941,-38.4919,-40.5725,-39.1791,-38.6997,-38.92,-38.432,-40.7106,-37.2465,-40.5514,-38.6986,-38.8905,-37.5991,-36.64,-36.566,-37.9572,-39.246
-8.28120029503138,40.2749357619834,0.0163,-2.8914,0.4967,0.9198,0,0.1883,3.8194,4.3601,4.6321,1.2585,4.7314,3.0692,1.3186,1.1424,-1.7711,-2.2648,-1.9149,0.6027,5.3468,5.9762,7.6749,3.6772,2.4733,2.832,1.2519,2.9794,2.6983,-0.3263,1.6333,1.0859,-0.7235,1.0659,0.8221,2.757,3.6041,4.1478,1.2768,0.8458,-1.5352,-2.628,-3.2225,-2.8691,-4.2661,-2.8094,-6.7094,-13.3784,-11.5171,-12.1333,-12.0299,-12.9578,-9.6663,-7.1854,-4.6072,-3.4811,-5.9357,-3.157,-3.1093,-5.383,-2.5535,-3.5201,-3.4703,-2.9131,-4.8039,-6.5037,-6.0263,-6.4231,-7.5597,-4.3484,-7.5567,-6.0656,-7.1324,-6.8111,-8.8586,-8.9873,-9.1826,-9.5158,-9.5054,-10.2869,-11.1086,-12.8996,-13.3733,-13.2715,-12.3661,-12.4975,-10.8601,-10.1532,-7.6554,-8.4666,-8.2616
-8.28093080044614,40.2749357619834,0.0151,14.5971,0.4915,0.8744,0,3.3889,1.6681,5.9848,7.9939,6.7628,6.4834,9.5076,9.1561,7.7365,9.8754,7.99,7.6813,9.7542,11.4055,11.8018,13.6863,11.5089,10.7218,12.9024,13.9006,16.6621,13.719,15.9649,14.9133,15.0447,14.9238,16.5768,18.4266,16.9698,17.54,21.2137,20.9475,17.8904,20.712,20.6216,17.8131,18.5479,19.2877,23.4773,21.7587,22.0897,21.1187,22.1286,23.8976,25.5565,23.1539,25.4199,29.3082,28.4448,29.1318,31.2044,31.6008,28.6326,29.7217,30.5568,31.1934,30.0418,29.2841,31.9296,30.7753,32.1351,31.9135,31.3014,30.5752,32.9578,27.7295,32.0317,27.7626,31.2987,30.1436,30.2086,29.5336,28.2167,29.1686,28.986,25.0161,26.7207,26.6757,27.3909,27.6665,27.1603,25.5957,25.9108,27.2233
-8.28066130586091,40.2749357619834,0.0141,-3.1422,0.5208,0.9695,0,1.7771,2.4328,5.3248,2.0345,3.9983,8.7738,9.424,9.4798,10.3635,9.9587,9.9005,9.4756,8.5875,9.2906,7.3637,9.7159,10.5581,7.8667,8.8126,9.1327,14.8449,14.2812,12.5507,12.4778,12.4492,12.204,10.8354,7.7433,9.2796,6.8288,5.3621,4.7775,1.9971,3.4504,3.6637,-0.0075,-0.305,3.0431,8.3686,3.1208,1.7078,-3.0976,-0.2225,2.107,-2.2061,-7.666,-7.3483,-8.2821,-5.8513,-5.2027,-3.5296,-2.1734,-2.6602,-1.1092,-0.8704,-1.252,-3.8933,-2.4326,1.5774,1.0781,2.2797,-0.1193,1.7138,-1.1775,1.734,-4.8959,2.1515,-3.9291,0.1569,-2.0105,-1.0389,-1.951,-2.0323,-3.4417,-5.5413,-5.6623,-5.4563,-6.7319,-7.4864,-6.4441,-4.6995,-7.7893,-8.6552,-7.0242
-8.27796636000855,40.2749357619834,0.0169,-2.4813,0.4595,0.9168,0,-4.6063,-0.1957,-1.6956,-6.0065,-4.6616,-6.263,-5.558,-5.9172,-5.8762,-5.0497,0.4254,1.6957,0.6505,1.3604,1.5656,0.4309,-3.1158,-3.6077,-3.3973,-9.5402,-8.338,-5.6851,-11.5489,-5.1885,-5.9094,-5.7306,-4.0376,-4.7068,-1.0689,3.5134,2.5246,2.1805,2.3508,0.9328,-0.1875,3.1516,3.5158,3.7955,5.0064,2.5435,2.9535,0.7259,4.3402,6.6151,4.6313,4.9164,4.3253,4.9004,4.7591,2.8491,4.2804,1.0308,3.2461,4.6074,-0.3475,1.5856,2.4375,1.9687,1.1434,1.2241,2.1565,1.6306,1.1901,2.2053,2.3141,5.7392,2.3812,5.5257,3.0518,5.241,1.8965,1.053,0.5719,-0.2017,-0.7737,-0.0257,-2.5006,-2.1974,-0.8662,-2.381,-1.1295,-0.5238,0.02,0.8923
-8.27769686542331,40.2749357619834,0.0157,-15.0352,0.4204,1.0,0,-3.3959,0.4956,0.7629,-2.2739,-0.7091,-4.5336,-0.8633,-6.3217,-5.3361,-8.4713,-5.3141,-4.3869,-9.6212,-9.586,-8.4666,-8.8348,-6.0972,-6.2192,-6.518,-7.9313,-11.3002,-11.7648,-11.8637,-11.9698,-11.0637,-13.6102,-13.3392,-13.9933,-15.2193,-15.2491,-15.1977,-14.8562,-12.9292,-15.9844,-14.0754,-9.9905,-9.1735,-9.7631,-8.9133,-16.9738,-16.0844,-17.6218,-12.4771,-12.0992,-16.782,-15.7929,-10.4931,-12.6647,-16.8431,-18.5818,-17.0333,-18.5764,-16.9574,-17.9114,-16.0489,-15.6322,-16.029,-14.6691,-17.282,-15.7979,-18.3392,-19.0542,-20.1323,-18.0825,-18.583,-17.7858,-18.2022,-18.6795,-18.4151,-18.2945,-19.8021,-18.2124,-17.7694,-15.0921,-18.2384,-16.2307,-16.8792,-18.4607,-19.7646,-21.7659,-22.7262,-22.5211,-19.9958,-21.1853
-8.27742737083808,40.2749357619834,0.0199,4.022,0.4541,0.9893,0,1.2047,-2.3359,-5.3316,-5.6674,-7.0765,-3.8431,-5.734,-5.7405,-7.1957,-7.3748,-9.2988,-12.1316,-9.3917,-12.8267,-12.5697,-11.8116,-16.1746,-16.9076,-18.2275,-18.1857,-20.3012,-19.859,-19.4674,-21.0569,-21.0806,-24.3319,-19.9346,-22.8189,-18.9088,-19.4573,-19.4735,-19.8068,-19.9594,-20.6974,-17.5433,-11.7667,-12.4725,-12.7724,-16.1969,-8.9394,-19.6775,-18.8729,-16.9694,-18.0698,-17.9918,-18.3721,-13.7583,-19.0117,-23.1549,-20.6755,-22.5597,-22.0914,-22.1007,-23.1398,-19.7331,-19.1322,-21.0677,-22.3758,-28.188,-25.4176,-27.5616,-28.2022,-30.1714,-28.2515,-27.1283,-30.8375,-24.8454,-33.2805,-29.3528,-30.4116,-28.8269,-28.395,-27.5855,-25.4304,-26.8319,-28.058,-30.648,-29.4097,-28.5137,-28.1535,-27.0442,-26.522,-26.3543,-25.5392
-8.27715787625284,40.2749357619834,0.0175,-0.4809,0.4514,1.0,0,0.8818,-0.7836,2.3143,3.3001,0.5057,-1.2101,-2.9864,-2.6112,-3.9766,-4.0014,-9.7726,-10.3017,-15.0411,-18.4016,-17.0767,-18.5143,-19.867,-17.6704,-17.3734,-15.7033,-15.1975,-14.2572,-14.2617,-15.3846,-18.4696,-17.8938,-18.022,-16.5265,-14.1228,-12.7477,-13.142,-15.9675,-13.174,-13.6426,-12.1753,-11.4203,-12.2574,-12.9252,-10.6653,-11.2303,-13.3866,-12.1104,-15.4105,-12.2958,-13.3607,-10.1886,-9.2938,-3.895,-3.4777,-1.515,-2.1644,-3.7126,-1.3239,-0.4569,-0.9309,-2.673,-5.2976,-5.2504,-5.4416,-5.7311,-5.3298,-6.2803,-5.5397,-7.7344,-7.5812,-10.8346,-8.5418,-7.0875,-5.927,-8.2993,-2.3063,-5.5617,-4.596,-1.8135,-1.2706,-4.0229,-3.1576,-1.3698,1.7958,-1.6254,1.9398,2.2263,0.9354,1.6624
-8.2768883816676,40.2749357619834,0.0167,-12.1902,0.4486,1.0,0,1.731,-2.2083,-1.0199,-1.158,-3.9506,-7.9001,-5.4811,-6.0975,-6.8293,-10.3032,-10.0956,-11.7031,-11.8131,-8.036,-6.4222,-7.4418,-7.2235,-7.9557,-6.7864,-7.9665,-9.0443,-9.1338,-8.0695,-6.9809,-5.7754,-6.2372,-5.3244,-5.0908,-1.6468,-0.8455,-3.7828,-9.9218,-12.5918,-13.3693,-10.5307,-11.722,-9.9973,-11.7477,-13.2307,-16.744,-15.5606,-12.9131,-15.2713,-15.1284,-14.8967,-14.3764,-11.4871,-8.6294,-6.1773,-1.9556,-3.3097,-3.8346,-2.5396,0.4565,5.6252,7.2968,4.0644,3.6817,0.5401,2.1843,2.4626,3.6318,2.4329,3.769,3.7842,3.2607,5.5116,4.3641,3.494,1.6399,2.5394,7.7773,6.509,6.0684,2.6196,-0.0526,1.5955,5.5847,7.7511,9.153,13.9772,8.766,13.7664,10.6088
-8.27661888708237,40.2749357619834,0.0169,-6.4224,0.4379,1.0,0,-0.7903,-6.3619,-4.4403,-4.0404,-6.0075,-4.5239,-5.5584,-5.6375,-5.2554,-10.0719,-12.3149,-8.5013,-7.3608,1.5678,1.6613,4.9797,-3.2742,-3.8424,-3.5806,-5.9667,-10.673,-10.5353,-8.0394,-6.6345,-5.3412,-4.2863,-6.7214,-2.1405,2.1734,-4.18,-4.1528,-5.8217,-14.2649,-11.9703,-14.7869,-12.9761,-13.0463,-11.7345,-18.232,-19.1078,-19.1185,-14.2282,-9.7305,-10.54,-7.1311,-5.0822,-5.4729,-6.0805,-2.3901,-4.7889,-3.5565,-2.9012,0.0047,1.1165,3.2472,3.5653,2.7168,1.4526,0.5459,3.4139,0.7138,2.0038,-0.1367,2.7013,2.2499,1.7064,1.6883,0.6518,0.8494,-1.0649,0.263,8.3016,0.2064,2.5346,1.0273,-1.5372,-5.7415,-3.0919,4.2509,5.2792,10.4726,10.7606,8.7696,10.004
-8.27634939249713,40.2749357619834,0.0158,1.3385,0.3878,0.9414,0,1.3224,1.5756,0.407,-5.4448,-3.7507,3.3892,4.6916,3.8154,3.4537,5.8463,7.5164,4.3414,7.9944,11.8026,11.0961,10.2998,5.1987,8.217,7.3037,4.6206,6.0273,3.8801,4.8335,10.3609,13.4376,10.7188,12.7856,13.3325,14.7392,14.1333,13.1603,20.1106,20.3083,19.0958,20.8037,23.2113,22.0204,21.9006,25.3115,20.7431,19.8768,23.3157,23.2052,22.8296,27.2013,24.8147,28.7087,29.5942,34.7739,34.8904,34.0507,35.5442,35.9853,35.8467,34.3681,36.1129,36.7928,37.0209,35.3347,34.5851,34.4306,34.5453,37.7804,36.5131,36.5663,36.9053,37.6022,40.0303,37.9337,42.817,42.0296,43.4002,42.3237,44.8024,46.3843,44.4357,44.2471,45.2168,50.9986,51.3377,53.4435,53.3226,46.0875,51.2909
-8.2760798979119,40.2749357619834,0.0156,-8.5523,0.4279,0.8611,0,-5.7241,0.8385,3.5529,4.2405,-4.6821,-3.4898,0.572,-4.6445,-6.054,-4.2796,-10.5179,-11.3586,-12.7147,-9.6438,-9.1474,-6.5945,-9.7666,-8.187,-8.0264,-11.3488,-10.6912,-13.8982,-11.3022,-12.1692,-11.4525,-13.0302,-14.076,-12.523,-17.4307,-14.6725,-15.2204,-10.7138,-12.2955,-10.3289,-12.943,-12.2174,-13.9074,-15.3825,-15.6371,-17.6741,-20.8402,-19.0276,-20.8993,-21.9365,-22.0308,-25.1876,-22.4583,-20.2244,-20.9202,-25.6555,-26.8189,-26.413,-27.6284,-26.8483,-27.4528,-26.702,-26.8034,-26.8994,-26.1945,-26.0351,-23.963,-25.0655,-28.0492,-26.6936,-26.1296,-28.9687,-24.4496,-25.2451,-23.4538,-23.8535,-24.9828,-23.846,-24.6087,-25.2626,-25.1675,-22.6394,-21.7896,-21.0847,-23.8226,-23.507,-23.5262,-24.1517,-31.2162,-29.319
-8.27581040332666,40.2749357619834,0.0154,-14.4609,0.4595,0.8967,0,-4.8877,-2.5661,-8.6782,-9.0391,-10.859,-9.5002,-12.6542,-13.471,-14.1617,-8.4979,-12.6523,-13.5911,-11.0172,-18.3317,-19.1596,-20.1911,-20.8735,-20.6308,-23.8762,-25.3265,-23.5344,-13.5069,-19.5608,-16.9842,-19.7903,-19.7022,-18.6174,-18.3558,-23.2808,-24.3396,-18.529,-15.8724,-14.0675,-16.5387,-16.2909,-13.0322,-12.7206,-12.0518,-12.8264,-9.579,-10.5398,-9.1845,-9.6267,-12.4944,-12.0775,-11.1906,-13.6997,-12.6457,-14.8318,-15.6537,-16.211,-12.4188,-15.3633,-10.1741,-10.8643,-9.3341,-7.6961,-9.9166,-16.2355,-12.6915,-14.9651,-18.184,-20.4265,-17.2556,-19.3719,-18.6447,-15.974,-16.9414,-11.967,-13.5639,-9.0062,-9.2961,-9.9983,-9.7442,-9.6366,-9.6522,-11.8815,-16.2871,-15.6289,-14.0997,-12.2772,-19.2954,-23.6602,-21.9608
-8.27554090874142,40.2749357619834,0.0106,3.7124,0.5158,1.0,0,-2.4757,-2.6645,-6.5162,-1.5223,-2.8296,-3.8902,-4.9046,-3.4561,-3.6077,6.8796,0.1417,1.974,1.2161,-5.3508,-8.4702,-8.8182,-7.8327,-9.0284,-9.6742,-9.9208,-4.778,7.9434,-1.3964,3.9986,-0.1364,-3.1249,-1.105,-1.8912,-9.6097,-10.3534,-3.2159,-2.784,-3.3646,-3.492,0.504,5.1754,5.161,5.5043,7.5254,7.7186,4.5763,4.462,7.465,7.1422,5.4146,8.9881,5.1745,5.0864,2.6333,3.5309,2.6416,3.5745,1.0177,-0.3029,-0.8731,-1.3275,-2.9691,-3.4044,-8.5006,-7.0679,-10.3202,-11.6316,-13.4227,-8.7068,-10.1759,-9.3263,-9.1479,-11.0163,-6.4381,-10.6684,-3.7917,-9.7069,-12.3783,-12.6105,-9.8724,-10.8828,-13.0532,-14.7078,-14.8749,-14.8913,-10.377,-17.0112,-17.0604,-16.7497
-8.28254776795756,40.2751413728872,0.0147,6.7329,0.415,1.0,0,6.8818,13.5035,12.63,13.9676,16.2545,15.1609,14.1053,16.0754,14.9894,15.36,19.0134,17.8167,19.7147,17.8808,19.6216,20.5882,21.9985,28.7985,27.4736,38.6375,38.4645,35.5091,41.1679,44.1847,40.5592,37.3225,38.5672,38.894,49.8188,55.4706,56.4429,55.8001,49.8713,50.2217,49.3167,58.4205,54.1785,55.7793,57.6101,53.433,51.2018,53.6373,53.3265,49.7067,44.8519,41.7257,47.072,43.8637,43.8637,41.451,38.6312,40.0067,36.4624,37.161,40.0217,40.9773,40.7822,39.6315,37.7594,33.6351,36.2069,32.3752,30.0176,31.6489,35.4002,26.0595,32.4927,27.2688,30.6574,28.9466,28.3774,30.1768,28.6327,28.5603,30.9885,30.1329,32.3997,36.7817,31.1044,30.9903,21.9682,21.4179,19.9333,23.2881
-8.28227827337232,40.2751413728872,0.0166,-7.3377,0.441,1.0,0,0.8597,3.7455,4.8938,1.5451,-1.5125,0.8432,1.3723,1.8376,-1.2604,-3.6878,-3.5436,-1.9932,-2.3299,0.8901,1.0967,-0.6547,0.8987,-3.4949,-2.9026,-0.6812,-1.6198,-3.3004,-2.9063,-3.4502,-7.2067,-8.7181,-7.5952,-3.2319,-1.397,1.8452,2.3874,3.7861,1.8727,5.7459,3.6447,9.9082,8.7671,9.2727,9.4247,4.2366,4.8905,8.781,7.3537,1.5372,0.9225,4.3322,13.5675,9.2088,8.6709,8.5623,7.5312,7.5503,5.3207,5.3903,9.7506,3.7184,1.7315,4.924,5.4013,1.9136,3.447,-0.4376,0.8164,-2.5492,0.1729,-5.4808,-0.8909,-7.6074,-3.9121,-6.2115,-4.928,-2.1522,-3.1332,-3.8819,-4.8953,-5.4437,-6.7003,-3.3129,-4.2838,-4.3344,-6.9319,-6.555,-6.9769,-6.9373
-8.28200877878709,40.2751413728872,0.014,-17.9803,0.4702,0.9659,0,-1.0761,1.4322,1.6794,3.8472,-4.3917,-2.1192,-1.0393,-3.6639,-5.1141,-2.8426,-3.2553,-4.7768,-4.8455,-5.9125,-6.2994,-7.8689,-10.4868,-10.5452,-9.0779,-8.9901,-12.7591,-11.1859,-13.8373,-11.7108,-17.0049,-17.6806,-17.0501,-13.7098,-11.4746,-12.2439,-12.0494,-14.1834,-13.0555,-9.1976,-11.9827,-15.9332,-13.7509,-16.6977,-24.7727,-24.4532,-26.3811,-27.7164,-29.684,-29.3163,-27.228,-28.2695,-25.5409,-25.2397,-27.1475,-29.815,-33.5074,-32.3396,-33.062,-32.7568,-32.6167,-32.5449,-26.4895,-29.1348,-27.3274,-26.1358,-25.8006,-25.9206,-26.8867,-29.0634,-26.101,-29.7951,-27.1028,-29.4285,-28.1207,-29.3888,-30.923,-25.8532,-25.3782,-24.1615,-24.9304,-27.7202,-31.0395,-29.0421,-28.2072,-25.222,-27.4416,-26.5101,-25.4281,-24.9107
-8.28173928420185,40.2751413728872,0.0172,-0.3197,0.462,0.9393,0,1.4156,4.5923,0.4223,0.4504,-0.0764,-2.3864,6.3512,4.5145,3.403,3.342,6.8996,4.7412,5.6355,7.3508,8.7886,7.5589,6.2403,6.7058,5.3933,8.0587,8.0459,11.4568,12.5259,9.1465,8.1079,7.0253,7.0591,4.6444,6.2091,4.8317,4.7921,2.3353,7.1581,5.0875,8.1409,8.941,8.6825,10.5583,5.5188,12.6894,8.1685,13.2567,10.0002,10.7999,9.9785,10.6483,3.6787,11.8389,3.7309,8.4158,6.5243,5.2839,5.9546,5.7291,5.0102,8.5187,4.5456,5.7537,5.0818,2.3837,0.1818,1.3,4.0484,-0.2159,1.3121,-1.5925,3.6846,1.2264,2.9385,-0.0935,0.4427,-0.9493,-0.3005,-0.5764,-0.6625,-0.8676,-4.7246,-1.7082,-0.0614,-0.5269,1.0899,0.3471,-1.6336,0.0648
-8.28146978961662,40.2751413728872,0.0143,-5.6645,0.518,0.977,0,-3.0942,-2.2822,-5.2305,-9.0664,-8.2809,-9.7638,-10.5809,-10.2189,-10.367,-13.355,-11.3256,-17.0817,-14.7931,-9.7201,-6.322,-9.3264,-7.4647,-4.0469,-6.3021,-5.3533,-3.0224,-2.243,-2.8811,-2.988,-6.4994,-6.708,-6.964,-3.6447,-7.7766,-4.9586,-10.8184,-11.0041,-10.689,-13.8425,-13.7344,-10.5818,-13.8245,-8.9497,-16.4268,-13.0159,-14.7128,-16.0605,-20.8539,-19.4203,-19.4059,-17.6353,-21.6568,-18.5854,-19.8735,-22.0594,-23.5759,-22.2511,-23.3892,-22.8227,-22.6751,-21.7064,-19.9776,-15.2446,-14.946,-16.4162,-15.8462,-16.7441,-14.7629,-17.1901,-16.8812,-18.0093,-17.0878,-20.7099,-18.1445,-19.3756,-18.6128,-17.471,-18.5875,-17.7751,-20.2439,-20.5687,-19.5587,-20.6731,-20.3815,-21.3878,-20.9931,-20.0007,-21.322,-21.2055
-8.28039181127567,40.2751413728872,0.0152,-6.7068,0.4318,0.9125,0,1.3002,2.542,2.6441,3.8577,3.2466,0.9899,-0.9324,-0.8136,-3.5927,-0.834,2.1339,3.87,2.7654,2.7166,2.6923,3.2563,4.4901,7.2817,4.2106,0.4002,2.3917,2.3171,4.6407,-0.0933,0.4095,-2.8648,-3.9834,-7.6888,-6.1902,-8.2607,-6.8528,-5.1794,-7.6241,-9.3158,-7.1169,-6.6576,-6.0132,-4.9845,-5.497,-12.0769,-12.7499,-11.6358,-11.2281,-12.0279,-9.469,-7.9684,-7.7884,-4.0659,-7.2098,-6.9439,-5.1946,-5.2065,-0.6216,0.5155,-2.4534,-1.8399,-2.8287,-4.2677,-4.693,-5.8148,-5.5955,-9.362,-6.6654,-7.9055,-7.8173,-9.8688,-7.349,-9.204,-8.471,-7.2126,-7.8433,-12.515,-11.3624,-9.0346,-7.5963,-7.3686,-7.3797,-7.1854,-8.3897,-7.1194,-7.671,-6.4416,-7.4097,-3.0499
-8.28012231669044,40.2751413728872,0.0152,-11.8281,0.4709,0.9112,0,-0.5856,-2.9439,2.0667,0.3225,0.0762,-4.4857,-1.5968,-4.1783,-5.8743,-7.6802,-4.2866,-3.6225,-5.9598,-6.7723,-8.9764,-8.9366,-5.1229,-5.6844,-5.1734,-7.829,-5.6494,-6.5045,-9.1442,-8.8217,-9.4371,-9.9102,-11.7678,-13.9103,-12.8606,-11.1017,-12.0766,-11.2749,-7.3494,-12.6885,-12.2804,-9.4575,-6.5326,-6.5371,-7.0166,-9.3846,-10.6165,-12.7661,-12.8643,-12.3095,-12.4654,-11.7749,-9.4902,-14.1121,-13.6015,-11.1247,-13.1565,-14.7837,-13.2978,-14.1459,-15.7784,-15.5985,-17.6999,-17.8851,-16.5754,-16.0333,-16.2553,-18.7045,-16.7276,-18.5546,-19.5684,-23.4706,-20.3826,-23.5668,-21.4211,-24.6616,-21.3471,-23.3531,-21.8315,-22.5559,-21.1896,-20.2209,-19.6844,-20.2029,-19.4746,-18.3494,-19.649,-16.5044,-13.9164,-16.2532
-8.2798528221052,40.2751413728872,0.0175,-4.3568,0.4913,0.9369,0,-0.4504,1.7547,5.228,2.1544,3.5396,3.4895,3.0083,3.7829,2.408,3.2562,2.3948,6.1389,7.6235,9.5861,6.0921,8.591,9.6135,6.2687,7.0696,9.9103,8.2247,9.3825,7.9882,7.6582,8.8247,6.7774,7.7187,7.8616,5.2768,6.1978,5.6295,5.4452,9.3356,12.0644,12.2634,11.2775,11.8369,11.0935,14.101,11.4016,11.6108,9.5818,7.6505,6.1355,7.7596,9.7353,8.3197,11.428,11.0537,10.7637,9.6029,8.4743,8.5505,7.7357,8.0239,10.7474,10.1068,9.1466,12.1631,9.514,10.2203,9.7974,9.1254,6.6538,7.4762,3.0787,4.1628,1.44,5.2347,4.1819,4.5421,2.8685,3.4241,7.7416,4.9409,3.5466,6.1569,4.2428,3.94,6.8585,5.362,7.8403,5.7507,6.4396
-8.27958332751996,40.2751413728872,0.0148,3.9061,0.5357,0.9235,0,-0.7437,0.1682,0.8489,1.399,0.2333,-2.1972,-2.2101,-2.426,-3.6065,-2.1718,-0.1576,3.5451,3.0996,3.602,4.2118,4.1481,5.8523,3.8156,5.2861,5.6762,6.2723,7.3914,7.9642,4.0094,4.9479,4.8438,4.7528,2.6126,2.5281,3.7154,1.8055,5.931,2.4109,4.2725,3.8713,6.5686,6.867,7.5949,3.3703,5.9403,2.8662,8.5918,8.9547,13.5802,13.1054,16.3711,14.7713,15.6123,14.6468,17.2182,14.214,14.0749,12.6358,12.4554,13.9604,13.1635,12.2339,13.7268,13.6995,12.4967,14.8217,15.3764,15.8741,15.2796,15.9013,14.9945,16.9911,15.6971,14.759,13.1385,11.6113,11.354,11.0046,11.9965,12.7349,11.8449,13.846,13.1206,13.2638,14.6223,14.8827,13.9786,15.8275,18.5705
-8.27931383293473,40.2751413728872,0.0145,-9.2765,0.5269,0.9081,0,2.1491,-0.2311,0.9511,-0.1389,-2.6474,-4.5638,-8.028,-9.3961,-10.319,-11.9529,-10.7287,-10.1218,-8.2583,-9.1925,-11.5996,-8.1163,-9.5878,-9.6837,-10.0341,-8.8981,-9.5971,-9.0257,-8.2268,-10.6322,-8.7448,-11.7373,-13.4711,-14.6202,-12.8658,-15.4207,-14.0063,-12.6388,-13.3334,-13.5839,-13.2756,-11.1301,-10.3805,-6.3719,-5.2588,-4.9803,-6.5933,-5.2474,-8.4042,-9.863,-10.1889,-4.4174,-2.2777,-4.261,-3.7886,-2.2169,-3.5494,-2.7727,-2.8305,-1.848,-1.9763,-1.5249,-1.5748,-2.6654,-5.0064,-4.1588,-4.1667,-4.5008,-1.2743,-2.4088,1.6117,-3.8024,0.5035,-4.2177,-3.1616,-7.6969,-5.1108,-7.9253,-9.77,-13.4189,-15.7341,-17.3476,-16.199,-15.3642,-16.3716,-18.396,-20.5303,-19.9647,-19.0288,-18.6446
-8.27904433834949,40.2751413728872,0.014,-16.7273,0.4653,0.9359,0,-2.4199,1.4868,2.7914,2.3935,1.1247,-1.2436,-1.9571,-3.3946,-3.7715,-2.8173,-1.9203,-1.9592,-1.8782,-0.9004,0.7582,0.7011,0.6934,0.3674,-1.0274,-1.3402,1.4784,0.8798,0.4782,-0.4823,-0.9195,-0.3962,-4.6302,-7.2712,-5.4977,-3.8426,-5.5807,-7.0343,-9.1755,-6.6869,-6.7206,-5.1552,-4.4708,-6.1411,-7.7783,-7.7526,-7.3337,-8.1259,-8.8942,-12.174,-15.7093,-17.0837,-16.9064,-16.2897,-18.7807,-16.9461,-16.9247,-15.9291,-17.7619,-14.2093,-14.4054,-14.0613,-14.1407,-13.6722,-15.7886,-15.2985,-15.8115,-16.4411,-15.951,-14.5116,-15.6239,-16.0043,-11.6625,-14.8291,-12.5596,-15.3053,-11.8361,-11.5288,-13.7893,-14.137,-14.4066,-13.1647,-13.3264,-12.7382,-14.1597,-10.5575,-9.0539,-9.4139,-10.3691,-12.2356
-8.27877484376426,40.2751413728872,0.0175,-12.5249,0.4331,0.8877,0,-3.3415,-1.8238,1.092,1.6892,2.0207,-0.3332,-1.6086,-2.2401,-2.3539,-2.8625,-3.6456,0.4379,-0.4279,0.7841,-0.5157,-1.0323,-2.286,-3.3493,-3.8473,-2.4915,-0.3543,2.0052,1.0482,-0.493,-1.5854,-1.6244,-2.1091,-3.9216,-6.2744,-4.6913,-5.1787,-3.9512,-2.197,-0.1916,-0.3296,0.4653,3.6388,2.4384,3.8267,1.6348,-2.8029,-0.1468,1.7744,2.2697,-3.6133,-2.7098,-3.7882,-2.8182,-4.317,-2.3173,-2.0722,0.5241,-1.3969,3.0193,5.7001,5.1365,2.4284,2.3417,5.5104,2.6301,2.5882,2.0358,1.9493,2.1176,4.8922,3.2572,5.9509,5.9638,4.8604,5.7857,6.388,8.8013,5.7926,5.8444,4.4925,5.5888,4.8293,5.6383,5.3592,7.8617,7.8124,7.8963,8.1494,10.5834
-8.27850534917902,40.2751413728872,0.0151,-7.1044,0.4611,0.9375,0,0.8743,1.8258,1.2946,0.997,1.0693,-0.0622,-1.1756,-5.5712,-5.0206,-5.7586,-3.9434,-1.8436,-2.8249,-0.2278,-0.7437,1.3917,2.1697,2.7632,0.9276,-2.4473,-0.9497,-0.293,-3.1689,0.3852,-0.8596,1.5996,1.537,0.6981,-5.1796,-0.1362,-3.1398,-1.7409,-2.7588,-4.84,-4.3876,-2.0602,-2.5772,0.0793,-2.1981,-4.0558,-3.2508,-0.3926,1.7095,0.3797,-2.8088,-0.9988,-3.0889,-2.6561,-4.478,-4.7979,-7.6298,-6.3965,-8.0654,-9.508,-6.2021,-6.0898,-5.7194,-5.9322,-3.7444,-6.0182,-6.8378,-6.0837,-8.8266,-9.8496,-9.0843,-12.024,-9.484,-10.9142,-8.4688,-8.985,-8.6106,-9.0832,-8.5339,-7.4189,-7.1145,-7.8469,-7.602,-7.7622,-6.5377,-4.2331,-8.1677,-2.7482,-0.7217,-1.2413
-8.27823585459378,40.2751413728872,0.0136,-8.2498,0.4921,0.9031,0,3.798,3.7267,2.6549,5.4072,1.7703,1.9972,2.7983,4.1909,4.5629,4.0399,6.8468,6.2331,4.0258,3.5831,5.1649,5.2337,7.578,9.7343,6.2133,1.6369,2.0563,-0.3469,1.7569,0.0295,-1.4243,-0.4567,0.5779,-3.7288,-5.3662,-2.8331,-4.335,-3.8647,-0.2568,-5.6567,-1.8927,2.2489,0.5891,3.2456,4.2409,-1.4955,-1.4256,-3.2149,-2.1307,-3.4667,-0.0349,-0.4374,0.7644,-1.7596,-1.3433,-3.3261,-4.7736,-5.4996,-6.3258,-6.4218,-6.7517,-5.4192,-5.4595,-6.8379,-9.0591,-10.95,-10.3988,-9.7579,-9.5301,-11.9883,-10.5159,-14.1629,-13.5358,-14.1165,-12.8028,-13.9069,-13.1162,-16.0247,-13.0841,-15.6381,-16.2264,-13.6222,-12.8542,-13.1993,-12.331,-12.2562,-9.348,-12.176,-10.1205,-10.388
-8.27715787625284,40.2751413728872,0.0167,-5.607,0.417,0.9982,0,-0.4727,-3.6031,-2.3793,2.0504,-1.7503,-0.9991,-0.3847,0.0596,0.7744,0.3787,-3.99,-5.8671,-10.7881,-13.4399,-11.568,-13.8705,-12.7781,-7.3773,-11.2277,-10.3175,-13.4877,-11.4556,-13.3285,-15.5105,-14.9171,-16.3869,-14.9966,-14.0311,-15.5704,-13.1477,-13.0191,-12.153,-9.4012,-12.2554,-13.0916,-10.8097,-11.8103,-14.5808,-16.4256,-22.1593,-17.6299,-10.0579,-12.202,-10.6352,-16.6237,-18.9233,-19.8916,-18.9918,-17.3568,-16.4864,-15.6797,-17.6204,-16.9612,-15.3217,-15.7743,-17.586,-18.0504,-16.4399,-16.7734,-15.8767,-13.4812,-17.5266,-14.7358,-16.7056,-18.2724,-17.1354,-16.7275,-18.4793,-16.2384,-18.6378,-16.7862,-17.8768,-15.5575,-8.6241,-10.6449,-12.7008,-11.5452,-11.3986,-13.894,-11.9081,-9.6381,-10.8703,-9.9214,-13.5402
-8.2768883816676,40.2751413728872,0.0156,-5.7042,0.447,1.0,0,4.0082,2.6499,4.2596,3.1146,3.3188,1.5485,2.0196,-1.2759,-0.7117,-2.2912,-0.6016,-2.6645,-4.082,-3.3772,-3.153,-3.0139,-4.1139,-3.0678,-2.1931,-1.038,-5.2048,-4.7422,-4.0039,-4.2144,-4.8784,-3.3717,-2.6043,3.34,-3.3647,-1.2628,0.7203,-2.7797,-1.9385,-1.5094,-3.2678,-0.8099,-1.7816,-2.3688,-1.6589,-7.457,-8.4063,-2.6307,-8.7325,-6.2696,-8.0203,-12.3387,-13.2985,-14.45,-15.4567,-16.7649,-15.7539,-16.3026,-18.4165,-14.2645,-13.0731,-14.3499,-14.5152,-14.7569,-17.9996,-14.5028,-15.4252,-14.3249,-14.6058,-14.1403,-17.4007,-13.8193,-17.4196,-13.1901,-14.509,-13.4283,-15.1714,-14.9537,-14.769,-15.3541,-18.6984,-13.7133,-14.7742,-16.0196,-18.0139,-16.4342,-18.0364,-14.202,-13.6167,-16.1081
-8.27661888708237,40.2751413728872,0.0129,2.1586,0.4225,1.0,0,5.698,9.4742,4.8782,6.6587,7.5488,7.679,9.3821,9.713,7.8482,5.9942,6.6477,7.2764,9.6231,7.9732,8.8888,8.8172,10.1783,12.9664,12.1347,16.3025,13.916,15.5085,13.93,15.4786,13.2333,15.7516,15.7773,18.6899,12.4527,9.7771,8.502,8.199,5.3114,8.5082,3.5671,6.8773,5.6241,2.7848,3.2401,4.5712,5.8857,12.5673,10.2442,11.2513,10.5672,8.728,11.7693,13.2189,13.2798,11.8854,14.1649,14.1088,13.7021,15.1067,15.1789,14.7778,13.2692,11.4615,10.4132,11.535,7.2598,9.1585,8.8743,7.8348,6.8675,7.3955,6.6553,9.072,8.5749,8.0537,5.8325,7.4443,7.7005,5.6024,4.2441,5.1587,5.0333,1.3044,-0.0902,-1.426,-0.4734,4.0375,4.9014,2.1436
-8.27634939249713,40.2751413728872,0.0182,9.5214,0.412,1.0,0,-0.7544,-0.9952,-4.0173,-3.046,-4.8096,-2.2039,-2.9405,-4.6102,-4.5281,-2.4172,-3.7083,-4.292,-2.8464,-4.73,-5.0103,-6.2306,-8.179,-8.273,-7.4398,-7.0172,-7.0425,-7.2723,-6.6458,-3.6108,-3.3769,-7.1466,-2.4789,-4.8692,-6.0414,-3.1125,-0.8993,-0.4169,-1.438,3.486,0.0905,2.3892,3.0274,1.9124,1.7558,-2.5824,-0.36,6.0089,12.3463,8.997,8.9643,9.7871,9.2746,12.7327,12.5192,13.0038,14.4123,14.2166,13.8609,13.8253,11.9603,12.6323,9.1762,6.1534,7.1841,7.4108,4.3671,5.9655,5.7986,5.1574,6.0594,7.7451,6.1029,7.1293,9.644,8.2345,5.4672,11.3469,12.0747,13.158,15.4187,10.808,10.4786,16.4751,18.0679,18.654,13.4601,14.6873,12.2525,12.7804
-8.2760798979119,40.2751413728872,0.0162,-15.0759,0.4372,0.95,0,-0.1909,-3.4627,3.6712,2.2711,-0.129,1.879,2.9635,2.8829,1.3152,3.6495,-1.1709,-0.1994,-1.3658,-1.1801,-0.8199,-4.8376,-8.1436,-4.9416,-7.9638,-10.8965,-12.0125,-15.3035,-12.9565,-17.1702,-12.786,-14.7509,-15.2891,-18.4987,-24.0942,-23.0764,-23.4133,-23.1275,-21.5139,-21.5328,-24.1279,-20.8738,-22.2839,-24.3838,-21.9904,-23.7733,-28.5391,-30.1731,-28.8172,-31.9842,-29.9361,-32.3003,-32.9394,-27.3884,-30.994,-31.6593,-34.3052,-34.464,-31.7833,-32.1591,-31.5865,-31.8884,-30.1699,-29.4812,-30.1558,-30.5892,-32.1007,-31.1556,-34.5177,-32.2535,-29.277,-30.073,-28.5649,-30.4242,-29.5041,-26.5558,-27.2037,-27.7484,-28.3517,-27.3528,-24.1324,-19.5578,-17.9476,-16.0945,-19.5741,-23.5974,-26.3358,-26.9124,-30.8519,-29.3556
-8.27581040332666,40.2751413728872,0.0158,-8.173,0.4979,0.8948,0,3.6407,1.5823,-0.0584,1.1717,-0.3238,1.2563,-1.0295,-3.036,-3.4354,-1.0302,2.0395,-0.3049,1.718,-4.7032,-1.8695,-3.7321,-5.2611,-4.9411,-7.2702,-7.4229,-10.7608,-11.9216,-11.8093,-11.1583,-13.7565,-12.4453,-16.3188,-13.5839,-18.3021,-19.3777,-18.4975,-18.1421,-13.888,-19.0837,-17.5437,-19.8559,-20.5623,-21.8661,-17.5047,-24.4199,-31.4676,-29.7055,-30.2463,-31.4369,-32.9086,-29.4392,-26.6128,-28.8085,-28.3111,-32.0394,-27.1895,-27.4687,-27.5847,-29.4493,-30.4649,-28.0473,-29.8421,-30.7922,-33.6944,-33.7695,-37.3073,-31.4707,-35.6522,-32.8443,-33.9851,-36.6787,-34.0181,-33.9174,-31.2935,-34.2722,-29.3976,-33.0477,-33.8359,-34.7077,-32.9337,-34.0402,-34.942,-37.4865,-38.9281,-40.8115,-36.9454,-39.5957,-41.5986,-43.8569
-8.27554090874142,40.2751413728872,0.0122,-7.934,0.6006,1.0,0,2.6909,3.1193,-0.2657,2.3544,-1.3232,1.8682,5.312,6.6084,7.0414,9.6301,14.1082,11.5343,15.7398,8.8968,8.0397,9.3649,9.7587,9.8972,4.3391,4.2569,-2.528,0.1708,2.3413,4.9883,-1.6286,-4.5827,-6.0875,0.7517,-6.1715,-9.7648,-6.8344,-8.2686,-3.4743,-8.6654,-5.9992,-8.7143,-11.7782,-13.9927,-13.919,-23.9278,-25.1143,-24.5702,-25.1164,-25.7149,-27.0855,-16.7106,-17.0233,-20.2064,-19.726,-18.7615,-17.3144,-17.3875,-18.5656,-19.7438,-23.0289,-21.2011,-24.4793,-26.1026,-30.2661,-27.9068,-31.7762,-22.7514,-31.2621,-31.4856,-32.137,-36.4059,-36.0574,-34.5161,-32.8031,-36.9733,-32.1612,-39.6918,-39.2283,-40.7676,-39.5557,-44.9603,-44.2422,-44.0878,-45.0458,-47.1926,-43.4294,-46.1519,-49.3046,-54.3565
-8.28254776795756,40.2753469831658,0.014,-0.7141,0.4822,0.957,0,3.9286,12.8308,9.3041,9.8214,6.6332,5.4383,6.9635,2.7314,5.0686,8.8019,8.0179,-0.2476,-4.6569,-6.6074,-0.7459,-3.6584,1.7207,2.5734,4.2983,1.0837,0.7671,2.0716,5.3233,4.9845,3.7739,6.9633,5.2228,9.8027,11.8492,12.5879,14.6134,17.3486,10.0486,17.1697,9.2023,18.7122,16.3446,18.0183,19.5328,18.592,13.8837,13.4382,16.5251,17.9822,10.1871,5.4919,7.7919,-3.7917,-5.0251,-5.7622,-7.6545,-7.6545,-8.3863,-9.1182,-11.107,-5.7195,-6.6481,-11.6446,-9.1103,-12.1225,-12.3076,-15.0979,-13.5161,-17.95,-11.5063,-14.729,-12.1671,-14.6151,-10.9192,-14.1552,-10.9816,-13.1422,-13.3395,-12.6779,-10.6563,-10.6407,-12.8562,-13.9439,-15.3599,-16.0132,-17.0274,-18.5915,-17.9271,-16.4749
-8.28227827337232,40.2753469831658,0.0154,-2.7691,0.4434,0.8795,0,2.0554,3.4184,5.0048,0.1299,-1.9984,-2.3758,1.138,-1.2045,-1.7775,0.1496,-1.3424,-6.5707,-4.9647,-4.8782,-3.9416,-4.4799,-3.0917,-6.8264,-6.9629,-8.6194,-6.625,-6.9198,-3.9129,-5.5954,-6.9132,-5.4713,-7.5096,-5.5679,-1.8212,1.2452,4.0095,3.1165,1.2867,3.9062,2.6223,7.2134,4.2777,4.7561,3.3934,-0.8584,-0.0305,0.7071,1.1711,0.6818,-0.5723,-0.6619,-6.1386,-9.9543,-12.373,-14.5073,-18.8558,-19.6533,-21.5947,-21.7783,-20.4565,-20.7728,-22.1607,-20.8416,-24.5926,-25.818,-23.419,-25.5648,-25.629,-25.6019,-23.8609,-27.7908,-23.4572,-28.5495,-25.5008,-26.7854,-28.0501,-26.1932,-27.2195,-28.6016,-30.4469,-30.1875,-31.199,-29.7187,-30.3411,-29.9316,-27.7339,-28.1788,-30.0801,-30.6078
-8.28200877878709,40.2753469831658,0.0144,-12.7116,0.486,0.9116,0,6.1881,6.0215,9.0938,11.0696,8.491,9.2924,9.982,7.6709,9.6784,15.9609,16.5412,11.2672,11.6683,9.0874,7.637,7.0682,9.182,9.5536,10.2309,9.4805,8.47,8.0528,5.2863,7.2569,4.9389,4.3423,3.9469,3.9918,7.2897,9.9397,12.6934,10.3417,8.6039,10.4282,13.135,13.6062,16.9051,16.9572,12.7309,10.3319,11.3729,12.7948,6.9921,7.3466,5.7346,7.8133,6.7394,4.0411,5.0277,3.3128,2.4071,2.1225,4.7259,4.1924,1.2239,1.2614,1.9038,0.3435,0.8705,-0.1765,0.3842,-3.5342,-0.734,-4.531,-4.4701,-8.5692,-5.9745,-9.6621,-6.0589,-8.2445,-8.8101,-7.2133,-7.2865,-9.9176,-12.7006,-10.8467,-10.9501,-10.3648,-10.8878,-10.8704,-8.8981,-10.1799,-9.9492,-10.8802
-8.28093080044614,40.2753469831658,0.0161,-0.7372,0.445,0.8707,0,2.4314,4.6187,5.4124,10.0009,9.1349,3.8132,7.7402,6.7498,5.3316,8.5849,11.2056,14.3586,11.5842,12.4888,17.1156,14.6003,14.2643,15.0693,14.1986,14.1942,12.3188,13.7576,11.9836,11.5417,15.4619,17.2714,18.3763,15.297,13.7829,13.4209,13.6656,14.5224,13.753,14.107,11.6604,10.6638,12.4129,14.3646,16.7578,14.016,11.1608,15.1557,14.3641,13.2282,17.4976,20.3283,23.5114,21.8539,22.9982,25.2899,24.2703,24.9267,25.6678,25.9215,25.4336,28.975,27.4689,30.7059,30.3502,30.2856,31.5973,31.3049,34.2018,32.5523,35.6062,32.1252,37.1067,34.6464,37.6328,32.0911,36.4928,34.209,35.1186,34.064,34.1481,33.5156,35.1932,33.9344,35.1873,33.4764,34.4245,33.0508,41.6731,40.0338
-8.28066130586091,40.2753469831658,0.0145,-0.8594,0.4517,0.8623,0,-1.0768,-0.4848,-1.9053,-3.2833,-3.029,-6.3555,-6.432,-6.4799,-8.0922,-7.6865,-2.2379,-2.387,-1.0824,0.2287,-0.1496,0.7515,1.465,1.4279,-0.861,0.1872,-3.5,-2.6313,-0.0361,-1.6769,-0.3697,-0.5516,-1.0414,-2.9892,-4.389,-4.9389,-1.0787,-3.4548,-3.9147,-3.9836,-4.9199,-5.769,-6.3894,-4.733,-5.4287,-6.1901,-6.0567,-2.8079,-4.0288,-6.344,-6.2612,-3.3719,-0.912,0.7785,2.551,0.6609,2.3914,1.0629,0.377,0.7244,0.2188,0.1176,-3.2156,-0.5829,-0.1462,3.3747,1.7415,1.6139,2.5516,-0.0007,-0.3497,1.4457,0.6659,1.5392,0.2316,-2.1472,1.4279,-0.0848,2.0686,5.1164,3.394,0.7762,-1.5315,-0.7087,-2.3653,-2.6947,0.0518,-0.6069,3.1807,1.5012
-8.28039181127567,40.2753469831658,0.0141,-9.9274,0.4555,0.9147,0,1.4359,1.8814,4.4674,3.1344,3.5992,4.3856,5.2891,6.4595,2.4827,2.632,5.6766,7.1893,7.4795,11.1755,10.3422,12.1641,11.1587,11.7428,12.8424,13.5539,15.6838,13.4327,14.2105,12.7648,13.0423,12.2107,9.8985,8.3312,6.6966,6.9194,5.5481,1.8814,1.9864,6.1779,2.9869,3.1403,3.9272,2.1314,5.1559,7.5979,2.6859,4.3954,0.3345,0.5148,1.8439,1.4033,-0.9557,3.8667,5.2256,1.5679,2.5524,1.8037,1.2579,0.8259,2.254,-0.2701,-0.7465,-1.4015,-1.6229,-3.3222,-1.746,-2.8194,-2.5145,-4.5925,-8.7424,-8.3405,-11.0225,-12.0103,-10.3843,-10.9004,-10.3701,-11.7044,-9.7919,-11.6593,-13.6759,-11.809,-11.8754,-10.1469,-10.4931,-11.3291,-8.4422,-6.3255,-5.379,-2.1664
-8.28012231669044,40.2753469831658,0.0162,-5.4055,0.4918,0.9515,0,2.1863,-2.7106,3.1381,4.2717,2.226,-2.1632,-1.2501,-0.9795,-3.2506,-3.354,-1.6019,-1.8272,-1.3996,3.4159,2.6231,1.8385,3.809,3.2109,3.6351,2.8669,0.5591,2.5705,2.8375,3.0461,2.8949,2.5829,2.3517,-0.2029,-1.0963,-4.5906,-6.6869,-8.4242,-5.8044,-3.4497,-6.6942,-8.6981,-8.4823,-8.4168,-9.8596,-12.2737,-14.7351,-15.42,-17.1761,-16.7831,-16.3803,-17.0847,-17.7079,-19.5229,-17.3001,-15.6037,-14.1714,-17.6759,-14.3335,-13.304,-17.0497,-17.7909,-20.8154,-21.1157,-20.925,-19.2473,-18.786,-22.0005,-20.6127,-21.2415,-19.1081,-20.684,-19.8868,-22.1505,-21.9684,-21.9588,-19.0098,-20.0333,-19.6652,-20.4643,-20.3572,-19.1454,-19.3127,-21.5475,-22.3412,-22.0528,-16.9828,-18.6,-14.6274,-20.1698
-8.2798528221052,40.2753469831658,0.0144,1.1247,0.5236,0.9451,0,-0.132,-0.8335,0.7231,1.66,-0.0881,-1.3581,-4.0866,-6.0918,-6.5608,-9.075,-7.8653,-5.5724,-6.8987,-6.9108,-2.1965,-5.2721,-2.7221,-2.5027,-5.12,-5.3727,-5.4408,-2.6694,-1.3779,-4.6865,-5.1602,-3.1908,-2.439,-1.6547,-4.7114,-1.5611,-3.7724,0.5748,-0.4091,-0.0141,3.4278,3.1614,3.4891,1.3588,3.6787,4.3109,4.7243,5.3867,6.8743,6.728,6.4629,6.7195,4.8961,6.2306,6.4619,5.5514,4.7835,4.4747,5.7239,5.7792,6.579,5.9783,4.8346,8.7982,12.5545,8.5096,9.8189,10.5339,6.3535,6.5647,5.526,3.9972,5.5582,2.3633,3.5572,0.6845,2.7916,2.3951,3.5649,2.4824,4.9018,2.6606,-0.0112,2.1112,3.1094,2.7656,2.5422,1.7596,5.426,5.1529
-8.27958332751996,40.2753469831658,0.0147,-4.1579,0.4906,0.8902,0,-3.0034,-5.2143,-4.5081,-3.5295,-4.2972,-5.0314,-6.6503,-7.3619,-7.2802,-5.7797,-5.0405,-6.5235,-7.3681,-4.3167,-3.4687,-2.1663,-1.0009,-1.3314,-1.1658,-4.1018,-1.7756,-3.1606,-2.9485,-1.9377,-1.9794,-2.5354,-3.0216,-3.4487,-0.3219,-2.237,-1.9389,0.3372,3.0459,0.9297,1.1905,4.6952,0.4301,0.9287,2.2972,0.9015,0.4431,0.6937,3.7616,2.7704,3.4825,3.8173,6.1785,7.1934,4.2006,4.5873,0.1485,-0.2604,-1.5622,-2.3391,-2.998,-2.9799,-4.2576,-3.4346,-2.4451,-1.3893,-1.7431,-3.0922,-2.5322,-3.8189,-2.0423,-3.3555,-2.5152,-3.906,-5.0168,-3.8351,-2.1411,-2.8856,-4.3584,1.3354,-1.3435,-3.2734,-2.5345,-2.2684,-2.1327,-3.8772,-2.538,-1.243,-3.7281,-0.1003
-8.27931383293473,40.2753469831658,0.0159,-6.5691,0.4472,0.8603,0,2.29,-1.1603,-0.6816,0.125,-1.4694,-3.0783,-3.0896,-6.594,-7.7196,-6.8419,-10.1228,-10.7558,-9.7945,-8.8054,-8.9922,-6.9042,-10.4538,-10.8744,-11.5484,-11.7357,-9.3818,-12.4419,-10.2409,-9.1755,-11.0731,-14.049,-10.9163,-10.8671,-11.2181,-10.5542,-11.7751,-12.9189,-12.7125,-14.4944,-17.2465,-19.5069,-18.642,-20.2347,-19.4175,-20.1316,-19.3981,-17.1926,-18.2288,-23.3504,-22.6018,-23.1471,-17.6317,-22.5307,-27.3318,-25.9584,-29.9291,-30.039,-29.6558,-29.0272,-29.9941,-30.8807,-33.2495,-32.3582,-32.464,-30.6117,-31.7677,-36.6431,-32.7499,-32.6592,-30.5672,-34.4564,-33.4946,-31.4128,-34.041,-27.8309,-31.0067,-31.302,-31.4764,-27.6639,-25.8799,-31.8806,-31.53,-31.0479,-30.2781,-28.8066,-27.2957,-25.8512,-29.1249,-26.7565
-8.27904433834949,40.2753469831658,0.0149,-4.2336,0.4565,0.8947,0,-4.7696,-1.8832,-4.3406,-7.2912,-8.5898,-7.6811,-10.1823,-15.4472,-16.9756,-14.9166,-19.8142,-20.2983,-19.9825,-15.8559,-14.002,-16.0402,-15.5179,-15.6967,-15.3772,-10.2951,-8.3255,-6.6369,-6.2117,-9.2095,-9.7586,-7.1798,-8.6584,-11.4752,-15.1073,-17.1612,-18.366,-17.3613,-17.4948,-20.8492,-21.7876,-24.0285,-22.2562,-22.7054,-24.6673,-23.8727,-23.6191,-23.3304,-20.6677,-23.4714,-26.5147,-27.9702,-28.8403,-26.7126,-32.8497,-32.4277,-33.4063,-33.5047,-31.0641,-29.1879,-28.4824,-29.578,-29.1301,-27.1634,-25.9297,-28.2678,-27.7554,-28.3429,-27.9696,-24.497,-23.0069,-26.6439,-26.7026,-24.2073,-24.2635,-24.1012,-30.4954,-32.8707,-32.8049,-34.1718,-33.386,-33.9236,-31.3558,-33.3624,-33.1463,-34.1247,-31.9278,-33.1288,-32.0857,-35.7997
-8.27877484376426,40.2753469831658,0.0173,-13.335,0.4213,0.8154,0,2.2333,-3.3902,1.6437,-1.8021,-0.6025,-1.4508,-0.3484,-3.0844,-3.597,-3.0782,-0.6138,-5.358,-3.0914,-9.0198,-7.3831,-9.7895,-8.9077,-10.3551,-7.6532,-6.5353,-6.6421,-1.0012,-4.7658,-2.6697,-2.6631,0.1957,-1.5386,-0.9016,-2.3457,-5.3904,-5.0399,-5.7751,-6.0833,-4.902,-6.1875,-9.0432,-7.9515,-7.3648,-11.0042,-8.8424,-8.4554,-6.8701,-2.8515,-3.8552,-4.6955,-3.7928,-4.6639,-5.7577,-7.033,1.2565,-4.4186,-3.8072,-5.2059,-3.1362,-2.012,-1.0223,-1.6898,-2.1175,-1.0118,-3.7344,-3.5994,-2.8114,-5.5094,-5.4663,-3.9703,-4.6928,-2.9647,-2.124,-3.7066,-4.8999,-2.1476,-3.2283,-3.6768,-4.6057,-3.7262,-0.8876,0.1506,-0.7189,-2.3363,-4.0943,-0.2199,0.3999,-0.1711,-1.2898
-8.27850534917902,40.2753469831658,0.0165,-4.7982,0.4894,0.8628,0,5.5332,5.6482,6.3242,4.1137,1.1172,0.9379,2.4364,-2.6289,-2.3309,-2.1681,-2.0187,-4.1266,-1.3716,-0.0328,-3.4208,-0.4872,0.3856,-2.1171,0.3439,0.5625,0.3114,1.4355,3.239,2.0072,0.5398,3.5738,-1.3998,-1.5249,-4.1688,-4.8141,-9.1908,-6.4186,-2.1674,-4.955,-2.2969,-6.3031,-6.7123,-5.9424,-0.3769,-2.6328,-3.2871,-4.117,-2.5471,-5.8746,-0.806,-0.9351,-0.5174,-3.8131,-6.3103,-3.7726,-4.4328,-4.0246,-4.0675,-3.5752,-3.8937,-2.372,-2.2961,-1.2247,-0.2134,-4.2953,-4.1644,-7.0016,-9.4554,-12.6084,-4.6073,-11.3767,-5.7133,-9.3904,-8.4885,-10.9903,-9.4558,-7.752,-10.4954,-5.5021,-6.8098,-7.0192,-8.5679,-4.2205,-2.1227,-6.0649,-8.353,-1.3464,-0.2731,-3.2174
-8.27823585459378,40.2753469831658,0.0147,-1.3879,0.4555,0.8925,0,1.0518,-2.8415,0.0057,-1.3989,2.0695,0.6599,-3.0674,-2.2806,-2.2935,-1.1395,-0.3288,-0.3327,1.2776,1.8684,-0.6806,2.1758,3.0831,3.6207,1.1763,-0.0424,3.3517,-1.7656,2.5673,-0.2039,-2.0309,-1.884,-8.275,-9.9894,-11.4038,-8.4138,-12.2603,-14.2983,-12.4825,-12.8522,-7.9968,-10.8501,-12.4352,-11.2631,-3.7497,-7.6568,-15.8223,-12.8259,-9.8775,-11.5185,-9.6398,-9.9597,-9.0556,-10.0626,-10.0338,-10.0806,-11.4598,-9.4553,-11.0496,-8.89,-8.2832,-8.3597,-9.1039,-8.9615,-13.368,-13.3957,-9.3557,-11.2067,-9.4005,-12.7684,-7.1288,-14.2171,-9.1915,-12.8295,-7.7494,-10.5842,-7.7958,-8.4663,-7.4298,-4.5324,-5.8677,-5.1403,-6.1271,-6.9603,-7.0071,-4.8806,-2.8857,-2.9037,-0.5243,-0.285
-8.27796636000855,40.2753469831658,0.0162,-4.9741,0.4533,0.8598,0,2.1631,-3.8451,-1.9483,-2.967,0.9832,0.3487,1.5177,0.0577,0.6711,5.6742,8.2191,12.0394,13.0262,13.7926,11.8309,11.3968,14.0656,11.5721,10.7508,7.1793,8.9733,5.7602,7.1839,5.6847,6.664,6.7297,4.8637,3.4242,3.867,6.5617,8.3532,4.9752,7.0545,5.4037,7.5482,4.5298,2.4635,1.1035,6.546,3.6914,-1.0245,1.0309,-8.8321,-9.7399,-2.8518,-0.2424,0.533,1.1455,1.0145,-0.1057,-0.6752,2.2,-0.6023,3.0951,4.8733,6.0591,2.9117,3.4101,4.7292,4.0916,2.2098,0.0671,1.2933,-1.5414,1.411,-2.9116,3.4584,-1.7044,2.1621,0.0241,2.5624,2.8614,0.8938,4.0861,3.5508,1.5342,0.3449,1.2715,0.7244,2.3729,10.6521,9.2887,14.235,14.577
-8.27769686542331,40.2753469831658,0.0153,-4.5166,0.4968,0.8965,0,-1.1174,-5.7526,-5.7144,-10.182,-11.1219,-11.3119,-15.1922,-17.5998,-18.7073,-17.8254,-19.1221,-18.5821,-17.591,-20.7988,-21.6096,-21.931,-18.9105,-19.9103,-20.0317,-17.0689,-15.7517,-16.3451,-14.1436,-12.1383,-13.8415,-14.0568,-13.7416,-12.4953,-10.0455,-10.8965,-13.5159,-14.1854,-9.4663,-13.8393,-16.4029,-17.924,-20.2503,-17.6058,-13.8266,-15.5787,-13.8379,-13.4051,-9.0159,-10.7081,-8.2777,-4.2511,-8.7407,-9.8855,-11.5167,-10.6326,-10.404,-10.0981,-13.4265,-9.2209,-9.3112,-8.9953,-10.4354,-11.2623,-14.9147,-11.5506,-14.0746,-14.4202,-14.7386,-14.842,-14.3703,-17.9497,-14.4755,-17.8914,-17.1163,-20.2122,-19.1107,-19.004,-19.0352,-18.0503,-17.6512,-18.2049,-19.5342,-17.8038,-17.5257,-17.4478,-9.4917,-13.4231,-13.6499,-12.3526
-8.27742737083808,40.2753469831658,0.0171,-4.5327,0.4533,0.9057,0,-0.0587,-1.9785,-3.9186,-5.0103,-3.6528,-5.268,-8.7345,-7.1963,-8.3759,-5.9713,-7.3949,-8.7314,-4.4756,-7.4311,-8.1546,-8.3743,-6.9575,-10.4431,-8.0282,-6.8846,-5.2736,-7.5996,-5.9193,-5.5949,-6.0744,-4.6139,-4.9249,-7.2675,-10.7774,-6.7986,-7.976,-5.633,-8.7216,-11.8826,-7.8057,-10.7265,-9.1094,-4.7061,0.5989,-3.6528,-3.8717,-7.7457,-2.7965,-4.4953,-0.9401,-2.0081,-0.6475,-3.0446,-3.2018,-3.9187,-1.143,3.0285,4.3277,0.7884,2.7872,1.7752,1.1909,1.6283,-1.5301,-0.6837,-0.2702,1.1468,-3.8673,-2.2698,-2.7419,-4.5113,-6.5745,-3.6968,-5.4628,-7.295,-5.5577,-8.1078,-9.276,-8.1273,-8.2554,-9.6151,-8.3426,-7.7325,-6.9446,-7.0875,-1.4318,-3.0909,1.0279,-3.4383
-8.27661888708237,40.2753469831658,0.0149,2.6873,0.4671,0.9461,0,-0.5636,-0.1089,-2.6962,-0.4051,2.6967,1.4561,1.9413,1.2558,-0.0347,-1.2434,-2.126,-5.3759,-2.9651,-3.6076,-1.4404,-1.6013,-1.3761,3.5956,3.038,3.5315,3.4575,6.0835,2.9975,7.991,5.3311,5.5584,10.1155,13.531,13.9114,9.0313,9.5828,7.801,8.4266,9.2007,9.2159,9.9644,9.8732,11.0193,9.9415,9.6911,11.925,14.8856,17.3231,16.1518,16.2511,17.3264,20.0375,24.2385,24.7771,22.0558,21.6736,23.4864,22.2827,25.5596,25.5201,24.6141,23.9749,25.5256,21.513,24.304,22.2901,19.5693,19.4537,20.435,18.5361,20.3085,16.672,18.6856,15.6995,15.8023,15.0641,14.6953,15.7943,12.7429,12.6129,14.4231,12.2382,11.6439,10.0834,7.2066,8.4179,13.8461,19.4318,13.8426
-8.27634939249713,40.2753469831658,0.0157,0.0218,0.4926,0.9756,0,1.5882,2.4969,3.399,3.8535,6.332,6.8105,10.5182,7.8983,7.7359,7.9171,8.5706,2.6835,4.3692,0.1642,-1.488,-2.1347,-3.0038,-3.7978,-5.5419,-5.6446,-4.182,-3.8582,-3.8816,-1.4055,0.928,0.0605,-0.2419,-2.5674,-5.7072,-7.7614,-5.4747,-8.8364,-2.5535,-3.0161,-9.197,-8.4726,-9.6165,-8.979,-6.5766,-6.4038,-5.9968,-4.9411,-4.3237,-4.7973,-3.4828,-4.632,-3.7106,-0.8598,-0.4318,-4.6707,-6.4239,-7.2744,-7.355,-8.5488,-10.8291,-10.7741,-10.3416,-10.1384,-10.9057,-9.0652,-10.4407,-12.0639,-10.2521,-7.6702,-11.2042,-12.4781,-12.1684,-12.5227,-13.3585,-15.0756,-18.1797,-16.4687,-17.1491,-20.5935,-20.6555,-19.3575,-21.6861,-15.9192,-19.9005,-17.822,-21.832,-19.994,-15.7243,-15.4414
-8.2760798979119,40.2753469831658,0.0171,-11.7615,0.4355,0.9482,0,0.5589,-6.6766,-1.2739,1.3523,-4.3445,-6.3561,-4.996,-6.1698,-5.5532,-5.2882,-0.0606,-1.9732,-4.196,-10.536,-8.6714,-8.8913,-9.08,-12.0877,-11.7782,-14.8487,-17.3427,-17.5436,-18.9121,-19.9884,-19.7869,-17.2316,-18.43,-20.6313,-22.4811,-24.9738,-25.0063,-23.5891,-21.3447,-22.4033,-25.0028,-17.53,-17.3215,-16.7117,-21.9869,-20.0076,-13.4231,-16.0866,-15.8793,-14.214,-9.9634,-12.6819,-15.9931,-14.3107,-15.8389,-17.6524,-17.1233,-17.0107,-15.2454,-14.0786,-20.6604,-20.7028,-22.2173,-24.6522,-24.6913,-23.2873,-25.0989,-26.4137,-29.4026,-29.4089,-28.9791,-29.9983,-31.2083,-31.306,-32.6438,-29.8986,-33.572,-37.4351,-38.1005,-37.6574,-38.9051,-35.9096,-37.5048,-40.7828,-43.332,-43.4261,-44.9808,-44.7329,-45.6882,-46.0378
-8.27581040332666,40.2753469831658,0.0149,2.3509,0.4486,0.9596,0,4.8754,-0.0474,2.7046,0.1699,-3.982,-2.0475,-8.3876,-8.5405,-8.1768,-8.2858,-4.8314,-7.603,-8.2511,-8.5151,-7.8494,-8.9754,-10.394,-6.5652,-9.0046,-9.1439,-9.9791,-13.1659,-8.4892,-12.0072,-9.8092,-8.881,-8.4561,-0.6828,-9.7434,-8.8408,-10.4177,-9.3198,-10.3611,-13.0085,-9.0628,-10.4465,-11.4182,-14.0032,-11.5113,-17.0327,-13.1943,-15.3288,-19.6416,-18.9932,-19.1513,-19.6085,-13.225,-18.0726,-18.5445,-18.0843,-17.8912,-18.5387,-16.3282,-16.193,-16.96,-18.5682,-19.8576,-19.2886,-13.1653,-12.9066,-9.0864,-8.784,-9.2242,-7.1793,-8.5437,-8.9789,-8.6585,-10.845,-9.411,-7.7171,-10.5945,-9.4302,-11.5429,-13.8382,-11.9358,-16.4569,-14.0231,-15.0849,-15.4135,-16.1104,-12.7871,-15.8988,-12.9515,-11.5823
-8.27554090874142,40.2753469831658,0.0152,2.3672,0.4352,1.0,0,0.6649,-1.6249,-1.4336,-2.6816,-6.1179,-4.7083,-8.7909,-3.8945,-4.7142,-8.5387,-6.2856,-11.0995,-10.7677,-11.5629,-7.636,-14.9565,-14.2131,-6.8185,-6.7919,-6.3959,-13.5391,-12.4881,-11.39,-11.4457,-13.3273,-15.0557,-5.1009,-2.6414,-7.1317,-6.9649,-6.8079,-5.1118,-3.0839,-8.1862,-10.702,-10.4398,-11.3401,-10.2774,-6.6959,-16.3867,-8.1492,-11.746,-9.6965,-11.1295,-13.8209,-9.2599,-9.5593,-5.6592,-5.2384,-7.7562,-10.2232,-11.722,-9.596,-8.7831,-13.98,-13.9213,-15.6521,-15.7208,-16.8094,-17.7726,-17.7726,-22.1315,-21.5131,-22.2083,-22.3876,-26.6564,-27.2105,-25.4951,-26.1883,-25.1501,-21.8183,-27.3273,-21.9658,-23.865,-20.395,-17.1282,-18.2289,-19.8203,-15.3776,-15.8794,-13.4595,-16.4564,-12.1098,-18.8371
-8.27473242498572,40.2753469831658,0.0102,-8.1483,0.4997,1.0,0,-7.7788,-5.1284,-6.2763,-2.0281,-9.969,-10.507,-8.9989,-8.5877,-8.9532,-11.5662,-10.5774,-12.0253,-14.252,-10.26,-15.7593,-16.338,-13.6344,-13.8095,-14.3527,-11.6098,-7.1743,-9.0204,-10.6976,-9.1852,-12.3445,-16.032,-17.5195,-17.0999,-17.3991,-18.2952,-15.9361,-15.5708,-17.1255,-15.5107,-13.0633,-17.5444,-18.7587,-20.2745,-17.9199,-20.6604,-17.5452,-15.6409,-10.4749,-9.8486,-11.9291,-12.7703,-9.9659,-5.8578,-2.681,-3.9272,-7.4994,-2.8707,-4.5441,-0.877,-4.9207,-7.7773,-6.6465,-4.0779,-1.0244,-4.0974,-8.4541,-9.7995,-16.6743,-13.2288,-16.5566,-14.0852,-17.8174,-18.2345,-21.5261,-21.913,-26.788,-28.5637,-28.6726,-27.7928,-28.3727,-29.3869,-31.3255,-32.6248,-34.5909,-36.1883,-34.7444,-32.8985,-32.9513,-24.5301
-8.28254776795756,40.2755525928193,0.0153,-0.4643,0.4688,0.8943,0,-7.2502,-1.687,-6.4434,-7.2689,-10.6851,-9.7187,-7.001,-3.3405,-5.3511,-7.1846,-5.768,-8.9548,-5.1165,-10.7053,-11.5815,-14.9315,-11.3878,-10.0005,-12.0715,-16.5661,-10.5383,-7.471,-7.8265,-8.5011,-10.2549,-10.1548,-10.0466,-11.9842,-10.2159,-6.8885,-14.1316,-14.8797,-14.1783,-12.8801,-21.5894,-14.4684,-11.8307,-10.1158,-9.0721,-6.3957,-9.9222,-7.7509,-6.962,-0.9274,-8.6229,-9.1419,-10.8096,-11.1774,-15.7587,-9.0481,-13.3703,-14.2376,-14.8111,-13.5174,-12.1888,-10.9395,-12.7134,-13.5265,-12.2981,-13.1066,-12.3502,-14.2386,-13.4865,-16.4566,-14.3833,-18.5176,-14.5713,-18.6734,-18.3527,-19.7415,-20.1953,-20.675,-21.7344,-21.2711,-22.5931,-23.7831,-24.8676,-25.7184,-23.5513,-22.8229,-22.6099,-22.4224,-20.4383,-22.5676
-8.28173928420185,40.2755525928193,0.0162,-7.1382,0.4394,0.8524,0,0.9609,-0.572,-1.8225,2.3574,-1.2994,-1.6687,-2.7927,-2.1321,-1.591,-0.4455,0.3366,2.6268,1.0167,0.9929,3.2095,0.5975,-1.4822,4.7638,-0.1611,1.1349,-0.6949,1.167,-3.1573,-2.8768,-2.2253,-2.6049,-1.6087,-0.482,-3.2315,-1.896,-3.354,0.6668,-2.1613,-6.9794,0.2745,0.079,-0.9328,-1.6559,-2.3248,-2.3002,-3.6492,-1.9697,-5.7451,-6.2104,-5.6361,-4.9008,-6.7468,-7.3856,-6.3127,-9.3356,-5.7151,-6.1281,-7.0128,-7.3044,-7.0794,-6.5189,-6.5761,-3.9895,-1.8861,-4.913,-2.4946,-6.0142,-3.1755,-6.1866,-2.4458,-7.911,-5.6314,-6.2973,-4.3486,-6.8674,-3.5322,-3.8263,-2.9112,-3.2395,-4.8223,-3.2396,-7.2707,-2.8845,-2.4658,-2.2511,-3.0243,-3.3846,-3.5596,-4.882
-8.28146978961662,40.2755525928193,0.0168,-7.6923,0.4594,0.8741,0,-1.3612,3.7581,-2.1965,1.0652,-0.6815,-2.7536,-4.2661,-6.7042,-5.0157,-9.5912,-9.2196,-9.227,-8.9259,-10.4778,-9.5211,-10.8386,-14.1944,-11.9363,-12.5249,-12.2691,-14.3437,-14.8191,-9.5389,-10.1218,-9.2432,-9.7482,-9.6027,-6.5422,-9.1368,-9.6113,-10.1765,-12.1094,-12.6874,-9.3616,-8.8862,-7.7152,-9.7394,-11.08,-12.046,-11.8179,-9.1566,-9.3876,-12.0259,-11.6372,-9.6609,-10.1434,-12.403,-7.1708,-10.3902,-10.0111,-10.9301,-13.403,-11.9911,-13.9251,-13.1495,-13.8602,-12.2208,-8.0357,-7.7725,-8.2557,-8.3036,-8.4173,-6.7426,-8.6488,-6.092,-6.4471,-3.7185,-6.3796,-2.6382,-6.537,-0.9527,-7.9621,-5.156,-4.6344,-5.7155,-4.5642,-5.6616,-1.5026,-0.8688,-0.9251,-3.1535,-2.9498,-1.5014,-2.5904
-8.28120029503138,40.2755525928193,0.0157,2.8366,0.4784,0.8888,0,0.4391,3.65,-4.2167,-5.0831,-4.4906,-3.8041,-4.4779,-5.6168,-7.8921,-5.9063,-4.6197,-7.3711,-4.1738,-2.8543,-2.7629,-0.854,-3.0202,-3.4794,-3.6126,-5.4956,-4.692,-2.8491,-1.8743,-1.3059,0.1961,-2.0159,-3.3344,-4.4143,-5.6874,-7.1125,-5.3384,-5.3056,-4.4626,-4.3896,-8.0356,-5.5328,-4.4004,-3.9453,-6.8235,-4.7479,-1.9636,-3.873,-2.8574,-3.4677,-4.4825,-5.9831,-3.5291,-1.9634,-0.4199,4.297,4.0646,1.3707,-2.414,-0.6478,-1.2093,-0.2647,-0.709,-1.5074,-0.1268,-0.7501,1.232,1.2619,-0.1298,-0.015,2.2098,0.8584,3.4435,0.1737,1.813,1.3795,1.0851,-2.0559,-2.133,-2.633,-3.9285,-2.9307,-2.2252,-4.1424,-1.1832,-0.7617,-0.2892,-1.2615,-0.7129,-0.9939
-8.28093080044614,40.2755525928193,0.0177,5.3895,0.45,0.913,0,-0.2918,2.6437,2.7435,5.6543,4.4577,2.9289,3.2719,4.0526,0.7414,3.7852,7.0532,3.9273,6.6914,7.5418,7.86,9.2866,11.6305,11.7889,11.5952,12.4699,12.4177,14.4656,12.9762,12.3169,12.9748,12.074,10.5466,8.7385,7.1781,6.2243,4.2016,8.3134,8.3612,5.3548,1.4741,3.9516,4.1433,3.5429,5.7521,7.9839,5.5283,4.6247,5.0094,4.2141,4.3613,2.6835,7.9551,2.4314,7.4802,11.1226,13.1429,14.3987,13.9363,14.9407,15.9997,18.4391,14.582,16.6902,18.7093,18.1651,24.5877,24.1937,25.1568,27.0212,26.8015,25.6925,27.4559,26.1853,28.4787,27.0991,25.3021,26.7366,27.898,26.1089,23.1899,25.3912,22.2682,18.5447,20.2455,18.7028,22.0766,21.9027,23.2419,24.8843
-8.28066130586091,40.2755525928193,0.0158,-8.5408,0.4593,0.8973,0,-1.6648,-0.5664,4.0492,4.7378,3.9144,0.0947,1.8938,-2.3912,-2.8676,-2.0504,2.76,3.1205,4.686,6.7014,4.7546,5.6339,7.3162,7.6785,4.899,5.0869,5.5324,5.8575,5.7052,6.143,5.564,4.8668,3.468,0.8721,0.2779,-4.6399,-7.9415,-8.4526,-8.6435,-8.5968,-7.8484,-8.6142,-10.8342,-11.1089,-11.5086,-9.1631,-11.3514,-9.9001,-9.6269,-9.8061,-11.231,-12.3484,-11.7584,-10.7507,-8.8196,-7.3995,-7.2914,-5.4869,-4.8223,-2.5176,-2.7838,-2.5434,-4.7496,-5.6012,-5.5334,-4.787,-4.9455,-2.8316,-2.0107,-1.7211,2.8075,-1.3204,1.9551,-0.1874,2.765,2.9043,2.8711,3.3454,1.73,2.5026,2.8472,2.4065,3.4373,0.9352,1.9906,1.8841,1.6471,5.8949,8.2321,7.3189
-8.28039181127567,40.2755525928193,0.0161,8.3744,0.4577,0.9295,0,0.4117,-3.3298,-0.6982,-0.3377,-0.139,-1.3697,-3.6667,-4.2093,-3.6476,-3.8974,-1.2129,0.9447,1.4268,2.4722,3.9352,4.9185,3.5632,2.8881,2.7365,5.137,4.9605,3.6088,2.7962,4.6465,4.4261,3.9542,4.0871,6.6127,6.7352,4.9884,2.912,2.0637,0.2202,-0.7209,-1.5793,-3.4232,-2.5667,-0.5946,2.3793,6.3036,4.7775,4.7282,2.9338,4.439,5.6654,6.3506,7.5309,8.2585,7.9312,8.995,8.3508,11.7226,9.9885,14.4358,14.3355,14.1485,13.918,15.4168,16.5704,17.262,18.53,20.8782,20.5179,19.3974,17.7663,17.4297,14.4484,15.3964,16.4963,14.4249,15.8073,20.5359,16.6121,17.2232,18.847,17.65,18.3751,18.3981,16.2962,17.1114,17.3635,17.8055,18.5438,17.7634
-8.28012231669044,40.2755525928193,0.0156,6.5111,0.4402,0.8616,0,0.0886,1.4657,0.5761,0.6293,0.1324,-0.6819,0.0286,-3.7122,-0.4326,2.5946,2.393,4.8665,1.3345,3.3645,8.2611,7.5323,6.1558,10.4398,11.62,11.4442,10.1377,9.6446,9.3564,8.3835,7.8951,7.2049,6.0671,7.1161,4.3276,3.827,1.6094,0.3144,-1.1926,-0.3479,-0.9136,0.5792,1.081,1.5459,1.8801,4.1079,3.3304,3.6324,3.1272,1.5921,2.4085,2.0568,3.4161,3.8609,3.3583,5.4203,4.6361,7.4397,6.9098,9.9889,6.0157,9.0342,8.4402,8.6674,10.3307,11.59,13.2949,12.7972,10.2583,10.4398,9.341,8.4712,9.3667,8.4594,7.4988,9.6323,7.2135,8.843,7.5944,4.4456,3.8473,7.0372,5.5151,3.6682,3.6033,6.7347,5.3016,0.299,0.4667,2.3672
-8.2798528221052,40.2755525928193,0.018,-6.853,0.4627,0.8775,0,-0.7488,-0.5357,-1.5889,0.3254,-1.8198,-0.912,-0.2336,-0.7764,-1.2815,-0.2936,0.5106,0.5641,0.1132,1.4374,3.6384,3.9049,2.5351,2.9669,6.4063,2.8393,3.9935,2.5707,4.7396,6.6167,5.9749,5.2256,5.0687,2.1983,1.5613,0.1629,1.3809,2.318,1.9477,1.0093,1.7849,2.9618,2.6139,2.8128,4.0778,4.5514,4.1762,1.0733,1.6829,1.1606,2.3283,1.9609,2.9512,3.2733,-1.4399,0.2699,-0.912,-1.8708,-1.917,-1.5648,-0.9515,-0.6509,-0.2215,-0.9723,-3.2222,-3.2891,-2.6768,-1.3676,-1.8588,-2.9036,-1.3603,-3.0659,-0.815,-1.1314,-0.1065,-1.8385,0.2327,-0.6528,0.7618,1.0567,0.9616,0.4455,1.5655,-1.0347,-1.8345,0.6858,2.2728,0.2777,1.8368,1.5675
-8.27958332751996,40.2755525928193,0.0137,-5.3063,0.4523,0.8945,0,-2.2963,-2.2404,-6.1143,-8.8943,-10.259,-9.8591,-10.4203,-11.0349,-11.0228,-10.7463,-8.1757,-4.9118,-5.4357,-5.1466,-3.8792,-3.8837,-5.4377,-4.0197,-2.4105,2.012,3.2343,4.543,3.3175,5.0154,4.5269,2.1115,1.753,1.0683,0.2597,-2.411,-2.1659,-2.4479,-4.3172,-5.177,-4.8573,-8.6875,-8.3031,-8.1773,-3.7744,-7.7011,-7.2832,-7.1726,-7.2063,-7.146,-7.2244,-8.2626,-6.4002,-9.8402,-8.5069,-5.7393,-9.9088,-10.7078,-11.7916,-9.3512,-6.9251,-6.8398,-6.6788,-8.1279,-9.0854,-9.535,-9.9173,-9.2365,-12.0537,-9.755,-9.3756,-9.8306,-11.4826,-12.0839,-9.9366,-11.4854,-10.7237,-13.4775,-12.0801,-11.9249,-11.2805,-7.7914,-9.4211,-9.7446,-8.046,-7.4293,-9.6175,-12.5846,-12.7338,-8.8709
-8.27931383293473,40.2755525928193,0.0162,8.5773,0.4253,0.9108,0,-4.0803,-2.389,-6.4667,-6.0031,-7.359,-5.7258,-5.7632,-6.7423,-8.0386,-5.2513,-6.3032,-4.4005,-5.4482,-3.627,-2.8949,-1.7743,-1.7505,-1.9551,-3.3772,-2.594,-3.0999,-4.132,-2.503,-3.9032,-5.6995,-6.0376,-5.8414,0.3278,-6.3084,-6.4029,-4.1082,-4.4801,-3.2087,-8.62,-7.806,-9.2014,-7.8788,-7.2836,-10.9267,-6.5456,-8.9676,-2.914,-6.0766,-4.4474,-3.6266,-2.8758,2.4125,4.3229,2.5024,3.3865,-0.1893,0.3625,-0.7451,0.3781,-4.671,-7.0359,-5.36,-3.7144,-2.041,-1.4876,-0.507,-0.9869,-3.308,-2.6462,-0.2169,-0.8688,-1.573,-4.5782,-5.0419,-6.6638,-7.1154,-0.9184,-1.8882,0.3176,-0.6125,-3.7033,-5.0824,-2.8616,-3.1178,-1.8705,-1.9013,-3.4229,-4.6835,-2.8388
-8.27904433834949,40.2755525928193,0.0178,4.5408,0.4175,0.9837,0,-0.4463,-1.8139,-1.6885,-4.7479,-4.4429,-3.3364,-2.3399,-4.3679,-5.5447,-3.716,-6.5154,-6.7953,-4.5165,-4.0657,-7.532,-5.9284,-5.7078,-7.2493,-6.7957,-4.3082,-4.4645,-3.8369,-2.0541,-1.2283,-0.988,0.9129,0.001,-1.5234,-1.8896,-1.232,-1.6032,-3.3623,-3.3926,-2.6439,-4.1078,0.6867,2.5774,2.0752,-3.6684,-1.3655,0.7941,5.8544,3.799,2.8634,7.5509,8.8128,8.6528,13.1022,7.5049,6.9768,8.142,11.5444,12.1737,10.6484,9.1872,10.7274,10.9668,9.8267,15.2425,14.753,18.985,14.9027,15.287,14.2983,20.1408,18.9469,16.0146,17.2679,15.8473,12.5961,12.6434,16.5326,17.5816,17.8864,19.6436,17.899,19.0812,20.1033,24.3246,22.5182,20.9298,21.9789,21.0367,22.2401
-8.27877484376426,40.2755525928193,0.0145,-21.343,0.4563,0.9947,0,2.5647,-1.9765,-1.6519,-4.5052,-2.4196,-3.1037,-2.3219,-6.1967,-6.8028,-8.0882,-8.2945,-5.2735,-5.2695,-4.9871,-5.2615,-4.8609,-3.9906,-5.9273,-4.4667,-2.8143,-1.4472,-0.5558,-4.4711,-3.5214,-3.6455,-4.6075,-4.4837,-9.6698,-6.1572,-3.8264,-7.2136,-3.3978,-5.3245,-5.2392,-8.071,-5.2128,-2.8876,-3.8532,-9.6486,-5.2518,-6.7452,-6.6077,-8.171,-8.7476,-9.2334,-7.6815,-10.3536,-12.8653,-12.5856,-13.1185,-12.5354,-10.1181,-11.0191,-12.9672,-13.7382,-11.4594,-11.0822,-10.5352,-13.728,-14.8865,-12.6534,-10.0588,-13.1262,-13.4103,-16.4428,-15.149,-17.5025,-12.8154,-17.849,-17.3687,-16.3626,-15.5549,-15.5813,-15.9508,-17.0501,-13.5991,-12.6163,-12.7213,-13.5416,-12.8172,-16.9344,-18.0775,-13.9408,-13.8666
-8.27850534917902,40.2755525928193,0.0171,6.8875,0.4525,0.9337,0,2.3939,1.21,-3.4017,-5.8341,-7.4517,-5.1108,-7.6091,-11.3729,-11.8729,-13.6895,-12.3876,-9.1116,-11.314,-10.8948,-11.9604,-10.8586,-10.913,-10.3208,-7.8517,-8.5183,-9.1377,-10.9749,-9.2256,-11.2801,-11.1784,-10.7211,-11.4953,-9.7245,-10.5386,-8.3401,-9.8052,-10.7699,-12.2713,-9.2459,-10.47,-11.9488,-8.8856,-9.4045,-11.5238,-8.3182,-5.1181,-6.3959,-5.6906,-6.4208,-7.1644,-8.1163,-7.9477,-6.2567,-5.2153,-5.7784,-3.0804,-1.4253,-0.8313,0.9299,2.9638,2.9116,5.0152,1.6541,1.8085,1.9606,1.2133,1.7468,-1.0741,-0.8118,-3.4061,-2.6655,-0.8289,-0.844,0.2649,-1.4957,3.7922,0.921,4.4241,4.035,5.2171,3.8345,4.5025,2.2962,2.2775,2.1893,5.1112,-0.1768,2.189,2.3192
-8.27823585459378,40.2755525928193,0.0181,0.973,0.4406,0.8767,0,-0.3134,-1.2657,-4.2292,-3.631,-5.8698,-7.1339,-8.384,-11.7196,-10.6038,-10.8968,-9.5403,-10.7267,-10.7679,-10.4879,-11.1618,-9.3617,-8.6263,-9.707,-7.1514,-6.5693,-4.299,-6.935,-7.0082,-9.3851,-6.7995,-7.4297,-4.9741,-5.3131,-8.2865,-14.8409,-11.0518,-13.3838,-12.6341,-11.8977,-10.4411,-14.8741,-11.6203,-10.9859,-12.4968,-13.7008,-11.3925,-10.7977,-10.6268,-8.8112,-10.1867,-11.9553,-7.8108,-10.3928,-9.6745,-12.2768,-10.819,-9.7541,-11.821,-13.5335,-12.2223,-12.5158,-12.7631,-12.8156,-12.4251,-13.4488,-12.6593,-12.6488,-12.8767,-13.6786,-12.8188,-14.7195,-12.0539,-14.7081,-13.3671,-13.9136,-11.857,-12.6913,-12.4783,-11.9939,-14.7295,-16.1518,-18.8887,-16.3034,-17.5141,-16.3748,-11.8593,-12.6708,-11.4686,-10.104
-8.27796636000855,40.2755525928193,0.015,-8.8017,0.5158,0.901,0,0.3411,-2.7143,-2.1371,-1.5077,-4.3794,-6.674,-4.0898,-6.5007,-5.7611,-3.1371,-2.7565,-2.555,-2.1776,-2.0357,-3.9956,-3.1723,-1.9429,-2.2938,-2.5517,-2.0801,-2.7469,-1.5205,-3.2048,-3.7785,-4.6729,-3.9771,-7.1896,-8.1822,-9.1073,-13.864,-12.4062,-14.9057,-16.2058,-19.1185,-18.3678,-21.3638,-21.4121,-20.778,-21.658,-25.0626,-22.6277,-23.1798,-24.0799,-25.0447,-25.1292,-19.6966,-20.3333,-20.4473,-21.9116,-22.8329,-21.5682,-19.9696,-23.9139,-21.838,-21.5785,-21.0708,-21.8411,-21.6286,-24.389,-23.4227,-25.2247,-27.2976,-25.8341,-27.6747,-26.0057,-30.1414,-25.3213,-29.1665,-26.9102,-30.9508,-29.1886,-29.6533,-29.8934,-30.6867,-30.0992,-32.3262,-31.6549,-30.369,-30.107,-28.3288,-25.7908,-25.4483,-22.8594,-22.5637
-8.27769686542331,40.2755525928193,0.016,-4.4262,0.5105,0.9131,0,0.679,-1.6227,-4.4086,-6.6724,-5.5169,-6.1431,-7.2776,-9.2945,-10.2059,-13.7838,-11.1927,-12.1873,-9.4594,-10.1713,-11.7036,-7.4808,-9.7387,-11.1776,-7.7039,-7.8338,-3.1284,-3.2732,-3.5635,-4.2036,-2.8118,-4.3583,-4.1404,-3.6032,1.518,1.2441,-4.2681,-3.3583,1.1979,-1.774,-6.6621,-3.7166,-5.9329,-4.7154,-3.0857,-2.8048,-2.7852,-2.3945,-1.4797,-2.091,-0.622,2.2823,2.3335,1.6486,2.8756,2.6433,2.8079,4.356,2.7261,6.5562,4.4192,2.5185,1.8471,1.8761,-0.3895,0.9923,-0.9553,-1.8375,-1.3231,-3.4436,3.3787,-1.689,1.3099,-3.2118,-1.3475,-1.7444,-2.8196,-3.5009,-3.3341,-3.5787,-3.9662,-3.57,-5.47,-3.4735,-2.3062,-2.6615,3.4549,4.0493,1.3775,5.4995
-8.27742737083808,40.2755525928193,0.0177,-2.9592,0.4374,0.8433,0,-1.3595,-2.6434,-5.7293,-10.9754,-9.5345,-8.4184,-11.7816,-18.7693,-17.8538,-19.1026,-20.9557,-20.0374,-18.2046,-19.0059,-17.8871,-19.6838,-20.0412,-19.7081,-18.4265,-19.6228,-15.3531,-16.8232,-16.2152,-15.4898,-15.5951,-14.7501,-14.8664,-19.9192,-18.8924,-20.926,-18.9742,-23.9524,-20.5707,-23.2585,-25.243,-23.6988,-24.687,-21.4346,-22.9324,-18.5775,-17.3703,-19.8813,-17.1688,-16.7364,-15.6541,-18.7543,-17.9329,-17.4009,-17.2291,-15.26,-15.0516,-14.5052,-12.768,-12.6667,-14.9906,-15.3594,-16.6623,-17.407,-18.0855,-15.8209,-17.8043,-18.5236,-20.1924,-20.567,-19.0157,-21.2496,-22.511,-21.8555,-23.2893,-19.0484,-21.2865,-20.8941,-24.1257,-24.0021,-26.4644,-22.6165,-24.8402,-22.5301,-26.9758,-27.4712,-24.3048,-25.2926,-26.5817,-24.7691
-8.27715787625284,40.2755525928193,0.0168,-4.1283,0.4633,0.8873,0,2.4751,0.3709,0.4665,1.8985,-0.3666,0.7685,1.6135,1.118,2.1533,3.1448,0.5968,2.9966,1.8989,2.3885,3.7985,2.1769,3.9693,4.046,3.2043,2.3665,-0.3799,0.3397,2.2242,1.3866,1.821,2.127,1.5686,-0.1984,-3.1736,-1.5386,-1.5047,-0.3363,-0.3071,2.1564,-2.2586,-2.1678,-0.6197,-1.7764,0.8516,-1.5968,-5.4645,-4.2652,-9.2401,-8.5564,-8.5053,-11.3234,-11.8103,-11.3128,-9.3435,-11.9238,-7.0921,-9.8291,-10.3696,-10.2251,-11.4384,-9.6072,-10.3473,-10.6705,-11.4798,-9.4641,-10.3843,-5.8495,-9.3171,-8.8214,-8.7393,-8.8535,-8.7519,-10.6992,-10.5931,-9.1356,-8.4992,-7.4668,-9.6292,-7.9767,-8.588,-8.2789,-7.4784,-7.1062,-10.1748,-8.2995,-9.1741,-8.9122,-6.8581,-8.0791
-8.2768883816676,40.2755525928193,0.0154,1.4765,0.4634,0.9968,0,-2.5223,0.6716,2.986,0.034,-0.9105,3.1335,2.6569,3.5086,5.5207,4.4687,5.9278,5.2846,4.3462,2.362,4.0668,3.6914,8.4684,7.7506,7.4098,9.0201,12.0216,12.9308,14.3783,14.8862,16.0209,18.0271,15.9535,18.1823,19.2508,16.3491,18.5665,17.8718,20.4107,20.5113,20.8178,23.0397,20.6214,22.6285,24.7731,22.4481,21.3257,21.9685,19.7506,20.9759,18.3479,16.0798,15.1028,13.7357,14.7248,12.5271,14.7148,13.4182,14.3255,13.7091,14.9846,18.2814,19.3907,18.2351,15.6796,18.6618,20.0902,17.9248,14.8082,13.0953,12.0908,13.4146,15.4321,10.8132,11.2358,10.1788,10.7187,11.7569,12.3574,10.0987,10.0258,6.6751,6.9005,9.7373,9.1247,8.4807,5.1268,6.957,12.334,11.4865
-8.27634939249713,40.2755525928193,0.0145,-0.0186,0.4941,0.9254,0,-1.0258,-1.5406,-3.2102,-3.238,-10.5329,-8.5502,-9.0973,-11.8079,-11.7601,-11.5947,-10.2937,-11.7576,-7.3435,-11.1763,-10.908,-10.2958,-10.2255,-13.3597,-11.831,-10.5213,-13.6916,-14.7286,-13.6322,-14.6485,-15.2177,-17.3356,-16.9564,-21.1993,-22.4725,-17.9294,-15.3341,-16.2331,-14.6942,-17.4857,-19.728,-18.217,-19.9379,-19.6452,-22.7273,-16.2782,-13.252,-15.1688,-14.0832,-14.8637,-13.6281,-11.8004,-10.618,-11.7696,-12.6986,-12.2969,-13.911,-16.1106,-14.5239,-14.6184,-18.0224,-18.7513,-18.6525,-18.1072,-19.8281,-18.3044,-20.6775,-21.1245,-21.1115,-22.4085,-20.6964,-22.4421,-23.0276,-21.6584,-22.8076,-21.9977,-23.117,-22.8006,-24.4868,-24.6346,-26.4553,-25.6264,-28.5857,-26.2587,-25.4936,-29.3045,-24.9591,-21.8259,-21.5213,-18.9097
-8.2760798979119,40.2755525928193,0.0159,-7.6642,0.4662,0.9091,0,0.1979,-0.3515,2.6034,3.6928,3.3397,4.7356,4.7061,3.9678,4.3129,4.9846,8.21,9.7252,7.6451,14.9432,15.8253,14.1851,13.1354,13.2257,13.1912,13.3972,12.6387,10.84,11.4542,10.2147,12.9837,11.6969,12.8976,11.4386,9.91,5.2991,7.0757,9.4089,11.6834,8.7581,3.0552,5.7537,7.9117,9.6717,7.2091,7.5964,13.5391,11.0772,10.8733,10.1095,12.3179,9.5862,6.1913,5.1015,6.7564,2.7768,5.7143,5.5486,6.6458,7.1722,10.6207,11.8583,10.4791,8.422,3.9429,5.4922,1.5075,1.9172,0.2285,-0.0662,-0.7785,-1.7718,-2.3638,-1.6291,-4.5062,-3.0033,-5.4543,-5.636,-5.9107,-7.072,-6.7597,-6.8892,-5.5243,-3.6477,-3.1557,-3.7288,-3.8848,-1.5518,-2.1508,-1.7809
-8.27581040332666,40.2755525928193,0.0151,-3.0293,0.4684,0.9574,0,1.2989,0.059,1.331,1.3653,2.1426,0.8648,-0.1028,3.0508,4.3597,4.595,4.6666,4.8053,4.0429,1.9382,4.851,4.5169,3.0593,3.4182,5.2538,5.9595,4.2601,3.4327,3.4764,2.9907,4.6385,2.5727,6.067,4.5794,2.7937,1.8762,2.0029,1.9944,4.3563,1.8153,-3.4016,-3.9421,-6.1344,-7.2452,-7.4446,-11.8003,-5.2104,-5.292,-4.7267,-5.5225,-8.0153,-11.1357,-12.2502,-12.8793,-14.7367,-16.172,-14.356,-15.9083,-15.2873,-14.5842,-12.8108,-14.0513,-14.9832,-16.2853,-16.338,-15.4135,-19.0248,-21.0253,-18.9659,-20.7051,-21.7313,-20.122,-22.6343,-20.1059,-22.9478,-23.3408,-24.3731,-23.7052,-25.0239,-26.8013,-25.9984,-25.5985,-25.1414,-26.2386,-25.4789,-25.3372,-26.2698,-26.4423,-25.4779,-28.097
-8.27554090874142,40.2755525928193,0.0161,4.1661,0.4442,0.9802,0,-0.7682,3.6218,0.9301,2.239,3.1948,2.0331,-5.631,-1.4905,-1.5426,-0.9556,-5.0631,-7.1984,-3.9581,-6.6237,-10.2214,-8.2962,-10.3663,-10.6152,-9.3277,-9.0484,-8.8369,-8.8124,-10.3886,-11.5915,-10.0321,-11.2252,-10.7902,-10.258,-13.5517,-15.5316,-13.5766,-13.8251,-8.6579,-13.1862,-17.8907,-14.4774,-16.0388,-14.1764,-19.2525,-18.2584,-13.4271,-16.3883,-20.1976,-17.6187,-18.1831,-18.169,-15.6835,-17.7993,-21.4549,-19.2581,-20.275,-20.8329,-20.2423,-19.5597,-21.9402,-23.0603,-23.5327,-23.2453,-23.5774,-21.9986,-21.3294,-21.4057,-20.7071,-22.8583,-23.3437,-23.0877,-24.289,-24.3083,-25.1115,-24.8538,-26.3817,-25.4349,-26.8848,-29.6793,-28.1978,-26.606,-26.7115,-25.8678,-25.8879,-25.5764,-23.3483,-25.4284,-25.7915,-27.2299
-8.27527141415619,40.2755525928193,0.0115,-10.6845,0.4454,1.0,0,-1.8746,-3.9143,-11.0569,-11.4336,-12.1739,-12.4267,-17.7712,-16.6909,-18.4136,-16.6372,-18.9781,-19.3207,-17.4456,-16.2837,-18.9261,-19.9707,-24.0686,-21.935,-21.4802,-21.4541,-24.741,-24.6169,-23.5274,-25.4266,-24.1818,-23.2184,-22.6643,-21.2558,-24.9998,-28.7122,-30.684,-33.0936,-29.157,-28.6835,-34.7549,-38.379,-42.5466,-42.4509,-45.6895,-43.7432,-42.6336,-48.3297,-54.2355,-51.1826,-52.9093,-60.9197,-61.1533,-64.8752,-66.2334,-63.7888,-64.671,-65.0379,-65.054,-64.0301,-64.4666,-63.7223,-63.5463,-65.8005,-65.1628,-62.1437,-61.8076,-63.5501,-64.3956,-64.3146,-64.0995,-63.2114,-61.555,-62.747,-65.6271,-64.8331,-65.9605,-66.1378,-67.3605,-71.0871,-69.4682,-65.5843,-67.6685,-68.6339,-68.9784,-67.8852,-61.7669,-62.3196,-62.4856,-60.3393
-8.27446293040048,40.2755525928193,0.0135,-8.7709,0.4257,1.0,0,-0.4566,1.5379,3.6641,3.9691,5.2423,1.9359,8.891,6.4561,7.867,3.3629,0.5403,0.539,-1.5458,-2.1751,-4.1876,-6.1034,-7.3687,-7.0885,-6.2922,-5.8509,-1.0746,-2.33,-4.4167,-5.3763,-7.8748,-8.6665,-8.4954,-8.0415,-10.3395,-7.2129,-6.8659,-12.1437,-12.0371,-11.5784,-13.409,-12.8035,-14.2805,-16.2358,-10.0071,-16.0064,-15.7739,-16.0516,-18.5209,-20.5918,-19.5284,-15.2244,-19.4023,-19.1856,-24.3546,-19.3839,-23.0762,-20.2823,-19.1205,-18.3519,-18.8587,-19.9357,-15.5616,-15.5872,-15.7046,-16.4588,-15.3246,-17.357,-17.0308,-17.126,-15.4307,-18.405,-18.1414,-18.6466,-16.2046,-16.7004,-18.7293,-19.7042,-18.3221,-13.5686,-13.6856,-14.0545,-16.9407,-16.5984,-24.748,-24.6171,-27.3741,-31.4051,-29.5135,-31.6198
-8.28227827337232,40.2757582018476,0.015,1.4311,0.4567,0.8671,0,-1.3282,-0.4297,0.9153,1.847,3.153,3.7087,3.6434,7.1475,3.049,7.2079,9.1043,10.6089,9.6773,14.2102,11.4852,10.84,9.8813,10.654,9.245,5.8713,4.6278,4.354,7.3159,6.7252,8.2349,6.9505,7.3507,5.4615,7.5554,7.0129,6.6459,8.3759,6.1925,9.5031,9.1158,11.6115,11.4674,12.0974,14.6517,13.4862,10.3221,15.8649,8.4196,12.5042,10.8494,11.3124,8.5749,10.5397,9.9582,14.777,11.9613,10.7186,10.4958,9.4049,9.1965,9.1044,7.1041,9.4044,13.4244,11.8345,11.1508,6.513,11.7782,8.4502,9.766,4.6466,9.5263,5.4421,7.5752,6.9605,6.3384,6.0908,6.8515,3.8558,5.4687,8.5368,11.6206,9.9624,11.6621,12.1092,13.8844,15.8721,16.0909,13.6154
-8.28200877878709,40.2757582018476,0.017,4.182,0.447,0.9053,0,1.4886,1.9534,-0.5312,-1.1624,-0.4644,-2.6593,0.6846,0.2766,-0.9792,-1.4544,-3.7097,0.8267,-2.6024,-1.1828,-1.6435,-1.1935,-3.2633,-3.5498,-3.1255,0.329,0.7525,-0.6003,0.0762,-0.2936,0.2433,1.5087,4.5117,3.3855,2.575,-0.0506,1.8209,4.8767,3.155,2.4913,3.2935,2.3784,2.7464,5.2103,4.6127,5.8665,1.0616,0.7256,-0.7562,-2.0418,-2.1385,-1.6168,-2.1345,0.7924,2.7327,2.0036,-0.2359,-0.9921,-0.5848,-1.1467,2.117,3.7312,2.0701,-0.255,-0.6584,-1.6428,-1.1601,-6.1164,-3.9798,-7.9664,-4.4085,-7.0845,-2.4744,-5.3665,-2.497,-3.294,-2.7385,-2.7517,-2.9354,-3.0144,-3.2599,-2.8555,-1.0371,-0.6793,-0.4546,0.3934,0.8655,2.0099,1.8689,2.5206
-8.28173928420185,40.2757582018476,0.0156,3.7883,0.4543,0.8978,0,-6.0587,-2.4587,-3.9004,-3.0213,-1.5748,-1.7204,-3.917,-4.6802,-3.5986,-4.2213,-3.4581,-2.9914,-2.914,-2.9734,-5.3372,-5.7161,-6.0673,-5.9141,-6.1817,-6.0601,-6.511,-6.1512,-6.6692,-8.7514,-2.9376,-3.8803,-4.8668,-9.3242,-7.0384,-8.7736,-9.3745,-7.8446,-5.9744,-4.1517,-4.9509,-5.1939,-5.0907,-3.7298,-5.6165,-8.1104,-7.5015,-4.2765,-5.6814,-4.2549,-6.3258,-1.5853,-1.6441,-2.0528,-1.5829,-2.3116,0.374,1.2536,2.6151,4.1563,6.8907,5.0388,5.0398,7.6101,6.6879,4.7687,7.8793,6.8913,5.278,4.7038,4.7526,4.813,7.9858,5.9855,7.1802,9.5104,13.3043,10.5459,8.7015,7.2119,5.8438,8.2311,7.2682,5.4615,5.2161,7.2398,8.84,9.6726,4.5591,4.3475
-8.28146978961662,40.2757582018476,0.0141,-10.6827,0.5135,0.9027,0,-4.898,-0.5858,0.969,4.5272,-1.1674,-1.9637,-1.8049,-5.365,-4.9435,-8.1492,-7.1024,-7.6207,-12.2274,-10.3105,-20.2972,-18.9145,-16.7214,-12.6203,-13.2126,-16.4077,-19.2491,-17.0571,-15.2747,-15.8064,-12.4591,-11.5007,-13.499,-14.538,-15.523,-19.9446,-20.5668,-26.2903,-26.9027,-24.0327,-26.6415,-25.2181,-23.213,-23.5331,-20.497,-20.2524,-18.8299,-19.6962,-20.0828,-18.6464,-17.1677,-18.2453,-17.4289,-15.5194,-15.6294,-17.5361,-21.3851,-21.9724,-22.1286,-22.4286,-24.2599,-25.0966,-21.6541,-21.1893,-22.5365,-22.0501,-22.064,-22.1814,-23.6426,-25.1252,-24.5373,-28.1056,-24.2712,-25.3705,-27.7862,-29.7147,-24.3794,-28.9334,-29.4034,-29.4018,-30.6468,-31.5981,-32.9989,-33.3911,-33.031,-37.885,-33.0796,-33.7116,-35.1538,-36.0839
-8.28120029503138,40.2757582018476,0.0158,-5.9229,0.5412,0.934,0,-1.9198,-0.569,-8.8441,-9.4821,-11.0073,-11.2944,-12.2187,-15.9877,-14.5918,-14.9148,-15.0938,-13.0737,-17.4843,-13.0972,-19.1426,-18.422,-17.0872,-20.6818,-19.5091,-20.0705,-21.5723,-20.9794,-20.7032,-21.7645,-24.5296,-25.2049,-24.3002,-25.796,-27.8722,-27.8266,-29.3131,-30.5693,-34.1348,-34.5596,-35.6634,-33.76,-34.4665,-34.5365,-30.2126,-27.0884,-26.1301,-20.9068,-20.7467,-19.8342,-18.575,-19.259,-20.137,-16.8471,-12.9986,-17.8531,-16.3413,-18.4032,-16.2729,-15.126,-21.827,-22.9174,-18.5679,-25.0717,-23.0971,-22.2576,-22.9272,-25.2176,-22.6384,-25.9124,-23.3436,-25.6578,-28.0159,-25.6096,-26.3134,-21.3078,-18.1772,-14.939,-15.6044,-12.4456,-13.603,-15.5093,-14.6479,-15.1245,-13.6142,-14.1153,-11.1347,-13.6821,-13.0522,-13.533
-8.28093080044614,40.2757582018476,0.0151,-9.0485,0.5065,0.8978,0,-0.7165,3.5697,-5.0983,-4.3073,-4.7982,-2.5427,-6.0871,-6.5161,-8.6845,-9.8146,-11.451,-13.6924,-8.757,-10.7863,-13.3329,-8.8997,-12.257,-13.1047,-11.0675,-11.4808,-12.5718,-11.8602,-11.3521,-12.932,-11.477,-15.6806,-12.3387,-15.2975,-16.2991,-16.0656,-11.7972,-10.0622,-9.007,-10.4364,-14.11,-12.1174,-12.6044,-8.5349,-12.5453,-12.3841,-14.0342,-18.9158,-18.7014,-21.4463,-19.9353,-20.6438,-20.654,-22.8684,-20.4354,-19.3543,-18.3972,-17.7188,-17.1161,-17.0727,-17.5136,-14.1419,-15.0051,-17.9076,-19.1411,-19.0821,-18.7925,-20.8898,-20.9212,-22.0103,-20.3439,-23.7123,-20.8097,-22.9669,-22.4722,-22.9456,-21.3022,-21.9112,-21.8623,-22.788,-23.283,-22.6501,-24.5937,-26.1343,-23.2084,-22.9801,-23.1787,-25.9183,-24.5952,-23.6626
-8.28066130586091,40.2757582018476,0.0174,8.1405,0.4376,0.8657,0,2.1339,-0.7239,4.942,3.3094,4.8662,2.566,2.1883,-0.0897,-0.8033,0.3765,3.247,2.4054,4.1516,9.3138,9.6439,9.3688,8.5336,9.6693,10.1752,8.0364,6.7858,8.6264,13.7587,6.9384,9.5112,9.7679,9.9542,7.0508,7.8573,7.833,2.2947,1.3024,6.8542,1.5633,-0.1586,2.055,-0.048,2.1551,1.6556,1.1586,2.1586,1.1075,2.5172,-0.1082,-3.0379,3.1018,3.6834,2.056,3.1636,3.4212,9.2421,9.7857,10.2919,10.7206,10.1971,13.1215,10.7081,12.4606,11.9057,10.8355,14.3807,12.2499,14.4506,12.4817,13.2673,12.8978,12.6353,13.6229,15.9365,17.214,15.9646,14.323,13.6717,10.6395,12.5759,11.624,9.8203,9.8425,9.6823,10.5729,13.5257,14.701,14.5696,14.8903
-8.28039181127567,40.2757582018476,0.0175,-26.7181,0.4457,0.8314,0,0.2552,-5.0923,-6.0099,-11.4319,-8.6127,-8.4673,-9.6577,-12.3346,-12.0367,-14.8901,-14.4155,-8.076,-9.9015,-9.1372,-5.5589,-8.792,-6.9681,-3.3127,-2.1289,-3.0332,-6.2606,-5.6881,-4.0954,-5.1742,-7.0318,-2.2385,-4.8788,-8.275,-8.9177,-6.7952,-14.2629,-15.6989,-21.4069,-19.5255,-22.6112,-22.5396,-22.0573,-22.925,-24.0449,-28.3693,-30.4436,-33.3483,-34.5031,-34.443,-35.524,-35.5851,-39.4605,-39.1505,-41.0449,-45.9125,-44.8689,-44.5628,-44.4426,-44.4347,-44.9698,-45.3388,-49.2385,-51.0923,-52.0807,-49.1879,-50.9633,-48.3397,-48.6623,-48.2652,-50.3729,-49.1101,-49.3963,-49.5913,-51.4702,-49.6959,-51.5066,-52.6856,-54.9504,-51.398,-47.8342,-48.1837,-48.2923,-52.5434,-52.2507,-51.186,-52.2595,-51.5324,-49.9123,-50.3679
-8.28012231669044,40.2757582018476,0.0202,5.5907,0.4395,0.849,0,-1.6074,-3.2656,-3.6976,-4.2222,-4.1465,-3.9524,-4.8878,-7.9678,-7.6673,-8.928,-7.8304,-4.8008,-3.8129,-5.1896,-4.909,-4.1754,-1.3471,-6.0769,-3.3939,-0.2471,-4.6859,-4.489,-5.3797,-8.3914,-5.9022,-2.786,-5.8914,-3.1024,-2.995,-8.706,-6.6181,-7.5155,-1.2114,-0.1992,-2.1374,1.5054,0.6859,1.5657,3.0991,1.8211,-0.4449,2.2458,4.3835,3.7863,3.1642,3.0652,5.083,3.7689,0.8373,1.7342,1.7063,0.7277,1.4339,0.7038,-2.0193,-2.1378,-1.2221,-4.9507,-4.9624,-4.8567,-5.1141,-8.0864,-9.7403,-7.4461,-7.2479,-9.0868,-9.4793,-9.456,-11.2118,-12.3428,-13.2787,-14.7677,-13.6359,-15.3834,-13.3947,-15.075,-15.5746,-15.9599,-14.906,-13.0765,-10.9648,-11.6901,-9.7,-8.0126
-8.2798528221052,40.2757582018476,0.0134,-1.5174,0.4534,0.9306,0,-3.2153,-0.0764,-0.2853,-3.1611,-2.7415,-2.8968,-3.6262,-4.1654,-4.2446,-4.1425,-4.4364,-2.6168,-2.9375,-2.4232,-2.7665,0.2511,-0.9681,-1.2993,2.627,2.0597,3.7663,4.642,4.2605,4.1748,3.6954,2.2859,4.7295,3.9421,1.1189,0.6964,3.9903,5.1303,5.1322,4.0933,6.706,6.7274,5.2871,3.7753,6.6635,5.5039,0.4573,0.0057,-3.7203,0.8661,1.1207,1.2177,0.803,3.0908,0.7945,-0.2291,-0.677,-0.335,-0.4928,0.2732,2.0594,3.1897,0.9152,-0.2401,-1.3016,-0.3783,-2.0071,-0.8259,-1.429,-2.6467,-4.6328,-4.5346,-7.5505,-3.3227,-4.774,-9.2584,-7.6474,-8.9561,-6.5595,-4.7858,-6.6799,-7.1682,-6.5996,-9.0302,-8.3213,-6.2189,-6.5697,-5.1529,-6.028,-2.3981
-8.27958332751996,40.2757582018476,0.0152,-15.5343,0.4531,0.9654,0,-1.3823,-1.6199,4.7817,1.2776,0.536,0.5915,-1.4078,-1.9416,-1.3121,-2.4481,-2.6273,-3.3675,-3.6931,-5.4616,-2.3994,-1.3502,-2.7823,0.31,-1.0423,-0.7302,-3.1915,-2.2193,-2.3493,-3.6947,-7.5084,-12.5984,-8.5666,-8.2864,-9.8527,-8.2492,-4.6597,-6.3279,-8.2375,-7.7669,-7.246,-6.4396,-6.9403,-7.6316,-5.2485,-12.0008,-11.5447,-10.1655,-10.4083,-10.2804,-7.7416,-5.7981,-7.8071,-9.3129,-13.4394,-14.0295,-11.6748,-10.1262,-12.7331,-10.288,-9.6389,-13.8298,-14.6464,-15.9865,-16.5372,-16.5868,-14.9372,-12.9986,-13.4101,-12.0186,-12.3743,-10.3841,-13.8618,-13.381,-14.1224,-18.2783,-18.6948,-19.6117,-19.28,-16.3565,-14.4326,-19.7944,-17.5032,-19.9392,-18.5467,-17.9684,-13.3342,-11.9469,-9.7957,-8.4983
-8.27931383293473,40.2757582018476,0.0173,-9.513,0.4719,1.0,0,-0.3561,-0.2263,3.4864,3.9501,0.4371,-1.5197,-0.8686,-4.2929,-4.3812,-3.6079,-0.864,-4.8447,-4.2462,-8.5326,-6.4522,-4.7513,-2.779,-6.1409,-5.172,-5.8375,-9.5536,-7.7916,-9.3569,-9.1703,-9.6839,-11.565,-10.8748,-7.8456,-11.125,-8.6677,-6.053,-6.1673,-9.4484,-8.0777,-8.5552,-7.315,-6.7574,-9.2598,-8.2909,-13.0886,-11.9198,-15.0182,-16.7211,-17.3701,-20.0906,-16.481,-18.6868,-19.0383,-21.1336,-21.501,-20.8631,-20.0631,-18.8867,-16.4233,-20.0074,-22.424,-20.8722,-21.0708,-20.6011,-22.0955,-21.798,-22.8898,-20.511,-22.095,-17.9783,-20.3877,-17.7051,-21.3541,-20.2639,-21.7086,-19.9604,-20.0363,-19.1119,-13.1713,-13.2137,-15.7447,-16.4216,-15.1829,-15.192,-12.8228,-8.7074,-9.5566,-9.537,-12.517
-8.27904433834949,40.2757582018476,0.0165,7.4626,0.4782,1.0,0,-0.7018,0.2113,-0.0898,1.1621,0.762,-2.8563,-1.0181,-2.8658,-2.6435,-3.3199,-1.4114,2.7865,2.5882,1.6798,0.6441,0.6103,1.2991,0.3611,1.1058,2.0157,0.0112,-0.0854,-0.4734,-1.2295,-0.8,-1.7262,-1.1497,-3.112,-4.9054,-5.4772,-1.1105,-0.98,-4.3283,-1.9306,-1.1984,1.0214,1.4586,-1.6288,-1.3796,0.4681,0.5006,0.3213,-2.5653,-0.6572,0.4269,5.6797,7.3976,6.6823,6.5329,5.8644,3.7171,3.8553,4.4813,8.4016,6.3831,2.9695,3.8127,5.2801,5.5154,3.2386,5.1981,1.9248,3.1006,-0.789,2.4575,1.2997,1.075,0.4434,0.745,-0.1474,0.0993,-4.5844,-2.1373,1.1044,2.6115,3.5799,3.8244,3.9483,2.4938,2.3928,8.978,10.0007,10.5349,10.6929
-8.27877484376426,40.2757582018476,0.0184,3.8649,0.475,1.0,0,0.233,-1.5959,-1.2396,-2.7391,-3.061,-3.1968,-2.6399,-6.5483,-5.0858,-3.7752,-2.1413,-1.6441,-0.6787,0.5559,1.1758,1.1417,-1.1597,1.7816,1.241,4.2862,4.4147,6.6245,3.4199,3.7447,1.8055,0.9714,-0.4017,-3.9597,-4.0729,-2.5706,-3.6904,-3.1194,-5.3212,-4.9292,-8.5172,-11.0487,-6.6116,-10.4053,-11.3822,-8.9648,-10.8463,-12.8237,-13.8707,-11.3544,-11.1942,-10.1752,-9.9993,-10.136,-8.4462,-7.7336,-11.4665,-11.5876,-11.1849,-8.6964,-8.3741,-9.4118,-5.7125,-5.0955,-4.4708,-4.7195,-3.7236,-5.2709,-3.3255,-6.2484,-7.8044,-5.4736,-3.2258,-5.3549,-4.8822,-4.0024,-4.2914,-2.5699,-2.439,-2.6622,-3.8045,-6.5817,-7.0057,-8.8885,-7.8293,-8.7498,-7.1362,-6.4088,-3.5884,-3.3734
-8.27850534917902,40.2757582018476,0.0181,5.3725,0.465,1.0,0,2.6165,1.1975,-1.5036,-5.7872,-5.4019,-3.947,-7.8012,-8.7737,-6.4045,-6.3394,-4.4963,-1.2128,-3.4625,-3.472,-3.311,-2.3008,-1.5503,-1.6553,-3.3121,-4.3861,-3.0978,-2.9701,-2.9506,-6.5734,-4.263,-5.848,-5.9214,-10.2326,-7.543,-8.2711,-8.3021,-9.2141,-9.9844,-9.6742,-5.9775,-6.5583,-9.8851,-11.7454,-11.5592,-8.206,-10.6613,-16.0591,-10.8342,-12.3589,-14.5549,-12.5807,-10.5596,-8.8439,-10.2243,-10.0647,-12.464,-10.6669,-12.7665,-10.6163,-12.3983,-9.8997,-5.0435,-8.1364,-5.7357,-7.3246,-5.8771,-8.8102,-8.5191,-9.8684,-7.1335,-8.812,-6.6285,-11.081,-9.0023,-13.4071,-11.2309,-9.0339,-4.1435,-2.6013,-2.0608,-6.1767,-5.2429,-6.7137,-7.1946,-7.1084,-5.7552,-3.0032,2.5081,3.1128
-8.27823585459378,40.2757582018476,0.0166,6.4023,0.4621,0.9393,0,-0.596,-0.9543,0.422,0.1814,-5.1794,-1.9443,-3.1314,-6.2645,-6.7643,-6.4327,-4.1796,-3.8733,-2.6907,-4.1307,-2.2626,-0.2113,-0.4598,-1.6447,-1.271,-0.2249,-0.8391,-1.0345,-3.4578,-2.0217,-5.2725,-6.4398,-6.939,-7.3456,-6.8473,-9.7029,-8.9119,-9.0413,-6.4209,-3.3079,-2.9939,-3.0047,-1.408,-3.0336,-1.87,-3.4341,-2.0238,-0.4594,-2.8884,-2.1453,-0.7681,0.7168,0.6335,-3.4957,-3.7219,-6.6557,-5.0243,-5.2925,-4.8077,-5.6723,-8.6505,-7.8428,-13.478,-13.1865,-10.9808,-13.0942,-7.5115,-8.9841,-6.5554,-10.4894,-3.74,-5.9204,-7.2155,-7.4594,-9.1355,-16.3801,-12.9678,-12.4068,-14.6948,-12.1894,-11.6746,-11.2848,-11.2288,-13.5224,-12.9976,-9.1248,-6.7585,-2.2498,-2.7442,-6.6858
-8.27796636000855,40.2757582018476,0.0148,5.7282,0.5515,0.8932,0,-4.2934,-3.9963,-4.4681,-6.3507,-8.7927,-7.2565,-6.9855,-8.7842,-9.4116,-8.7676,-7.4235,-8.4268,-4.5219,-5.5318,-7.5875,-3.8049,-9.0266,-8.5336,-8.2048,-5.4555,-6.8032,-7.0787,-6.7509,-6.6337,-4.5007,-5.4904,-6.58,-6.0732,-13.2901,-8.0096,-11.3722,-10.223,-10.9014,-8.9303,-7.335,-8.4045,-8.0392,-7.2698,-2.3055,-7.7838,-8.942,-9.7393,-10.9111,-11.5115,-11.2643,-8.4559,-7.7986,-8.966,-9.0463,-8.487,-8.1766,-8.1715,-9.0082,-11.2856,-12.3735,-12.0654,-10.9134,-12.0448,-9.2134,-13.234,-11.1036,-12.6641,-11.242,-13.7248,-9.5583,-10.6043,-10.6577,-11.8405,-11.6604,-15.6172,-13.1493,-14.5968,-12.2187,-9.9615,-11.1581,-8.6401,-9.3134,-9.5612,-10.7196,-9.025,-8.3487,-5.6253,-6.7646,-7.0494
-8.27769686542331,40.2757582018476,0.0126,-13.2056,0.4514,0.8834,0,-0.5601,1.0369,-1.4946,-3.8821,-5.1732,-8.0902,-10.3748,-12.9694,-12.9842,-14.4384,-14.4853,-11.3273,-10.6424,-9.9584,-11.0238,-11.0983,-15.0614,-14.6091,-16.8922,-20.1258,-19.1876,-18.3553,-16.8029,-17.2079,-16.598,-16.8737,-15.6791,-16.2753,-18.9595,-17.339,-19.3337,-16.0775,-14.9077,-15.2432,-13.2182,-14.0135,-12.6822,-10.0362,-9.2016,-14.8798,-9.5283,-12.5088,-14.7771,-13.54,-14.6948,-12.9124,-12.5339,-13.3528,-11.9732,-14.5019,-11.5812,-11.3194,-11.6029,-14.1547,-15.0374,-12.5965,-12.4644,-14.2492,-13.2486,-14.4448,-14.3092,-17.5362,-17.4988,-19.9819,-14.1076,-18.5382,-14.9706,-18.0901,-16.3327,-18.8659,-17.484,-16.4546,-14.8674,-15.4264,-16.8339,-13.1934,-16.9755,-17.078,-15.7759,-16.4655,-13.2686,-13.1485,-12.2957,-12.1555
-8.27742737083808,40.2757582018476,0.0161,0.2377,0.4395,0.8605,0,-0.6792,-2.108,-6.3613,-6.0679,-15.4401,-14.017,-15.7861,-17.4505,-15.2758,-14.008,-11.345,-8.239,-9.9417,-10.9938,-8.0657,-12.4292,-14.212,-13.2024,-16.3543,-18.497,-24.2485,-24.266,-24.7643,-24.7976,-26.1077,-24.9442,-23.862,-26.4542,-26.4972,-27.8164,-26.8499,-25.2988,-25.7898,-24.5144,-24.4489,-24.9555,-20.0013,-19.9965,-26.1752,-21.1733,-17.5552,-22.4116,-26.5592,-21.5601,-21.8209,-19.4136,-16.1068,-19.5126,-20.1822,-20.5323,-16.3377,-16.3456,-16.5359,-17.7289,-17.1064,-15.8308,-15.328,-18.7913,-16.4446,-14.929,-14.8755,-17.7991,-19.1678,-20.4061,-16.2942,-15.4562,-12.2455,-12.8191,-12.5979,-12.9043,-12.007,-11.9986,-11.5371,-12.8266,-11.2279,-7.4903,-8.4733,-12.7346,-14.3203,-13.1372,-11.2323,-11.3441,-9.654,-11.5637
-8.27715787625284,40.2757582018476,0.0161,-8.9701,0.499,0.9489,0,0.8073,-2.6295,-2.2556,-4.8535,-5.7095,-5.2038,-5.4373,-10.2568,-9.5494,-4.9836,-5.813,-6.3376,-5.7642,-5.7406,-6.0188,-8.6777,-8.0072,-6.3045,-7.1845,-7.4316,-9.4439,-9.5859,-8.909,-11.5807,-11.5163,-8.7893,-10.463,-11.379,-14.7081,-17.3987,-11.9147,-13.0141,-13.1308,-9.903,-8.2717,-7.1808,-8.1321,-5.6033,-1.2368,1.2285,-4.2957,-5.7109,-12.0533,-10.6646,-10.6672,-9.5277,-9.1831,-9.6482,-8.93,-7.6521,-6.501,-4.2153,-5.9697,-2.9328,-2.5262,-4.2085,-2.8186,-1.335,2.2315,1.3092,0.8598,-0.7298,-7.2307,-5.8316,-6.9938,-7.7538,-7.0937,-8.0589,-8.1924,-10.0837,-11.0707,-10.1494,-8.2388,-11.6955,-11.0359,-10.2711,-8.7211,-12.3227,-14.6977,-13.7209,-19.1257,-17.7691,-12.5037,-17.9781
-8.2768883816676,40.2757582018476,0.0165,-1.341,0.4795,1.0,0,-3.8566,1.1216,-5.1058,-7.4764,-7.9827,-5.7163,-3.5376,-1.9261,-2.3576,-2.1678,-3.8551,-3.5211,-1.5298,-7.553,-9.6349,-9.7064,-9.8288,-9.2674,-9.7811,-6.6773,-6.0826,-2.9592,-3.5996,-2.516,-1.2582,1.2439,3.0496,0.7875,5.8819,4.9005,6.6633,5.1543,6.709,9.3228,11.9992,11.8208,12.9028,13.3792,21.7584,20.4455,12.5609,11.3235,13.3168,11.4125,12.1409,12.5452,12.3943,14.6651,13.3449,13.1119,13.3071,14.8405,11.5637,13.451,15.0985,14.6825,14.0673,12.3907,10.8127,11.7426,12.8986,10.9163,6.5254,7.5938,3.127,6.875,5.0956,3.9736,2.6424,-2.1412,-2.7049,-0.1445,0.4898,-2.395,-5.7615,-6.4128,-7.2594,-3.7857,-5.8015,-7.7728,-9.2921,-6.9077,-5.0096,-6.0666
-8.27661888708237,40.2757582018476,0.0165,1.9355,0.4759,1.0,0,-4.772,-3.6635,-6.6126,-4.7241,-4.1271,-4.201,-2.6635,-3.4709,-3.835,-3.4759,-0.8661,-0.0798,2.1533,1.4819,3.3424,2.5511,-1.8514,-2.55,-2.6701,-0.1247,-1.8204,-0.6477,-0.4043,1.2284,-2.7559,0.8071,2.0582,-1.047,-0.0832,2.3482,0.6641,-0.9222,0.3272,-4.4481,-2.6526,-2.7081,-1.8361,-0.6686,-1.7532,-1.8955,2.012,-0.8943,-2.0138,-5.8498,2.8763,6.7634,3.7018,-1.6508,3.5091,4.3239,3.2133,5.4696,6.4712,8.8013,7.5003,6.5046,5.8907,5.0596,3.5825,3.4183,5.1035,2.9405,4.2476,3.9009,6.7974,6.0014,7.3476,3.0155,7.6831,6.1467,7.8983,8.9352,8.2885,8.3671,6.1918,4.3704,6.1265,4.3057,5.9844,7.1057,7.3819,8.9056,8.6026,10.5209
-8.27581040332666,40.2757582018476,0.0163,1.0391,0.4813,0.945,0,-0.8778,-3.673,-3.6005,-7.3162,-4.4754,-4.8941,-0.3473,-3.6796,-3.7683,2.439,-0.9299,0.7053,4.2444,4.1559,1.1453,6.5521,6.5657,5.7205,8.4758,7.9111,5.7912,6.6922,5.8069,6.6883,6.4388,4.8068,4.0814,3.4479,2.4234,2.238,-3.2412,-7.1642,-9.2728,-10.3435,-13.8857,-18.824,-20.9058,-20.1648,-17.7041,-20.5161,-23.4855,-23.3707,-25.5774,-25.6085,-27.2931,-28.8703,-29.4065,-27.6221,-30.6425,-28.7812,-28.7145,-29.3054,-27.5753,-25.6698,-27.2296,-27.2483,-27.1931,-26.7034,-27.8546,-24.6637,-25.3663,-27.2796,-24.5054,-27.9545,-27.0647,-29.8417,-28.394,-31.0211,-29.2074,-30.2468,-30.467,-30.58,-30.5731,-32.1659,-31.8602,-31.5332,-31.7494,-31.255,-32.2154,-30.9418,-32.1774,-28.7578,-28.683,-26.1419
-8.27554090874142,40.2757582018476,0.0171,-8.5299,0.4893,0.9261,0,0.1915,-1.0114,-3.632,-2.4216,-5.968,-5.9699,-4.2774,-8.2469,-9.2411,-6.5729,-4.7628,-7.8019,-4.3938,-5.801,-9.3001,-7.1289,-1.6693,-5.4487,-2.0269,-2.2443,-5.2118,-4.6899,-6.3335,-5.9417,-6.082,-6.8337,-7.0125,-6.9088,-8.2221,-10.3996,-14.7129,-15.4888,-14.2329,-13.3372,-19.1371,-21.0262,-25.6175,-27.5491,-27.5648,-28.1662,-25.6575,-28.3522,-33.049,-33.1799,-32.7847,-32.7509,-31.0699,-27.1935,-28.3689,-28.1369,-25.4286,-24.6644,-25.0654,-20.682,-24.2178,-25.2124,-24.5378,-23.3391,-25.3067,-21.9327,-22.6627,-22.4274,-20.7126,-22.0082,-21.7259,-22.909,-20.5333,-25.1125,-25.2164,-24.5108,-25.521,-24.4619,-25.7276,-27.6566,-26.2985,-24.6181,-26.5988,-25.2066,-25.7671,-26.156,-23.4065,-20.8706,-23.8608,-22.4009
-8.27527141415619,40.2757582018476,0.0161,-17.2419,0.444,1.0,0,-0.5748,-2.98,-2.6974,-0.3633,-4.482,-5.1721,-8.6015,-9.4444,-8.76,-5.8976,-3.313,-8.6204,-3.7498,-6.2016,-12.3393,-8.4128,-3.7142,-9.5821,-7.3987,-7.8542,-10.2617,-9.1244,-6.1986,-6.5215,-7.3274,-6.0437,-5.8257,-7.7119,-1.545,-3.9422,-3.5207,-6.1895,-6.5967,-3.3029,-1.3095,-4.9098,-12.0741,-12.3306,-10.7823,-13.8108,-12.9314,-13.0336,-15.3865,-17.6996,-18.1182,-18.306,-20.1086,-18.3496,-17.796,-17.7844,-18.5896,-15.9488,-15.2132,-13.8255,-12.995,-13.029,-13.1022,-14.5564,-12.9353,-12.9352,-12.6758,-12.2646,-14.3099,-14.3569,-13.2796,-17.4938,-13.9342,-15.4131,-17.8573,-18.3028,-20.5662,-20.175,-21.5954,-20.4701,-24.0446,-22.4863,-22.2175,-23.2157,-23.8823,-25.017,-22.9801,-23.6788,-27.875,-23.6506
-8.27419343581525,40.2757582018476,0.0079,-1.8918,0.4921,1.0,0,4.1739,5.0596,4.332,4.9667,4.8739,-0.4124,0.2269,3.3043,3.1393,3.4207,0.1692,-1.3316,-5.5259,-1.7844,-2.0504,-1.0842,4.897,4.496,6.0498,7.4205,5.5262,6.5511,6.5746,4.2381,7.8855,7.854,8.6668,11.7811,7.9525,8.6839,4.6829,6.3435,5.8339,2.2035,5.8707,5.9448,3.8701,0.3903,0.6457,-8.4715,-10.4121,-9.0133,-11.3492,-10.4544,-10.7021,-12.0308,-11.5474,-10.2198,-8.9804,-9.0812,-13.898,-14.1012,-16.3416,-16.2649,-19.8946,-18.7584,-17.7116,-14.9707,-10.3835,-10.7237,-6.5059,-4.2143,-4.5938,-4.2932,-4.6787,-6.6654,-5.5576,-4.9004,-6.017,-6.5578,-6.8314,-8.5667,-6.4791,-8.9339,-11.8732,-14.9474,-13.147,-17.0478,-17.4169,-17.9297,-14.9261,-21.3804,-20.8592,-17.9067
-8.28254776795756,40.2759638102506,0.02,-17.7435,0.4251,0.9017,0,1.1943,2.4018,7.846,9.7703,6.1766,6.5724,10.1567,8.2129,8.482,11.3977,11.107,13.22,11.8263,13.2641,10.4283,12.2698,10.1282,12.1372,10.5389,9.5949,7.0259,-1.0544,2.9778,1.2918,6.0181,0.8621,2.4304,0.2749,-1.2927,-2.2099,-3.7067,-3.4161,-3.5775,0.4876,-0.3256,-6.8175,-4.99,-2.876,-4.4566,-5.867,-9.0021,-4.0084,-6.5451,-4.4421,-5.7617,-8.6834,-14.4332,-13.3137,-10.3513,-12.9846,-13.3404,-13.7357,-16.5184,-17.8648,-14.6085,-9.7006,-14.7631,-12.8666,-10.6972,-11.5029,-15.4555,-17.9284,-15.4315,-13.2907,-13.3469,-19.2741,-16.3991,-22.4636,-21.8576,-24.3614,-22.6326,-19.08,-17.4693,-20.1311,-17.9767,-16.2094,-14.4524,-14.529,-19.1194,-21.627,-24.709,-25.3041,-18.3551,-19.3608
-8.28227827337232,40.2759638102506,0.0188,1.0193,0.4486,0.9386,0,3.7956,2.8525,4.8626,5.8203,5.1942,2.5349,3.212,4.067,2.2492,3.4478,5.1392,3.5443,2.483,4.993,1.8492,3.6905,2.7785,7.3399,5.8514,2.4264,2.1693,1.2457,0.9691,0.1352,2.3546,0.6847,-0.2174,1.3564,-1.7403,-0.3127,4.1284,4.1571,3.3871,3.0616,4.6981,5.0344,5.2553,8.8673,5.2073,7.2107,8.034,12.4666,9.8358,10.3864,9.4591,12.2732,6.4271,8.7299,9.4754,11.0688,9.353,9.5851,7.6087,6.7289,8.9986,11.866,10.5142,11.0733,9.9541,9.0363,8.8213,3.641,4.5102,1.5645,1.1562,1.792,2.4915,3.1071,1.7685,0.4136,-0.2393,1.1553,4.794,-1.6803,-2.3253,-1.4442,0.321,-1.3085,-0.5746,-1.3415,-0.9196,1.0526,-2.4926,-0.2492
-8.28200877878709,40.2759638102506,0.0169,-1.7467,0.493,0.9691,0,-1.0954,-0.9705,1.4492,2.4297,3.3946,0.0899,3.523,4.7604,0.8154,4.511,6.2256,6.0597,6.5037,11.4035,10.1801,13.0471,13.8351,13.8144,12.58,10.672,11.679,11.8713,11.4041,10.6208,11.5353,14.3656,14.1246,9.3894,7.7846,3.5296,7.989,9.8066,8.379,10.2673,10.2063,10.1736,10.0938,14.2869,8.8358,7.8864,7.7242,6.4108,6.8012,7.9883,4.8679,6.6928,3.7101,7.2908,7.5865,9.3485,5.8237,4.2614,4.6791,2.8791,6.5987,6.2468,2.4955,2.5455,4.4746,1.8636,1.575,0.9276,-2.1784,-3.2243,-2.4881,-1.6631,-1.7885,-4.2674,-3.5901,-1.5999,-2.4076,-3.6777,-5.0069,-5.4804,-6.7512,-4.0948,-4.1999,-5.2468,-8.0862,-5.6574,-4.4491,-1.7702,-3.7557,-2.8871
-8.28173928420185,40.2759638102506,0.0157,-7.6664,0.4959,0.9135,0,-3.7423,-2.4257,0.9048,-4.8034,-0.7424,-1.3458,-2.4001,-7.6333,-8.7966,-12.7835,-13.91,-11.4678,-11.0961,-11.3459,-13.128,-11.0433,-11.0103,-8.9952,-8.7883,-7.6493,-7.8481,-4.5459,-5.0023,-4.963,-3.8416,-6.5172,-9.784,-11.826,-15.5827,-20.2665,-19.6424,-13.5804,-15.0615,-12.74,-16.9498,-21.0476,-22.7444,-20.8215,-25.2726,-22.6002,-27.3834,-31.8808,-34.7972,-32.4098,-37.5166,-34.8534,-31.6423,-31.5077,-32.1324,-33.881,-36.7805,-37.0196,-37.2541,-38.9853,-40.495,-34.7613,-35.9617,-42.7221,-45.8394,-45.2036,-48.2005,-53.7525,-52.0334,-56.3259,-57.0288,-61.3805,-54.816,-57.0465,-56.5227,-53.7982,-50.0858,-53.1795,-56.0896,-56.8491,-56.24,-56.5185,-52.4095,-54.9083,-56.8903,-55.8324,-53.9709,-52.949,-51.5707,-49.4578
-8.28146978961662,40.2759638102506,0.0141,-10.8904,0.5035,0.9278,0,-0.3982,-9.3735,-1.5197,-2.526,-7.5102,-7.1714,-4.2183,-9.3014,-10.1048,-8.5419,-7.2885,-9.7067,-10.7244,-10.1203,-10.4121,-8.9274,-1.6203,-3.456,-2.8429,0.3544,1.1068,3.2539,3.1791,5.7132,5.4919,8.468,11.2543,7.6218,4.5258,1.1294,-1.935,-5.5487,-6.5192,-5.4882,-4.0962,-4.2923,-5.1252,-5.3404,-4.7583,-4.2839,-4.6194,-6.4072,-2.3477,-7.1169,-4.2183,-1.8598,1.7918,1.8938,0.5023,2.6043,-1.354,-2.254,-2.924,-3.492,-2.9037,-3.1933,-6.6654,-5.3931,-7.8483,-6.2826,-6.2826,-2.3492,-3.5577,-7.3594,-6.3424,-2.963,-5.6793,-5.2008,-5.6501,-4.7414,-3.9182,-6.6526,-5.6938,-9.0349,-8.7379,-9.6056,-7.4377,-10.0359,-12.5643,-8.336,-6.2401,-7.342,-8.1506,-10.2962
-8.28120029503138,40.2759638102506,0.0157,-9.7647,0.5367,0.8986,0,-2.7173,-5.0988,0.5756,-3.4326,-6.4018,-3.9509,-4.7726,-9.6509,-9.5647,-10.9039,-13.8493,-9.7514,-13.5476,-8.4211,-6.7189,-8.0938,-9.046,-8.705,-7.095,-4.9238,-13.0186,-9.8321,-8.11,-8.6496,-12.7243,-12.5376,-10.1765,-16.1155,-18.6661,-20.2153,-22.7997,-24.0041,-25.2464,-23.4591,-26.596,-23.0399,-22.2454,-22.3682,-27.2359,-24.8888,-25.4113,-19.2649,-21.9643,-24.9438,-22.6512,-25.1986,-22.918,-23.8086,-22.6188,-20.4971,-18.98,-18.8106,-17.6598,-16.1237,-18.096,-17.0146,-19.0303,-20.0152,-24.6876,-21.8403,-21.1364,-22.6295,-25.4076,-26.8721,-25.8011,-23.3365,-29.5896,-27.1631,-29.2333,-29.4245,-28.1061,-27.2857,-27.5063,-24.2693,-21.9952,-27.4144,-23.9796,-27.9368,-29.1067,-26.4018,-31.4835,-36.6946,-32.9499,-32.3429
-8.28093080044614,40.2759638102506,0.0175,-8.4595,0.4651,0.8498,0,-5.2648,-2.972,-5.6389,-7.0848,-9.002,-6.7523,-8.363,-10.5676,-9.2274,-11.0567,-9.0016,-11.7753,-11.3229,-10.7529,-6.9616,-10.0655,-13.2285,-12.7768,-10.6245,-2.9719,-11.0058,-13.1194,-12.5534,-9.9737,-15.1642,-14.7126,-8.9433,-6.0619,-8.2793,-8.5635,-7.0418,-9.6445,-11.7639,-11.9978,-14.6842,-12.8721,-14.0308,-13.0151,-17.9808,-15.6192,-15.5625,-11.4753,-14.1611,-13.8526,-15.9377,-16.9795,-15.3854,-17.7206,-13.0982,-15.6147,-15.0554,-15.1449,-11.1985,-12.8851,-16.0198,-15.4157,-14.2976,-18.0711,-21.0217,-20.4272,-27.5509,-28.9623,-28.8663,-29.0958,-26.952,-31.8485,-32.4198,-32.556,-30.9789,-25.7727,-29.9741,-26.4117,-26.0031,-20.7494,-23.7919,-22.3154,-22.5936,-25.8556,-25.9213,-21.4594,-23.2426,-22.9223,-23.2139,-24.6062
-8.28066130586091,40.2759638102506,0.0167,-8.8203,0.4754,0.912,0,0.9831,-0.7274,-0.9526,-2.5422,-4.9942,-5.9676,-5.1933,-8.1498,-7.315,-6.5479,-7.5666,-8.6338,-9.5466,-4.4279,-2.9989,-5.9693,-5.11,-4.3981,-2.9344,-4.954,-4.8327,-2.7567,-6.5855,-6.5835,-6.3407,-7.493,-6.9652,-6.7906,-5.6293,-6.8033,-9.1229,-13.9444,-14.8378,-13.4684,-18.2405,-20.2262,-20.2127,-20.2949,-15.826,-17.0877,-14.5179,-17.4533,-18.7788,-17.9616,-16.4324,-16.8964,-16.0364,-16.1604,-16.7636,-18.0649,-16.0141,-14.5233,-17.061,-16.8049,-11.5972,-10.1361,-7.3908,-9.7257,-13.9035,-13.9733,-17.9393,-18.186,-20.6223,-22.1307,-23.2975,-24.1413,-25.1141,-24.2613,-23.5219,-21.3829,-24.7232,-24.3738,-23.7591,-27.9209,-29.8023,-28.9562,-29.6137,-32.5796,-33.7026,-29.3222,-30.9139,-27.884,-29.7433,-33.4629
-8.28039181127567,40.2759638102506,0.0163,1.8535,0.4749,0.8931,0,-0.2344,-3.337,-2.3957,-2.7093,-5.2708,-7.6968,-5.6932,-8.3299,-8.7415,-9.261,-7.9338,-6.2494,-8.8055,-5.6093,-5.6541,-6.6335,-8.4622,-5.6918,-3.9203,0.6091,-4.2981,-5.6995,-2.7677,-5.4405,-2.747,-2.4407,-3.6698,0.2718,1.1955,-1.1646,-4.3351,-7.2215,-9.9522,-10.3791,-11.771,-10.8156,-9.1149,-10.3819,-8.326,-13.4568,-8.0639,-9.6663,-11.5803,-10.2018,-9.9349,-8.1942,-9.6224,-8.3503,-8.5887,-10.9785,-7.5542,-7.0085,-8.2135,-7.084,-7.196,-8.7352,-7.738,-7.1848,-9.8688,-9.2238,-9.8521,-11.5302,-14.5154,-12.2942,-17.1429,-15.4888,-19.1538,-15.1718,-18.7057,-21.3037,-24.283,-21.5948,-22.2316,-24.3317,-26.0471,-27.1367,-26.581,-28.9212,-29.5908,-29.3553,-26.4889,-23.9898,-23.3525,-28.1825
-8.28012231669044,40.2759638102506,0.0179,-9.518,0.4455,0.8546,0,-0.7078,-1.4333,-3.1131,0.1624,-4.0278,-4.927,-5.7116,-5.6351,-7.0932,-7.0302,-2.6527,-5.9393,-6.283,-6.1363,-7.0575,-5.1858,-2.9874,-5.094,-2.4901,0.6789,-0.1108,-0.229,1.1018,-1.8673,-2.264,-1.3588,-2.3261,-1.6748,-1.2874,-3.9184,-7.3567,-5.746,-4.9604,-6.5012,-5.7478,-5.185,-3.959,-6.4202,-3.7428,-9.3943,-6.5111,-4.2686,-5.1348,-6.7839,-9.1788,-7.3874,-10.004,-6.2192,-6.1797,-10.2307,-12.3682,-10.7663,-13.0024,-13.2146,-9.3629,-14.9706,-15.0017,-14.163,-11.0626,-11.4812,-9.944,-12.6259,-12.3583,-12.6883,-12.4766,-12.5109,-14.2194,-17.6148,-18.5797,-22.6509,-27.2478,-24.2641,-26.1101,-25.7911,-26.4708,-28.5406,-30.5743,-32.315,-32.1592,-28.6252,-23.8283,-21.9488,-23.282,-20.8052
-8.2798528221052,40.2759638102506,0.0184,-2.214,0.4562,0.8522,0,0.8748,0.8915,2.5483,-0.172,-2.5431,-1.6915,-0.8199,-1.593,-0.5036,-2.2971,-0.4258,-0.3448,-1.0573,1.4167,-0.3117,0.6345,-0.7709,0.6881,2.3847,4.4237,3.2415,4.244,3.3801,2.1322,3.8927,3.4264,4.7799,3.3058,0.0917,5.3676,7.3779,3.5837,5.5213,3.6125,3.4885,8.0097,8.7499,2.9475,8.3014,6.6253,4.9172,7.8465,8.71,7.6528,6.846,7.277,7.922,7.6105,6.5218,11.017,10.4286,11.2637,9.7563,11.9854,15.9326,14.2716,15.3634,12.1636,11.153,12.3604,12.7604,9.4648,12.8777,10.6651,13.6067,12.8068,13.492,12.5011,10.7984,7.0562,9.658,8.1863,8.7926,8.9762,7.4213,6.5331,6.7098,6.4778,8.7383,10.3815,14.5096,15.1669,17.1049,21.7669
-8.27958332751996,40.2759638102506,0.0161,-4.3034,0.4307,0.8738,0,-0.3681,-3.2145,1.0487,0.2296,0.6026,-0.3365,-1.763,-2.9735,-2.9357,-4.0349,-3.108,-2.8734,-2.232,-0.5862,1.4041,1.8487,3.473,2.5516,6.15,2.6952,3.3767,3.9994,6.4065,5.9742,-0.371,-1.5073,-5.3581,-1.5471,-1.8155,-5.2699,-11.2986,-10.4267,-5.2139,-7.4305,-3.8847,-6.1232,-7.8148,-8.9602,-7.97,-7.08,-15.0129,-12.9708,-12.793,-14.343,-13.7695,-12.873,-10.5127,-15.793,-12.4128,-11.8705,-11.3942,-4.9542,-5.0141,-4.7766,-8.2547,-7.5766,-7.9446,-9.8638,-4.8985,-4.2383,-6.3472,-5.3903,-9.5007,-9.6273,-10.8011,-13.538,-12.0361,-12.2405,-15.2863,-14.0422,-16.6462,-15.4833,-14.3896,-10.8806,-12.3695,-13.881,-14.6895,-14.6561,-16.626,-16.193,-17.6903,-17.8947,-14.3106,-14.905
-8.27931383293473,40.2759638102506,0.0161,-1.3076,0.4422,0.926,0,-0.7912,0.6661,3.045,5.8258,3.6776,0.0963,0.9056,0.1631,0.8351,-0.3136,-0.1557,-2.5196,-2.3141,-2.1458,-1.9325,-2.9907,-3.1299,-4.2795,-4.8491,-4.531,-4.6118,-5.3361,-4.9929,-4.6007,-4.6425,-4.0671,-5.138,-6.4908,-5.6162,-3.8482,-5.486,-7.2966,-6.9327,-8.517,-9.0429,-10.6833,-10.2712,-10.9003,-8.7236,-12.6694,-11.5354,-11.8567,-10.7572,-11.0129,-10.1608,-10.9844,-8.8384,-12.6747,-10.3981,-10.277,-9.4224,-7.8571,-7.39,-6.3781,-3.5613,-2.3224,-4.0721,-4.26,1.5418,0.739,1.3283,-2.0359,3.0311,-0.9381,1.9866,2.0585,0.2608,-1.6699,-2.3062,-3.2931,-4.5375,-2.2508,-1.4734,-3.7962,-1.3558,-2.1059,-4.834,-1.3774,-1.1886,-4.3724,-5.8408,-7.179,-7.6086,-5.7322
-8.27904433834949,40.2759638102506,0.0172,-6.3014,0.464,0.9153,0,-1.0239,-0.4858,-0.2182,0.4866,2.4292,0.7779,0.6781,0.3213,1.6259,0.3985,2.8932,0.5511,2.6924,0.269,2.8918,3.4451,0.0603,-0.5799,2.034,3.5777,2.0425,1.6164,3.1534,5.302,5.5278,8.5228,4.036,-1.2093,0.149,0.908,3.5058,2.6729,2.1068,1.3129,-0.9366,0.1578,0.9043,2.4721,3.5838,-2.0635,-1.9341,-4.3077,-3.2447,-4.9004,-3.8892,-1.984,1.2215,0.7841,0.5359,0.2126,-0.9949,-7.3472,-4.3887,-8.5397,-1.4927,-0.716,1.076,3.8088,5.6084,3.5561,5.8674,5.6912,10.3403,6.1881,7.43,8.8496,7.3035,6.3515,8.9573,7.2414,6.3796,10.6888,8.9951,3.8274,8.1127,5.7283,1.9573,5.4219,6.7628,5.627,6.0359,6.3706,8.6892,11.928
-8.27877484376426,40.2759638102506,0.0176,6.9473,0.4547,0.9302,0,-0.28,4.6005,0.9122,0.4878,0.2332,0.6817,-3.5642,-3.2575,-3.0929,-1.7811,-1.3037,0.8071,1.7968,1.8171,3.1486,4.8431,3.9209,4.6644,4.3977,3.9982,6.3046,5.6029,1.2175,5.0256,0.7726,1.0991,1.662,-2.0877,-4.2879,-2.3894,-3.1378,-4.0516,-4.0399,-3.7929,2.1693,-2.1586,3.5973,-0.9275,0.0947,2.4559,2.3845,-0.772,2.6304,-0.8148,1.537,2.5138,10.3315,7.1674,6.6754,9.6409,8.2969,6.7876,8.359,7.7502,8.6327,7.547,8.4896,9.1805,9.4932,10.265,10.7397,11.819,15.072,11.6783,14.327,12.7364,19.137,15.2748,17.6329,13.1548,14.109,15.0021,14.8716,15.1509,17.1926,16.7208,13.2738,12.91,14.561,12.3007,14.053,14.1631,18.6054,22.0363
-8.27850534917902,40.2759638102506,0.017,-2.8373,0.4884,0.9104,0,1.175,-1.682,-3.738,-4.4802,-2.7743,-3.2934,-6.6483,-9.5351,-7.8052,-9.3092,-7.6515,-2.9127,-4.2222,-4.1869,-3.7418,-4.3302,-5.2558,-4.508,-2.2251,-3.1591,-3.617,-3.5172,-9.8685,-5.6053,-8.7055,-8.2311,-5.3581,-3.7634,-3.543,-1.8795,-0.7075,0.6867,0.8734,1.0976,6.7584,3.1273,8.8922,4.9613,4.7603,9.438,4.4187,7.1279,5.0006,4.1202,6.9577,5.8884,4.217,3.914,0.3503,0.6236,1.595,1.5975,1.4797,1.917,-0.2427,-1.2271,0.0237,0.4068,-0.0102,-0.1599,-0.3603,-3.0645,-2.8285,-7.5638,-2.1995,-7.296,-1.3294,-5.544,-1.2408,-3.4719,-2.6419,-2.4601,-0.6433,2.8354,0.6759,-4.2695,-7.4422,-3.7048,-3.5037,-3.6642,-0.9752,-2.9926,5.9586,6.6914
-8.27823585459378,40.2759638102506,0.0157,-0.7697,0.4832,0.9846,0,1.4023,-3.0421,-0.3702,1.1608,-0.7484,-1.0048,-1.292,-5.046,-6.2984,-7.5143,-3.4902,-1.9062,-2.2195,-1.9942,0.3125,0.6182,5.6624,4.234,4.3623,1.5302,3.0755,2.6175,1.3058,0.2469,-0.9297,-0.1468,-0.8017,-0.4394,-3.2839,1.9718,5.2485,6.625,10.0436,6.8971,10.1617,7.0864,11.2265,12.5005,14.786,11.0731,11.3877,15.9911,15.2213,13.11,12.2672,13.2016,8.9236,10.4723,10.6658,8.4191,11.7889,11.9259,13.2572,13.6318,12.9608,13.1406,10.5262,12.0062,17.2755,13.6866,13.833,9.3872,14.8365,11.882,11.1606,10.8426,9.4791,13.6569,14.3404,7.2499,7.9065,9.6535,6.7448,9.7796,8.2644,6.7527,8.8635,7.1268,5.7013,7.0196,7.1467,8.1349,3.774,4.266
-8.27796636000855,40.2759638102506,0.0152,12.1013,0.4411,0.8441,0,-0.9553,-2.9159,-1.1584,0.1545,-4.8764,-1.6279,-2.6798,-7.6663,-8.5497,-7.736,-2.8813,-3.1741,-2.6796,-3.2973,-2.7197,-2.2367,3.993,6.5747,4.7558,1.0802,7.1687,8.971,6.2708,6.1803,9.7027,8.7613,9.7283,11.9735,9.6363,10.1418,14.2094,17.4448,19.2824,15.5901,17.3305,15.1308,17.9459,18.176,20.6691,22.8261,21.8259,21.6914,18.9133,17.4828,18.3025,25.2294,22.6187,24.5587,27.607,29.4932,28.5795,26.3809,24.8368,22.6999,27.197,28.156,28.8943,32.1095,34.3409,33.8953,34.6686,30.9578,34.7281,32.8211,33.0739,34.0811,34.0997,35.6298,34.9664,29.375,31.72,31.9629,27.0576,27.8041,27.418,27.6649,27.2274,27.5459,28.3672,28.1012,30.8732,31.2428,32.6366,35.4092
-8.27769686542331,40.2759638102506,0.0138,-10.1635,0.4863,0.9029,0,-2.4325,1.0725,2.3279,10.6822,4.2697,2.6276,2.2699,0.126,-0.9345,-1.7437,-0.9801,-4.4656,-0.4006,-6.6654,-9.9682,-9.9475,-6.3347,-7.4468,-6.9606,-6.1915,-2.8451,-3.9417,-2.4528,-1.7291,-2.1234,-2.8238,2.3635,3.184,7.4353,5.2201,3.3561,1.8142,-0.8772,-1.3591,-5.9985,-11.8995,-12.3724,-9.2948,-5.2976,4.3595,3.4503,6.1942,6.4215,7.7572,7.5365,7.0701,7.1282,3.7704,2.8955,0.2205,0.0299,0.2789,0.1547,-0.3811,-1.6406,-0.4981,3.4707,5.7562,8.8966,3.8907,10.3979,4.8404,11.1041,10.7466,12.3232,12.4347,17.476,14.2053,14.4753,15.6528,16.7771,17.8884,16.2701,13.3544,16.8705,16.474,16.9224,18.5914,20.7586,21.1177,25.4898,24.6367,26.8814,22.5741
-8.27742737083808,40.2759638102506,0.0145,-0.524,0.4733,0.9435,0,-1.0233,1.0328,4.6019,-0.5598,-4.8543,-3.36,-6.4536,-3.5279,-2.5015,-6.4371,-3.0376,-5.3926,-5.7052,-12.1915,-9.3787,-8.6356,-13.3499,-15.9367,-16.3586,-16.4836,-15.5634,-15.9783,-13.2062,-11.3144,-12.395,-10.7342,-10.743,-14.1854,-6.6228,-9.1817,-11.605,-17.0487,-19.5788,-23.1051,-25.9234,-32.2587,-31.6901,-30.9269,-30.274,-25.77,-25.0424,-26.4933,-25.5647,-22.2874,-30.0779,-31.5704,-30.6677,-38.4403,-37.9545,-37.4572,-37.8663,-37.5472,-37.9386,-38.4232,-41.83,-41.5218,-38.5762,-36.3228,-33.4946,-36.6178,-33.2024,-39.7966,-31.0192,-34.1049,-34.6491,-34.7017,-31.7817,-29.9576,-30.2808,-27.7783,-27.1217,-22.508,-23.6938,-25.5647,-22.0988,-22.3632,-19.3399,-18.9929,-16.0492,-17.1294,-20.1648,-20.6521,-17.3708,-20.9015
-8.27715787625284,40.2759638102506,0.0155,0.3226,0.4706,0.8939,0,1.1525,-3.528,0.3064,-3.2607,-3.5762,-6.2232,-7.8387,-9.1905,-7.7987,-11.4711,-11.6039,-14.9369,-13.3468,-14.5002,-15.0806,-15.5334,-17.6801,-16.5231,-16.4617,-14.657,-15.4208,-14.5818,-14.9381,-14.5009,-16.2171,-13.7072,-14.1185,-17.2466,-13.4599,-14.5991,-12.8332,-15.9019,-14.7051,-14.5455,-15.2478,-14.9759,-14.8801,-12.8954,-10.4667,-4.0172,-7.6363,-6.4021,-10.9397,-9.6829,-13.5565,-11.7824,-13.7027,-10.8288,-9.8223,-10.3922,-11.0354,-8.6285,-11.6949,-8.4044,-5.3882,-6.9402,-5.7217,-4.0913,-5.5968,-5.9004,-6.4808,-9.6585,-9.1805,-9.9677,-11.2631,-9.519,-12.5934,-12.1741,-11.8934,-12.1568,-13.55,-9.786,-11.4372,-16.67,-14.762,-15.3305,-14.2606,-14.6372,-14.221,-14.3869,-20.9146,-19.1841,-15.9825,-19.2048
-8.2768883816676,40.2759638102506,0.0172,-1.9434,0.4297,0.8453,0,-0.5574,-0.8902,2.349,3.6852,1.1513,-3.6392,-0.8857,-1.5131,-3.8106,-4.2835,-9.0285,-7.3515,-4.7502,-5.4777,-9.1677,-9.6681,-13.2692,-12.2884,-11.8462,-10.5212,-6.2539,-6.8099,-5.8108,-5.243,-3.8643,-3.413,5.7535,6.631,11.8494,7.5996,6.5857,6.3572,9.6398,10.4783,9.0121,3.4153,7.158,9.5032,5.1773,8.6469,1.7456,8.3344,2.129,6.1494,4.1898,3.2316,5.1482,8.6709,8.6199,8.8445,6.7476,6.9523,4.7194,3.8804,8.3783,8.2581,6.0092,3.9861,-0.6437,0.8518,-1.0526,-3.0413,-3.413,-5.0653,-9.0355,-4.3121,-6.8706,-5.7339,-4.859,-3.3639,-4.1136,-2.1791,-2.9212,-4.9204,-5.612,-8.0165,-8.1603,-4.884,-4.2129,-3.1736,-4.877,-0.9058,-3.6336,4.1834
-8.27661888708237,40.2759638102506,0.0158,-1.7626,0.4488,0.8647,0,-7.1414,-0.4793,-5.9356,-5.6922,-8.6587,-10.6916,-11.4588,-10.6939,-10.7167,-12.4578,-10.783,-10.6031,-11.9111,-8.857,-7.7638,-6.7869,-9.3682,-10.8787,-10.5293,-9.2781,-19.0085,-17.9012,-15.3847,-14.8209,-14.2832,-13.7974,-13.3492,-16.051,-12.129,-13.4619,-14.2006,-12.3137,-14.4513,-9.4938,-12.1661,-10.4303,-9.2951,-10.6381,-17.4188,-18.1126,-15.2412,-20.5137,-15.2727,-17.531,-15.5671,-13.635,-15.9634,-20.8838,-15.3646,-12.6404,-13.9458,-11.7497,-14.2207,-10.3896,-11.8755,-13.1721,-14.4302,-14.7241,-12.878,-13.8917,-16.0855,-17.2426,-17.0568,-17.4404,-16.049,-17.922,-16.8124,-18.0765,-15.5585,-16.2122,-15.7282,-13.2474,-13.653,-12.1102,-11.4477,-16.3687,-16.927,-18.8917,-17.4126,-17.4646,-21.261,-14.8379,-17.2604,-9.5104
-8.27634939249713,40.2759638102506,0.0156,7.5399,0.4589,0.9081,0,1.0253,0.2687,1.7927,1.4674,0.7338,1.4582,2.7569,1.3254,1.2645,0.4769,1.375,0.6076,0.3387,0.7406,1.6448,0.2145,6.7471,5.286,4.1459,-0.1693,2.1871,2.8567,-0.3185,-0.2043,-0.0704,0.6338,0.7048,-4.9319,-3.4689,-5.8039,-1.9636,0.2369,0.0147,1.9791,2.9299,5.3442,4.3402,2.7708,4.8643,6.9374,5.1331,6.627,6.0951,8.2107,6.9816,6.1763,6.5218,5.3487,7.0727,7.4047,5.3058,6.0411,6.7278,9.8323,9.7871,10.8422,9.3209,8.7603,9.5164,5.4896,6.4351,4.2281,5.5826,4.0503,6.7196,4.2729,4.1315,2.7083,2.9661,4.3992,4.1972,3.6087,3.4125,2.6571,1.1932,1.553,1.0162,-0.2214,-0.5225,0.7125,3.8284,4.3892,6.6358,6.78
-8.2760798979119,40.2759638102506,0.0155,-1.1903,0.4466,0.8777,0,1.7843,-1.1043,-0.0125,-0.4176,-1.067,-4.5812,-2.5677,-3.8649,-3.2161,-4.5643,-5.7047,-0.849,-2.9827,-2.3572,1.9739,-1.3264,-2.4528,3.822,-2.1945,0.5896,-1.2123,-2.8777,-4.4354,-3.1432,-0.4516,-1.4284,-1.7761,-2.0101,-2.049,-5.0317,-7.5433,-9.3523,-9.6247,-9.6608,-13.3297,-12.9574,-13.3272,-15.2047,-12.9544,-15.6906,-12.0138,-7.3687,-10.6513,-12.6836,-10.7132,-10.1193,-10.4764,-9.5566,-8.8104,-10.1228,-8.5562,-8.5969,-8.7439,-8.7463,-7.4475,-7.3944,-8.416,-8.7371,-7.5066,-8.5988,-8.0762,-7.8798,-8.1601,-7.7537,-7.0919,-6.8451,-7.2803,-8.8344,-6.3414,-6.2352,-7.8227,-6.7114,-6.6252,-5.7229,-6.1168,-7.7431,-10.7584,-6.2959,-6.9184,-8.8858,-8.8138,-4.9382,-4.9684,-3.1584
-8.27554090874142,40.2759638102506,0.0161,-14.9538,0.4725,0.8934,0,-4.4582,-9.531,-5.6741,-5.231,-5.0152,-6.4044,-5.4315,-1.6785,-2.1078,1.4612,-0.5938,-0.2355,-1.2132,-1.4667,-4.4261,-1.3239,-2.8315,-4.6291,-3.2165,-4.0044,-6.6363,-8.0976,-9.2658,-12.8964,-11.8588,-14.1482,-13.3024,-13.4228,-11.1534,-15.4314,-17.0262,-17.1198,-15.3273,-17.5439,-18.0497,-16.9766,-15.9482,-21.814,-22.8718,-21.645,-23.987,-24.6191,-26.4365,-25.0464,-26.4736,-19.3203,-18.0145,-17.8534,-25.7363,-21.8905,-22.496,-22.3482,-21.3552,-19.4575,-19.3368,-20.9085,-23.4495,-23.9293,-26.8097,-20.3807,-18.3244,-18.1208,-19.6341,-21.7266,-20.521,-25.924,-20.7987,-25.8986,-25.1946,-29.3764,-27.6794,-27.5822,-29.8009,-26.1714,-23.5848,-24.2255,-24.8392,-24.232,-24.2395,-26.2855,-19.7757,-19.2684,-24.5654,-21.852
-8.27527141415619,40.2759638102506,0.0139,-31.0343,0.4638,0.974,0,-5.4056,-4.0896,0.6541,6.3777,7.2141,6.5386,3.411,1.1521,3.6112,2.3691,-1.7083,-2.6694,-0.2888,3.4445,-0.2222,4.908,3.284,-4.0103,0.7981,1.11,0.9866,1.2109,-0.0412,-0.6531,-2.4081,-2.239,-1.7506,-2.0011,1.2381,-2.512,-2.2853,-2.9057,-6.6544,-3.4488,-4.645,-8.9589,-6.0485,-9.5059,-8.497,-11.471,-16.5707,-17.6397,-17.3252,-16.6818,-19.1399,-20.137,-20.6467,-23.9927,-25.5562,-23.1323,-20.6023,-21.2437,-23.5579,-23.345,-24.1261,-23.3955,-25.6507,-27.0388,-26.1868,-25.432,-26.5564,-29.4388,-27.7082,-33.3196,-31.4147,-32.7419,-32.6173,-34.3656,-35.8731,-40.4524,-37.6192,-39.3054,-41.6597,-41.92,-40.7062,-43.796,-41.9414,-42.5399,-43.9511,-41.8569,-43.467,-44.7691,-46.9753,-42.7051
-8.27500191957095,40.2759638102506,0.0127,26.9234,0.4542,1.0,0,-4.2894,-3.9013,8.1957,8.0746,9.7623,9.9773,4.1387,4.5922,4.968,12.9244,6.8045,9.1064,8.7653,14.6628,18.0583,20.8169,16.9842,18.5944,18.5989,17.9455,22.0635,19.883,20.5302,21.4328,24.1232,22.7817,21.6905,23.445,24.1644,24.8902,25.2552,29.5563,19.7924,20.8055,14.3831,17.322,12.5161,15.7288,22.9562,18.0557,17.9192,23.383,17.9721,20.7921,18.1441,15.2946,17.9905,13.0912,19.8337,19.5251,22.771,24.075,24.4196,24.4196,24.4738,30.1333,31.1774,29.57,30.9607,29.8609,27.0798,22.7754,27.6795,25.7208,27.928,30.024,23.1771,22.9141,22.3793,20.846,21.4898,21.4078,20.36,24.4592,19.8723,19.2133,21.5753,22.2269,23.3364,25.7389,25.7588,24.0021,24.3895,24.3895
-8.27473242498572,40.2759638102506,0.0108,-4.7888,0.4695,1.0,0,0.8366,-3.3828,0.7692,-0.9474,-5.2215,-9.3836,-12.3793,-12.6768,-13.2324,-10.5234,-10.4303,-15.6424,-19.5291,-19.8391,-12.3497,-17.5772,-23.7002,-19.4334,-24.6145,-25.6302,-20.2921,-23.3334,-24.207,-22.0393,-19.3906,-18.5273,-17.664,-19.884,-15.9809,-15.2889,-12.2928,-12.6393,-7.3232,-4.8699,-8.1472,-5.8986,-11.2467,-6.6089,-0.6679,-2.4335,-14.4327,-9.098,-9.5293,-3.2697,-14.7269,-15.7176,-16.2053,-21.0775,-17.196,-18.1312,-24.1133,-24.1133,-22.5945,-21.0757,-19.0877,-17.1041,-15.5034,-18.1507,-13.6862,-15.5883,-19.1816,-13.8031,-10.2846,-11.3782,-9.843,-9.4453,-12.5209,-13.3793,-17.2663,-14.4728,-16.7809,-18.7273,-17.7308,-16.7695,-23.7615,-26.2809,-17.1925,-33.8738,-29.7464,-21.6553,-26.5382,-24.9293,-28.0038,-28.3715
-8.27419343581525,40.2759638102506,0.0067,-7.4031,0.4676,1.0,0,3.9694,1.4542,-2.7373,-3.3454,-5.5022,-11.2454,-14.486,-17.0167,-20.2456,-17.1347,-20.952,-21.5584,-25.8862,-22.3812,-22.8519,-22.8774,-19.4247,-20.8394,-17.2003,-16.3373,-21.3294,-20.3652,-20.7711,-24.8774,-22.6381,-25.6349,-25.2903,-23.5856,-26.0636,-22.7725,-23.8324,-21.6013,-33.1436,-41.4,-33.436,-29.6786,-35.3398,-38.4022,-43.2055,-48.18,-52.8193,-56.4203,-52.8873,-54.9095,-53.0201,-54.6787,-56.9873,-59.9117,-58.4234,-63.2412,-61.6308,-63.3633,-61.4017,-60.7955,-62.0099,-62.8567,-61.758,-56.8762,-52.0585,-51.851,-47.8655,-42.9304,-48.1034,-46.3694,-44.6353,-49.5888,-47.8698,-46.7583,-50.7553,-51.5186,-53.3824,-57.15,-58.3133,-61.7648,-61.727,-63.2952,-62.1985,-65.2987,-67.3535,-69.4712,-77.1463,-78.7417,-81.1045,-82.265
-8.27392394123001,40.2759638102506,0.0131,-3.937,0.4714,0.9963,0,-3.0983,-4.2131,-11.3156,-14.884,-14.6187,-14.9867,-7.9646,-8.1715,-9.9869,-6.9458,-9.8967,-8.9369,-9.0459,-17.324,-14.9721,-14.8252,-13.2299,-9.5657,-9.3198,-8.3224,-9.2906,-9.5367,-12.9015,-11.6645,-12.7708,-9.8806,-16.355,-17.48,-21.364,-17.4412,-15.7635,-14.4731,-17.4459,-18.1779,-18.5895,-13.1328,-9.3489,-10.0903,-13.0003,-10.8329,-12.2068,-11.6491,-11.8553,-12.3987,-11.9502,-13.1969,-10.7908,-10.3636,-14.9069,-20.4967,-14.0819,-13.9223,-11.94,-10.2636,-7.8802,-8.5,-7.3313,-6.5664,-3.5431,-5.2389,-5.1027,-8.2857,-6.9779,-10.7583,-6.8523,-3.814,-7.8713,-3.405,-10.1466,-5.6019,-9.3574,-10.8574,-9.707,-12.7118,-17.3896,-13.3851,-10.7098,-12.6499,-14.477,-11.9237,-16.7335,-17.6743,-19.9073,-22.7449
-8.28254776795756,40.2761694180285,0.0183,-2.6812,0.4114,0.8849,0,6.3869,4.621,-4.3018,-2.8233,-2.5792,-7.9133,-14.9205,-15.7042,-16.2054,-14.4286,-10.6903,-12.4149,-10.2416,-4.6586,-8.2486,-4.5217,-9.8962,-9.1145,-7.968,-8.2021,-15.4676,-15.4377,-11.697,-16.4447,-18.6358,-18.2397,-20.8376,-20.0569,-21.2524,-21.9572,-21.1524,-20.5364,-21.6148,-21.8926,-18.943,-18.1758,-17.3428,-15.4548,-18.2008,-20.2138,-19.4494,-19.2781,-21.8837,-22.0733,-20.2322,-19.8822,-20.9642,-18.2236,-20.0811,-20.9572,-22.8385,-20.5988,-22.2134,-22.0175,-21.3852,-15.9776,-15.9352,-13.2874,-11.802,-9.9448,-10.9509,-10.2426,-14.6371,-11.1913,-1.7159,-1.6948,-2.1562,-0.7287,-3.8821,-9.8066,-8.0721,-5.9132,-7.8447,-8.8032,-7.3584,-7.1668,-4.4273,0.9224,2.38,-3.9375,-6.7952,-9.9602,-8.6665,-6.8206
-8.28227827337232,40.2761694180285,0.0167,-1.5208,0.4413,0.8885,0,1.7077,5.1411,1.7522,3.2165,0.6517,-0.2229,-5.2151,-4.5681,-8.1017,-8.4422,-4.5745,-3.1064,-4.8638,-2.1978,-0.9262,-0.6399,-3.422,-0.7505,1.0403,-0.7833,-2.4366,-0.9694,-2.6096,-2.6808,0.6798,-0.1222,-3.2411,-5.1396,-6.6011,-7.6261,-7.4028,-8.3096,-7.4158,-7.4894,-6.2871,-7.6168,-6.5667,-4.5234,-8.1523,-8.6956,-9.4976,-5.3056,-8.954,-7.258,-9.3439,-9.0006,-9.7915,-7.9674,-8.4746,-9.5187,-8.96,-8.4953,-8.024,-6.2493,-1.893,-2.2122,-5.2584,-2.8265,-4.8397,-4.1231,-4.055,-5.6992,-7.9758,-6.0856,-4.6914,-1.6417,-3.4045,-3.3668,-3.0445,-8.1995,-6.7771,-4.9881,-5.5489,-8.1507,-8.665,-6.7447,-6.4937,-3.0157,-2.2941,-8.5522,-10.9838,-11.2613,-13.3391,-9.5673
-8.28200877878709,40.2761694180285,0.0145,-11.6325,0.4779,0.9955,0,1.4605,0.978,1.8416,2.2522,0.491,-0.1247,-2.2287,-3.1353,-5.76,-5.2517,-4.9091,-4.1521,-4.8092,-11.1322,-9.7682,-9.5833,-8.9647,-7.8418,-9.3982,-14.1171,-13.5953,-10.2792,-15.8237,-14.8701,-14.2583,-15.652,-12.6519,-13.9482,-17.5715,-16.4683,-18.5064,-16.5884,-16.6014,-16.5318,-15.0639,-15.442,-15.7985,-17.3145,-20.3746,-13.7463,-8.5084,-10.2598,-13.5584,-14.6338,-18.0312,-17.7484,-12.847,-11.9094,-9.8751,-10.2248,-12.6499,-13.4444,-14.8892,-14.6131,-18.2714,-19.754,-19.9015,-20.2673,-19.0208,-20.4368,-20.5395,-19.7535,-20.9012,-20.1287,-23.1092,-19.1291,-19.5578,-17.8408,-17.7205,-20.8119,-19.4015,-20.7774,-20.1648,-22.3352,-22.6371,-22.056,-21.5785,-23.5412,-23.0747,-26.2307,-24.3768,-24.0871,-25.5528,-21.8848
-8.28173928420185,40.2761694180285,0.0162,-4.3155,0.4467,0.9403,0,-5.1276,-5.4497,-1.8849,-5.2343,-5.06,-3.7898,-6.4281,-10.194,-10.7982,-9.8322,-11.3105,-6.9392,-8.2684,-10.8274,-11.4891,-15.4855,-9.7861,-6.637,-7.0278,-4.6085,-2.2868,0.0239,-1.0418,1.7598,1.6549,1.7539,3.3948,-0.5083,-0.0227,-0.5494,-4.2941,-3.569,-2.5609,-0.2644,0.1251,-5.893,-5.3875,-4.7089,-9.8097,-9.414,-8.3776,-9.6624,-11.7352,-14.0593,-11.9297,-12.2089,-9.4306,-1.9482,-7.1726,-9.7888,-11.8693,-9.1817,-12.0756,-12.1225,-12.6873,-14.9188,-17.1605,-13.936,-12.2296,-13.8336,-11.131,-11.3891,-13.7993,-15.3273,-12.1842,-9.8407,-8.6242,-9.9749,-9.3375,-10.3314,-11.053,-11.5711,-14.4609,-15.9508,-14.5021,-14.4634,-11.1193,-9.3928,-8.9388,-11.1878,-8.1718,-7.1051,-2.2238,-3.4948
-8.28146978961662,40.2761694180285,0.0119,-12.299,0.4593,0.8901,0,-4.1845,-8.0465,-7.7118,-9.0538,-8.7623,-9.3282,-8.609,-9.7245,-7.9435,-8.9964,-10.9637,-14.5631,-10.0678,-11.7512,-13.019,-10.7634,-6.4558,-8.1742,-8.2221,-4.4481,-2.739,-1.7749,-5.9041,0.1606,-2.5777,1.0667,3.2812,3.0503,10.2127,9.565,4.1593,1.733,2.785,1.3365,0.5542,-7.8047,-4.1389,-5.9651,-7.5837,-8.427,-11.3293,-8.5346,-9.8417,-10.0787,-11.6405,-10.2127,-12.8165,-10.3791,-10.6782,-11.2193,-11.4743,-10.0005,-16.5196,-17.1982,-16.6157,-17.2356,-17.6963,-15.9108,-17.6188,-15.1837,-15.1837,-13.9608,-16.6205,-17.1437,-20.1621,-22.2412,-19.9958,-20.2057,-20.9115,-19.4065,-19.1377,-19.8078,-19.0506,-18.5106,-22.1983,-17.2312,-18.4,-20.2725,-22.6358,-25.7438,-23.6239,-24.6826,-20.5867,-22.8049
-8.28120029503138,40.2761694180285,0.0153,-7.9052,0.4749,0.906,0,0.7638,-3.3692,-1.8687,-2.4444,-4.0174,-6.7042,-6.8974,-10.3298,-8.1569,-15.4107,-15.4874,-12.1874,-14.1411,-8.5965,-10.5458,-13.7403,-8.9681,-9.3221,-12.7285,-13.3922,-11.0295,-4.4294,-3.6028,-8.3941,-5.6008,-5.6008,-5.6008,-3.7657,-1.9588,0.4247,-7.3923,-8.6856,-8.4808,-8.017,-7.0688,-5.0242,-6.2349,-6.0004,-10.1958,-10.5002,-13.6522,-9.1489,-8.4485,-3.2065,-9.0299,-9.1185,-8.6019,-7.1274,-4.1486,-5.4461,-8.1189,-6.9209,-8.0845,-7.8013,-2.7529,-3.1018,-3.4904,-2.7998,-4.7986,-4.2652,-4.423,-7.1545,-11.1575,-10.5711,-10.1954,-12.1697,-11.3129,-12.5841,-14.1739,-11.3656,-9.0458,-12.3807,-11.7349,-12.0777,-8.3767,-7.3747,-5.22,-7.7167,-5.3785,-5.306,2.2134,0.6807,2.9875,2.7656
-8.28093080044614,40.2761694180285,0.0189,-10.7684,0.4547,0.891,0,-0.7091,-1.4903,-3.6475,-6.7281,-6.6597,-6.617,-10.2828,-13.6438,-11.4222,-15.3322,-11.9123,-4.7501,-6.9051,-4.1727,-4.1527,-5.7012,-3.6669,-2.4829,-4.6811,-3.0563,-2.8754,-3.1927,-4.1072,-1.6321,-9.4879,-4.6653,-3.3016,-8.0862,-6.6486,-5.3446,-9.0382,-7.3007,-12.669,-12.5004,-11.0951,-14.3144,-13.6867,-16.0812,-14.0053,-13.211,-13.8332,-6.5288,-6.9738,-5.0578,-8.3069,-8.2683,-5.1121,-10.7048,-5.7427,-7.2995,-8.4344,-7.7911,-9.6979,-7.8822,-9.9149,-9.8311,-10.0818,-7.648,-9.7631,-11.3276,-18.7517,-22.2069,-23.273,-22.9905,-22.5129,-21.3408,-24.4759,-22.8472,-24.0403,-21.9118,-26.1373,-26.6994,-30.3809,-29.7824,-29.2375,-28.7575,-26.5838,-30.8487,-30.6752,-32.1476,-31.5641,-33.5731,-27.6032,-28.6109
-8.28066130586091,40.2761694180285,0.0151,-5.5862,0.4716,0.8789,0,-2.2498,-0.8339,-3.6678,-6.5518,-8.1058,-9.7871,-15.2465,-16.085,-15.3392,-16.2872,-15.9971,-11.0334,-14.093,-8.3008,-7.4764,-8.2749,-8.6255,-6.6084,-8.9691,-11.6447,-10.8666,-9.9655,-7.7979,-7.2398,-12.4686,-11.8521,-14.3728,-16.3203,-14.3273,-16.2319,-18.4001,-15.9804,-8.3782,-15.4672,-14.5307,-18.2122,-20.805,-23.7788,-16.9753,-17.7015,-19.453,-17.6167,-17.5294,-16.7027,-15.6208,-14.34,-13.3328,-13.3003,-12.6616,-9.5143,-9.5225,-9.9944,-7.4327,-7.3635,-10.3411,-11.4422,-12.6606,-11.9097,-14.5723,-16.3472,-19.5749,-26.6818,-27.7623,-29.5085,-29.5798,-31.9365,-31.2447,-32.2517,-33.4204,-31.1088,-32.5199,-37.0659,-31.8191,-35.6696,-36.5577,-33.37,-32.0687,-36.609,-38.8684,-40.2539,-42.3759,-41.9499,-45.7807,-39.9396
-8.27796636000855,40.2761694180285,0.0123,14.6525,0.426,0.9758,0,0.78,-2.7778,-7.2725,-3.9161,0.6615,5.062,4.7144,2.0458,1.9166,0.4854,0.8335,-2.7034,-2.8738,-5.5666,-8.5206,-9.9384,-7.5621,-6.4614,-8.0049,-5.1531,-5.7569,-6.0629,-6.3179,-7.1346,-4.8081,-4.9808,-5.1358,-1.4175,1.6556,0.2838,-1.2812,-1.2432,1.6733,2.4011,-1.1294,-3.0045,0.4692,-1.0748,-6.5023,-0.7814,-0.9692,-0.9132,-0.5681,-2.253,-4.967,-7.4149,-7.0619,-2.1893,-4.259,-2.4541,-2.4347,-2.0718,-2.5429,-4.7852,-0.2614,2.562,3.6838,5.6932,8.2901,8.3734,8.2532,9.2083,9.6455,11.0991,10.8681,10.0642,10.0325,10.4887,10.2426,8.2566,12.841,12.3077,9.2273,8.1758,11.2654,10.2632,12.2524,14.5406,15.8459,12.3144,12.6452,9.565,9.6339,10.8742
-8.27769686542331,40.2761694180285,0.0162,-7.5193,0.4717,0.8899,0,-1.4119,-7.404,-11.9856,-10.0007,-11.8122,-10.4028,-11.867,-9.7088,-12.9194,-12.7774,-12.7872,-15.9093,-14.9161,-16.7017,-17.5278,-18.2008,-12.6385,-15.8152,-15.5074,-19.8037,-17.1249,-17.0574,-16.7872,-19.6364,-19.3467,-19.2305,-21.881,-20.383,-18.1228,-17.7031,-19.4963,-19.2943,-17.1728,-17.6398,-17.7892,-19.2059,-16.5409,-14.9416,-19.3208,-23.8606,-28.5918,-30.0735,-32.8857,-32.3128,-35.636,-35.013,-35.6883,-31.845,-35.4372,-31.4418,-34.2517,-36.7571,-35.7961,-37.0735,-35.4101,-34.8908,-35.6667,-36.2947,-34.0183,-35.9522,-32.6322,-30.5186,-29.3219,-29.4472,-26.0631,-29.5995,-24.4758,-28.6065,-29.6131,-28.1727,-25.6011,-30.2456,-30.3144,-30.9022,-29.8235,-30.17,-26.9617,-28.9625,-29.5552,-28.8757,-27.1198,-28.3087,-30.637,-33.0442
-8.27742737083808,40.2761694180285,0.0151,-7.9997,0.4722,0.9096,0,0.0074,-5.7203,-8.2512,-8.3907,-9.4992,-7.5242,-6.7336,-2.0327,-5.2894,-6.4147,-4.487,-5.7666,-7.8502,-9.6146,-10.1189,-11.6637,-5.7799,-6.0686,-7.3243,-9.9753,-11.2915,-11.1668,-12.0761,-11.4954,-13.3933,-10.7909,-9.9028,-9.2522,-8.0729,-13.9625,-15.3082,-18.9229,-14.345,-16.934,-20.1573,-23.0239,-18.6683,-16.9063,-18.3903,-26.7404,-30.8044,-33.15,-39.4801,-38.7518,-38.5436,-37.9252,-39.3849,-34.2732,-36.6773,-34.279,-34.6744,-34.706,-34.1797,-34.3363,-35.3973,-37.2805,-37.8197,-35.9365,-29.2849,-35.1484,-32.0324,-31.0908,-30.7741,-34.6738,-29.5424,-36.8497,-28.5285,-28.9679,-27.3558,-26.246,-26.1464,-31.2991,-32.713,-35.0807,-39.1722,-39.4328,-40.9474,-44.138,-41.1767,-39.8961,-42.5081,-42.6861,-44.5724,-43.3534
-8.27715787625284,40.2761694180285,0.0166,11.8379,0.4535,0.9145,0,0.8298,-3.3519,3.508,6.3356,5.691,0.3579,-5.6425,-6.2816,-8.4681,-10.244,-18.5288,-18.283,-17.9572,-17.7165,-22.1898,-22.3629,-28.0603,-26.2103,-25.9926,-26.2965,-22.9808,-24.6275,-21.5804,-21.2094,-19.5265,-18.8062,-11.7014,-13.0201,-11.2227,-10.2857,-10.3286,-10.3147,-7.0491,-10.1861,-11.1476,-16.5581,-11.7591,-8.4736,-12.8685,-10.1363,-17.7836,-8.6562,-13.6854,-5.9835,-7.5255,-9.5671,-5.5683,-3.8281,-2.3939,-2.4729,-4.913,-5.5456,-6.5276,-8.2815,-1.7683,-2.2183,-5.0143,-7.1603,-6.6034,-8.0529,-6.2818,-9.4742,-9.5453,-12.8016,-11.2813,-11.3102,-9.819,-11.4681,-11.1811,-15.9569,-16.9529,-15.5043,-17.594,-22.4284,-24.1754,-29.6829,-30.0395,-32.063,-30.2496,-27.9796,-29.8479,-28.699,-29.5225,-23.2228
-8.2768883816676,40.2761694180285,0.0147,0.2258,0.5063,0.9338,0,0.6851,0.68,4.0098,4.5158,3.4374,0.6512,0.9946,2.1343,0.969,1.692,2.9136,5.9117,5.1006,10.2187,6.9716,9.0539,9.3133,6.9491,6.9994,6.5632,7.6133,8.2671,9.7758,10.4228,11.54,9.6885,12.412,12.416,13.9265,11.4058,12.8029,13.2378,13.3622,16.3613,13.009,9.7595,11.7782,13.3942,11.1756,14.5859,6.6926,3.9743,4.2525,5.0541,9.7435,9.7119,8.0268,11.6557,15.5225,16.4667,19.8995,13.6409,15.2029,12.2203,9.4771,12.9648,11.6646,9.8989,8.7007,9.6396,11.8288,9.6103,11.3403,10.773,9.7588,13.3894,13.8115,14.1644,16.1565,15.9894,13.3152,17.4265,18.3119,18.2622,21.2186,17.503,16.0632,17.4511,14.8903,14.7556,11.8583,17.0352,15.9954,15.6789
-8.27661888708237,40.2761694180285,0.0169,-13.082,0.4429,0.8973,0,-2.1937,2.0428,1.6571,0.823,0.7621,0.2113,-2.4517,-5.5594,-6.4235,-9.3792,-11.8048,-9.3686,-7.0015,-7.1026,-4.552,-8.6972,-4.9199,-2.5348,-5.0533,-5.7525,-10.525,-10.2471,-11.5258,-8.5515,-8.7963,-10.7954,-10.6388,-11.2154,-13.0654,-12.1433,-13.2902,-11.4058,-13.11,-10.5096,-18.1353,-11.5119,-11.4855,-10.5999,-11.503,-7.5358,-11.9336,-10.8314,-9.5991,-8.6461,-8.208,-6.8214,-8.0668,-11.2224,-11.2716,-9.892,-11.0486,-9.4375,-10.2938,-9.2114,-9.6763,-12.7228,-10.1759,-8.4045,-9.117,-10.6783,-11.9682,-7.6629,-9.0328,-8.2256,-6.9553,-8.0424,-7.0093,-8.8288,-7.3182,-4.6271,-7.1085,-4.4486,-5.7718,-3.7377,-7.3131,-5.008,-5.8735,-9.6425,-10.5144,-10.9038,-15.8716,-12.0159,-12.4238,-11.0363
-8.27634939249713,40.2761694180285,0.0164,0.9554,0.4208,0.8189,0,1.6301,0.5779,1.9772,-0.3302,0.1729,0.3373,-1.007,-3.0954,-2.6521,-2.9369,-3.7876,-1.2792,-3.3287,-3.2742,-0.1044,-2.9844,-3.0312,-1.8609,-5.444,-4.7814,-4.2195,-6.1947,-3.6998,-1.7868,-1.266,-1.3421,0.1739,-5.5956,-7.2747,-6.3011,-8.5184,-8.4968,-11.8217,-11.0371,-13.0611,-9.001,-9.1244,-11.3486,-9.2524,-11.4295,-7.2962,-6.3868,-3.8389,-1.4232,-1.1664,-1.7709,-0.9789,-0.7913,0.7857,1.9805,-1.3349,0.5833,-0.2578,1.1483,1.8716,0.4872,1.114,1.9116,0.7639,-0.4036,2.1898,0.619,1.5404,1.8822,5.7964,3.6073,6.2303,3.9454,5.2712,5.81,3.8006,3.4189,2.7252,3.7972,3.354,1.7862,0.3732,1.6746,0.9724,1.9653,3.0741,3.4601,4.7126,4.1984
-8.2760798979119,40.2761694180285,0.0151,4.6177,0.542,0.9076,0,0.1197,0.3569,3.1706,0.0419,2.1267,0.8512,1.9917,0.5307,-0.6735,4.1141,2.0121,4.0445,3.5458,3.6387,5.9154,6.1381,6.7565,5.3897,5.6116,6.9914,5.6159,9.1117,8.6673,11.0888,6.4751,11.1546,9.7817,9.9705,6.3756,6.2143,4.1517,6.3749,5.7529,7.9221,7.5093,10.0595,11.3185,8.4496,11.391,10.7774,10.6753,8.5863,11.2708,15.4018,12.9683,9.8041,10.0019,12.3936,12.6088,13.0246,12.8676,14.3067,13.1151,13.9204,14.7931,15.5737,15.4367,14.1114,13.6283,14.6031,15.8517,17.3058,18.4706,16.1974,20.0587,17.6181,20.3811,19.6522,21.859,23.6544,21.6643,24.2503,21.9063,20.2571,22.8757,21.0042,15.8147,20.5591,21.8928,16.5126,18.5925,19.3558,20.823,23.4006
-8.27581040332666,40.2761694180285,0.0145,1.6038,0.6005,0.9635,0,1.8199,-0.2559,1.7693,-0.6424,-0.3349,0.6648,0.6748,-0.5208,-1.9337,0.3198,-0.6187,2.023,1.672,1.672,1.0676,0.5358,-0.6725,1.379,1.0344,-2.1555,-5.214,-1.6572,-4.4149,-2.6032,-4.5601,-4.6741,-3.7412,-4.8952,-4.6526,-4.7633,-2.7331,-0.5913,-1.1589,0.4171,-4.1119,1.5914,2.8676,4.2547,1.8057,3.3597,0.3856,1.7931,1.7482,2.8239,1.8952,2.2734,2.6359,3.1831,3.8851,4.1024,5.3499,8.1902,6.8324,8.9141,9.4551,9.3501,8.8722,9.3898,7.6443,9.9109,9.7269,8.8206,10.1868,7.7847,11.9407,7.3043,12.2271,6.5441,12.1768,6.9724,11.533,7.7723,7.2321,2.0356,1.5183,4.4304,-0.3923,3.6321,3.9942,2.4139,3.8482,5.5752,8.3543,9.1741
-8.27527141415619,40.2761694180285,0.0179,-3.6102,0.444,0.8992,0,-1.2088,0.5525,1.8847,1.7277,2.3284,3.4593,0.3209,-2.1979,-0.7846,-2.8857,-4.0118,0.7781,0.629,2.9793,1.1181,0.2034,-0.4319,0.7606,1.781,-0.3525,-1.3819,2.3124,1.395,1.1612,-0.6482,-2.7113,-3.0944,-2.033,-0.7761,-0.7832,-0.5307,-1.5287,-4.5509,-1.2511,-6.1628,-2.7709,-3.3313,-2.2947,-0.9086,-2.1772,-2.3941,-2.1791,-4.0835,-6.3293,-5.176,-4.812,-4.2249,-12.5701,-13.1895,-11.3035,-12.2593,-11.5405,-14.956,-15.1875,-14.5764,-16.7018,-17.1241,-15.4907,-16.6207,-15.3024,-21.5847,-23.7574,-20.9494,-25.117,-23.9624,-27.097,-24.1287,-29.3749,-26.4933,-28.6176,-29.007,-31.0616,-31.1792,-33.978,-32.5124,-33.3937,-32.1951,-29.4689,-30.5376,-27.8279,-24.5263,-25.5391,-24.2172,-24.6325
-8.27500191957095,40.2761694180285,0.0139,21.884,0.4493,0.9917,0,-2.8952,-3.6152,-2.9986,-3.5872,-3.8146,-3.2887,-8.3702,-8.94,-8.0869,-4.5593,-10.8378,-9.3066,-8.2648,-9.8905,-5.75,-5.5388,-4.8417,-4.9643,-5.7751,-7.4003,-11.9981,-9.659,-6.3765,-6.9194,-6.4122,-6.5194,-5.4726,-4.8292,-7.2612,-8.737,-7.0023,-12.1532,-10.5223,-11.1557,-14.7307,-9.97,-13.2896,-10.4948,-7.2403,-9.9889,-9.6351,-8.8341,-13.203,-13.1664,-16.6393,-12.8174,-12.0437,-14.7531,-13.8239,-14.1083,-14.9312,-13.8481,-14.9215,-14.017,-16.7995,-17.0828,-17.7601,-16.7493,-16.7971,-16.1584,-18.431,-17.1805,-16.5772,-15.6848,-9.8203,-17.9602,-13.3585,-18.1392,-17.3216,-23.3832,-21.49,-26.6159,-22.8543,-22.9834,-24.3394,-24.1558,-22.8648,-21.014,-21.5329,-19.5796,-17.5202,-16.9678,-16.1792,-18.4617
-8.27473242498572,40.2761694180285,0.0108,-3.8595,0.4591,1.0,0,-1.7184,-2.7544,-4.6941,-8.0021,-10.1666,-11.7024,-13.2747,-15.373,-16.6914,-16.5279,-19.3147,-26.5937,-25.0715,-30.085,-27.711,-27.5473,-25.9687,-29.6617,-30.4872,-32.9125,-32.4623,-33.32,-34.4838,-32.4706,-33.0556,-31.7413,-31.0686,-33.3018,-31.6686,-33.0047,-25.1927,-30.4774,-33.3892,-31.2145,-31.3334,-31.4576,-36.6922,-34.7232,-31.2342,-31.5082,-34.0788,-33.509,-33.7811,-34.6811,-36.5362,-35.6788,-32.6868,-38.5554,-40.7228,-41.4739,-45.5064,-41.4558,-44.8481,-39.2402,-36.8822,-37.8535,-37.7856,-38.7674,-39.0311,-38.5201,-39.5615,-38.1209,-35.9088,-35.9762,-32.3433,-35.9517,-33.6009,-38.6546,-39.8601,-45.3264,-42.623,-46.0844,-45.0759,-46.272,-47.6682,-49.3123,-46.3073,-51.9162,-54.434,-51.597,-50.8301,-49.4952,-51.9122,-52.5082
-8.27392394123001,40.2761694180285,0.0075,35.5946,0.346,1.0,0,-1.9346,-1.907,-4.0407,-1.6258,-7.017,-8.7321,-9.7605,-9.6162,-11.5928,-10.9661,-14.9985,-8.6142,-6.8424,-7.6182,-5.9093,-8.5789,-10.3524,-13.6451,-12.1005,-14.5492,-11.4932,-11.0242,-7.7075,-3.1303,-5.3337,-9.2921,-8.3837,-4.2626,2.4523,6.2861,6.7097,9.276,4.1403,4.0305,14.2594,7.3778,6.0322,4.6325,10.9806,15.1795,15.5898,14.5281,18.6773,13.3499,21.1853,17.6759,14.4395,15.5903,12.9817,15.6489,15.9031,16.8931,14.8615,15.2949,11.1447,12.1076,12.6414,12.2123,15.4419,15.343,15.4766,14.4669,15.1813,13.5442,13.6271,13.8452,11.1013,15.9076,12.1746,12.6711,8.191,16.0361,16.5278,13.9893,19.038,19.1269,19.8157,26.4862,25.5034,27.0268,26.8712,25.0601,25.0201,23.1264
-8.27365444664478,40.2761694180285,0.0165,7.7868,0.5199,0.9584,0,0.0444,-3.1046,-2.7973,-0.2875,-4.1603,-6.6976,-8.9013,-10.2693,-11.0876,-11.2695,-17.6416,-15.0054,-12.2241,-12.6726,-11.6876,-12.7126,-14.9513,-13.0843,-14.5043,-16.7145,-18.2378,-13.3858,-10.6665,-11.07,-10.9917,-11.7377,-11.0491,-9.5145,-4.1286,-3.3048,-4.1255,0.3707,-3.4403,-4.7936,2.0821,-2.5835,-1.4077,-2.2149,1.3495,3.8446,3.6518,5.9672,11.9552,9.0062,12.2894,7.7311,6.2238,9.2859,4.5957,7.1801,5.8877,6.4249,6.1186,6.2333,-0.8943,-1.4457,-0.852,-0.1238,0.7519,-1.2287,1.8253,0.7512,1.0533,-6.0547,-0.5728,-6.4234,-3.2872,-4.1742,-1.118,0.2891,-4.7643,1.6531,1.6341,-2.4273,2.0959,1.1048,0.2465,2.516,1.5529,2.1112,1.9624,-1.4296,0.7149,-4.9774
-8.28254776795756,40.2763750251812,0.0143,-4.3786,0.4658,0.8986,0,0.8318,-0.6936,-0.3121,1.4342,-0.6193,-1.406,2.9823,1.8491,-2.8926,-1.6425,-2.8512,-0.24,-2.7092,3.5956,0.9234,0.5794,0.5781,0.6786,-0.1263,-1.6919,-8.0853,-4.4992,-4.8714,-4.4919,-3.6252,-2.0023,-9.228,-11.1606,-11.8229,-16.8876,-18.1866,-17.9737,-19.9783,-15.3919,-14.0555,-11.3782,-14.3776,-11.8918,-10.4015,-11.2038,-11.8596,-12.7423,-14.0335,-13.8755,-14.0206,-12.7004,-13.1427,-11.362,-12.211,-12.9531,-13.4276,-12.6637,-16.6888,-12.0363,-12.466,-11.0306,-12.9113,-12.354,-11.0781,-10.7663,-12.2396,-12.3469,-10.5012,-10.8368,-12.0857,-14.1388,-14.8278,-15.773,-13.1844,-17.119,-15.5765,-17.012,-18.384,-19.1142,-21.5015,-18.5649,-18.1037,-15.3468,-18.9531,-23.1686,-25.2567,-22.3755,-21.6114,-17.4422
-8.28227827337232,40.2763750251812,0.0141,-4.6781,0.4184,0.9099,0,-0.6348,1.0889,1.8527,3.6617,0.8909,-1.6332,-1.3838,-2.9343,-5.7551,-2.7936,-2.673,2.808,2.7919,7.0163,6.9678,8.4421,5.6597,8.047,10.1511,9.1586,9.7807,9.2752,8.416,4.53,7.7635,6.5852,4.3334,4.151,4.2554,1.429,1.1922,4.0678,-1.1471,-0.316,2.1498,5.9635,1.3083,4.9416,-0.064,-2.5366,-1.0844,-1.808,-6.6856,-6.2595,-7.8173,-7.0537,-10.0462,-10.0942,-9.535,-9.2223,-11.6498,-12.0354,-10.9161,-10.7724,-11.6705,-10.9768,-13.6206,-11.9216,-8.4931,-10.6867,-9.069,-9.9643,-4.6037,-3.8383,-9.0765,-5.0788,-7.7862,-7.2589,-7.0859,-7.6712,-8.6675,-6.8434,-9.5922,-10.3939,-11.3326,-10.4207,-9.145,-5.1929,-11.0356,-13.984,-9.0571,-9.5379,-9.6136,-13.2898
-8.28200877878709,40.2763750251812,0.0158,7.8363,0.4718,0.9187,0,0.3096,1.7253,1.0001,2.2733,0.454,-0.8895,-7.3448,-7.1933,-5.1045,-4.1557,-2.4675,2.8412,4.283,7.4924,9.0144,7.3533,9.5353,12.5687,13.3144,15.0056,16.9414,19.1943,15.314,15.9804,19.107,20.5704,18.9225,19.7507,16.0407,19.5512,23.325,20.0244,19.7936,20.7712,20.8317,17.7295,20.8351,22.2882,24.4429,25.2682,25.1553,29.9636,23.5169,22.8098,22.8604,23.0459,24.5526,22.1793,22.5381,23.7641,19.9823,21.241,20.8123,21.25,22.6106,22.3272,26.851,24.6447,27.1412,23.0275,25.9297,24.6557,21.7277,24.1774,23.5644,23.4569,20.7388,22.5527,23.2824,22.3598,24.9897,21.4419,20.7123,19.3184,20.1873,21.2237,19.3342,22.1995,20.5354,20.2684,22.0891,22.2216,25.171,24.3735
-8.28173928420185,40.2763750251812,0.0161,0.6791,0.5498,1.0,0,-2.5406,-9.3606,-9.5615,-12.9323,-12.222,-12.8696,-14.8136,-21.0852,-19.8343,-17.9293,-17.4759,-15.9299,-15.4413,-18.0367,-18.9586,-18.211,-13.4689,-13.8523,-15.3875,-11.8067,-12.5301,-10.5721,-10.7122,-6.4622,-8.1444,-7.6729,-5.2818,-5.0688,-8.3395,-10.31,-11.5154,-14.2676,-11.4999,-6.1257,-4.0481,-8.4736,-6.5897,-7.5706,-10.9138,-4.7007,1.7457,-1.5189,0.0416,2.0475,0.0001,-0.7727,4.4175,5.1916,4.4528,2.6013,1.6097,2.3104,3.1693,2.8809,-2.9439,-4.6052,-6.9574,-2.492,-1.6115,-0.6605,1.1916,4.7973,3.0689,2.4696,7.7473,8.3523,8.9611,6.3357,6.6519,1.732,0.3772,1.8965,-1.728,-1.8402,-2.7542,-5.6664,-4.5804,-0.4035,-1.997,-6.4905,-5.082,-8.6341,-4.158,-3.6107
-8.28146978961662,40.2763750251812,0.0146,-14.2579,0.511,1.0,0,-0.6581,-1.7858,-2.5376,-5.711,-5.6473,-11.286,-13.2407,-11.702,-14.8157,-12.8766,-10.214,-11.5831,-13.3613,-16.6383,-16.3006,-15.3021,-17.8428,-17.4632,-14.7648,-14.4808,-13.6343,-18.3698,-24.4644,-20.5395,-20.3717,-21.8831,-21.3699,-20.9558,-29.5585,-28.1825,-29.5464,-27.8619,-27.7393,-32.3651,-31.7083,-36.0262,-36.5925,-36.0179,-39.8355,-43.0086,-34.6072,-39.2219,-39.6701,-38.6891,-38.7603,-36.687,-32.9345,-39.6569,-33.7352,-34.7688,-37.2285,-36.9706,-38.4205,-38.8117,-40.6734,-38.1904,-38.0584,-34.723,-39.0591,-39.4522,-40.3957,-38.1224,-39.4203,-41.1664,-43.1277,-42.4481,-44.3272,-41.2414,-42.7073,-43.2114,-45.7917,-43.807,-44.7945,-50.4251,-50.3887,-41.3156,-39.0913,-35.0237,-32.8053,-33.9115,-33.6891,-31.8401,-28.7134,-31.7818
-8.28120029503138,40.2763750251812,0.0149,-19.831,0.4783,0.9098,0,3.054,-0.5411,-0.8346,2.4585,0.571,-1.3565,-1.4102,1.5508,-1.2144,-3.2248,1.3361,2.6666,-1.1326,-3.3766,-3.4754,-2.8412,-2.2525,-3.2804,-1.5912,2.4295,2.4343,0.7335,0.1125,0.1082,-0.8828,1.9151,1.0124,-3.9577,-2.953,-6.8873,-11.6156,-13.4188,-12.3361,-14.7556,-11.9555,-13.7815,-8.3378,-7.4115,-4.8047,-6.0508,-2.4156,-4.7076,-5.0736,-3.2925,-5.7786,-7.0203,-7.0067,-4.7495,-2.7135,-2.2179,-1.5972,-3.8178,-2.5525,-5.7689,-2.4402,0.5533,-0.9514,-6.5775,-13.6128,-13.0552,-15.5583,-20.2941,-23.4446,-23.5199,-26.8213,-27.0522,-27.2687,-27.8589,-30.2447,-30.2042,-25.6468,-24.6287,-28.0465,-29.4068,-30.5409,-27.5165,-26.503,-29.8661,-28.7497,-28.9449,-27.3754,-30.7713,-29.654,-29.4027
-8.27742737083808,40.2763750251812,0.0171,-13.4168,0.4722,0.935,0,-2.4455,-0.4957,5.2225,3.2173,0.0939,0.3207,3.421,-0.0046,-2.1277,1.9584,5.0863,4.1257,3.3485,1.692,1.0182,0.2767,-1.3891,-2.8633,-2.995,-3.8038,-4.3042,-4.0511,-3.2362,-2.8762,-2.4188,-2.7379,-3.0011,-4.8326,-3.9523,-4.8589,-3.9661,-7.8629,-7.3512,-8.4219,-8.6334,-12.0432,-9.2252,-10.2323,-9.8372,-8.2625,-11.7957,-5.2164,-3.3114,-5.3556,-1.4008,-0.6645,-2.8394,-7.0309,-4.0509,-5.7744,-6.8873,-5.7751,-6.1507,-6.1245,-7.94,-7.1737,-5.5733,-4.7578,1.0476,-6.3035,-8.1683,-11.9295,-7.2069,-11.2437,-9.3795,-9.546,-10.1894,-9.7196,-8.8118,-11.0774,-14.1186,-13.4615,-17.2016,-20.4157,-20.4913,-17.3048,-18.6328,-18.7659,-23.4863,-21.5236,-31.1111,-24.5765,-24.5875,-30.408
-8.27715787625284,40.2763750251812,0.0147,-8.3292,0.4276,0.8888,0,0.6996,1.2878,1.0831,0.0747,0.6394,-0.9196,3.7841,0.1587,-0.7626,-2.4107,0.3548,1.3497,1.3479,8.6029,6.1758,6.9961,6.8144,3.7406,3.8989,4.8943,4.547,6.6564,9.2927,10.0905,7.4188,4.6814,5.6688,4.0777,4.8908,3.8055,3.6267,4.1518,3.6142,5.6985,1.0783,0.022,0.6473,0.8182,-1.1401,-1.1019,-3.4189,0.5366,1.0166,-0.0528,3.1949,4.0209,3.3166,10.5442,9.8877,10.3667,13.9139,10.3262,13.2465,10.1586,9.5006,11.946,12.945,13.9721,17.4599,15.6785,18.4143,10.385,13.0554,11.6179,12.7231,13.835,14.6957,14.9127,15.4139,14.1836,8.7146,14.1953,13.4528,10.7229,9.1538,7.752,6.011,5.5237,5.4272,5.2895,-0.2742,4.4571,4.7723,3.3451
-8.2768883816676,40.2763750251812,0.0168,-9.0071,0.4525,0.8463,0,6.523,1.0687,0.97,-0.3741,-1.7674,-1.9536,-2.1212,-3.6575,-4.107,-5.9271,-7.1751,-7.4841,-3.9193,-0.1199,-3.0997,-4.6113,-1.0619,-1.7567,0.6387,0.51,1.541,-0.1351,-0.2573,1.61,3.0205,2.0573,1.9739,-1.267,2.8861,0.6733,-1.4815,-4.637,-6.8463,-9.6541,-10.7154,-10.4997,-12.8489,-11.2879,-5.8877,-5.8733,-6.5151,-6.3771,-6.465,-5.4499,-7.9055,-5.6655,-4.4007,-3.9645,-7.4912,-7.9199,-1.4225,-1.3413,-1.5397,-1.4258,-6.5747,-2.8742,-2.6911,-3.6077,-2.4906,-2.2421,-4.7891,-5.5689,-6.2217,-7.2861,-8.6647,-7.369,-6.8568,-9.1796,-5.7463,-11.137,-11.9857,-9.0193,-5.1957,-10.739,-10.4956,-11.97,-13.4375,-12.8509,-13.2469,-14.2527,-12.8145,-13.7319,-16.6712,-12.7762
-8.27661888708237,40.2763750251812,0.0166,-15.3422,0.4413,0.9129,0,0.5191,3.5462,1.4785,-3.3954,-5.5999,-3.7196,-4.0843,-8.4855,-10.4463,-9.7208,-9.8595,-7.0087,-9.7227,-13.8971,-10.6501,-17.5222,-14.1641,-10.5047,-16.2316,-16.6044,-17.1338,-12.5003,-14.1617,-13.247,-12.935,-14.5427,-16.7556,-16.9929,-14.7057,-16.5448,-17.5487,-19.4768,-22.4771,-23.5613,-25.5131,-22.4249,-23.0127,-24.3454,-18.9956,-16.929,-17.5126,-18.9428,-26.414,-24.7593,-23.9462,-18.2077,-18.1017,-18.7803,-18.3812,-20.162,-22.0501,-22.4712,-22.8181,-22.7657,-25.1395,-27.5423,-27.2676,-27.9973,-31.5396,-30.9725,-34.2699,-33.1968,-38.6359,-37.7662,-37.1571,-38.2331,-36.7666,-38.5814,-38.0495,-42.0208,-36.9946,-41.5481,-38.5066,-38.0141,-41.1171,-40.2263,-38.0832,-41.8262,-43.5388,-43.1038,-46.2071,-44.6916,-43.7215,-49.4591
-8.27634939249713,40.2763750251812,0.0162,0.2355,0.426,0.8694,0,-3.0167,-0.2369,0.2838,-2.1389,1.8609,1.4166,1.8934,-0.519,-2.5053,-1.2841,0.5342,1.7294,-1.1159,-1.3459,1.5816,1.4859,2.8437,1.4625,1.2392,-2.4185,0.3246,3.1765,2.1781,4.4601,2.7701,4.1822,3.7725,6.2676,3.2887,4.3771,6.7587,8.4547,8.1527,6.9128,6.385,6.6089,10.8628,7.3781,13.731,13.3224,13.9305,10.517,11.5097,14.8037,13.4749,9.0185,10.395,11.1131,12.7136,12.0776,11.2307,11.039,9.9543,9.2601,9.494,11.7841,12.1794,12.6389,12.1516,13.2162,12.0954,12.1794,15.2632,12.2551,14.5112,12.2157,12.2492,13.2341,14.3961,13.2171,13.4582,16.2252,11.7765,10.8042,13.7407,9.5137,9.0488,8.8647,9.7597,11.535,13.152,16.5805,15.6106,19.2935
-8.2760798979119,40.2763750251812,0.0162,-6.4,0.4779,0.9161,0,0.1053,0.8979,2.1675,-0.8501,-1.0753,-1.8167,0.5861,-1.2614,-1.1911,-0.705,2.199,0.2724,0.012,0.8875,2.662,2.3902,2.4057,0.8103,0.8266,1.1735,2.6769,3.4119,2.8916,0.8891,-2.7745,-1.855,-0.5853,-2.0224,-4.6269,-3.5181,-1.9585,-0.892,-1.0287,1.4738,-2.8365,1.086,1.3129,0.6333,3.3435,-0.2754,2.2694,0.9388,2.4819,2.0807,1.1203,4.8636,7.0317,5.5447,5.1798,6.9562,4.6565,4.424,5.5225,5.8835,5.1915,6.0681,5.9846,4.4532,7.7939,5.4919,8.2271,4.9418,6.2697,4.3765,9.4907,5.0951,10.7303,6.2197,9.1365,9.0299,9.1664,9.6653,9.4123,8.6008,5.2883,5.96,5.149,6.5532,7.0651,5.331,8.5869,10.3467,10.6903,13.5944
-8.27581040332666,40.2763750251812,0.0155,-3.1393,0.5598,0.9433,0,0.7733,0.9656,0.6367,0.6715,0.0614,-0.1577,0.2221,-2.5223,-2.0819,-2.551,0.0571,-1.2675,-1.028,0.5965,0.1491,0.2293,1.257,-0.0033,0.3304,-1.1281,-0.4552,1.0149,-1.0894,-1.1966,-5.3261,-4.8563,-5.4375,-6.1088,-8.8502,-7.0851,-6.3083,-4.9861,-4.5976,-3.5523,-6.2942,-3.4762,-2.9047,-3.1403,-1.3959,-2.4393,-2.1951,-2.5617,-2.6177,-4.4436,-5.242,-1.8146,1.2158,-0.3931,-0.7605,1.0815,0.2189,0.1522,1.058,1.1022,2.2174,0.9351,1.3438,1.5058,2.0449,0.8075,1.8646,1.7535,3.7788,-1.599,4.8209,-1.9595,5.4547,-1.6281,3.9944,1.4245,4.5153,3.366,5.9242,5.5222,3.5568,4.196,1.8366,4.2885,4.6076,3.5294,4.7687,6.1203,6.0823,8.3229
-8.27554090874142,40.2763750251812,0.0158,-2.9922,0.6125,0.9446,0,0.8959,0.4364,0.4667,-1.2047,0.8508,-0.643,-1.7101,-4.9865,-4.0826,-4.7736,-3.2806,-6.0561,-3.7462,-4.3086,-6.8171,-5.8201,-5.4947,-5.4423,-1.7477,-3.5745,-6.4337,-3.2809,-6.4269,-4.3658,-4.9956,-4.8664,-8.2433,-7.8858,-9.2179,-7.5927,-7.7728,-6.2733,-7.7495,-6.827,-7.8272,-4.6501,-2.014,-4.307,-2.1259,-1.3496,-2.0483,-1.808,-3.6885,-6.5064,-6.9074,-4.8506,-1.9085,-3.8992,-3.6709,-3.0876,-4.1737,-4.1926,-6.0902,-7.6939,-8.0901,-7.7507,-8.5708,-8.6625,-9.3765,-9.095,-10.1722,-9.8874,-6.7621,-12.8393,-7.6045,-13.8127,-7.8736,-14.0052,-9.0369,-10.0282,-10.6515,-11.5668,-10.0522,-9.6328,-9.9302,-9.3938,-12.7379,-9.3162,-9.4056,-8.3982,-7.0805,-5.7184,-5.0812,-3.4722
-8.27500191957095,40.2763750251812,0.0167,-4.7235,0.4278,0.9507,0,-2.3473,-3.1374,-7.1269,-6.5469,-9.034,-9.32,-0.433,-3.8956,-3.9876,-2.2467,-2.2474,-0.0345,-0.4218,0.8422,1.2623,0.8865,0.0777,1.4931,1.4368,3.2823,6.7158,8.33,5.97,7.567,7.5175,6.7698,8.0716,8.7408,7.6248,8.7159,11.4006,9.8808,18.5431,20.7643,18.8781,21.4545,20.672,20.3077,21.1829,26.4158,18.3296,17.302,15.0958,16.4607,11.4863,12.4751,19.6179,10.9156,11.9106,13.0388,10.8211,2.6971,6.7797,2.715,2.909,3.0638,3.1644,2.5997,0.8741,3.8788,4.7678,3.7881,5.7323,4.2661,6.6021,3.6155,2.0852,1.2285,2.4595,-1.5602,0.3026,-0.0705,-0.9823,-1.9129,-1.8521,-2.4024,-2.5761,-2.0122,-4.2939,-4.1892,-8.3359,-9.4486,-9.1368,-13.7518
-8.27473242498572,40.2763750251812,0.0135,-5.4351,0.4384,0.9804,0,-3.8481,-3.6333,-6.7444,-7.5804,-14.7413,-17.3146,-16.4032,-16.3648,-14.6662,-13.2137,-14.3594,-14.5665,-11.2015,-13.8135,-13.2273,-13.0095,-22.0311,-20.4132,-19.1446,-13.7658,-14.727,-13.0934,-12.4105,-13.2312,-15.9568,-14.6539,-13.9618,-20.1528,-18.8146,-16.8178,-12.6483,-10.3818,-17.0064,-14.0103,-13.3933,-13.7829,-19.2918,-19.7835,-19.0757,-14.6683,-17.0142,-13.6507,-18.2284,-19.7445,-18.5248,-14.8501,-4.0752,-9.5525,-12.6059,-10.3903,-13.5974,-13.5332,-15.8115,-16.2374,-11.8113,-14.4992,-16.7686,-18.2924,-17.4841,-16.6334,-14.0958,-16.4825,-12.5583,-13.459,-14.462,-12.7402,-14.4064,-15.7249,-16.1046,-15.2401,-8.4101,-11.5561,-12.3866,-7.4692,-10.4862,-9.8046,-9.7353,-10.8662,-16.4083,-12.8573,-18.094,-23.0914,-20.9074,-19.5477
-8.27446293040048,40.2763750251812,0.0146,-21.3703,0.4463,1.0,0,-2.5442,-2.9017,-4.1531,-4.0948,-9.0585,-12.1634,-12.2568,-14.4099,-14.2417,-16.8746,-18.7055,-19.5953,-17.6319,-17.8847,-20.457,-18.7687,-22.337,-22.7045,-20.0014,-17.1379,-17.2001,-17.3705,-15.682,-17.0546,-20.6815,-20.7894,-19.0564,-21.6625,-24.1497,-19.6442,-17.9843,-16.0843,-25.5497,-27.4775,-23.6027,-29.6315,-31.5121,-30.7387,-30.6335,-31.8081,-30.6722,-29.5254,-32.8847,-34.7471,-32.1543,-28.9953,-21.4636,-20.7276,-23.5234,-26.0259,-25.4265,-26.0469,-26.0145,-27.7148,-22.0774,-23.3265,-23.5899,-22.4063,-20.5042,-22.2367,-21.3026,-22.7776,-21.3604,-23.6645,-23.0181,-26.2355,-22.1292,-22.3671,-19.5579,-24.773,-18.5764,-21.7397,-23.7754,-26.0473,-25.9697,-25.3935,-30.6419,-26.7212,-28.9155,-31.1028,-32.0112,-33.7657,-33.6582,-33.1259
-8.27392394123001,40.2763750251812,0.0061,-3.2866,0.4012,1.0,0,3.5704,1.0586,-4.4146,-11.0262,-8.0422,-7.5861,-7.9024,-7.1564,-4.5274,-8.2293,-6.1286,-5.2719,-7.1333,-6.9702,-11.455,-7.8303,-1.2091,-12.1187,-11.48,-8.7953,-7.2701,-11.8309,-5.9883,-4.5002,-12.5566,-12.2231,-11.8896,-11.7873,-13.1396,-10.0313,-11.9137,-11.4493,-11.1643,-24.9478,-27.8177,-27.4319,-33.6955,-35.5345,-32.7173,-32.7327,-26.7231,-29.9619,-26.6638,-23.224,-22.7639,-27.5291,-32.0777,-30.5083,-24.9574,-24.0328,-22.2601,-24.1553,-22.8196,-24.0132,-21.803,-17.6656,-24.9732,-27.2577,-21.2201,-21.748,-21.1634,-16.6258,-17.5221,-13.3778,-15.7676,-20.4228,-11.0639,-17.2645,-14.294,-11.4627,-9.2636,-9.1567,-7.8495,-16.5001,-16.9102,-14.127,-14.7729,-18.0483,-14.2365,-10.1626,-10.1083,-10.7581,-9.5615,-11.3246
-8.27365444664478,40.2763750251812,0.0169,-1.1211,0.423,0.9869,0,0.8513,6.6046,2.6541,-2.6903,4.1687,0.0998,-2.6253,-1.7375,-0.5645,-4.3822,-6.0159,-1.2485,-3.0834,-2.4172,-1.1017,-3.6552,1.8589,3.0722,1.9073,0.5331,3.1267,-0.3112,2.0799,3.5002,-2.3684,-1.6017,-1.8608,-1.5362,4.1994,7.6899,7.5968,10.1765,11.8552,5.0321,10.3885,10.0615,14.0643,11.3898,14.0733,15.3902,20.6241,18.8154,19.4671,16.9736,25.7575,28.2242,30.2594,26.6299,25.0258,25.785,22.6409,22.569,23.3572,19.2311,21.9777,21.9039,19.0724,18.0765,19.8946,18.0899,18.558,20.1553,23.9018,22.8936,22.4354,23.4064,24.4974,23.8203,27.8733,26.5947,23.5979,25.0788,26.13,24.2696,25.3224,22.7795,21.7489,23.1739,24.139,21.0991,19.6814,15.543,17.3391,14.3067
-8.27338495205954,40.2763750251812,0.0168,-0.5824,0.499,0.9285,0,-1.8933,0.9987,-0.1219,-1.0812,0.7233,-2.499,-4.8069,-6.5818,-6.1654,-8.8295,-8.039,-4.2921,-6.1061,-0.8696,-0.2923,1.5784,1.3836,1.1876,-0.3657,-9.555,-7.0203,-8.2107,-11.0381,-7.3007,-9.5076,-7.5307,-5.4049,-7.9379,-10.3191,-4.8025,-4.336,-0.506,-7.1588,-0.8336,1.9987,2.3648,3.6362,4.2485,5.7364,7.2752,2.2027,5.7711,0.9369,2.2807,5.0129,5.1208,3.9457,2.1843,6.7736,8.6373,1.8124,-1.4463,-2.1929,-0.8052,-3.3537,-1.4103,-2.6545,-3.8116,-1.37,-0.8092,-0.3485,0.2931,3.2556,4.5651,4.5735,4.7346,8.7105,3.5404,5.4469,5.6306,1.962,-0.4436,-0.648,-1.7166,-2.1375,-2.5561,-4.9915,-0.4852,-5.9268,-8.3503,-9.3313,-13.1912,-9.6778,-7.9075
-8.28254776795756,40.2765806317086,0.0127,-3.9953,0.4301,0.9181,0,0.9319,-0.2879,-0.7806,0.4238,-0.0907,-3.3631,-2.6359,-3.948,-4.3501,-6.6857,-6.1935,-9.8546,-6.8697,-7.1307,-6.7736,-2.9771,-6.6691,-8.9631,-5.4485,-3.0485,-3.6446,-2.8776,-5.4919,-5.5976,-6.6155,-6.9812,-6.5886,-3.3312,-8.8734,-10.4799,-9.4963,-10.6701,-13.0235,-13.9387,-12.3907,-12.8426,-10.0667,-11.4569,-8.4807,-9.8687,-14.2002,-13.2897,-18.5107,-19.7622,-17.2287,-16.575,-17.9908,-16.2812,-15.5309,-17.8716,-21.6638,-19.9544,-20.0918,-18.3425,-17.7271,-19.351,-18.1446,-17.6587,-19.6708,-19.8653,-18.9609,-18.6503,-17.2023,-19.725,-18.7191,-25.4684,-25.5757,-26.756,-26.4007,-26.1467,-28.0848,-26.9389,-30.2313,-27.9927,-30.6067,-28.4491,-30.0863,-28.0874,-28.1815,-26.9177,-27.9858,-26.6179,-22.9676,-23.4721
-8.28227827337232,40.2765806317086,0.0153,-8.0315,0.462,0.8803,0,-0.7963,-1.5817,-3.9529,-4.4585,-5.2247,-6.3344,-7.6391,-5.8799,-6.4017,-7.1117,-7.9359,-7.2735,-6.9915,-8.8139,-5.2805,-7.9132,-7.2569,-4.7704,-4.7139,-5.5538,-6.1698,-5.2585,-4.3001,-4.4464,-1.9596,-3.3292,-2.2226,-1.1703,-1.3644,-4.8211,-4.0912,-3.2047,-6.3691,-8.6898,-6.2583,-8.8004,-7.6131,-7.3898,-8.288,-7.2378,-4.9502,-5.9097,-5.9712,-7.1779,-6.8819,-6.5909,-7.014,-5.9774,-5.537,-4.4354,-5.8852,-6.3335,-5.9883,-6.0792,-6.1218,-6.2246,-3.9414,-4.1571,-5.5765,-3.9529,-6.3575,-8.24,-8.2167,-8.6944,-10.8572,-13.0364,-13.7476,-16.7968,-13.5387,-16.8749,-13.0936,-16.4214,-16.1708,-18.0227,-20.5638,-21.3214,-23.5777,-22.8011,-23.6117,-21.1909,-22.0587,-20.1112,-17.9239,-19.6054
-8.28200877878709,40.2765806317086,0.0141,-8.7269,0.4765,0.9003,0,-0.3301,0.199,0.3841,-3.7858,-5.1085,-7.3384,-9.0279,-10.7279,-10.7312,-14.3011,-14.563,-12.7309,-13.3196,-12.7429,-12.2593,-9.4392,-10.9751,-10.337,-11.1766,-14.7201,-14.5943,-14.0267,-12.2757,-14.7758,-13.9864,-15.8602,-14.4876,-13.847,-15.9499,-14.0314,-15.4284,-15.8231,-15.5041,-16.6912,-14.8465,-16.8185,-18.3567,-16.2084,-15.8233,-17.1341,-17.9003,-14.9276,-18.2619,-17.6387,-19.9024,-18.2675,-17.0547,-20.0654,-19.4479,-17.6772,-17.5875,-15.9201,-19.4913,-19.3699,-16.6571,-18.0442,-16.3377,-16.1571,-15.2346,-16.015,-17.3103,-18.2666,-19.428,-18.7384,-17.8642,-21.0467,-22.4036,-23.2957,-24.7195,-20.9514,-22.1665,-19.7203,-21.3892,-21.5509,-24.0257,-25.8696,-27.7604,-26.1315,-26.0447,-26.4578,-24.1225,-24.2255,-24.8008,-23.2296
-8.28173928420185,40.2765806317086,0.0158,6.1151,0.4878,0.9239,0,-0.805,0.5586,-3.3214,-2.5399,-4.7853,-9.4112,-4.9452,-4.9476,-5.5564,-5.0566,-7.9608,-0.8114,-2.4956,-4.1118,-1.9914,-3.3755,-4.2589,1.4111,-3.4473,-3.5736,-2.2097,-2.1335,-1.1718,2.2752,3.4388,4.0954,4.5715,2.4188,2.0136,1.4073,2.3167,4.8362,0.6686,2.8792,1.3115,-1.7682,2.8917,2.4689,-1.0939,-3.1165,-0.4061,2.4046,-3.0385,-6.7476,-6.077,-4.1008,-3.3323,-3.7853,-2.1585,-3.6381,-7.0362,-6.2018,-9.633,-9.7014,-6.7333,-4.7544,-3.9338,-4.1432,-5.3771,-5.7438,-1.8066,-5.4635,-4.7436,-6.005,-1.9644,-4.2248,-5.7209,-4.9685,-3.8964,-8.4757,-8.3568,-9.3437,-9.5832,-12.539,-17.0501,-13.3035,-13.0095,-9.0937,-8.918,-12.117,-12.6114,-11.3346,-12.9734,-15.1077
-8.2768883816676,40.2765806317086,0.0155,-8.7657,0.4464,0.8517,0,1.0188,1.1252,0.2001,-1.0332,1.0089,1.1158,0.2451,1.3758,0.9408,4.9848,5.3274,4.4609,4.0495,4.6335,2.0305,3.0192,0.3155,2.5701,1.4312,3.4842,5.1676,5.636,4.0624,5.6661,3.6148,3.1892,2.4284,1.1039,4.5072,2.0049,1.6151,-0.5142,0.0799,-0.8631,-3.5509,-4.6807,-8.6141,-8.9687,-14.7192,-13.2163,-11.9898,-9.9196,-10.9214,-12.5567,-11.377,-7.4756,-7.9272,-5.772,-9.6154,-9.4972,-8.9298,-8.3977,-9.9176,-10.5095,-10.1189,-10.7378,-13.096,-14.338,-16.2251,-16.6772,-17.4246,-18.6011,-20.2668,-17.5834,-19.3727,-16.0277,-16.6744,-16.671,-16.4076,-16.8063,-16.9776,-15.5773,-17.4611,-19.4328,-20.2457,-20.5032,-18.9636,-18.2326,-21.7826,-21.8639,-20.8147,-22.1123,-21.8969,-22.5958
-8.27661888708237,40.2765806317086,0.0158,-14.6118,0.4622,0.8951,0,-3.044,-1.5337,-2.5944,-0.7502,-1.3612,-3.5699,-3.2209,-0.4027,-0.4471,0.0215,2.2287,-0.5103,0.0523,1.053,1.6367,0.2961,3.3596,3.2695,1.4616,0.3835,-0.726,-0.2859,1.914,2.3992,1.995,1.6884,1.521,-0.6198,-1.2293,-2.2971,-5.8102,-6.2751,-9.5083,-8.9824,-13.1878,-10.6696,-11.8556,-12.8842,-14.8664,-18.0913,-18.6002,-15.9878,-15.8061,-16.484,-15.8788,-17.399,-15.8225,-16.9442,-23.5261,-22.1826,-23.0453,-22.0908,-21.5728,-20.6344,-24.1569,-25.1963,-24.9232,-25.6825,-26.8569,-26.2608,-26.896,-24.1227,-26.8718,-24.0112,-27.4606,-23.983,-24.2275,-27.2478,-26.2342,-25.779,-27.9929,-32.9191,-31.509,-37.0821,-35.8953,-34.538,-37.0049,-34.6546,-38.272,-39.7077,-41.2192,-41.0411,-42.516,-43.1422
-8.27634939249713,40.2765806317086,0.0169,2.2649,0.4522,0.8664,0,-0.8945,0.929,0.7875,2.3322,2.7043,3.3401,2.9292,2.9743,1.3719,2.2802,8.1756,8.5206,5.0536,6.1639,8.4887,6.7963,8.6175,6.9483,7.6586,5.7084,9.0826,10.9558,9.9573,7.9646,8.0791,8.6389,8.4148,8.5127,9.142,9.7882,10.6944,12.8886,12.8545,13.7726,11.9206,13.8916,12.0376,10.6683,15.3473,13.5624,13.1238,13.7465,13.7133,10.644,10.2018,12.8392,16.2867,14.3362,15.2104,19.5431,17.3211,18.1767,21.3071,22.3221,19.7585,22.1846,23.2719,22.5331,23.3957,23.4454,22.727,24.2252,23.2288,26.6769,24.7385,25.783,27.5448,28.0195,25.0348,26.4735,26.9146,28.9704,27.3551,27.364,26.4062,26.3295,26.0068,25.2776,25.2176,24.8528,25.2123,26.4377,27.3067,25.0828
-8.2760798979119,40.2765806317086,0.0157,-13.4692,0.4695,0.9176,0,-0.8995,0.1935,-2.498,-2.9183,-4.0365,-1.3862,-3.6591,-5.528,-5.1314,-5.3396,-2.7106,-3.6805,-5.0176,-4.001,-4.093,-3.7147,-2.2532,-6.5806,-6.0568,-6.6077,-1.9569,-2.3902,-4.3847,-5.9623,-6.6355,-7.1687,-8.194,-10.3487,-12.5911,-11.6323,-9.6413,-6.2952,-5.4772,-4.5895,-4.7517,-4.4768,-7.511,-7.2057,-3.6668,-4.3515,-6.1658,-7.143,-6.8943,-9.846,-9.8105,-7.9542,-4.1282,-5.4982,-7.2944,-1.4682,-3.7014,-2.057,-2.3538,0.2417,1.9121,1.9401,0.2612,0.1397,-0.7077,-1.6886,-0.0665,-3.9656,-1.4075,0.2235,0.2618,-1.2561,2.4962,2.7316,-0.2962,-2.3859,0.5939,-0.7733,-0.2337,-0.6032,0.6563,1.0634,0.1584,1.0062,2.0164,0.439,1.2754,1.4007,0.43,-2.3131
-8.27581040332666,40.2765806317086,0.0154,-1.1137,0.4908,0.9278,0,0.8826,1.572,0.4757,-0.2998,-1.9127,-0.404,0.2331,0.0415,0.0173,-0.5058,0.381,1.0518,0.3513,-0.1974,0.2496,0.5664,1.7512,1.0255,1.392,1.0451,2.1398,2.1291,0.4484,-0.0035,-1.2116,-2.1421,-2.6467,-3.1896,-5.9704,-4.1771,-1.7011,2.9528,2.4401,1.625,2.8114,3.5779,3.2381,1.2135,3.1614,-1.9075,-3.7264,-3.7968,-3.7534,-6.4036,-5.1325,-4.437,-2.6411,-3.2544,-3.5433,-2.5317,-3.2728,-3.8883,-4.4859,-4.9866,-3.8059,-4.0124,-4.5665,-4.3662,-2.8247,-4.0493,-1.0856,-2.5516,-0.6316,-1.5575,0.7466,-0.9243,2.0562,2.841,0.8269,2.1321,3.3321,3.5308,3.9911,3.0345,5.5309,5.023,4.7457,5.8944,6.2528,7.3277,7.3873,7.2043,8.472,6.2382
-8.27554090874142,40.2765806317086,0.0148,-5.0343,0.5262,0.9147,0,-0.6395,2.2332,-4.2696,-4.8257,-6.3741,-5.4705,-5.9783,-5.7035,-5.4178,-6.418,-6.221,-2.1825,-4.3208,-1.8216,-1.5275,-2.9576,-2.3408,-2.2789,-3.143,-2.7846,-4.0031,-1.7576,-3.2217,-0.9416,-1.4281,-2.6612,-2.4161,-2.7891,-5.4975,-3.4695,-3.3547,-3.937,-4.5508,-3.5201,-4.5944,-3.419,-6.0918,-3.4477,-4.7243,-9.31,-11.3503,-11.1995,-10.9635,-12.8409,-11.2566,-10.3877,-10.2404,-11.0527,-9.7999,-12.2642,-10.7738,-12.1078,-12.3281,-13.6901,-14.9216,-12.9413,-11.9532,-12.5782,-13.2431,-13.3188,-11.3162,-10.3784,-10.9933,-11.719,-11.7827,-11.5676,-13.8835,-11.0671,-11.6863,-7.4906,-10.4101,-10.5256,-10.4214,-11.5408,-10.6123,-10.2792,-9.9574,-10.0794,-11.1834,-9.3089,-8.85,-8.1307,-5.9401,-8.4452
-8.27527141415619,40.2765806317086,0.0148,-2.4926,0.5405,0.9481,0,0.3227,3.3229,-3.148,-4.4123,-5.2791,-5.8722,-6.0804,-7.11,-6.2668,-6.8412,-8.5077,-2.1585,-3.8318,-0.5428,-0.6541,-3.0884,-3.6184,-0.7121,-2.6821,-1.2358,-3.474,-1.7746,-2.4469,-2.5269,-1.2967,-2.4751,-2.6574,-2.3051,-2.0573,-1.9509,-1.7467,-5.1102,-5.4877,-3.4834,-6.9348,-5.158,-6.1463,-1.1076,-6.0024,-4.7069,-6.1396,-4.742,-4.4446,-6.6848,-5.3782,-4.3325,-5.8784,-4.5811,-2.641,-6.0689,-5.1795,-4.444,-4.9023,-4.8532,-5.6931,-5.0198,-4.5024,-4.307,-2.7804,-4.4568,-1.9471,-2.3224,-0.7106,-3.5846,-2.2592,-3.1633,-4.2661,-2.9935,-1.4047,0.4596,-1.9552,-1.6481,-2.0713,-3.409,-2.644,-2.8886,-3.3732,-1.7991,-3.4402,-2.7443,-0.6718,-0.0028,3.3856,2.1704
-8.27473242498572,40.2765806317086,0.0171,-7.726,0.4303,0.8869,0,-0.2679,1.6155,-3.2487,-3.1891,-4.6828,-7.5223,-7.7347,-9.0741,-8.925,-9.6206,-5.7165,-4.492,-4.9703,-2.6812,-7.0634,-5.2794,-3.0377,-5.2737,-4.3211,-2.87,-2.4505,-3.9398,-1.1377,-3.1055,-4.9485,-6.0136,-4.3669,-4.2052,-6.1354,-6.0957,-6.1158,-7.9829,-6.844,-6.6652,-9.6443,-4.8918,-9.1988,-9.2381,-10.5872,-8.8439,-9.9227,-8.8182,-10.4023,-10.4693,-10.9941,-10.918,-11.1074,-8.9559,-9.5606,-10.7185,-9.9148,-12.5074,-11.9392,-14.306,-13.0644,-13.678,-14.2689,-14.6096,-11.5585,-11.9456,-12.5871,-11.5523,-10.354,-11.6433,-11.279,-10.7566,-13.6802,-12.2485,-13.1645,-10.9011,-11.2624,-15.1842,-13.4331,-11.9987,-12.396,-12.035,-12.3033,-11.0244,-12.8171,-11.1178,-7.2171,-5.8077,-2.7437,-1.2327
-8.27446293040048,40.2765806317086,0.0178,-23.8763,0.438,0.9811,0,2.039,6.1139,2.4305,1.6311,0.891,-0.6167,3.4658,3.1126,3.6653,0.5165,0.8527,0.5991,-0.0116,-1.2223,-2.9168,-1.188,-0.5515,-4.7656,-4.2053,-3.9323,-4.8402,-14.6158,-7.6679,-12.2936,-12.4439,-14.0634,-12.5103,-12.6349,-17.4151,-16.1854,-16.9532,-17.7825,-14.166,-22.5086,-23.4554,-19.1136,-20.3004,-19.1692,-15.8783,-17.9766,-16.9742,-17.965,-19.6904,-19.8915,-19.1832,-19.8365,-19.2336,-14.5013,-17.6514,-17.4291,-16.8737,-18.8168,-18.1198,-21.78,-16.1815,-17.092,-18.3028,-18.3525,-17.6134,-19.7512,-19.7357,-16.2238,-12.0619,-14.4441,-11.4396,-14.0582,-8.3799,-11.926,-10.5745,-13.2141,-10.6709,-13.2412,-13.6827,-17.806,-16.884,-17.4391,-17.9756,-16.8113,-14.9618,-16.2577,-14.8217,-8.655,-10.987,-11.0207
-8.27419343581525,40.2765806317086,0.0145,-19.2882,0.4514,1.0,0,0.6715,1.5131,0.8774,2.7643,0.4869,-0.5085,5.0032,5.5253,7.0518,3.3929,0.9222,2.2105,-3.2204,-7.9349,-6.8246,-6.3754,-10.185,-10.2712,-9.1267,-11.0374,-15.0157,-25.0689,-17.6657,-21.4089,-20.6248,-20.8263,-20.387,-23.513,-27.4204,-26.4541,-24.0714,-22.3782,-16.9366,-22.1139,-21.5794,-18.4816,-16.1892,-13.5805,-10.9926,-12.7496,-13.3181,-15.1356,-21.2278,-19.8855,-22.324,-21.6026,-18.5705,-17.6906,-19.9462,-18.2738,-20.8125,-24.2228,-21.4262,-25.494,-22.0032,-22.9664,-24.4437,-26.0531,-29.0238,-29.2385,-29.8179,-30.7215,-22.5577,-20.7197,-20.8986,-19.7288,-16.441,-19.6219,-18.3514,-18.2321,-14.6313,-13.9585,-19.2735,-20.5146,-20.0271,-23.0296,-23.8939,-21.9265,-23.994,-25.6588,-20.8822,-12.2383,-13.287,-14.3168
-8.27392394123001,40.2765806317086,0.0076,-0.6401,0.4507,1.0,0,3.8447,0.5874,-3.7343,-6.6686,-4.8145,-6.0003,-1.6734,-1.9666,1.2393,-3.5423,-4.3253,-3.4271,-10.0787,-17.0483,-15.3582,-14.3797,-17.754,-18.7699,-17.6967,-18.9916,-21.0895,-29.8146,-22.0904,-25.0098,-25.7107,-25.7744,-24.8413,-30.321,-32.6841,-32.4067,-28.7788,-26.3958,-21.0017,-26.8578,-28.4579,-30.006,-31.8676,-29.8031,-25.4356,-26.8315,-25.5669,-26.637,-29.8585,-27.7668,-28.7624,-27.5158,-25.4994,-26.7763,-24.6193,-23.4108,-23.9326,-27.9294,-24.9606,-29.0761,-23.2274,-21.8921,-25.9607,-25.3165,-25.8535,-26.828,-27.6728,-27.4813,-20.2491,-15.063,-19.2671,-16.9727,-14.26,-15.9651,-16.3945,-12.934,-10.3982,-10.7141,-13.7492,-19.457,-19.7994,-18.5475,-18.1081,-18.8253,-22.6074,-19.8188,-15.1191,-7.5198,-7.6677,-10.3499
-8.27365444664478,40.2765806317086,0.0165,5.3175,0.4326,0.992,0,2.2594,3.345,1.5359,2.111,1.3153,0.6298,-0.2819,0.909,3.2773,-0.4364,-4.2959,-4.6196,-6.6803,-5.8328,-5.0287,-4.2651,-7.1888,-7.5168,-7.445,-12.1975,-13.7747,-24.2665,-16.1561,-21.9512,-19.2552,-18.0432,-16.9867,-19.5958,-21.9794,-21.2447,-17.9418,-11.0834,-12.5909,-12.8176,-13.3158,-14.015,-15.4355,-15.108,-14.745,-14.1779,-16.2389,-15.2798,-18.6246,-19.3143,-19.3529,-18.2865,-15.2454,-13.1341,-15.0539,-15.2473,-13.666,-15.539,-13.6572,-14.5612,-13.7697,-14.6801,-17.1584,-17.5413,-18.7521,-18.8366,-20.2292,-20.956,-13.4616,-11.2988,-14.2096,-13.9826,-12.0243,-14.9368,-14.8694,-14.8351,-13.3224,-13.1954,-17.2535,-19.7654,-19.434,-20.2254,-20.2975,-18.8268,-22.5755,-24.5187,-20.0393,-16.6051,-17.5821,-18.1477
-8.27338495205954,40.2765806317086,0.016,1.0227,0.5121,0.9972,0,-0.2537,-3.9628,-0.5107,-1.6728,-3.1254,-6.3695,-7.4773,-7.2799,-8.1228,-7.6201,-13.7769,-10.8625,-12.5512,-10.4793,-12.1374,-11.1908,-15.0833,-13.3732,-15.7694,-20.4516,-21.8484,-22.2535,-21.0768,-18.6077,-18.7619,-18.5829,-20.3339,-22.7457,-23.201,-20.1864,-19.6592,-22.6078,-18.5382,-21.1966,-17.188,-14.6648,-14.5436,-17.4821,-19.6783,-17.5323,-15.6172,-13.5956,-18.4891,-18.1894,-17.403,-16.7188,-18.4351,-13.2111,-14.7093,-14.1654,-13.1375,-12.7687,-12.9176,-12.801,-15.8304,-13.5979,-12.1714,-12.8993,-13.243,-12.7769,-14.8637,-8.8191,-12.3414,-10.8898,-10.2447,-13.7175,-10.171,-13.5532,-16.1126,-19.4934,-19.7576,-20.4356,-21.8655,-21.3852,-22.059,-25.0342,-24.3823,-24.7005,-28.0975,-27.1085,-29.0667,-27.0417,-25.0618,-29.0898
-8.2731154574743,40.2765806317086,0.0167,-7.703,0.4664,0.8955,0,-3.0437,-0.4296,-1.623,-2.8561,-9.3407,-6.5535,-8.2298,-11.1652,-10.7988,-12.3816,-15.0245,-15.0053,-13.6571,-11.8024,-12.553,-14.9504,-14.6089,-14.7002,-12.6612,-12.1474,-11.1122,-10.6016,-10.9774,-11.1009,-11.6109,-13.1041,-14.2038,-14.3683,-17.4064,-19.1035,-20.2905,-22.2787,-25.9942,-26.306,-19.1834,-14.0709,-14.8716,-16.932,-19.688,-18.2507,-17.5956,-16.8893,-18.7587,-16.97,-14.5169,-13.8461,-13.908,-9.751,-7.3308,-10.1541,-11.0574,-11.5311,-11.0638,-10.6543,-10.7292,-10.2244,-10.194,-12.5867,-10.4572,-8.3252,-8.8043,-2.601,-7.3115,-3.356,-8.5915,-9.848,-9.0412,-10.9188,-9.3746,-14.6465,-13.2412,-14.5989,-11.3788,-6.9199,-4.2614,-4.7905,-4.1164,-6.7149,-8.2967,-7.0762,-8.0675,-5.4862,-4.3706,-5.5629
-8.27661888708237,40.2767862376109,0.0131,6.064,0.4774,0.9555,0,0.9261,-2.0064,2.2611,3.0688,2.8076,2.0146,2.026,4.1011,4.4685,3.6981,3.2414,1.419,2.1406,-0.2412,-1.0455,0.8514,0.7724,-0.1733,1.9439,-0.5918,-0.4094,-0.6236,-0.4403,-1.4807,-1.2703,-5.056,-3.2046,-5.6573,-5.1734,-9.6118,-10.4599,-8.7179,-7.5102,-5.5865,-9.3482,-6.3745,-4.3532,-5.1645,-9.6979,-4.0035,-0.1514,-1.7253,-3.991,-4.1646,-1.8496,-2.0422,-5.7635,-6.4769,-4.4322,-5.5164,-6.2818,-6.7178,-6.6064,-5.5966,-7.9727,-8.7111,-10.6222,-8.8421,-8.2694,-7.5224,-10.2101,-6.1889,-7.8851,-4.7276,-8.1131,-4.1677,-7.6613,-6.2682,-5.6973,-3.8391,-4.3227,-2.8763,-5.664,-6.0924,-9.8714,-6.6866,-8.6167,-5.4624,-5.4198,-8.5423,-5.4674,-7.3424,-8.3834,-6.3483
-8.27634939249713,40.2767862376109,0.0169,1.9545,0.4476,0.846,0,0.2875,-5.9057,-2.5353,-1.9411,-1.2515,0.4742,-2.4974,-0.9448,-2.6989,-1.8675,-0.5744,-0.1473,-1.6926,-0.5038,0.4537,0.1367,1.0065,0.4337,-0.5435,-0.5333,-2.5353,-4.5488,-6.4565,-8.9103,-7.8702,-7.98,-7.4483,-9.2624,-8.8466,-9.7392,-10.4756,-5.7558,-6.452,-8.7902,-7.5348,-5.8037,-5.4157,-4.4933,-5.4893,-3.575,-3.172,-5.3393,-3.1572,-0.9971,-1.5903,-6.3297,-6.4266,-6.6938,-6.1043,-5.1187,-3.4783,-4.1923,-4.7329,-2.7581,-3.4856,-4.6533,-4.2583,-1.9077,-2.3708,0.2678,-3.7121,-4.8475,-1.9921,-0.089,-1.9929,-0.6573,-1.3208,-0.2638,-2.9428,-4.0674,1.2908,1.5208,-0.1283,0.7185,-0.9642,-0.7559,-0.4729,0.4238,-0.0456,1.7097,-0.9453,-3.1634,-4.4758,-1.1459
-8.2760798979119,40.2767862376109,0.0159,-22.1326,0.5386,0.9396,0,-3.1141,-5.3503,2.0829,1.8131,-0.8951,-0.5868,-3.0198,-2.2466,-3.9937,-3.8351,-7.7549,-5.989,-7.9815,-8.1286,-5.3292,-8.4011,-6.6848,-7.314,-8.6983,-10.2674,-9.7344,-13.3139,-17.7113,-18.6578,-20.8988,-21.9626,-20.2954,-22.4656,-21.6846,-22.6316,-24.5864,-24.7251,-23.762,-27.5893,-25.3101,-24.0184,-22.0666,-19.3033,-24.5835,-24.1427,-22.1818,-22.9002,-21.8359,-22.1236,-22.0431,-23.0516,-21.2896,-22.6696,-20.342,-21.9207,-19.665,-21.8635,-21.9032,-22.2782,-23.3459,-22.4397,-21.6863,-22.2473,-18.7461,-18.7096,-22.9306,-27.7992,-23.6529,-18.8,-19.3691,-20.0809,-16.7599,-15.7651,-19.4844,-14.4027,-8.2473,-6.5766,-6.9153,-5.8828,-8.2555,-6.9978,-7.2438,-10.3151,-9.5712,-12.4605,-12.3975,-16.2314,-16.3724,-21.9042
-8.27581040332666,40.2767862376109,0.0186,0.6501,0.5737,0.9762,0,-1.9649,-6.2668,-0.396,-2.3085,-0.7091,-4.1195,-5.8991,-6.5541,-7.4575,-7.299,-9.9786,-8.6968,-10.1052,-10.4681,-9.021,-10.0367,-6.8667,-7.5206,-8.8707,-10.5266,-5.7659,-8.5931,-8.7522,-10.5607,-9.737,-10.2401,-9.4408,-9.144,-6.4471,-9.0598,-7.9351,-6.9113,-6.8812,-7.6168,-7.3643,-4.7247,-5.8975,-4.5168,-4.6174,-5.4196,-7.0809,-7.2792,-7.4835,-12.3025,-8.2498,-5.8905,-5.4577,-6.4553,-8.0513,-9.0117,-8.5586,-6.4573,-4.9319,-4.0661,-4.63,-6.8562,-8.0425,-5.7697,-1.8921,-0.8343,-1.1905,0.8267,7.7169,9.5429,12.4119,8.283,16.5324,13.3227,16.0079,11.0101,17.1954,14.6812,16.3726,15.4993,15.7285,16.1721,14.0092,18.1395,19.609,18.0635,18.9861,18.9347,19.3285,15.3856
-8.27554090874142,40.2767862376109,0.0179,-12.7629,0.4657,0.867,0,-0.278,-2.1724,0.5615,-0.404,5.1525,0.2755,1.246,-0.4355,-0.9383,-1.4771,-4.5843,-0.7878,-1.3383,0.0839,-2.7528,-2.0669,-0.1969,-2.3993,-1.2873,-2.5671,-0.9106,-1.4865,-1.4133,-3.1346,-2.6997,-2.6465,-3.0373,-1.7075,-0.6122,-2.1049,-0.8369,0.1965,1.0141,0.6488,-0.9752,1.1115,1.2793,3.4491,0.6139,4.4215,1.4995,4.7121,2.8991,1.3867,2.9644,3.2818,1.9779,1.3975,3.3294,1.3528,2.7054,5.7578,6.4572,7.5779,7.8301,6.4327,4.1675,2.6972,6.7236,6.5365,6.2894,9.2031,11.693,11.167,13.3921,10.584,11.7263,11.365,10.5491,9.6343,12.5873,11.7959,12.7968,11.7151,10.4164,12.1066,8.6351,11.3572,11.6953,10.1722,12.3025,13.0714,15.9596,13.6247
-8.27527141415619,40.2767862376109,0.0146,-0.7258,0.5168,0.8975,0,-0.3492,-0.6106,1.2378,1.4934,4.9985,1.2976,3.659,0.9553,2.3497,1.8344,0.0372,1.9499,2.6417,3.5023,0.5489,3.1316,5.306,2.5975,4.0163,3.2525,3.6801,4.8569,4.7936,2.7113,4.8299,4.4841,3.6372,4.2836,3.5953,2.4127,0.9308,1.2384,0.4708,1.9065,3.3746,3.9288,2.7292,4.4361,4.3,6.3041,4.4458,6.8548,5.4828,4.6922,5.6453,8.6665,12.0165,7.6672,9.6441,7.2622,7.8549,8.4684,9.108,9.2111,9.7547,11.3604,8.5844,6.2776,7.6111,6.1624,5.9208,8.7136,10.2307,8.9817,11.3394,9.6132,10.8014,10.7694,10.3265,12.668,14.8661,13.8551,14.2874,13.35,12.7275,15.279,12.9467,15.968,14.6227,13.2037,14.732,16.2004,18.7059,14.8701
-8.27500191957095,40.2767862376109,0.0137,-0.1117,0.4746,0.9382,0,-0.1206,-1.3363,-1.8523,-0.4033,2.7929,0.1138,5.4526,1.6074,4.7129,3.103,6.1502,6.3956,7.0077,9.2371,6.3151,8.312,9.1169,8.1416,9.204,8.7367,10.2279,10.7006,11.4081,9.668,8.1526,6.8436,5.6747,7.8518,6.1235,7.6814,5.4637,1.5722,-0.8328,2.1602,7.1809,4.3005,2.8622,3.2289,0.8182,4.5992,1.1797,2.8427,4.0132,5.4899,3.0505,5.7158,7.1512,4.3923,4.4274,4.8803,4.9633,9.7836,6.3698,9.5597,7.6716,8.3985,6.9075,5.2361,2.292,2.7875,2.1383,3.1671,0.5916,0.5867,4.3557,2.3881,2.0835,3.462,2.4757,7.1924,8.8512,8.2985,8.1889,3.8898,3.7087,7.2581,6.1612,7.2971,6.3771,5.4899,8.1119,8.2409,11.9171,5.4329
-8.27446293040048,40.2767862376109,0.0172,-21.7775,0.4621,0.8737,0,0.4716,1.1614,-4.3132,-5.3674,-2.7001,-5.6758,-5.4955,-5.5464,-4.3192,-9.6773,-9.203,-7.7694,-9.1591,-6.9353,-7.8406,-7.1527,-9.6024,-9.0455,-8.971,-10.1645,-10.6414,-16.1285,-11.1176,-12.6139,-11.8803,-13.6277,-13.9106,-14.8013,-20.8524,-16.4373,-15.0446,-16.1629,-13.6177,-15.7125,-11.0885,-13.7496,-14.2438,-14.9165,-15.3878,-14.6052,-16.3906,-14.5753,-15.9584,-15.4311,-17.1891,-14.6659,-11.4393,-10.3776,-9.5589,-9.9048,-10.1559,-10.8014,-7.9217,-10.0259,-8.596,-9.6701,-11.5437,-11.1737,-17.1719,-15.806,-19.2052,-16.2694,-18.0276,-16.6806,-12.4714,-12.6237,-11.4774,-14.1127,-12.5443,-9.7064,-10.2843,-12.3499,-14.1192,-12.1338,-10.9352,-12.305,-13.4731,-12.7342,-15.0836,-16.9127,-13.1264,-8.4391,-12.0141,-8.2343
-8.27419343581525,40.2767862376109,0.0181,-18.3639,0.4603,0.9728,0,-1.3149,0.4778,-5.2997,-6.8643,-3.9168,-7.7633,-6.5571,-8.8189,-6.5318,-9.8695,-10.381,-8.7188,-10.579,-7.4404,-6.0266,-8.0953,-12.1959,-7.2736,-12.252,-13.5967,-12.2103,-11.6671,-11.5543,-11.5891,-10.2089,-11.6972,-17.7632,-19.2553,-27.0255,-18.4947,-22.1549,-19.0252,-15.9224,-20.0448,-16.1527,-14.337,-14.6982,-16.4011,-18.3951,-14.0396,-16.8402,-18.7134,-16.7482,-18.7872,-21.0874,-19.9445,-20.7526,-16.7111,-15.7641,-18.0388,-18.7986,-18.6975,-17.4687,-15.5418,-15.6651,-15.5976,-16.0516,-17.9812,-21.5801,-19.045,-20.0969,-19.5134,-20.4958,-20.9766,-18.5539,-20.0677,-19.6921,-21.0092,-21.1718,-18.4076,-19.1802,-19.3967,-21.1084,-21.0458,-24.0368,-24.9254,-25.8696,-24.0907,-25.7084,-26.8949,-35.8942,-33.3471,-36.5406,-34.1547
-8.27392394123001,40.2767862376109,0.0107,-8.5987,0.4605,1.0,0,-0.7849,-1.0717,-6.517,-8.9271,-2.3599,-4.8513,-5.6801,-9.9376,-6.5863,-11.4356,-9.9768,-11.5402,-15.2426,-12.1012,-10.309,-11.8735,-15.4007,-10.0672,-14.9212,-17.3807,-17.5012,-15.0988,-15.2949,-14.6785,-13.9573,-14.2706,-18.7561,-18.7145,-24.1909,-18.2729,-18.8501,-15.9288,-15.7895,-16.726,-15.0003,-13.6321,-15.8502,-16.6739,-16.2248,-13.0289,-14.542,-15.5093,-13.8499,-16.7532,-16.9847,-14.665,-17.833,-15.458,-11.4489,-13.898,-13.7873,-13.9864,-12.5523,-10.5281,-11.3486,-11.3803,-14.3908,-15.3591,-17.0791,-13.8259,-14.3838,-14.2957,-14.3339,-15.1838,-13.4537,-14.2528,-15.5909,-16.4277,-16.5108,-12.5782,-12.5306,-14.2997,-16.3259,-18.6749,-18.6749,-19.3846,-18.9695,-18.941,-21.7215,-20.6745,-29.6348,-28.4725,-29.5449,-29.4198
-8.27365444664478,40.2767862376109,0.016,10.907,0.4622,0.9901,0,-0.6115,2.9025,-2.7756,-5.9564,-3.996,-6.0974,-6.1905,-8.9796,-6.3881,-10.2011,-9.7947,-10.3027,-12.0436,-9.6839,-8.3926,-10.6097,-12.8584,-8.9281,-13.878,-13.8554,-10.7171,-10.5535,-8.9657,-11.5288,-10.3397,-10.9164,-17.3689,-17.9717,-23.0779,-15.2504,-15.9037,-12.7043,-10.3492,-11.1463,-8.2913,-9.5789,-9.7563,-12.0537,-12.7663,-9.0814,-11.0018,-11.6226,-8.0696,-7.824,-9.3434,-9.0787,-9.9571,-6.5365,-3.2268,-6.8203,-3.8004,-3.0241,-1.4705,-0.4751,0.4998,0.831,1.0449,0.8429,-1.3642,1.4991,-0.6201,-0.0384,-0.9371,-1.2079,-0.4806,-0.1387,-3.4131,-4.0301,-3.2644,-2.1971,-3.108,-4.1694,-5.2239,-7.3857,-9.4569,-9.0164,-8.4941,-7.6111,-8.7369,-9.9386,-17.9423,-15.3945,-18.3749,-16.0481
-8.27338495205954,40.2767862376109,0.0132,-2.7617,0.472,1.0,0,0.788,0.1374,2.0394,-2.8921,0.2061,-1.0747,-4.7161,-8.2556,-8.1847,-7.2713,-9.2546,-7.0152,-10.2424,-8.6749,-10.6002,-13.4619,-12.9357,-10.5313,-12.0057,-12.7612,-14.9409,-13.5494,-11.6365,-15.007,-14.1355,-12.0868,-16.742,-20.3257,-26.1955,-25.7021,-26.7539,-26.1261,-27.774,-29.3332,-25.6954,-26.9612,-24.4524,-27.1355,-26.042,-23.1521,-22.2289,-22.2317,-20.9838,-21.1414,-23.2874,-22.6034,-21.2766,-21.5189,-22.2339,-19.8193,-20.435,-21.8914,-19.637,-21.3178,-21.3023,-21.6236,-18.756,-20.3032,-22.0626,-22.1886,-22.0476,-29.4838,-24.8951,-28.1653,-24.4087,-25.9468,-27.3256,-27.0515,-28.2358,-34.3521,-33.3983,-32.4568,-35.1922,-37.0281,-35.3462,-40.5024,-39.449,-40.0622,-40.6474,-40.1621,-43.93,-44.9014,-44.8672,-43.7342
-8.2731154574743,40.2767862376109,0.0154,2.6574,0.4366,1.0,0,-3.2407,0.6244,-5.1789,-6.9915,-10.6055,-9.262,-13.4797,-16.5368,-15.0614,-16.6968,-16.9273,-14.9758,-17.4001,-17.1185,-17.7613,-13.8075,-13.7737,-14.6244,-11.8388,-14.0843,-11.3195,-15.293,-10.0898,-13.1433,-12.4279,-17.1336,-19.0732,-20.1151,-25.9679,-22.3163,-20.9669,-22.7563,-23.172,-20.9383,-20.6782,-21.7684,-24.7577,-25.053,-21.8948,-23.7367,-22.4789,-25.1656,-24.8576,-25.5639,-20.4213,-17.1384,-19.7433,-20.1795,-21.6243,-22.2128,-22.0109,-22.6648,-22.4626,-21.0299,-24.9413,-25.2849,-26.9497,-27.3242,-27.2099,-26.7588,-24.4263,-23.2559,-26.1246,-24.5083,-27.6597,-26.1684,-25.0596,-26.1363,-27.8322,-29.9793,-35.1714,-35.3709,-30.0975,-27.3036,-26.7723,-31.4903,-29.4306,-27.8655,-23.0485,-22.9122,-20.0373,-17.1943,-23.8443,-19.9642
-8.27634939249713,40.276991842888,0.0142,0.7372,0.4977,0.9134,0,0.0049,-2.2077,6.0453,6.174,6.0208,3.6079,5.0179,5.3162,4.6089,5.3454,-0.8228,0.6425,-0.9612,1.0591,2.2475,0.8888,-0.0151,0.9479,0.7534,-1.6473,-3.4877,-7.7742,-3.5791,-4.843,-5.2986,-8.4142,-7.1603,-6.9285,-6.3806,-7.078,-9.9142,-5.9296,-8.8458,-9.1324,-2.6602,-3.5318,-3.6728,-1.1257,-5.0535,-4.2044,-5.5364,-7.9108,-6.0418,-6.3912,-5.2873,-6.7104,-5.3828,-7.1022,-6.6007,-8.0306,-8.4016,-5.8257,-6.4347,-6.2016,-8.8412,-8.3444,-8.9881,-7.9063,-5.2081,-4.8641,-5.9901,-2.5193,-3.1645,-0.3879,-2.3788,-3.2605,-4.4381,-3.8211,-6.6657,-2.6111,-0.3976,-1.7891,-2.9184,-3.5357,-7.7132,-0.9074,-3.2101,-0.4974,-0.2806,-1.7831,1.2785,-0.9223,-1.5313,-3.6294
-8.2760798979119,40.276991842888,0.0155,-12.3816,0.4661,0.8706,0,2.2363,3.7082,11.5509,10.9825,10.8228,7.4056,7.4115,3.4043,2.9493,0.5692,-4.0676,-4.0584,-2.3573,-0.1185,1.5658,0.3659,0.8505,0.6307,0.0184,-2.484,-3.111,-3.5813,-4.5549,-3.0317,-0.9213,-2.2332,-2.187,-2.9798,2.9774,10.3183,0.5458,-4.3362,-3.7347,-5.105,-6.2666,-4.7455,-3.8928,-5.482,-8.1729,-7.6224,-8.1658,-12.3174,-12.6982,-16.1442,-12.8517,-7.0055,-7.2825,-9.9087,-9.46,-12.7442,-10.4649,-10.5351,-10.5564,-10.6567,-8.6555,-6.4362,-5.452,-8.6085,-6.7887,-6.2381,-5.7792,-5.6649,-5.7295,-4.9793,-6.1263,-7.3667,-4.0941,-5.4949,-6.4593,-1.6969,-2.8168,-5.7643,-3.0468,-4.9108,-3.7931,-3.7002,-3.8207,-2.9185,-4.2369,-8.6168,-7.0001,-8.6814,-9.6484,-8.2988
-8.27581040332666,40.276991842888,0.0118,13.5159,0.513,1.0,0,-4.1423,3.4153,5.6483,3.0503,4.4824,-0.0586,2.387,0.3254,-0.6572,-1.257,-1.2209,-0.6545,-6.3631,-6.0927,-2.3169,-2.7592,0.9988,-2.4435,-2.3921,-3.6918,-5.0109,-4.4008,-3.0116,-3.6299,-5.9439,-0.6967,0.2792,0.8169,6.3791,9.9687,1.1403,-2.0544,-1.8584,1.5627,4.7505,6.5851,8.2519,11.121,11.6243,9.8481,13.5038,13.6112,12.8451,16.9094,17.0885,25.3722,34.3897,25.8897,27.0843,22.5039,23.227,23.1804,23.8581,23.314,31.2016,31.076,31.5476,30.217,41.3423,38.4078,39.7887,39.7206,38.3427,38.8239,39.0291,39.4679,40.3779,42.3173,38.6782,45.6125,39.8117,33.6681,37.6939,38.2796,38.2506,37.2834,35.2521,38.9172,38.068,35.1443,37.2067,37.2062,36.0882,37.9697
-8.27554090874142,40.276991842888,0.0141,1.6523,0.4776,0.9464,0,-3.16,2.7555,2.1877,3.2342,2.8501,-2.5146,-0.1599,-1.3547,0.6478,-1.4862,-0.4604,-0.059,0.2091,4.007,-0.0199,0.2717,-0.1315,2.7391,3.1303,1.5165,-1.4859,0.0171,2.6242,2.0078,1.7161,1.7787,1.2888,3.7149,3.9576,10.1418,2.8759,0.0058,0.5585,2.878,9.0678,7.2096,7.3286,6.754,6.0632,5.1776,6.9059,7.6048,8.5904,11.1201,9.0135,16.4468,24.0061,17.5244,18.0322,15.3426,16.974,18.3782,18.5578,19.4367,19.5978,21.7567,20.5508,17.5732,19.2714,16.8609,16.7423,17.1795,15.6509,16.4495,16.3854,15.718,17.8033,17.7336,17.5864,25.4394,20.7554,19.5259,19.0784,14.3238,18.8988,20.654,19.1782,21.0002,18.6847,16.0907,19.3413,20.2089,21.6677,21.2835
-8.27527141415619,40.276991842888,0.0158,-1.4897,0.4578,0.8822,0,-1.4073,0.3404,-0.4367,0.7736,-3.2903,-3.3194,-1.3225,-1.2877,0.4046,-0.5942,-0.5904,0.6295,-2.3537,-1.0834,-4.0968,-4.7609,-3.5295,-3.3397,-2.4568,-1.2266,-2.5187,-0.4553,-0.0516,-1.3715,-2.9926,-8.5576,-11.6005,-9.4728,-5.4261,-2.2938,-9.6091,-13.148,-12.8988,-9.0248,-7.3775,-8.4862,-9.0911,-11.2078,-13.3132,-11.0947,-10.0347,-9.249,-5.9514,-3.5549,-7.4913,-6.2523,-5.457,-4.8038,-1.9523,-2.5228,-2.6313,-2.1683,-2.6384,-1.1505,-5.3157,-2.8772,-3.7048,-6.5523,-8.9976,-8.5024,-9.3348,-7.9135,-5.2167,-4.494,0.3076,-3.2842,1.0092,-3.9694,-0.9055,0.3361,1.4906,1.5369,0.8363,-0.8696,3.7362,1.4325,-4.1085,-2.2895,-2.5181,-7.8885,-5.8272,-3.9211,-3.0012,-3.6133
-8.27500191957095,40.276991842888,0.0158,-3.199,0.4625,0.9382,0,0.3533,-6.6911,-1.0207,-1.9985,-6.501,-4.6647,-2.2891,-2.4473,-1.7293,-2.234,-3.5572,-4.6647,-6.6329,-7.755,-8.4408,-10.3881,-6.3994,-9.3218,-8.4532,-4.831,-3.3398,-0.3749,0.087,-2.8456,-2.346,-9.2554,-14.0103,-11.8479,-13.4694,-8.7707,-12.46,-17.617,-18.8675,-13.4788,-13.7689,-12.9455,-12.708,-11.8682,-11.9102,-10.5835,-14.7081,-16.0141,-10.4265,-8.6745,-11.0505,-7.9332,-7.6212,-7.137,-3.7941,-5.892,-4.5371,-7.0255,-7.6236,-6.1302,-8.6753,-5.1843,-4.9125,-8.0206,-8.7907,-9.619,-10.6134,-10.0266,-2.8692,-3.5379,0.8069,-5.0846,-1.3599,-6.5943,-1.5814,-5.2302,-2.1372,-2.113,-2.3979,0.0173,5.6043,-2.8728,-6.8846,-7.3068,-7.1648,-7.8167,-6.8625,-3.4619,-3.5574,-3.563
-8.27473242498572,40.276991842888,0.0145,11.4719,0.4668,0.9042,0,-0.3928,-11.3766,-2.0526,-2.8767,-3.807,-4.1445,-1.2106,-1.8503,-1.5424,-1.6881,-3.0556,-4.1321,-4.1795,-2.4268,-3.2197,-6.2014,-1.8498,-4.0536,-3.9949,-3.4034,1.7512,1.2681,3.4895,-1.2127,0.9605,-4.2126,-10.6868,-8.3856,-16.9678,-12.2621,-13.2153,-15.6702,-18.6722,-11.9836,-9.697,-11.846,-12.419,-10.4782,-9.0737,-7.4256,-10.9171,-16.0909,-8.8654,-7.0496,-8.9881,-5.2313,-4.0553,-3.7447,-0.3306,-3.6153,-2.9674,-3.4647,-6.2279,-1.8862,-2.4272,2.0524,2.9968,1.0427,1.1817,-0.6162,0.0138,0.11,6.3985,6.7881,9.8834,4.8785,5.9716,2.0619,6.6871,3.7268,5.6603,5.0918,5.292,6.2546,9.9475,5.4258,5.4243,3.6511,3.8005,4.9035,3.6594,7.8384,7.4109,7.9622
-8.27419343581525,40.276991842888,0.0159,-7.4112,0.4781,0.8908,0,0.4031,-0.2704,0.4267,-1.1555,3.7488,1.7231,0.1817,-2.1806,-2.5221,-2.6618,-5.1076,-5.4884,-9.4273,-4.7579,-3.2879,-8.7595,-5.1266,-2.8657,-0.617,1.5235,-6.798,-5.6719,-6.4227,-8.3715,-8.401,-5.7826,-10.0358,-15.213,-15.6987,-14.9964,-16.4108,-15.3706,-16.0105,-15.2915,-16.1641,-17.6294,-16.7897,-18.7859,-16.7518,-17.8813,-12.7195,-16.0709,-16.2201,-18.2029,-18.1184,-15.1599,-9.0314,-14.2369,-15.1004,-12.6165,-16.1604,-21.4585,-16.7547,-21.9946,-22.746,-23.0234,-24.3632,-25.0001,-28.7236,-28.8873,-28.5863,-38.6983,-31.2775,-32.3188,-29.3093,-27.4767,-28.1669,-28.6351,-30.631,-34.8797,-36.6264,-38.1599,-39.9603,-41.5141,-36.8647,-42.6025,-42.8134,-44.1458,-47.5584,-45.484,-45.1386,-47.5887,-46.7143,-47.9829
-8.27392394123001,40.276991842888,0.0148,3.8488,0.5022,0.9898,0,-0.9586,-2.0287,-1.9266,-2.8157,3.5127,2.462,0.1489,-2.0753,-1.7575,-1.4353,-5.5366,-7.8677,-8.1768,-1.7894,0.1663,-4.1915,1.276,1.6203,5.3357,7.9584,-1.6713,-0.7025,-1.5176,-3.2577,-4.5777,-3.9758,-6.2281,-9.035,-11.7727,-10.5458,-14.7119,-14.2607,-15.3567,-13.7721,-17.6889,-16.6432,-17.0132,-18.305,-14.9626,-17.305,-10.1012,-11.853,-14.8123,-14.7786,-14.5962,-11.4412,-6.2574,-10.4018,-9.0634,-7.3558,-9.3378,-13.6211,-9.2265,-15.2299,-20.9848,-16.5212,-15.5561,-19.2438,-26.666,-26.8872,-26.4158,-36.7736,-28.8614,-29.2567,-26.3444,-24.7948,-23.9992,-24.6561,-26.8671,-30.0783,-33.6906,-34.739,-39.2756,-39.6086,-34.0393,-41.733,-44.9821,-43.8698,-48.013,-47.4302,-45.719,-48.2383,-46.8061,-47.0297
-8.27365444664478,40.276991842888,0.0153,18.5466,0.4956,0.9956,0,-1.1789,-1.6779,-0.5244,-1.4951,2.2384,0.7604,-0.5064,-2.2064,-2.9388,-3.4676,-3.8644,-5.1322,-9.8581,-6.0737,-4.89,-9.1735,-5.9512,-4.353,-1.8445,0.2613,-7.5389,-7.6711,-8.7383,-9.9048,-8.1707,-0.2648,-10.089,-13.8686,-14.7998,-13.5138,-12.7843,-11.7921,-11.9407,-9.9217,-10.6732,-12.9619,-11.2945,-12.9598,-9.9403,-11.5499,-6.1061,-8.8633,-8.8767,-8.7916,-9.5023,-7.1019,-2.1323,-5.8674,-5.6309,-0.3781,-4.2748,-9.9675,-4.5415,-8.3017,-4.9119,-9.258,-12.2648,-10.2106,-8.6338,-8.3874,-7.697,-17.6839,-10.3747,-10.9808,-9.6508,-7.1865,-9.4911,-9.7509,-12.4919,-17.3446,-18.0674,-19.3445,-21.6728,-23.0562,-19.7686,-24.8456,-23.3492,-25.2605,-27.4005,-25.724,-25.1941,-27.1465,-26.5991,-27.2095
-8.27338495205954,40.276991842888,0.0136,-0.9894,0.5267,1.0,0,-2.8368,2.5773,-3.5393,-6.3511,-0.8749,1.951,0.0561,0.4596,0.8686,2.1932,1.9073,2.456,0.2114,4.0188,6.663,7.2828,10.9932,9.0664,9.3771,8.7728,1.8089,0.7025,0.8351,-2.7469,-4.797,-5.913,-6.3182,-5.7026,-12.3532,-10.5226,-8.3229,-8.7273,-10.6974,-7.6786,-3.7662,-9.443,-12.27,-11.0961,-12.1658,-8.824,-3.7543,-3.5293,-5.8134,-4.7073,-8.1495,-3.9893,1.8532,-3.6644,-2.0114,1.4211,0.5769,2.1931,6.072,2.7187,4.1228,11.829,13.2621,9.315,6.3492,6.3713,8.6256,5.5881,6.7958,6.068,5.3167,4.4728,1.9737,0.6371,-0.199,2.1558,-4.1748,-2.3969,-5.7738,-3.3301,-7.7118,-11.2437,-13.4223,-14.7267,-15.3795,-16.544,-16.9176,-15.3502,-15.1833,-10.343
-8.2731154574743,40.276991842888,0.0141,-6.345,0.4664,1.0,0,0.8712,6.4939,8.7258,10.4482,4.1964,7.1061,15.0531,18.391,19.398,21.1774,22.1107,20.2458,14.0659,17.8765,14.4343,20.5647,19.0601,19.5957,20.2576,17.8941,12.1766,10.3596,6.3795,2.8148,5.3512,1.9398,-2.3385,-0.7543,-7.6458,-1.1635,-2.2624,-2.6556,2.1963,3.189,6.4999,0.5346,-2.3245,0.7686,1.2837,-2.6779,0.4911,2.2895,-0.6289,1.1619,1.0686,-2.8307,-3.8018,-5.1716,-7.0406,-4.1402,-2.6957,-1.3677,1.0237,0.1564,6.7806,8.7458,10.1714,7.6176,12.3853,12.8491,13.2857,7.1609,9.6844,8.1019,8.6,11.5424,12.7174,11.7841,13.1779,18.7888,13.2806,16.1372,15.4348,17.5298,12.1752,10.1238,5.7505,8.8155,7.7884,7.1468,8.5347,5.8669,10.7165,12.3321
-8.27284596288907,40.276991842888,0.0127,-5.6864,0.4372,1.0,0,0.8188,8.355,8.7687,11.6758,9.386,5.6189,4.6733,-1.31,-0.6469,-3.5688,-4.8761,-5.8557,-5.4796,-3.7815,-5.837,-7.9934,-4.6917,-7.6135,-11.046,-14.1968,-18.8381,-15.6532,-14.0556,-19.5864,-18.6397,-20.1617,-24.3849,-25.3592,-22.7191,-29.7214,-30.4873,-27.4668,-29.0625,-28.4424,-28.7703,-30.0474,-28.3241,-27.0354,-36.5179,-34.9494,-36.2486,-39.7713,-41.9089,-45.0032,-46.0289,-50.5358,-47.7975,-48.8972,-48.616,-47.992,-50.3616,-50.4761,-52.093,-49.3258,-51.6431,-51.058,-51.9842,-50.4515,-51.9398,-50.4427,-49.3878,-48.8335,-52.4343,-54.4682,-53.2332,-50.528,-49.9346,-49.101,-47.2818,-42.8839,-51.5513,-49.3478,-52.2905,-53.5907,-54.3305,-49.6998,-49.3051,-47.401,-49.4768,-49.6608,-50.926,-54.2853,-51.3077,-50.5354
-8.2760798979119,40.2771974475398,0.0187,-10.7895,0.4587,0.8551,0,2.3488,1.6723,0.1203,1.7131,-0.9281,0.7438,-1.0923,-0.4387,-3.0795,-3.2512,-6.0018,-5.3936,-4.0382,-3.9091,-5.5301,-2.1667,-4.2905,-4.734,-5.6917,0.1072,-3.4051,-4.3365,-5.4732,-6.3238,-4.2987,-9.6197,-7.9991,-8.6054,-7.5122,-10.6612,-13.3604,-13.37,-12.7972,-12.7,-10.3008,-11.4554,-12.6951,-13.2272,-13.0088,-9.6514,-9.3538,-11.96,-13.3614,-11.8792,-12.4061,-11.4301,-13.4586,-12.5448,-16.5645,-16.4015,-16.8512,-15.4608,-16.722,-17.9606,-19.099,-22.6303,-23.1362,-22.0028,-24.2587,-23.0396,-23.5083,-23.4777,-26.7198,-27.1426,-28.077,-28.6922,-28.7323,-28.5237,-29.6138,-27.7332,-30.5678,-30.5158,-30.0493,-29.3443,-30.1658,-30.29,-28.4959,-32.0143,-31.4289,-34.1137,-32.4902,-36.625,-34.5786,-34.4769
-8.27581040332666,40.2771974475398,0.0115,-11.1078,0.4353,0.9884,0,3.0108,-0.2071,3.6302,2.7422,2.1082,2.3577,3.5441,2.581,2.0332,-1.7353,-4.7133,-7.3036,-9.2066,-9.977,-8.2088,-7.4165,-7.0096,-8.3351,-8.717,-7.861,-10.29,-10.6896,-9.1228,-9.1335,-7.5563,-12.67,-13.7689,-13.0564,-8.5457,-6.6123,-11.371,-11.9843,-10.8184,-13.394,-8.4554,-11.3138,-9.3885,-11.4959,-10.036,-5.5584,-8.6914,-11.4089,-14.0116,-12.413,-16.4424,-12.892,-14.2477,-13.0578,-11.0703,-14.5162,-13.4115,-14.3993,-14.0424,-14.0178,-16.7407,-21.4044,-20.8737,-22.0646,-23.085,-20.8314,-21.1232,-22.9373,-20.1638,-21.1771,-18.5535,-23.1948,-21.5474,-25.5585,-23.6856,-19.707,-21.6794,-19.6192,-22.3221,-21.3989,-19.3892,-21.2246,-23.4531,-20.386,-18.7948,-22.0268,-20.1391,-23.4761,-21.6104,-20.8583
-8.27554090874142,40.2771974475398,0.0116,3.0622,0.4364,1.0,0,0.7777,1.0235,1.4896,0.8791,-1.7676,-3.2312,-0.9563,-1.9447,-1.5042,-2.0526,-4.9467,-3.948,-4.5395,-3.8615,-5.5998,-5.5444,-2.5132,-4.0799,-2.8617,-3.647,-5.1326,-3.7193,-1.5186,-3.4559,-1.2503,-6.0088,-6.8411,-8.2277,-1.1269,5.9906,-1.7312,-1.9939,-0.1075,-0.2119,1.7052,2.3564,3.04,0.9046,3.0332,2.719,1.4592,-4.0418,2.3723,2.1517,0.2971,0.9286,1.4095,1.6577,3.9347,0.5161,5.0022,3.505,5.6744,6.1964,1.0445,2.0192,0.6071,0.6758,1.9736,3.2741,2.47,0.1253,3.9738,3.8454,4.751,0.0595,5.3247,0.2096,4.4776,1.215,5.0091,4.4241,4.9006,5.8032,7.8523,9.6151,5.4711,6.874,6.8936,4.9436,5.5966,6.3551,9.1935,7.7083
-8.27527141415619,40.2771974475398,0.0166,1.8814,0.4454,1.0,0,0.7096,1.5069,0.6653,-0.4879,-1.3156,-3.6415,-3.5437,-4.2199,-3.5163,-4.2927,-7.0124,-7.0817,-8.6598,-8.8473,-8.439,-9.0356,-6.5529,-8.7707,-9.0611,-10.4953,-13.1159,-13.6028,-14.3848,-14.5115,-14.0302,-16.5053,-17.3356,-16.106,-13.8344,-12.9717,-15.7502,-13.6125,-12.9604,-13.7745,-10.5941,-11.0856,-9.5812,-10.7977,-8.1909,-8.7741,-8.4806,-12.8776,-10.1884,-10.9613,-11.5333,-8.4638,-4.8614,-6.6636,-4.3238,-6.3821,-2.9959,-1.4774,-0.5441,-0.6563,0.2459,1.8417,1.8959,1.331,0.9363,1.6066,1.6226,-0.1301,1.781,3.1964,2.8719,1.2411,4.3887,1.8147,2.5131,1.6524,0.6179,1.2903,0.4299,1.2747,3.213,5.4797,4.1858,3.9429,4.0456,0.5492,1.071,3.2964,5.6488,3.6073
-8.27500191957095,40.2771974475398,0.0192,-3.4868,0.4571,1.0,0,0.6391,5.9852,7.4463,5.8803,7.7942,5.9448,6.952,6.5719,5.808,5.5854,8.9838,7.0091,6.0099,4.7158,4.3636,2.7183,7.8058,5.9632,4.3147,5.8627,7.4253,5.7287,3.9427,3.3201,2.4442,-1.7376,1.3593,2.7004,4.9556,6.9047,6.3071,9.8196,11.258,10.5748,15.9267,14.035,12.2207,12.0,15.8531,14.4399,13.4675,9.5314,17.0104,16.3794,16.3869,20.4602,23.2064,22.1899,22.4887,19.8659,21.0787,21.7725,21.8204,21.8742,24.2356,25.0956,25.3365,25.1937,27.7158,27.4696,25.9686,22.8853,26.3945,27.7782,24.2561,23.9588,26.7877,23.7289,25.3003,20.0277,19.2666,19.7933,20.0604,19.9332,18.1699,21.0879,20.1221,20.0586,17.8146,16.515,17.0583,18.3312,22.5677,23.5862
-8.27473242498572,40.2771974475398,0.0172,8.8923,0.4522,0.9911,0,0.6186,7.7218,8.0834,8.0749,10.4909,10.5434,11.2583,10.1823,9.4891,11.9257,16.4868,15.3722,13.7814,13.0627,12.1821,10.4211,15.4549,12.9616,12.9666,12.1758,16.1164,14.3503,13.4691,14.9216,15.1178,10.6624,14.957,15.098,16.8576,14.9067,17.2102,20.9207,22.7336,22.1016,27.1721,24.4302,22.5208,20.4757,25.4775,24.4919,25.4041,20.5741,27.8372,25.4057,26.1795,31.1003,37.1461,33.6676,34.0548,31.2957,32.7789,32.7607,33.4617,34.0198,36.9562,39.2023,39.9938,39.761,45.9383,42.7048,43.9123,39.3664,44.8707,45.9404,43.87,43.0446,46.5278,42.0006,45.5004,35.6684,36.1213,36.3802,37.096,36.4708,35.4472,34.5026,35.313,33.9049,32.3332,32.3131,30.3068,29.7905,33.1421,35.7527
-8.27446293040048,40.2771974475398,0.0131,-4.0159,0.4885,0.9059,0,0.7621,0.0176,2.5575,2.7612,2.1224,2.5655,0.5447,0.6874,-0.3657,-0.8007,3.0331,4.0127,0.4955,1.146,2.8137,1.2524,4.0449,2.5361,3.0886,2.0409,4.8834,1.6764,1.776,1.6728,-0.0913,-0.8294,0.6057,0.3221,0.1681,-0.538,2.6503,5.462,7.0911,7.5961,10.7236,7.7496,7.6285,5.1844,11.8911,10.2737,12.2741,10.4416,12.0749,8.1902,8.2047,11.6816,15.1806,12.3243,11.5252,11.093,11.7355,11.4703,12.0887,12.4173,14.3574,14.9989,16.1451,17.1506,17.6749,15.6987,18.3376,18.5346,21.6553,17.2242,23.2591,14.9874,24.6903,18.1332,22.4057,14.6896,11.0377,10.5528,10.2239,11.4727,10.5482,8.8349,12.8585,8.2079,6.8678,6.6014,5.0434,5.009,7.545,10.1024
-8.27392394123001,40.2771974475398,0.015,1.8712,0.4599,0.9606,0,-2.6423,2.8446,0.6676,2.1665,1.5942,0.3052,1.2727,4.7826,6.0428,8.3763,8.8622,7.8391,6.4109,5.7283,6.7224,8.2987,8.8253,8.481,8.1648,4.9806,0.206,-0.9855,-2.9163,-2.4605,-2.2793,-2.5172,-3.939,-3.5637,-6.5849,-5.0225,-1.3631,-2.5474,2.8611,5.3287,7.6854,6.1622,4.371,7.2391,7.5152,8.4251,9.0217,9.1807,7.8781,7.034,5.1728,6.6781,8.1913,7.2951,6.9919,7.4744,7.4744,8.6604,11.5684,10.865,18.0781,21.2243,23.0992,21.225,18.5667,16.772,17.4183,13.4947,17.0766,15.4083,17.8066,15.1732,17.9533,17.2557,16.8887,18.7886,17.6687,18.445,15.8586,18.1091,18.5563,16.015,14.4638,15.0138,13.6748,12.9181,11.1242,12.1455,17.2237,19.1783
-8.27365444664478,40.2771974475398,0.0196,-3.8107,0.4968,0.9891,0,-2.8553,7.2287,4.8381,5.9725,6.6835,3.4215,4.9656,6.7875,7.5903,9.2158,9.5566,8.3319,5.9017,4.7249,6.0688,8.6324,8.391,8.1363,7.7371,4.7009,-0.7079,-2.4127,-3.7663,-2.4674,-4.42,-4.485,-4.9943,-3.8498,-5.6846,-2.7119,-0.0715,-0.3961,1.6811,3.1164,7.9523,4.6366,3.2703,6.1447,5.6436,6.0281,7.8928,6.0086,5.734,3.0075,0.7042,2.36,2.8737,2.3457,2.428,2.1781,2.9936,4.086,8.037,7.0441,17.4528,19.7954,20.979,19.8861,15.7457,13.5436,14.2567,10.9913,14.437,12.7916,15.7529,13.9757,18.2204,17.5472,17.1024,19.4385,18.3559,19.774,17.4241,19.2107,17.3589,16.5143,15.1615,15.6258,14.8864,16.0706,16.722,18.1812,24.3068,26.9995
-8.27338495205954,40.2771974475398,0.014,3.5754,0.422,1.0,0,-3.1577,-2.6154,2.1035,5.2706,6.3231,4.5702,-2.0189,-0.0147,1.4514,1.7471,2.179,1.8082,2.6503,-1.8386,1.6043,1.5555,1.5265,1.2863,0.3881,-0.5567,-3.303,-4.414,-5.2986,-3.8841,-6.9225,-5.78,-4.9681,-3.5815,1.8573,3.6597,3.596,2.6916,7.2041,8.6055,6.6312,8.0069,8.0069,7.7147,10.9918,3.746,5.6547,5.3883,4.8423,7.4789,3.0015,4.6389,4.3803,5.3881,5.3881,6.6876,7.9465,7.0297,9.6025,10.5241,10.8842,8.0002,8.564,8.7234,9.372,7.9603,8.5344,7.3958,9.4269,6.6065,8.9246,4.3696,3.5686,4.0851,3.0078,6.3258,5.3339,7.0783,5.6507,3.2441,1.4312,-0.8726,1.5822,3.9853,1.4997,0.0714,-1.0364,0.6602,8.2197,3.3779
-8.2731154574743,40.2771974475398,0.0155,-35.3312,0.443,0.9797,0,1.8406,8.932,11.6439,5.2327,3.0082,0.2254,-0.1794,0.0977,1.4526,2.0654,5.0276,-0.1078,-1.6417,-2.8217,-4.4842,-4.4372,-1.8361,-4.2352,-4.7418,-5.0389,-7.4597,-8.7266,-11.9897,-14.2377,-14.2443,-17.2154,-18.0884,-22.1692,-21.5225,-23.211,-22.4599,-23.0565,-25.8235,-16.9614,-16.6336,-19.2787,-18.7742,-15.5769,-18.1051,-21.6571,-16.4161,-15.4787,-17.7416,-22.8506,-24.7069,-25.0345,-24.233,-28.5396,-31.1801,-29.442,-30.5757,-30.0151,-28.277,-26.6865,-29.5409,-31.7631,-29.5775,-26.5743,-29.1826,-29.4884,-29.8176,-31.0957,-29.1317,-30.8528,-29.5928,-31.1682,-27.1293,-23.2279,-24.3345,-22.0465,-27.8904,-24.7272,-24.3917,-29.7644,-30.3727,-32.6672,-31.2137,-27.3102,-32.8941,-33.7121,-33.328,-34.6615,-22.948,-25.3214
-8.27284596288907,40.2771974475398,0.0144,-8.3772,0.5058,0.921,0,-1.0535,2.8919,-1.9265,-2.8582,-1.3799,-4.3836,-4.0271,-9.6246,-8.2642,-14.7932,-13.1141,-10.3159,-9.8078,-9.838,-10.3242,-12.2884,-6.0506,-9.7975,-9.9058,-9.2067,-13.2466,-12.7073,-11.8378,-15.0555,-16.1953,-18.9568,-19.6454,-18.3949,-21.9511,-19.3728,-17.7516,-16.2242,-19.6915,-15.1338,-13.4169,-14.6586,-14.1226,-14.392,-12.4213,-12.7242,-10.7722,-8.2963,-6.7112,-5.0821,-11.5727,-12.7651,-13.1835,-13.257,-10.3021,-10.9284,-15.2666,-16.0374,-17.6964,-17.6395,-14.7326,-15.5039,-14.7851,-15.1839,-18.4901,-18.7601,-15.8209,-16.5146,-15.4195,-16.8249,-14.5647,-17.7256,-11.8475,-14.6848,-15.6699,-7.4007,-13.9072,-17.8655,-13.7077,-13.8314,-13.5645,-16.6998,-18.0366,-17.2879,-13.7704,-12.2959,-12.0552,-14.1953,-11.1535,-13.6073
-8.27257646830383,40.2771974475398,0.0129,-20.4785,0.4332,0.9962,0,-1.8339,-6.1124,-6.1571,-10.4175,-5.6832,-7.8533,-6.876,-12.2879,-12.6394,-14.8754,-14.9043,-11.2458,-11.8422,-9.1953,-9.4971,-11.4172,-9.5322,-9.2096,-9.3928,-7.3941,-7.9575,-9.0914,-11.0521,-14.0731,-17.9658,-17.7285,-18.1319,-19.1899,-27.5679,-27.3706,-25.7335,-24.6874,-24.8421,-23.3978,-24.9086,-23.2383,-24.4009,-24.7606,-18.7265,-23.9725,-24.4759,-23.9535,-23.3668,-21.5342,-22.9013,-27.4767,-33.7352,-32.6817,-29.2371,-33.2901,-36.2744,-39.2661,-37.8031,-38.2734,-41.8332,-40.5199,-42.852,-42.5292,-43.0687,-41.3614,-41.2338,-39.7228,-42.1416,-40.5774,-40.0984,-39.7489,-38.1445,-40.1262,-40.3733,-38.2389,-37.0007,-44.8576,-43.9259,-45.4748,-44.0318,-41.5316,-41.7664,-43.4036,-47.7779,-44.5218,-37.2684,-40.6824,-38.8703,-47.0456
-8.27581040332666,40.2774030515665,0.0152,-0.9258,0.4736,0.9573,0,3.3645,4.7584,-3.3667,-4.8296,-6.0357,-4.8761,-9.185,-8.9748,-8.5155,-11.4892,-16.3585,-17.7726,-18.809,-16.7099,-16.7525,-15.7709,-15.5623,-15.2739,-15.4998,-16.2316,-21.1355,-20.9731,-22.056,-22.3548,-24.5262,-25.5353,-23.4166,-23.9327,-16.1997,-33.2933,-32.49,-34.2488,-33.8155,-35.0264,-32.6275,-32.9205,-30.6026,-30.6425,-27.7531,-28.1039,-25.877,-25.5851,-29.6961,-29.1605,-28.5848,-17.3488,-8.9099,-19.4539,-19.7559,-19.8765,-18.5565,-13.9928,-15.5651,-11.8695,-10.1553,-7.4361,-9.3869,-10.9843,-17.9467,-14.9278,-14.0369,-15.7713,-14.5115,-15.6888,-16.9827,-18.1027,-15.9913,-19.2025,-20.2936,-20.9635,-15.5617,-13.6066,-15.1255,-17.9505,-15.475,-14.7979,-13.7581,-15.2062,-16.4609,-18.522,-16.2798,-19.1303,-16.9032,-17.6945
-8.27554090874142,40.2774030515665,0.0096,8.968,0.476,1.0,0,-0.6777,9.751,5.7182,6.347,3.2953,3.4255,3.4025,3.0947,3.78,2.274,9.0798,6.3462,7.1599,6.4927,9.0527,9.4887,12.1498,9.0493,6.0235,5.8141,4.7755,1.052,0.1856,-1.6576,-3.1683,-3.1223,-3.308,-1.9595,-0.6963,-2.6084,3.5271,4.2656,7.3368,7.5475,16.5341,12.5773,9.5833,9.4779,10.5551,8.34,9.1885,9.2486,10.4104,13.538,14.9286,19.3486,22.3018,22.9972,25.1836,23.3729,19.8675,23.7608,28.2486,25.3572,29.245,29.0424,30.8741,29.7929,26.6525,26.824,25.5901,27.8099,28.6233,29.4432,25.9405,26.2033,30.6656,28.4212,27.4539,24.9192,12.4864,15.1713,14.6598,13.1897,13.1897,11.8299,10.8424,13.2947,7.566,5.4026,4.7059,9.8514,14.0872,15.9717
-8.27446293040048,40.2774030515665,0.0149,-4.4096,0.4288,0.8908,0,2.0497,-7.8348,-0.6377,-1.7316,-0.1402,-2.2681,-6.4543,-6.369,-7.7609,-6.3242,-10.6835,-7.6251,-7.4972,-10.4267,-8.3307,-6.8416,-12.7549,-10.3706,-10.7805,-14.6202,-19.262,-23.072,-23.3905,-21.133,-24.3878,-28.4449,-20.9801,-21.7622,-22.2273,-21.7129,-20.6468,-25.2255,-24.4576,-24.855,-22.0331,-22.861,-23.9104,-25.8563,-18.9542,-21.9722,-19.9817,-21.0599,-22.2442,-24.7969,-23.6357,-23.4009,-22.6692,-23.0119,-22.9295,-17.2322,-16.8221,-17.0184,-16.8706,-16.7959,-17.3432,-14.6403,-13.7571,-14.7954,-11.9538,-13.1441,-13.0409,-11.3474,-15.1267,-16.0733,-15.2537,-19.995,-15.5382,-15.566,-15.314,-9.7995,-14.2212,-15.156,-16.2515,-11.0783,-13.5952,-17.0147,-14.9855,-18.25,-17.1603,-17.8439,-22.1564,-25.3398,-20.4956,-21.3198
-8.27419343581525,40.2774030515665,0.0138,-4.6483,0.4801,0.9543,0,6.1183,2.9002,8.838,5.78,12.6446,10.8082,9.3947,9.6946,8.8965,9.1857,4.5805,4.4347,7.486,1.3709,2.6647,4.9316,0.1401,1.0574,-0.7898,-3.1724,-7.9192,-9.0356,-9.163,-6.6826,-6.419,-7.5568,-4.3263,-4.8241,-2.4395,-1.4646,-6.2539,-5.0585,-4.4027,-5.209,2.8003,-0.7342,0.544,-2.67,-2.7467,-5.0138,-4.6114,-5.6152,-6.6409,-7.3863,-4.2975,-3.1967,-3.0021,-3.0901,-3.3793,-0.7601,-4.9716,-8.9113,-6.8338,-10.6974,-11.5802,-9.1958,-8.5462,-9.4783,-5.4045,-4.8155,-6.6543,-6.7474,-9.4266,-6.8562,-7.6726,-10.0708,-7.5292,-6.1656,-3.3261,1.1387,-4.7669,-5.0989,-7.2266,-8.4735,-6.4428,-5.9089,-0.9701,-6.9755,-6.1834,-2.4883,-10.0577,-15.2461,-12.8424,-15.8293
-8.27365444664478,40.2774030515665,0.0146,-2.5816,0.4058,0.9379,0,-0.3431,8.9964,6.2236,-2.1159,4.2522,3.776,-5.8174,-1.4814,-1.0855,-2.8355,2.0014,1.0926,0.6325,-1.5454,-2.9827,-4.0974,2.4671,0.9954,-0.5049,2.0722,-2.1825,-1.3128,0.1921,0.3137,-2.8696,-10.0707,-10.6748,-9.5737,-5.797,-6.1607,-5.3926,-2.8786,-3.3853,1.6626,-3.3161,-3.4167,-4.1321,-5.9114,-9.2958,-18.793,-16.2782,-15.2076,-13.7947,-12.1428,-15.6636,-15.3404,-14.5119,-7.7696,-8.0583,-8.2657,-7.7262,-7.6284,-7.6745,-7.1981,-8.6555,-10.6713,-10.9885,-9.7915,-9.879,-10.1122,-10.1264,-7.1387,-3.7898,-5.2613,-4.2718,-4.5179,0.3269,0.3731,0.3451,10.6931,1.1886,3.9746,5.6641,3.0672,0.3727,-7.0706,-6.7387,-6.0468,-8.1073,-10.0971,-15.462,-14.7843,-6.5718,-13.6233
-8.27338495205954,40.2774030515665,0.0113,14.1965,0.4355,1.0,0,10.0911,11.046,2.532,7.3843,7.9766,8.5227,6.4255,8.6886,8.3747,0.2225,-7.93,-9.0184,-7.68,-14.2178,-13.6577,-13.1298,-13.1434,-14.6643,-16.6825,-14.5394,-16.0822,-14.0062,-8.8214,-7.2406,-2.9936,0.3296,2.4949,3.599,10.7685,7.7539,-4.6992,-6.3572,-10.5134,-4.2003,-2.7331,-5.3453,-1.8032,-3.9547,-10.1699,-4.6623,-10.1741,-4.6502,-9.2727,-5.2008,-2.6945,-3.9278,-0.6499,5.0706,5.837,4.6378,3.5308,9.8144,4.7766,3.9666,10.5759,16.1786,17.1852,12.0732,5.7819,8.2619,17.0611,13.5069,8.6069,14.1793,9.0362,14.5325,6.5843,15.6962,8.1977,11.8405,7.3461,10.6475,5.5142,0.3508,6.1805,6.9815,4.5792,3.2817,0.65,4.2441,-1.375,0.809,3.886,6.3635
-8.2731154574743,40.2774030515665,0.015,-12.5167,0.473,1.0,0,2.3297,-4.5669,-7.727,-4.2909,-8.3248,-10.5724,-12.9314,-17.2729,-14.9404,-22.7562,-29.2889,-28.6558,-30.8192,-30.431,-30.9782,-28.494,-31.9847,-33.7504,-32.5864,-31.7266,-32.2863,-31.4751,-29.4391,-29.4391,-31.2908,-40.9227,-38.7613,-34.9446,-34.3467,-32.4468,-40.8578,-42.7539,-45.2311,-39.0021,-43.386,-46.0866,-42.2113,-44.8918,-49.9854,-48.449,-51.9713,-49.0358,-51.325,-46.8528,-46.8528,-46.9653,-44.9349,-35.6896,-33.9496,-34.2901,-37.898,-37.898,-38.7561,-39.6143,-38.3008,-34.0328,-33.4872,-35.6493,-37.5936,-36.5095,-31.2709,-38.6484,-41.375,-39.7463,-41.3466,-38.0252,-39.9633,-39.7126,-38.6865,-41.648,-41.648,-40.0496,-39.953,-39.4151,-41.7495,-38.3802,-40.2232,-42.8119,-49.5256,-48.38,-47.8222,-54.2707,-53.0853,-53.1214
-8.27284596288907,40.2774030515665,0.0157,-13.3207,0.5885,0.99,0,4.1816,-2.3057,-8.4636,-4.8535,-6.8729,-6.8265,-2.8431,-9.88,-7.9478,-1.3596,-9.3943,-10.5407,-12.1123,-10.4119,-11.6538,-9.8264,-17.9896,-18.2166,-17.6022,-16.3633,-16.2793,-16.1284,-14.8767,-15.5006,-16.7407,-24.4026,-23.7003,-27.6943,-29.341,-23.0897,-22.8529,-18.9455,-23.1015,-19.3538,-24.8406,-25.7447,-23.6957,-25.1848,-29.5458,-24.2788,-29.5939,-23.8637,-25.1184,-22.3996,-23.4513,-24.547,-23.1383,-14.3588,-13.725,-17.4612,-17.3949,-17.2267,-15.8126,-15.0717,-12.8369,-13.4107,-14.5679,-14.0272,-21.5148,-19.8043,-15.2404,-15.2479,-17.6918,-14.8591,-18.2631,-15.9729,-13.2512,-17.7283,-16.8228,-10.3725,-8.2606,-16.4673,-16.2732,-18.4638,-17.7708,-16.6937,-18.0712,-21.5993,-24.1379,-23.5316,-27.7068,-28.8597,-27.7949,-29.2447
-8.27257646830383,40.2774030515665,0.0139,1.5601,0.4454,0.9391,0,1.8101,-7.3544,-6.4494,-7.4802,-7.3959,-7.7687,-5.428,-10.5294,-11.2315,-8.4571,-10.2617,-6.8017,-8.9774,-2.9362,-4.2198,-5.1064,-2.7958,-3.6578,-4.2249,0.026,1.5994,1.3802,1.5589,2.7837,1.9272,0.9696,0.4988,-2.455,-2.9607,-2.1814,-0.1416,0.5086,-1.0945,-0.2873,-2.1588,-3.5777,-1.9568,-2.2633,-6.0392,-11.4983,-12.8427,-9.8267,-17.6813,-16.6941,-15.6319,-16.2535,-15.9527,-19.0482,-11.6477,-12.7626,-15.1672,-17.1593,-13.9077,-12.6367,-12.9686,-13.0013,-14.0358,-14.3809,-16.0831,-15.2091,-13.3062,-8.2155,-12.0348,-11.0082,-11.2426,-9.7165,-8.3967,-11.938,-10.4616,-8.9694,-6.1684,-13.3806,-13.965,-15.6149,-12.7947,-7.6129,-8.3023,-7.5112,-10.0304,-10.7297,-11.3525,-14.061,-13.2995,-12.9166
-8.2723069737186,40.2774030515665,0.0144,-4.5933,0.5364,0.9105,0,-0.2142,-6.5862,-8.9054,-9.8651,-8.5963,-11.5641,-12.1725,-13.264,-12.2853,-13.3425,-9.331,-8.7878,-8.9214,-12.6371,-11.7118,-12.9358,-12.8864,-11.8896,-12.4537,-6.7045,-12.9546,-14.1417,-12.3661,-13.4154,-15.5909,-12.2947,-16.7732,-12.2936,-17.4966,-16.4303,-8.3555,-11.5721,-13.8747,-10.6881,-9.5415,-17.4664,-15.413,-15.3081,-11.747,-7.8035,-6.5319,-4.3527,0.6958,-0.9641,1.7116,5.4345,4.281,3.813,5.5722,3.3204,0.4487,-1.4603,-0.8781,-0.7232,-3.4059,-3.7335,-4.5524,-5.1071,-5.3107,-3.8586,-2.7105,-1.8104,-1.3293,-3.9684,-2.1792,-3.2646,-4.6395,-4.2008,-2.4225,0.6143,1.2737,3.5734,5.836,6.4988,6.2514,8.0029,6.8199,6.9928,5.2308,5.1449,7.9544,5.78,3.6259,0.621
-8.27554090874142,40.277608654968,0.0126,2.6864,0.5155,1.0,0,10.1214,13.3704,18.5963,17.7056,19.7764,20.1565,16.4118,17.3269,16.2814,16.3003,13.1435,13.1442,15.924,14.5182,12.8372,14.4638,14.9447,17.4678,12.8841,8.1379,5.0211,1.2621,-0.2956,1.1623,-1.6299,-5.7097,0.8561,3.8046,5.6571,-0.4256,2.7265,-2.776,-0.3171,0.2778,0.3705,-2.6042,-4.8408,-3.3781,-7.8119,-11.3587,-11.4894,-13.0852,-13.0162,-15.5153,-13.0498,-11.035,-13.2524,-6.1542,-13.0073,-14.1837,-17.8523,-16.54,-17.5131,-16.246,-12.1198,-10.6779,-9.508,-10.7082,-11.6755,-8.944,-12.6665,-12.1207,-14.4853,-14.5293,-12.5345,-18.0652,-11.4515,-8.3723,-10.058,-3.7284,-9.1272,-7.4466,-8.6406,-5.4747,-7.9834,-11.353,-8.6812,-9.0441,-7.8196,-7.4703,-6.0401,-10.9554,-7.4153,-7.82
-8.27446293040048,40.277608654968,0.0139,-23.6299,0.4247,0.9252,0,3.1856,2.074,7.687,8.4359,11.0195,13.71,10.8968,9.47,8.9096,11.2019,10.5587,10.5347,10.701,10.359,11.1698,13.1832,6.8736,7.1415,8.4429,3.5754,2.3273,2.775,1.5469,3.5844,5.43,3.5711,3.9729,7.5806,3.2825,0.5703,-5.0419,-2.9963,-2.4038,-5.3496,-2.4767,-3.2609,-2.9719,-4.8568,-5.129,-5.9471,-8.9303,-6.9455,-9.2065,-2.8678,-1.7818,-4.4378,-4.178,-5.6311,-5.7289,-8.1038,-7.7543,-9.4786,-7.5965,-9.7291,-10.6745,-10.0267,-9.9053,-9.0365,-8.1575,-9.1593,-10.7947,-10.9611,-12.6617,-13.6611,-14.3433,-15.4668,-17.5712,-18.703,-17.8842,-14.5785,-20.4251,-20.0942,-21.1967,-24.5083,-18.9281,-20.598,-21.0877,-23.1226,-21.1432,-19.1889,-20.8833,-23.0405,-20.1691,-23.9368
-8.27419343581525,40.277608654968,0.0157,-0.1162,0.5505,0.9117,0,0.2974,1.6715,4.7987,5.6173,6.6788,10.2727,8.3846,6.4617,5.8788,5.9807,5.7451,6.7688,5.8486,10.5925,7.7564,8.5587,0.646,3.0502,3.7764,0.0276,-0.6526,-1.6216,-3.2896,0.4112,0.0092,-4.3249,-3.571,0.0417,-6.8092,-10.407,-10.2261,-11.7153,-10.4826,-13.2551,-15.5011,-10.2357,-8.9492,-10.1698,-9.3752,-7.5693,-9.4174,-8.868,-12.0531,-6.1355,-3.4651,-9.6236,-10.8029,-8.5837,-9.9273,-12.9115,-11.0267,-11.1769,-11.7069,-12.2989,-10.8255,-10.9981,-10.4968,-10.0037,-10.9041,-10.8707,-13.6054,-12.61,-15.8923,-16.1042,-16.6478,-18.4179,-22.0711,-22.9816,-22.5757,-20.5035,-25.0421,-25.6063,-26.6077,-28.1095,-24.7089,-24.4872,-25.6131,-24.5832,-24.3179,-23.349,-19.7928,-21.4573,-18.7552,-20.3163
-8.27392394123001,40.277608654968,0.016,3.5893,0.456,0.9419,0,5.2586,4.608,8.9638,10.6481,12.6278,16.62,14.6708,17.2632,17.7243,15.6479,6.6816,7.9583,7.2838,5.4013,6.6907,5.4511,5.5679,7.3177,2.8534,3.6702,3.3866,3.817,3.5658,3.7169,3.8046,0.8419,2.2443,5.2448,7.4492,1.5908,0.1116,4.0492,1.7062,3.0934,6.6256,2.4587,5.584,2.8577,-0.4249,5.0847,0.194,2.7252,-1.3596,0.261,2.8226,-0.3897,1.2672,2.011,1.2307,0.4183,-1.1236,2.1735,0.1523,-0.0198,6.0711,6.6682,5.323,2.7584,2.8703,3.2694,4.3789,8.0428,7.9132,10.5208,8.3354,10.5005,11.8118,12.9971,10.6548,9.6272,4.2957,3.9891,2.3345,-2.4275,-0.5785,2.6875,1.6988,2.0129,0.1967,1.2296,3.1326,7.3119,8.5784,12.131
-8.27338495205954,40.277608654968,0.0152,13.6654,0.5707,0.9806,0,-3.4765,-2.3118,-6.3861,-4.5758,-3.2601,-5.0062,-7.8185,-9.8699,-7.9181,-5.5702,-6.2901,-5.7053,-4.6462,-4.2051,-5.8748,-6.4147,-6.2155,-5.77,-6.4027,-6.0214,-6.1814,-6.0359,-5.9316,-6.477,-6.1415,-6.3843,-6.471,-2.3585,-3.6941,-3.5819,-1.7054,-3.8261,-7.196,-6.0469,-6.1267,-5.0599,-4.7966,-3.7185,-3.2862,-3.3104,-2.565,-1.0276,-1.2149,-2.9404,-4.0783,-1.852,-4.4979,-5.9977,-5.227,-6.0399,-7.2556,-7.4384,-8.1004,-8.7701,-7.8404,-7.302,-6.4522,-6.207,-3.0877,-1.5348,0.5885,5.1984,-0.9959,-3.2125,-4.4088,-3.7953,-2.1344,-1.2988,-4.0424,-5.497,-3.5026,-5.7162,-5.8607,-7.6573,-8.49,-9.7753,-13.1975,-12.9465,-13.8548,-14.1969,-10.5684,-11.0098,-11.5672,-9.1969
-8.2731154574743,40.277608654968,0.0113,11.4979,0.7096,1.0,0,-0.3957,-1.7528,1.8218,4.0807,6.0548,1.9346,0.8041,-4.1586,-0.697,2.2791,1.7947,5.5534,3.3937,7.975,8.3048,9.5437,11.02,8.6997,7.6944,7.1275,9.8064,9.066,8.8428,8.9787,8.059,7.5759,7.6318,6.2413,6.4514,9.6924,7.6659,4.0734,3.0108,1.9449,2.2118,4.906,7.5269,9.1509,7.0411,-1.4649,0.8044,-1.6102,-3.1699,-3.5258,-1.7372,0.937,0.8735,-2.015,0.2657,1.9952,0.6822,0.3786,1.0155,1.0277,0.4675,0.8599,0.7383,0.3862,4.3747,5.6295,6.7107,12.2922,5.5071,4.0844,3.4178,2.1813,2.615,4.1795,5.9931,5.1976,8.4044,6.7062,6.6527,5.0056,5.778,9.9823,9.9822,6.5618,4.4713,5.9176,5.1543,4.6865,5.4536,7.3136
-8.27284596288907,40.277608654968,0.012,-18.5639,0.6142,1.0,0,-1.9007,-0.8522,-2.4279,-0.3035,1.6492,-2.5955,-3.2946,-7.5555,-6.5602,-3.9031,-5.8414,-2.3647,-3.9249,0.6732,-1.9638,-0.3241,1.9955,1.1763,-0.6298,-4.6699,-2.3869,-2.3897,-0.9934,-0.9771,-1.5491,-1.0045,-2.2525,-5.3394,-2.6985,0.8037,-0.0604,-4.3307,-6.7479,-9.0981,-10.0833,-9.9128,-8.3669,-5.0053,-11.9861,-19.9655,-17.68,-16.0543,-18.1938,-17.9569,-18.095,-16.1107,-15.4459,-17.9467,-20.1401,-21.2817,-24.6657,-24.4087,-27.0171,-26.0323,-27.2881,-24.6744,-24.5976,-24.377,-18.8775,-19.9636,-20.3508,-16.0636,-22.6508,-23.8979,-23.588,-23.2231,-22.0794,-21.7329,-21.7693,-22.179,-21.4368,-25.5578,-24.7699,-26.6993,-23.5629,-21.1334,-22.4556,-21.8747,-23.2603,-22.7451,-23.4251,-24.3907,-22.0347,-21.6414
-8.27257646830383,40.277608654968,0.0153,-13.2191,0.4633,0.935,0,-0.7642,-3.3469,-3.3904,1.0955,-1.1627,-3.3724,-7.1025,-12.2792,-11.8812,-10.1999,-13.0297,-13.494,-13.1572,-11.7216,-12.5397,-12.6438,-13.6359,-14.5041,-13.5031,-18.6397,-13.5036,-14.4331,-13.866,-12.6688,-12.918,-13.9987,-14.5117,-16.8965,-14.6535,-14.2402,-11.9169,-10.2063,-13.0804,-13.4635,-14.0429,-12.0226,-11.3673,-13.6338,-20.062,-20.7753,-20.5549,-20.289,-21.6748,-19.3109,-14.0249,-16.1812,-10.5072,-14.1965,-8.8567,-7.829,-7.9624,-6.8587,-8.7768,-4.464,-2.1838,-4.1006,-5.0864,-4.7774,-3.5752,-2.9902,-2.1835,1.1774,-3.0039,-2.117,-2.2792,-2.68,4.3343,0.5583,0.5729,2.109,2.4217,2.0801,-0.7982,-0.9064,-4.9681,0.1318,1.0308,1.1322,-0.4088,-0.1499,-1.7961,-1.9173,-5.2504,-2.4224
-8.2723069737186,40.277608654968,0.0157,-9.8954,0.4734,0.8997,0,-0.2718,-2.9211,-4.394,-1.9947,-2.5786,-4.6169,-3.0258,-4.8557,-4.6043,-6.174,-7.2059,-8.4689,-5.6607,-9.328,-9.1438,-7.7796,-12.7657,-11.0842,-10.9381,-11.4051,-4.1423,-4.0319,-2.5117,-1.673,-4.2537,-5.9242,-7.4937,-3.9267,-9.1583,-11.2003,-6.7259,-5.1278,-11.1126,-9.0367,-8.1453,-11.0162,-8.4347,-9.4022,-13.4219,-6.8066,-8.9863,-8.7411,-7.4838,-11.0124,-7.7807,-5.2776,-7.5366,-7.5162,-7.7487,-9.9768,-8.9383,-10.5437,-10.6632,-8.1761,-8.2738,-8.7359,-9.7341,-10.7976,-10.4504,-11.1243,-11.2991,-13.7608,-11.09,-12.4456,-10.5989,-13.2569,-10.7412,-10.5225,-8.8518,-9.2775,-10.9747,-9.5161,-7.2753,-9.8247,-10.5674,-8.6573,-10.4275,-9.1135,-7.8864,-7.6628,-7.9776,-6.6904,-9.033,-9.2761
-8.27203747913336,40.277608654968,0.0131,2.3314,0.4541,0.9831,0,-2.6937,2.0063,2.3157,5.5071,5.5824,6.1743,6.2767,3.6984,5.3818,2.4693,4.9049,4.7108,4.4189,4.0199,4.2109,4.8333,-0.2557,3.5217,1.4061,3.1328,6.2245,4.0193,4.568,3.2453,4.2191,4.0141,3.1571,4.998,2.4873,1.7585,2.2713,2.2999,3.0195,4.5551,4.3448,3.7861,4.3741,2.3835,2.822,5.9343,9.0085,9.3812,9.9997,8.2686,10.6478,8.7484,8.9484,8.5784,5.0988,5.5186,6.0076,6.3604,7.1103,6.6289,7.7896,7.9184,10.0791,11.4931,10.3784,10.8402,13.119,13.7461,15.1582,12.7385,15.2698,14.7508,13.2326,14.1956,16.0858,12.5849,13.8255,15.3737,15.2975,13.1147,16.6491,18.6778,18.1787,17.1204,17.091,15.8879,18.0924,18.1759,18.6088,17.868
-8.27419343581525,40.2778142577443,0.0149,-12.9994,0.401,0.9193,0,-1.1522,-2.6487,1.0497,1.8985,-2.2688,-4.1209,-4.8511,-9.2764,-10.0373,-8.9102,-8.9593,-9.0178,-9.3693,-14.6028,-13.3026,-10.5781,-16.0627,-17.3791,-18.3966,-16.7779,-14.8042,-13.2184,-13.138,-14.6759,-14.2263,-14.9243,-14.3991,-12.0185,-5.6234,-3.7536,-9.3445,-10.5351,-9.2809,-7.8141,-10.631,-6.2934,-7.7949,-9.081,-4.3863,-9.7134,-9.1159,-9.898,-12.7656,-12.9392,-10.8614,-7.9533,-6.2865,-4.6827,-6.287,-4.4781,-5.6876,-5.4317,-6.9949,-11.301,-7.9547,-4.5927,-6.2407,-10.7546,-1.702,-2.0669,-3.2186,-5.8908,-3.9909,-2.6007,-6.0114,-3.4804,-2.4191,-1.596,-2.8433,-10.1366,-6.3778,-4.92,-4.1118,-3.1296,1.6561,0.1915,-0.047,2.2752,3.2901,1.9076,0.3164,-2.0301,0.4448,-1.1299
-8.27392394123001,40.2778142577443,0.0166,5.7636,0.4792,0.9116,0,-5.2598,-5.8169,0.0525,1.3907,-2.0877,-3.1906,-1.5744,-6.1619,-6.4361,-5.584,-7.4038,-6.2952,-3.8392,-6.1926,-8.937,-8.7191,-10.4061,-9.3853,-12.335,-14.2308,-12.9443,-10.8048,-9.2151,-8.4389,-6.9828,-6.5338,-8.6601,-4.0296,-7.8321,-6.7859,-5.0877,-10.3077,-12.6822,-10.7237,-7.8061,-5.6604,-5.7105,-5.7864,-0.6504,-5.6482,-5.993,-4.8882,-6.4267,-9.8812,-16.7546,-12.3907,-15.2019,-11.2541,-11.262,-7.0622,-7.7622,-6.3428,-7.5151,-5.8141,-5.9571,-5.3399,-5.0058,-5.7659,-1.0672,0.8994,4.1607,6.0227,2.196,1.2323,1.0356,1.2083,3.386,4.8485,3.6297,0.4633,2.3257,3.4137,2.958,3.2787,4.4463,4.9808,5.4546,6.9398,6.9793,5.4293,6.4199,6.559,6.4588,0.7214
-8.27338495205954,40.2778142577443,0.0144,3.4286,0.4585,0.9115,0,-3.0632,-3.3388,6.6838,7.866,8.9435,7.14,5.5523,4.9416,5.571,6.52,7.2055,12.4861,7.084,6.5894,9.4592,7.1835,6.7452,9.9349,9.4204,11.5109,16.4562,17.5649,17.7917,15.1483,15.787,17.0092,17.6217,17.0893,19.8964,12.2661,18.3201,18.7583,18.9837,15.5816,19.4567,19.9848,20.4415,20.1875,14.4401,16.242,19.4264,16.8541,15.3382,15.3659,13.0015,14.7421,17.9747,15.3192,16.4984,17.3439,17.5969,17.8112,16.6231,17.5895,23.9178,22.0725,21.0685,20.8624,21.8212,20.644,22.8237,23.8546,16.0856,16.1791,17.5862,18.6542,20.9506,18.5725,16.2893,19.0472,26.2652,24.0019,25.3489,22.743,21.5452,23.105,23.181,20.7388,22.5041,22.2151,24.6234,26.6755,25.7123,26.604
-8.2731154574743,40.2778142577443,0.0161,-4.1075,0.4555,1.0,0,1.4613,-2.5144,5.9517,12.8526,10.9797,6.7497,6.9775,4.4432,6.4624,7.457,8.4149,10.9363,10.7227,10.1326,11.0403,6.7504,6.5234,6.6274,4.3317,0.3408,7.2483,5.4992,6.2759,5.9235,6.2427,6.0138,7.3286,3.3325,4.4458,-0.0407,3.7231,6.6802,11.4745,6.3667,12.3361,8.7157,10.1969,7.0817,4.942,8.7838,10.9998,7.514,6.1784,6.1264,11.2689,13.7907,12.3071,14.9223,19.3157,21.4941,21.2994,25.453,24.5289,26.2174,30.5325,31.8136,31.0804,30.4644,30.8542,32.3001,30.6127,34.5746,26.9516,28.384,28.7258,28.7296,32.2946,29.1817,27.8616,30.2495,33.9466,32.9149,33.2034,30.5574,30.0157,31.8711,32.4105,28.6487,29.3532,29.6586,28.6823,26.3417,22.7615,27.6586
-8.27284596288907,40.2778142577443,0.0139,-15.5287,0.4233,1.0,0,-1.5383,-5.72,0.0527,5.0581,3.8966,-2.2511,-4.034,-6.6613,-6.6897,-4.3564,-5.9158,-6.216,-7.0663,-9.2833,-8.4424,-9.6987,-10.5005,-12.3304,-11.1983,-14.6816,-10.6722,-13.4062,-11.9037,-14.1403,-13.4833,-13.2578,-16.3503,-17.8931,-15.4279,-17.884,-13.1994,-10.1618,-7.8535,-9.3254,-4.8887,-9.8488,-8.9875,-13.1716,-16.9966,-12.4445,-13.4156,-13.83,-15.2564,-14.6392,-10.8122,-10.052,-4.2917,-2.6694,2.4234,2.4329,1.7994,4.1309,3.7711,2.4836,5.8977,4.9245,6.9032,9.615,8.4818,8.728,8.0932,9.6936,4.6747,6.3107,5.2775,6.3161,10.1862,6.4227,5.5642,8.9694,7.9948,6.8602,10.2526,5.0913,6.5754,9.3906,10.1393,7.8979,7.3217,5.651,5.8995,3.9004,2.0483,3.8445
-8.27257646830383,40.2778142577443,0.0135,0.1209,0.3592,0.9001,0,2.2817,-2.7104,0.55,3.2536,4.6416,3.6975,2.9116,0.3571,2.6248,1.8931,4.3437,1.2955,1.5347,-2.4084,-3.7609,-2.8307,-3.9192,-6.4107,-5.0819,-7.1839,-3.4722,-5.8756,-3.9414,-8.9295,-7.2205,-3.917,-7.0774,-6.44,-5.1463,-6.614,-3.132,4.4403,-2.2007,-2.2436,3.9131,-0.8987,0.4187,-2.7113,-3.3024,-0.5384,-0.8882,-2.5151,-4.0275,-6.2791,-4.8331,-2.9488,5.1426,6.239,8.0899,8.1036,8.5283,9.8085,10.4606,8.9201,13.0196,12.4947,12.7982,14.1863,11.8221,14.0522,14.2503,14.6728,13.492,14.5334,16.564,16.782,19.0212,19.1226,17.3498,19.0802,21.6423,22.5312,23.0411,21.283,20.8401,22.4388,23.9134,25.2505,24.4847,21.7251,21.5877,20.7637,19.416,18.6825
-8.2723069737186,40.2778142577443,0.0107,3.5937,0.4346,0.9482,0,-1.1913,-3.736,-2.5345,-0.9611,3.1573,4.2596,1.5031,1.4345,0.4771,-1.1989,2.5659,-1.0764,-1.399,-4.3303,-3.2053,-1.4433,-1.2147,-2.8072,-3.7187,-1.4543,-0.4452,-1.6253,-0.3475,-5.3365,-3.7491,0.5574,-1.9332,-0.2406,1.3419,0.888,-0.4887,3.5574,1.3848,1.1284,6.4632,4.7192,4.67,2.0736,1.4706,2.4485,2.3834,1.476,1.3414,-1.636,-1.534,-1.2493,3.0154,3.0865,-0.0429,2.3271,2.2898,1.4485,2.9837,0.9526,5.1437,3.9147,7.1778,8.2086,7.1327,6.7204,6.5445,4.1426,8.7607,7.7235,12.1374,12.6985,14.4052,15.5975,15.6178,11.7238,14.2915,13.7836,16.5399,13.2188,12.8506,11.9415,14.6064,11.9026,10.6621,8.6811,5.1585,5.7691,4.2514,5.5021
-8.27203747913336,40.2778142577443,0.0073,-1.4725,0.5737,1.0,0,1.6587,-1.3508,2.7902,4.8299,4.2187,8.7846,3.3752,4.1698,5.6536,3.8439,4.3447,1.6928,2.1033,1.9746,2.2402,2.1319,1.6611,1.3188,0.8721,2.8624,2.788,2.9019,0.8323,2.5885,1.5163,1.1006,1.2917,4.1424,7.878,7.7268,3.0569,2.9241,-2.3301,-1.8535,-2.3263,-3.2674,-0.8143,-4.6526,-6.632,-1.4755,1.0607,0.3705,0.8383,-0.7559,-0.3772,0.9823,1.8449,1.3311,0.7934,2.3418,2.3936,2.0675,1.7723,1.1379,4.5746,3.346,6.8864,8.6699,7.524,5.6269,5.4828,4.2226,6.067,4.5461,5.2726,7.3649,1.1331,9.5038,7.4089,7.9538,7.5732,8.2289,6.339,6.9878,5.7132,6.3801,5.0604,2.5294,3.8825,4.5939,1.7017,3.3417,1.1628,1.5537
-8.27419343581525,40.2780198598954,0.0141,-6.8981,0.4156,0.9886,0,-1.8724,13.0849,18.3074,20.1111,20.1802,23.6668,22.6698,20.4804,20.7661,21.2119,15.5024,17.9515,17.5818,17.5587,16.7945,20.1914,20.0659,20.044,20.2194,29.5828,31.3179,31.4119,30.309,28.2383,28.7379,27.8864,27.7085,25.7196,33.9524,25.4023,24.0846,27.2829,27.3483,27.1478,26.3391,27.0236,29.0714,32.7483,23.1323,23.1138,26.2709,25.4454,22.779,23.0632,23.1758,22.1292,28.2111,21.4173,21.1156,21.516,20.4516,28.8353,27.5164,27.7881,27.3752,27.5061,27.9226,28.8827,24.5901,27.2188,33.2151,32.0586,32.6368,29.689,26.8874,27.2391,27.6403,27.6031,27.324,17.2291,24.4942,23.1911,24.2742,28.977,30.9582,26.9344,28.4177,30.8899,28.5285,28.8443,30.1848,32.6356,34.6255,34.3749
-8.27392394123001,40.2780198598954,0.0161,3.5395,0.4156,0.9018,0,-1.4304,13.559,19.5603,22.1408,22.6823,25.9114,26.3981,25.3318,24.1727,24.4106,19.2924,21.1971,21.3763,21.0064,21.0704,23.7344,23.8176,23.6065,23.5806,32.9589,35.2852,35.5561,33.5854,31.3643,31.5186,31.3701,31.8849,29.8669,38.5436,31.0548,28.5876,30.995,31.7844,32.1876,31.4567,32.3049,34.2885,37.5254,28.102,28.3185,29.5977,30.7084,26.4964,26.2724,26.8254,26.7502,33.4999,26.7251,26.1133,26.2901,26.0706,34.0224,31.368,31.269,30.7741,32.2993,33.904,34.7103,30.6408,33.4186,40.2774,40.4441,40.8732,37.8587,35.198,35.1374,36.2256,35.4657,35.8765,26.9888,33.7863,31.5962,32.3338,36.2587,38.3401,34.6567,37.0515,38.3539,36.2981,36.6307,38.3292,40.4118,41.9547,41.7204
-8.27365444664478,40.2780198598954,0.0163,-1.9182,0.4403,0.9272,0,0.3666,-0.5274,7.5443,9.3744,11.8087,12.3418,14.3672,14.3514,14.1368,14.618,4.5004,7.6974,6.2716,6.4391,6.4541,8.5866,8.6186,7.987,8.4662,15.0089,17.1592,18.1674,16.5768,13.7246,13.6671,13.981,12.111,10.3189,14.7145,6.6386,7.1305,11.9996,11.8533,11.97,16.6336,12.0951,2.7015,5.3687,0.3387,3.8445,2.1303,3.5037,0.9104,3.087,11.7744,4.2222,14.4846,3.0993,2.4464,-2.2472,-2.3218,-2.7371,-2.7377,-3.153,-2.9129,-3.8521,-2.3723,-0.2258,-2.0129,-3.4264,-3.7359,-3.5164,-5.0469,-10.8103,-8.8999,-6.8333,-5.1948,-5.0523,-8.9976,-17.7497,-9.9197,-12.3855,-10.8529,-8.6158,-5.5682,-8.3399,-8.0895,-5.7135,-6.8338,-3.2207,-1.5151,2.1897,6.4754,5.5907
-8.2731154574743,40.2780198598954,0.0186,-12.5321,0.4658,0.9186,0,-0.1809,-0.1107,-0.3709,0.5077,6.4255,7.6099,5.01,5.3975,7.0471,5.5332,10.5026,10.936,11.2021,6.1948,6.0845,9.119,3.9838,4.7904,2.0936,1.3681,5.7097,4.9578,2.9765,1.0916,0.4139,6.3323,7.2706,8.948,10.8959,6.3274,7.3627,10.8373,7.8338,10.7031,17.8525,13.6493,7.03,11.1459,15.8478,15.5268,18.3,14.3834,12.2329,10.9779,8.6561,13.387,22.3063,16.2028,15.1786,17.6127,15.9802,14.3206,14.0167,13.9528,14.2833,11.6943,11.809,14.2534,7.4048,9.1417,6.0022,8.7458,12.5588,14.4176,14.9941,16.8077,16.6162,15.7471,15.6042,15.5659,22.7127,22.0064,21.7437,22.0717,25.0278,24.7223,21.4814,23.6045,25.4057,19.6245,23.3949,27.3327,26.5366,27.1744
-8.27284596288907,40.2780198598954,0.0171,-5.0875,0.4167,0.877,0,1.1903,0.6117,-0.3785,4.3601,11.7752,7.698,6.9813,4.7549,7.4928,4.5069,13.5459,13.5804,13.4171,7.9284,9.8113,11.1077,12.5787,9.1685,7.5125,8.4835,14.2743,12.2111,10.1748,6.6221,6.4391,14.9455,14.3618,18.4114,21.2172,15.1566,21.038,27.1696,25.5088,25.4724,33.7719,30.7536,30.1258,29.5886,33.1644,32.7247,35.5786,33.654,30.9972,27.9994,27.9817,30.9417,40.0411,33.0116,33.7044,33.5974,33.7813,33.2992,34.6011,34.4018,38.5065,38.1821,37.6354,38.4497,32.8691,37.6479,32.8016,31.8771,31.2936,34.3035,35.794,35.4709,35.1746,35.1397,35.3089,34.8001,42.8697,41.9351,43.5843,51.925,46.4154,47.3883,48.0519,49.2448,48.0706,41.6191,41.3677,41.31,40.9922,40.9322
-8.27257646830383,40.2780198598954,0.0162,-1.251,0.4753,0.8663,0,-3.5572,-8.8968,-1.4909,1.922,7.5239,3.5192,2.7629,1.6009,1.4675,2.7031,5.9612,5.4283,7.5719,-0.0038,2.2768,2.2283,2.3973,0.8502,0.355,1.3092,7.9256,6.8885,6.708,4.7665,5.9921,7.8608,11.9708,13.1328,15.2497,13.665,14.3722,24.1149,21.533,22.7086,28.698,24.224,28.0107,22.5028,22.4383,25.3965,26.5479,28.0555,25.8433,25.5538,24.7242,26.1096,24.1631,14.1632,15.2647,14.804,15.319,19.3402,16.4972,20.0435,25.7224,23.5024,22.7008,22.9582,19.3522,23.395,21.0087,21.4127,21.1838,22.0948,23.0053,17.6115,20.7348,20.9613,19.1259,15.9355,19.7519,20.275,20.6377,21.6631,19.7622,20.0378,24.2964,22.2074,19.7812,19.5388,17.9603,16.8378,18.7373,23.2729
-8.2723069737186,40.2780198598954,0.006,-1.7653,0.4638,0.9982,0,-4.55,-9.0929,-1.6718,1.084,5.2442,0.3646,0.045,-0.4645,-1.4979,0.5004,0.4039,-0.2569,1.8362,-5.2345,-4.5854,-4.3853,-4.8295,-4.8563,-5.5546,-4.5047,0.6698,0.2667,0.0859,-1.1328,1.1374,2.0678,5.1294,4.0801,5.5722,5.463,4.6168,12.9675,10.749,11.9749,15.9139,13.3323,16.5811,11.182,8.629,11.2869,10.4928,13.4482,12.2144,11.7291,11.0594,11.9955,4.7066,-2.2139,-1.7498,-3.1935,-4.7319,0.5658,-3.3156,0.98,8.2772,6.4327,5.4357,6.4917,4.145,6.654,6.1173,4.4694,5.9178,5.4731,7.0157,4.3141,5.7822,8.1285,5.3816,0.3377,0.3936,0.5633,-0.3898,-1.9812,-2.0831,-1.6699,-1.0163,-3.3048,-5.8697,-6.49,-7.6456,-10.0665,-7.2428,-1.3379
-8.27203747913336,40.2780198598954,0.0064,-1.1668,0.6589,0.9666,0,-1.2928,-0.7708,-1.6288,-0.1888,0.5528,0.701,-0.6087,-0.1993,-0.0783,-0.6574,-1.0112,-1.553,-2.2016,-3.1217,-2.6543,-3.5963,-3.6568,-3.4128,-4.2892,-3.1845,-3.9096,-4.5591,-4.6865,-2.9761,-3.5091,-4.1744,-2.3171,0.9602,-0.7253,-1.3903,-5.9097,-5.3607,-11.1658,-10.2684,-11.1481,-11.612,-9.2098,-12.1136,-15.3158,-7.1774,-8.538,-6.9063,-7.9063,-8.4587,-9.1414,-7.9791,-8.9086,-7.5978,-7.3424,-9.1422,-9.5571,-9.6382,-9.5693,-9.7619,-10.6297,-12.3332,-13.3738,-11.0716,-10.5879,-11.1218,-10.1577,-13.806,-11.5075,-15.0644,-10.6549,-13.5344,-12.1128,-9.876,-10.0924,-11.3934,-9.5823,-10.4346,-11.0456,-12.1348,-11.2999,-12.0626,-14.1518,-15.6836,-13.7894,-15.4054,-14.5192,-15.0732,-15.0006,-13.6675
-8.27176798454812,40.2780198598954,0.0111,-0.5591,0.6982,0.9843,0,-4.5184,-3.3156,-6.0815,-4.4124,-5.5444,-3.7431,-4.388,-5.1953,-4.8474,-5.6697,-7.0539,-8.4995,-7.5929,-6.1431,-7.8621,-8.2856,-8.5942,-8.3445,-8.2425,-6.7727,-10.2544,-10.0823,-10.2944,-9.0935,-9.7864,-8.9421,-10.9221,-6.3513,-8.4245,-3.5291,-8.3525,-7.5913,-6.6844,-7.6614,-6.3937,-7.9872,-7.6385,-7.8523,-10.416,-6.7246,-6.8294,-7.9953,-7.1327,-7.4929,-7.2785,-8.0229,-8.7212,-9.5648,-8.5718,-8.853,-7.2086,-7.1851,-7.535,-7.5859,-6.4769,-8.6965,-6.2756,-6.0071,-6.1696,-7.3581,-5.8169,-5.2309,-7.9444,-6.6047,-5.2811,-4.7663,-6.6702,-5.6385,-4.9682,-3.3794,-5.4894,-4.1024,-5.1682,-9.2347,-9.1249,-8.3612,-10.1903,-10.4197,-9.5977,-9.1684,-9.4558,-9.5966,-9.756,-5.8248
-8.27419343581525,40.2782254614212,0.0082,16.4256,0.3436,1.0,0,-0.3938,2.0852,10.5805,12.6907,18.4634,16.2868,16.2626,16.3589,16.8201,18.8442,18.8442,18.9714,17.8756,23.7217,20.8053,22.575,22.3613,18.0431,18.1545,14.2468,15.989,15.1061,18.953,18.3756,17.7216,13.542,18.371,21.4008,22.015,25.7657,24.4271,22.9802,22.1599,22.2852,23.9111,27.1817,32.8397,33.6884,34.9085,34.1787,31.2695,34.2161,33.5527,36.4765,38.6495,42.8664,45.1972,46.3411,43.1633,42.1833,43.1845,43.3273,45.2403,43.5888,39.3042,38.0902,38.5456,40.215,38.2778,40.7385,37.7376,40.67,46.8891,49.9262,47.9112,47.6155,46.0036,50.0006,46.9163,56.5245,58.4268,57.9717,60.314,61.4058,60.6159,57.5827,55.0585,54.2274,58.1533,56.8607,59.501,65.2774,67.6383,70.0536
-8.27392394123001,40.2782254614212,0.0168,-2.9761,0.5238,1.0,0,2.3971,3.741,11.3443,9.5849,12.6723,12.3192,13.6988,13.7089,13.5469,14.5463,15.0773,14.9103,14.4826,18.1476,16.9095,15.6104,19.8612,16.73,13.3265,12.5136,4.0656,4.9952,3.9665,4.5546,4.5428,1.6503,4.9551,10.4215,13.3783,16.3751,12.9985,12.5352,14.3988,14.6541,17.38,22.1734,24.3968,23.9432,26.0983,26.0205,24.625,26.5396,23.7094,26.8224,27.6612,31.2747,34.0141,35.4212,36.168,33.8718,36.7913,38.1889,37.2505,37.7074,36.5994,35.0142,37.6475,39.7206,38.4383,36.3649,37.0133,37.8631,40.2975,42.6125,41.1137,41.2024,40.1522,42.9115,40.2119,49.8649,51.7821,49.9169,53.1721,53.5446,51.5844,49.8706,43.376,45.5071,48.781,47.1352,51.3787,54.9457,55.5959,59.2479
-8.27365444664478,40.2782254614212,0.0156,-6.7042,0.5295,0.9476,0,2.0501,3.6562,12.2506,12.9982,13.5832,13.8676,16.1373,15.2256,15.6099,17.1318,18.362,18.7014,19.2949,24.9502,21.132,23.3521,23.4046,23.597,20.7862,21.6347,13.9168,13.6875,13.4322,13.4203,12.8145,12.0238,12.8662,18.1882,20.9115,23.9863,21.4844,20.8133,24.1026,23.4068,23.9569,27.1801,29.9346,29.761,29.6356,33.1679,30.1475,34.3463,31.2846,33.7257,36.0725,38.0618,40.7855,41.063,41.4906,39.2458,42.7942,44.879,43.2364,42.023,39.3877,37.7613,37.7413,39.1726,38.7738,40.0319,40.3592,42.7164,47.4833,49.1016,47.4032,46.3568,46.0774,47.0459,45.2413,54.3044,55.4773,54.1531,55.7382,55.447,51.3492,52.5467,49.5174,49.2391,53.5423,53.5004,54.8307,60.6834,62.1417,65.5909
-8.27338495205954,40.2782254614212,0.0163,-1.1059,0.4575,0.8961,0,-2.4238,-3.1172,4.69,3.9807,8.3025,7.7765,7.2934,9.0101,8.8495,9.657,8.818,9.2983,10.83,8.5787,9.0541,9.1569,8.8677,6.1833,6.0383,4.5185,6.1094,4.5668,4.0637,2.8031,2.4995,-0.7241,5.6411,9.1146,12.0934,9.9161,11.009,11.8907,13.1786,10.5637,16.1801,16.7688,19.1736,17.6527,16.0672,14.3305,15.5907,15.9807,15.766,17.7187,20.7899,19.6467,19.4509,20.0633,17.9384,13.6466,15.8213,13.4318,14.379,12.0849,11.3255,10.5755,10.0296,11.285,11.0128,10.9861,8.7568,10.2957,11.2435,11.7389,11.1167,9.6052,9.6833,11.8444,10.7746,11.7818,16.1883,15.3846,16.3207,16.792,17.1211,16.9026,16.6613,18.6211,19.9,17.3955,20.6386,21.2329,21.8346,27.5784
-8.27284596288907,40.2782254614212,0.0167,-0.8029,0.4196,0.8895,0,-0.9284,-7.969,3.5591,4.839,10.108,7.8258,10.3931,9.3575,8.2847,12.3414,14.4791,13.8965,18.1996,9.0905,9.8754,8.947,11.1099,9.4433,9.9093,10.2517,20.0331,20.0931,20.5921,16.9274,19.0833,19.1386,23.218,24.6959,25.9994,22.2331,24.4044,32.9412,32.4166,34.485,40.7119,36.5356,37.742,33.3103,36.6008,38.7479,39.009,41.7524,40.1403,39.2798,38.7367,40.4481,41.4419,35.3104,35.5408,34.6009,34.2969,30.5883,30.9809,30.3492,31.6887,28.8529,27.7608,28.1805,26.5008,30.5261,26.1799,25.7782,25.4851,25.9643,27.6903,25.6846,27.2407,24.7784,23.2269,17.3042,21.3049,21.7086,22.5584,21.1487,20.7472,20.9546,25.0701,24.4709,21.3131,20.537,18.7429,17.5869,18.8298,26.7853
-8.27257646830383,40.2782254614212,0.0162,-0.4665,0.4775,0.8842,0,-5.2506,-11.62,0.1871,2.5726,1.0511,2.6258,2.6158,1.3779,0.5008,-1.4704,-1.0711,0.0834,1.8279,-5.9629,-4.051,-4.5092,-3.0943,-4.3088,-4.6994,-5.6475,-3.8953,-3.4495,-2.1944,-4.0104,-3.1883,-2.3447,-0.3008,0.255,2.1788,4.2782,1.4822,4.1658,3.3995,7.8388,12.223,6.0224,4.5415,0.2635,-1.5906,3.998,5.2445,4.1046,-0.1596,0.878,1.6194,1.5217,-4.1481,-10.6209,-10.2239,-10.2394,-8.7258,-11.7881,-10.7663,-10.8481,-11.9195,-14.2705,-16.2273,-15.3589,-17.5445,-15.6058,-17.8904,-18.7737,-18.8048,-18.1956,-19.8374,-20.359,-18.5899,-19.0864,-22.1304,-27.9921,-24.9453,-23.5797,-22.7477,-24.9022,-24.8049,-25.0328,-23.475,-25.0179,-26.362,-27.8851,-29.0314,-33.7915,-39.4072,-33.3001
-8.2723069737186,40.2782254614212,0.0053,-5.6226,0.4486,0.9828,0,-4.346,-9.9619,0.7331,1.6017,-0.4168,1.5378,1.5834,0.0773,-0.4789,-2.403,-1.2741,1.1742,1.5093,-5.9416,-4.2903,-4.0062,-4.0671,-4.7411,-4.8585,-6.0358,-7.1708,-6.3016,-5.7018,-7.3283,-7.6233,-7.1652,-7.746,-7.0387,-6.2695,-2.7694,-6.3809,-6.5294,-7.2837,-2.7643,0.6077,-5.2626,-6.6585,-8.8049,-11.0341,-5.1597,-2.7844,-4.9811,-9.025,-9.6101,-8.7803,-6.7702,-10.9151,-15.1708,-14.9086,-15.3322,-16.5102,-21.4198,-19.6504,-20.5285,-24.5013,-25.7579,-25.9726,-26.0531,-28.4565,-26.4234,-28.7715,-29.7453,-29.2051,-29.3296,-31.2863,-29.4951,-27.7923,-27.9721,-30.4569,-34.2339,-34.5001,-33.8686,-32.8095,-35.4603,-36.7829,-36.133,-34.9429,-37.4757,-39.1367,-43.2892,-44.5325,-49.1601,-55.394,-49.0123
-8.27203747913336,40.2782254614212,0.004,-1.7594,0.4653,1.0,0,-2.1663,-5.3114,-0.6724,0.1462,0.1699,1.2437,0.3885,-0.3762,-0.6478,-1.5055,-0.9208,0.3062,0.8621,-2.8021,-2.2381,-1.1001,1.2472,-0.4553,0.3162,1.2951,1.3952,-0.9335,0.3479,0.0069,-0.3424,0.446,-0.7115,2.3346,2.4544,4.3442,3.0908,1.3884,-0.611,2.4016,3.7912,4.7282,5.0105,3.6629,0.0777,5.2168,4.7906,3.8301,1.9731,2.5809,4.5027,5.2766,3.525,4.8414,4.3275,3.8337,3.7037,2.0163,3.7048,4.0169,0.3484,0.7258,-0.0329,0.599,0.6853,0.1568,0.3229,1.1546,-0.3185,-1.3413,-1.6965,-0.1383,0.0754,-2.0289,-1.4709,-4.0559,-2.2288,0.0774,0.8512,-4.0906,-2.8942,-2.3096,-0.8174,-2.3212,-2.5647,-5.2787,-5.6239,-8.8608,-6.7773,-7.7478
-8.27176798454812,40.2782254614212,0.0109,-1.4663,0.6718,0.9828,0,-0.6007,-1.8452,0.5706,0.0267,0.1689,0.417,-0.5985,-0.0957,-0.8025,-1.9364,-2.6679,0.0841,0.7038,1.4996,-1.7406,-1.2991,-0.5836,-0.7344,-0.3354,0.2103,-1.0592,-2.0882,0.123,-0.2968,-1.2509,0.0473,-2.6486,-2.5438,-2.6585,-1.3085,-2.0999,-2.7917,-2.3059,-1.7998,-1.4421,-1.546,-0.9764,1.9553,0.0871,-0.0825,-1.8168,-1.8517,-2.2134,-2.5794,-2.1245,-1.8829,-2.476,-1.7444,-0.9918,-2.6956,-1.5573,-1.3816,-2.4883,-1.8974,-2.0843,-0.3521,-1.3931,-3.1165,-2.7772,-1.6879,-2.0877,0.4524,-2.1265,-0.981,-2.1776,0.2258,-4.0214,-0.8053,-2.2798,-0.9078,-1.7571,-2.5017,-2.3767,-1.7781,-3.289,-2.6794,-1.3729,-0.937,-1.7281,-2.5472,-1.6476,-2.6273,-2.1099,-0.6639
-8.27149848996289,40.2782254614212,0.0142,-4.1368,0.6036,0.9403,0,1.5695,-0.2695,0.6897,0.7828,2.599,0.7809,0.3928,2.7111,0.2799,-1.1877,-1.4339,-3.2858,-3.0166,-3.4418,-4.7274,-4.0864,-5.8478,-7.1365,-5.9969,-4.4307,-6.4426,-9.0901,-7.996,-5.8477,-5.6666,-5.1781,-7.2083,-6.8555,-4.1279,-5.3653,-4.6183,-4.9454,-7.1135,-7.5634,-6.8373,-9.3874,-7.8008,-3.9359,-5.5274,-5.2395,-6.7994,-8.7491,-7.1742,-6.9183,-7.7762,-9.4772,-10.2957,-9.5253,-9.2547,-10.2296,-10.2783,-10.1106,-9.9904,-10.1936,-10.312,-9.5447,-11.0323,-11.2924,-13.102,-10.7577,-14.1958,-14.8056,-14.156,-14.8297,-15.5224,-14.3162,-13.5123,-13.2826,-13.3573,-14.801,-12.5015,-13.1168,-12.4159,-12.2405,-11.8576,-11.8466,-11.4747,-12.4436,-11.7951,-12.8902,-11.1647,-12.1623,-11.5949,-9.2467
-8.27392394123001,40.2784310623219,0.0187,-14.1905,0.5192,1.0,0,-5.8921,-8.5961,-1.9108,-4.0095,1.878,4.1162,-2.7656,-2.2205,-2.7053,-1.8304,-0.5769,1.1792,3.4195,-3.458,-3.4944,-3.7147,-4.0662,-4.6365,-4.8837,-6.8951,-3.3358,-5.1601,-7.9903,-12.4817,-11.002,-9.6125,-5.7583,-3.4315,-1.0403,-7.5181,-0.5212,3.4667,4.0065,0.8049,10.3697,3.8569,5.4086,3.4695,0.5815,-1.3829,1.8634,-6.2009,-4.5182,-0.3105,1.7707,-7.7973,-7.591,-10.9566,-11.3383,-13.8184,-13.0568,-19.1392,-16.5141,-21.5841,-22.8591,-25.0438,-25.5607,-25.6256,-26.3911,-28.2301,-31.7112,-26.0141,-35.8595,-35.3796,-33.8142,-31.3623,-29.7052,-32.0346,-34.191,-41.1532,-32.881,-34.5854,-33.0078,-33.9818,-33.7541,-35.4258,-35.1181,-36.2283,-35.6399,-37.6626,-34.8172,-35.0156,-40.1598,-29.1482
-8.27365444664478,40.2784310623219,0.0134,-14.6318,0.4646,0.9263,0,-4.7066,-5.0178,-0.6954,-1.7871,2.1315,3.2627,0.1658,0.5197,1.4567,2.38,0.8521,2.0402,4.8015,1.4707,2.5652,2.0596,0.7845,0.2995,0.5519,-0.8357,-7.9048,-11.3279,-13.1513,-16.3051,-14.6032,-13.5905,-10.4137,-9.4747,-7.3546,-12.4695,-7.3022,-7.4808,-8.8928,-13.9535,-6.0608,-10.4046,-8.8116,-13.1599,-19.3758,-23.2977,-21.804,-29.3366,-27.2511,-27.1599,-23.6392,-29.4024,-26.3727,-34.8632,-36.3123,-38.1819,-35.6739,-35.8364,-37.6722,-39.0713,-39.3193,-41.2093,-41.0833,-41.3062,-41.4372,-42.6181,-48.3444,-50.5899,-52.1217,-53.9397,-54.7203,-54.0729,-51.3836,-53.7868,-54.6607,-54.7455,-51.4322,-52.9268,-52.624,-52.3938,-51.9357,-51.4144,-51.0046,-48.8424,-46.7282,-50.5224,-46.385,-49.0409,-49.2683,-40.8169
-8.27338495205954,40.2784310623219,0.0156,-4.1989,0.4601,0.865,0,-7.2797,-10.0055,0.0229,-2.9891,5.1583,3.4595,-1.6829,-2.0245,0.0945,-0.0903,-5.1874,1.8139,-1.4914,-2.8,-4.2548,-5.4812,-5.2488,-5.6902,-5.7135,-7.2959,-6.4148,-5.4624,-4.515,-5.6313,-6.8098,-7.6506,-5.9602,-3.6019,-1.4987,-11.958,-2.555,-2.586,1.6705,1.0368,6.1774,1.9399,-0.4226,0.4911,9.3709,5.9037,5.4224,-1.9547,-0.7274,-0.961,-0.8799,-3.87,-5.4311,-7.4784,-5.4184,-3.5122,-4.1147,-8.7941,-6.7777,-8.8514,-9.7562,-12.0831,-14.167,-13.9253,-13.9013,-15.0025,-15.8369,-23.7788,-22.0206,-21.9946,-25.6626,-25.4975,-21.811,-21.9754,-26.052,-19.9068,-11.4826,-12.6227,-12.041,-12.222,-12.0048,-11.1258,-9.2335,-9.9857,-7.8362,-11.3827,-2.8752,-6.9356,-13.8549,-8.1111
-8.2731154574743,40.2784310623219,0.0157,-1.9363,0.4581,0.9347,0,-7.906,-12.9567,-5.5167,-7.1186,4.0039,0.2537,-4.1154,-4.3958,-3.6759,-4.1712,-8.3462,-2.3216,-3.4456,-9.127,-8.7445,-8.5204,-8.9909,-9.3093,-9.1437,-12.3705,-3.7815,-3.7762,-3.0265,-3.0577,-5.2631,-4.2091,2.0293,2.7999,3.6367,0.4282,2.6433,2.4183,3.08,4.1128,8.2455,1.3107,-5.9096,-3.4539,6.6958,3.4722,0.251,-0.4347,-7.3598,-7.3091,-7.1015,-6.5378,-16.3526,-26.6115,-15.0709,-18.2643,-18.4826,-19.4804,-17.9263,-16.9678,-22.4836,-23.0215,-24.6041,-25.5646,-25.8571,-25.8206,-25.4207,-31.0466,-28.2563,-27.9273,-27.0426,-25.8673,-22.5344,-25.1346,-27.0865,-29.7614,-17.9845,-17.5643,-16.7236,-19.9875,-15.7338,-17.0305,-15.3844,-16.584,-16.1327,-19.3555,-10.1256,-15.5208,-26.2615,-19.408
-8.27257646830383,40.2784310623219,0.0156,-9.7277,0.4262,0.8675,0,-2.0122,-3.3915,-0.8266,-0.2569,-4.5817,-6.5137,1.225,-0.43,0.376,-4.2864,-10.176,-8.8783,-11.1445,-11.5496,-11.4859,-11.9165,-12.7972,-10.3482,-7.8198,-4.9212,1.0517,2.4482,3.7219,2.7133,3.4521,3.1792,2.5456,9.4903,15.2105,8.9775,6.8395,0.9438,-2.4236,6.2936,3.0427,1.803,5.102,0.3801,4.3423,4.5826,6.4092,3.2004,2.3182,1.8085,2.977,1.2143,7.7356,0.0469,6.352,5.691,3.7768,4.0658,3.843,4.89,3.5458,1.6545,0.4525,0.514,-0.7604,-0.8583,-1.1634,-7.5256,-3.5486,-1.6664,-7.2643,-1.4113,-5.8033,-14.2451,-11.2198,-16.3644,-9.6444,-8.5094,-7.9701,-9.2187,-9.3016,-8.5054,-8.7575,-9.6181,-6.1131,-11.3889,-5.016,-10.9033,-13.6995,-7.0733
-8.2723069737186,40.2784310623219,0.0097,-5.0585,0.432,0.8953,0,-0.1593,-0.4843,-0.1259,-0.2697,-1.62,-4.0541,5.1083,2.3869,4.5972,1.6274,-4.8164,-3.7948,-6.2962,-6.4002,-7.2807,-8.6005,-8.7019,-5.6889,-3.6489,-0.9493,8.0401,10.0775,10.7304,9.6258,10.5589,10.3152,9.9367,15.7428,23.2057,13.3341,13.3831,7.0955,6.2539,12.7275,9.9169,11.1185,15.5154,10.9818,17.6881,15.3521,15.5662,15.1755,15.6108,14.1707,14.4539,13.3742,21.9727,16.3898,22.6745,22.9398,18.8413,18.7953,18.8714,19.2323,20.8136,18.9685,18.0247,17.7778,17.9728,18.1973,18.054,11.7802,16.1906,16.879,11.588,18.5234,13.8549,5.068,9.9435,2.87,10.2758,11.028,10.2334,10.0689,9.4743,10.4319,10.344,9.3453,13.2465,8.3109,15.2153,12.1724,11.3341,18.2735
-8.27203747913336,40.2784310623219,0.006,-1.4141,0.5672,1.0,0,0.7633,0.4304,0.4247,-0.5148,-1.4507,0.2981,-3.9826,-3.7643,-2.1865,-5.2717,-8.6638,-7.4509,-6.3712,-6.4908,-6.7702,-7.7697,-11.9018,-10.7141,-9.3107,-9.0633,-9.0257,-8.1361,-6.8428,-8.0874,-5.3561,-4.577,-5.8142,-5.5886,-7.0636,-8.8837,-5.0155,-8.3233,-10.4441,-6.8343,-5.7843,-4.0296,-7.7157,-7.1494,-5.3625,-5.9882,-5.1933,-6.4557,-4.7957,-8.2357,-7.6164,-7.2887,-2.7066,-7.2835,-5.8592,-5.2888,-8.1564,-11.8819,-12.9773,-12.2968,-12.2148,-14.9091,-14.7566,-11.1056,-9.6002,-11.6379,-11.0544,-14.1725,-13.3413,-11.3798,-15.4867,-9.7457,-15.5329,-13.2257,-9.8927,-13.8589,-14.0152,-11.0826,-10.1548,-16.6268,-15.8471,-15.5265,-14.9544,-15.1918,-13.8327,-19.4245,-13.0007,-16.2898,-16.782,-16.4842
-8.27176798454812,40.2784310623219,0.012,2.4406,0.6082,0.9842,0,0.0514,-0.061,0.6524,-0.1652,-0.5278,-0.0818,-0.1781,-1.4303,-1.4338,-0.171,-1.7979,-0.8607,-0.168,-0.4286,-1.826,-0.6819,-0.8232,-0.9374,-0.2522,0.266,-1.3512,-1.7641,0.103,-1.1461,-0.1891,0.4016,-0.2103,0.268,0.2871,0.9784,0.1306,1.1437,0.7421,-0.1108,0.3382,0.9075,1.3432,2.8658,1.5089,3.9345,1.6447,1.5833,1.5052,1.5541,0.9907,1.8465,1.3763,1.5276,1.9908,0.9438,1.0529,1.2743,2.2908,2.0489,2.3279,2.9278,1.5628,2.0601,0.6318,1.4573,1.5033,2.6675,1.8018,2.1547,2.9305,2.587,2.2406,2.8026,2.8057,2.1482,1.9213,2.3805,1.2438,0.9356,0.0266,1.525,1.581,1.6113,1.2248,0.2856,1.0094,0.8733,1.5783,3.3938
-8.27149848996289,40.2784310623219,0.0064,-0.516,0.8926,0.9938,0,0.0024,-2.1009,-0.9131,-0.9286,0.7697,-0.0953,0.9259,0.6132,0.9037,-0.3273,0.1345,-0.8336,-0.0218,0.0592,0.4456,-1.1595,-1.1838,-0.9668,-0.5336,0.0385,-0.5473,-2.0744,-1.3217,-0.8963,-3.5847,-1.7593,-2.9533,-1.1998,-1.9513,-2.5416,-1.2061,-1.1815,-1.2436,-1.9191,-1.5452,-2.162,-0.1163,-0.951,-1.0163,-0.6745,-0.6478,-0.9886,-0.7814,-0.6347,-0.5626,-1.9073,-2.028,-1.4072,-1.0611,-1.4982,-1.8579,-2.604,-0.5014,-1.5351,-1.9298,-1.6288,-1.083,-1.1862,-2.869,-0.6208,-2.6976,-2.4942,-1.0947,-2.6895,-3.6063,-1.1686,-1.1271,0.2734,-1.3714,-1.1174,-1.5355,-0.335,-1.1973,-0.5466,-0.6279,-0.2011,-0.1229,-0.2608,-0.8252,-1.0788,-0.287,-0.1754,-0.1885,0.6189
-8.27122899537765,40.2784310623219,0.0056,-1.7134,0.5255,1.0,0,-0.0976,2.5747,2.8376,1.548,2.1414,2.7532,1.4857,1.2833,1.9702,1.8217,2.4761,-2.3542,-0.463,-0.2729,0.1404,-1.0426,-1.428,-1.8373,0.3477,2.5814,-1.3896,-5.4014,-2.8623,-3.1668,-7.5068,-6.8317,-7.9769,-6.1595,-3.2496,-7.4831,-6.96,-8.1034,-8.747,-9.2287,-11.0232,-16.8391,-14.8052,-15.4718,-15.5504,-17.2409,-19.4655,-23.1409,-21.6391,-19.583,-19.7979,-20.6597,-20.8069,-20.1126,-19.9141,-18.7301,-22.7877,-20.4838,-21.1181,-19.4386,-20.0943,-20.6641,-22.0891,-23.0135,-21.4642,-21.7115,-22.2181,-23.3077,-22.1703,-23.4923,-23.9444,-22.9661,-23.9086,-20.527,-21.1119,-24.3856,-22.4569,-24.5683,-20.5566,-21.2763,-21.9779,-20.6554,-20.6596,-22.1251,-21.6139,-21.3186,-15.9041,-16.981,-16.3705,-17.262
-8.27365444664478,40.2786366625973,0.0132,-8.0988,0.4613,0.9838,0,-4.4688,-7.7326,-1.4791,-2.0916,1.854,2.0562,1.8362,1.5122,2.4568,2.1471,-1.6064,2.075,0.7378,-0.4828,-0.9153,-1.9622,-2.7816,-2.2227,-0.9187,-1.6543,3.0997,3.3507,3.7133,2.8091,2.2211,2.5347,4.1625,6.7224,9.6002,-1.0773,5.6045,3.7399,4.9209,5.7107,6.9917,3.0187,2.7077,1.3364,9.5222,4.3387,7.3914,5.2033,8.1293,8.3473,10.0766,8.3632,7.1646,2.3254,9.8944,10.5949,9.3461,6.4827,6.8839,7.1022,7.3741,5.0389,3.3831,3.3655,2.5701,3.6427,2.9173,-3.0181,0.0038,-0.2488,-2.267,-0.6282,0.6841,3.028,-1.6839,-2.2253,9.7367,9.0649,8.1117,6.7844,8.083,7.26,8.4718,8.1251,10.1511,6.2756,13.6544,8.8025,5.9778,10.4338
-8.27338495205954,40.2786366625973,0.0168,1.351,0.4604,0.8771,0,-0.7781,-6.4998,-2.9338,-6.2616,-2.4275,-1.6308,-2.9436,-1.846,-2.835,-2.6428,-4.6723,-5.9814,-4.3714,-1.4969,-2.2914,-2.5948,-6.0019,-6.5959,-6.3062,0.2605,1.5537,1.0162,0.5485,-0.321,-0.3001,-1.7517,-0.4089,1.4749,6.3366,0.7281,2.9105,2.8058,2.0465,3.2141,1.6164,0.2123,2.312,-4.0387,0.9548,-1.9931,2.5821,7.6697,10.2261,9.9716,12.3308,13.4043,13.0438,9.3454,18.1628,17.2814,15.2805,17.2941,16.9974,18.5251,19.4486,17.547,15.3985,16.4033,13.7558,13.9041,14.971,11.2444,12.5978,14.9963,12.1567,16.2236,10.5952,18.4208,14.2929,7.2572,17.2051,16.0453,14.3072,14.477,17.1484,14.9872,15.6549,15.7898,16.5407,11.6015,16.5054,11.7299,20.3125,20.5959
-8.2731154574743,40.2786366625973,0.0137,-6.9173,0.4761,0.9184,0,-0.3023,-1.3009,-0.703,-0.0995,-0.0553,0.2713,0.5289,1.0728,0.6162,-0.6588,-2.0409,-0.7722,-3.899,2.6505,1.3627,0.6493,-4.8634,-2.7693,-4.2624,-3.497,-4.9131,-5.2173,-4.2076,-3.2797,-5.116,-4.1019,-2.7507,0.753,7.646,-5.344,-0.2486,-3.547,-4.6718,-1.5615,-1.8478,-2.686,-0.6975,-0.9506,4.5009,1.2941,6.9862,6.5697,6.7522,5.6063,6.2148,3.5984,5.7567,0.8409,10.3096,8.2443,7.4149,8.9063,8.5784,10.5103,5.4858,6.1435,5.8848,4.9497,3.9767,1.852,-1.7275,-8.8453,-5.5426,-3.7557,-9.0698,-1.13,-6.1979,-2.346,-3.0362,-12.2495,-2.0457,-3.2902,-4.8244,-5.9292,-4.4816,-4.7946,-5.4756,-5.7092,-3.7297,-9.059,-1.9585,-5.982,-0.3104,-0.8397
-8.27257646830383,40.2786366625973,0.0159,-12.4385,0.4692,0.8737,0,-1.671,3.7702,-2.3583,-3.206,-2.7018,-0.2589,-1.6836,-1.4504,-1.3062,-1.4417,0.7836,-1.9388,-1.7892,-3.1212,-3.9989,-5.6818,-10.9469,-7.263,-8.0156,-7.0266,-3.6357,-3.953,-2.8963,-2.836,-4.5774,-1.7942,0.7786,1.976,7.2397,3.3575,2.4594,1.9389,1.0237,3.5333,4.3283,3.6778,3.263,2.8461,4.8844,1.7461,4.9036,2.2044,-0.6124,-1.8011,-2.9207,-3.383,0.3515,-4.8645,-2.9703,-2.9043,-1.887,-0.9569,-3.3087,-2.4279,-2.2846,-1.148,-1.1763,-2.4786,-2.6966,-2.0175,-4.7912,-11.9021,-7.5183,-4.3999,-5.2532,-4.0993,-2.3987,-4.1909,-3.6809,-5.8511,-9.1622,-10.0243,-9.9007,-10.6307,-6.4606,-10.1128,-10.9961,-9.5406,-7.7915,-11.7119,-4.4775,-7.6597,-5.4477,-4.9324
-8.2723069737186,40.2786366625973,0.0152,-2.9354,0.4597,0.8327,0,-2.452,4.1943,-1.2338,-2.8417,-2.4325,0.3882,-0.1294,1.0132,0.6898,1.0172,3.8211,0.2853,0.5455,-0.2585,-1.2346,-2.4928,-7.3889,-4.1497,-5.2414,-5.214,-2.6222,-2.4928,-1.7707,-1.626,-2.8064,-0.1654,2.3851,3.0503,7.58,7.2741,5.5665,6.9892,6.1134,5.4075,7.3149,5.6805,5.0411,4.8646,6.6135,5.2826,7.9112,6.3492,3.1857,3.3769,1.7707,2.6128,5.9196,0.7868,1.432,2.3238,2.0119,2.9996,-0.1017,0.7605,0.279,0.5964,1.2665,1.7247,0.4142,0.4605,-1.4857,-8.9466,-4.7007,-1.4723,-3.5367,-2.6113,-0.0252,-1.0948,-0.756,-2.8267,-6.7401,-7.5098,-7.6723,-7.0446,-1.7733,-6.096,-6.7308,-4.7584,-3.0238,-6.3788,1.0849,-1.9718,0.0251,-0.3481
-8.27203747913336,40.2786366625973,0.0117,-3.3366,0.6386,0.972,0,0.3837,0.5995,0.3523,-0.7212,-1.0185,0.3316,0.5812,0.5437,0.6215,0.0892,0.8767,0.2251,0.5554,-0.0606,-0.63,-0.8113,-1.4069,-0.3566,-1.2093,-1.7248,-1.4075,-1.3391,-0.6462,-2.0717,-3.2975,-1.6648,-2.2263,-1.9146,-1.9642,-1.8621,-2.3474,-0.6739,-0.5975,-0.1965,0.117,-0.0949,0.4037,0.1046,0.2823,-0.44,-0.134,-0.6614,-1.3387,-1.7575,-1.9756,-0.9984,0.1482,-1.0358,-1.1904,-1.6394,-2.1229,-0.2407,-1.8162,-0.3302,-0.472,-1.132,-2.0012,-1.2581,-0.1122,-0.7299,-0.1303,-0.6455,-0.5144,-1.3,1.0147,-1.3406,0.8411,-0.7588,0.6248,-0.1802,-0.0337,-0.7579,-0.5987,0.072,0.0044,-0.911,-0.6824,-0.8903,-0.2326,-2.7887,0.2247,-1.1519,-1.3556,0.5029
-8.27176798454812,40.2786366625973,0.0116,1.1529,0.5756,0.9518,0,-0.715,2.086,0.9737,0.0501,-0.7582,0.3929,1.1941,1.3509,1.858,2.707,2.5851,1.8699,2.9969,1.0228,1.3217,2.2513,1.8284,1.8516,2.2902,2.6482,2.2607,1.4513,2.3606,2.1166,1.7497,2.3843,1.5842,1.2469,0.7886,1.222,1.1204,2.8574,2.9882,1.549,3.8779,4.0305,4.829,4.8656,3.3919,4.6159,3.1118,3.0272,2.8862,3.1076,2.1761,3.8682,4.2665,3.7834,4.6408,4.1247,4.2977,5.7527,4.7193,5.8634,5.289,5.1108,3.803,4.3139,4.8729,4.8055,5.135,5.4154,5.7983,4.3122,6.9211,3.6528,6.0884,4.5525,5.8125,5.0073,4.4809,4.9276,3.7357,4.8821,4.6621,5.1064,5.5073,4.6771,4.6913,4.3912,5.3363,5.3337,6.459,7.3304
-8.27149848996289,40.2786366625973,0.0035,1.0669,0.9369,1.0,0,0.5333,-0.4649,-0.0707,-0.2344,0.214,-0.1369,0.6494,1.194,0.3135,0.8957,1.0067,1.1069,1.1505,0.9281,-0.4798,0.5436,-0.0326,0.1385,0.5467,0.3513,0.0309,0.2946,0.6925,0.6721,-0.8472,0.4114,-0.7183,-0.1251,-0.4777,-0.5705,-0.3175,1.0723,0.8854,0.8375,0.5114,1.2132,1.4736,1.8025,1.8641,1.6947,0.7704,0.9626,0.928,0.619,0.3594,0.849,0.8485,0.9185,1.4211,1.2623,0.3664,1.6057,0.6907,1.2952,1.8569,2.1695,1.485,1.9046,2.2939,2.2394,2.9895,2.2497,3.5873,2.4559,3.6907,2.384,4.1798,3.2171,4.712,3.4681,4.9967,4.3754,4.5382,4.294,4.4993,4.3236,4.7899,4.4026,4.1241,3.4654,5.0676,4.2686,4.2581,4.4404
-8.27122899537765,40.2786366625973,0.0057,0.655,0.7016,1.0,0,-1.1224,-0.5146,-1.582,-1.9778,-3.0432,-2.0752,-2.4824,-3.4697,-3.6357,-3.5539,-3.6156,-4.076,-2.456,-2.4598,-5.6033,-3.9645,-4.3353,-4.2245,-4.4399,-4.7239,-4.6256,-6.6123,-4.4335,-5.8007,-5.8603,-5.7244,-6.7297,-6.2129,-5.9667,-5.8426,-5.0222,-5.1042,-4.7738,-5.5747,-5.9912,-5.4933,-4.3659,-6.2716,-5.9477,-5.6696,-5.6845,-6.3692,-5.8205,-6.6927,-4.7786,-6.5097,-6.3244,-6.0518,-6.3742,-7.2907,-8.1744,-6.3109,-7.6591,-5.0915,-6.2259,-6.5819,-6.4799,-6.0478,-6.3264,-6.0702,-5.7724,-5.5135,-5.8473,-5.8776,-6.2655,-5.9328,-5.2283,-4.4668,-4.9673,-6.0414,-4.2532,-5.6613,-4.5875,-5.2515,-4.5572,-4.4637,-3.6518,-4.71,-5.2367,-6.2482,-4.2539,-5.6193,-5.0666,-4.1137
-8.27365444664478,40.2788422622476,0.0124,22.7147,0.4856,1.0,0,-2.7209,0.7447,-1.597,-0.6382,-2.2088,1.3736,-5.0594,-3.1405,-5.8725,-6.1009,-3.8248,-2.1934,-3.3379,5.028,1.2451,2.0531,-3.9966,-0.4232,-2.8379,0.3658,-1.9859,-2.7581,-2.4921,-2.2153,-3.8232,1.8244,4.4259,3.6822,4.0174,0.2987,1.4178,-0.9102,0.5017,1.3547,1.9307,-0.5375,-0.6465,-0.8939,1.3819,-2.6185,3.0281,1.1445,-1.3804,-0.8918,-0.4262,-0.2287,0.0286,-3.9627,3.8215,6.4413,4.2463,4.3121,3.4762,3.6999,-1.9141,-2.065,-2.5507,-1.261,-3.5954,-3.701,-9.766,-15.5375,-12.1427,-9.9421,-11.0965,-10.5271,-6.7061,-8.6763,-9.2641,-16.2044,-11.6851,-12.8876,-11.8097,-13.1965,-10.9195,-12.1276,-12.0826,-11.2891,-9.3991,-11.4185,-2.4647,-5.9973,-4.1692,-2.2994
-8.27338495205954,40.2788422622476,0.0145,7.1248,0.4842,0.9515,0,0.1163,2.759,-2.7099,-2.2346,-3.5133,-3.818,1.4731,6.6411,3.8073,4.2684,3.1529,2.0199,0.7569,1.9384,-1.7267,-1.8027,-5.6004,-2.67,-2.8553,2.1863,2.4775,1.7774,-0.372,-2.7281,-3.6295,-0.0359,-2.0605,-3.3702,-4.4271,-3.1915,-0.7788,-3.4457,-3.2331,-2.6479,-4.8235,-2.4221,-1.4903,2.0505,5.6308,1.2213,3.4681,2.2043,-0.3745,-0.0397,0.2505,-0.4581,-0.6145,-4.8487,-2.4443,2.1504,1.0461,-2.352,3.1557,-0.4421,-2.2907,-2.7556,-3.9793,-4.4196,-5.7344,-3.819,-8.2536,-3.9616,-8.7794,-6.2478,-7.0451,-8.4978,-7.4861,-8.1888,-7.1902,-15.6784,-9.1099,-8.7388,-9.5282,-13.085,-12.6006,-5.5125,-6.4726,-7.9149,-3.1994,-2.9365,8.2539,2.8124,-0.7841,1.946
-8.2731154574743,40.2788422622476,0.0159,-14.6175,0.4749,0.895,0,0.4295,3.4004,-2.7961,-2.2667,-3.9371,-3.8726,0.6604,5.8732,3.1486,3.1702,2.3808,2.6355,1.0288,1.2965,-1.0394,-2.6061,-5.7056,-3.8732,-3.917,-0.2238,0.2676,-0.3065,-2.389,-3.5947,-5.5539,-1.2292,-2.6482,-4.3079,-6.8567,-5.8277,-3.1021,-5.2119,-4.3824,-3.3119,-6.5884,-3.2611,-2.3806,1.2994,5.0073,0.8704,2.5369,0.1017,-2.4696,-2.8768,-2.5126,-3.5774,-5.7855,-8.8407,-6.4275,-3.1506,-3.8053,-7.1207,-1.6012,-5.1139,-7.1281,-7.6624,-8.1913,-10.0131,-11.4708,-9.6096,-14.8777,-10.9304,-16.5848,-13.9555,-15.0001,-15.8939,-15.7237,-16.0934,-15.5434,-23.9591,-17.8426,-18.1544,-18.2823,-22.0392,-21.9411,-15.6329,-16.2203,-17.1565,-12.6548,-13.1018,-1.9943,-7.1921,-11.3055,-8.2307
-8.27284596288907,40.2788422622476,0.0135,-3.4849,0.4638,0.9245,0,-2.4713,1.3647,4.0014,3.7992,3.9026,4.0208,0.9739,3.56,2.0199,2.3667,1.868,2.3477,1.0152,7.2893,4.8308,3.991,1.4029,3.6982,2.9397,7.2425,8.6036,7.5452,7.0206,6.1045,3.8952,7.3431,6.0416,4.6009,-4.0033,-0.5854,0.2763,-3.6073,-1.2438,0.5603,-2.0785,0.9398,0.4749,2.0548,5.0836,3.4827,4.1473,3.1327,2.9365,1.0742,-0.8214,-1.7813,-3.204,-6.546,-4.3021,-1.1331,-2.1066,-4.4347,0.3797,-1.0432,-3.7396,-3.9163,-5.2166,-6.6362,-5.9491,-4.9569,-9.215,-9.9808,-8.9899,-9.373,-5.7507,-11.2497,-2.1707,-13.4677,-15.6336,-21.9505,-21.9069,-21.9175,-21.9076,-24.6518,-22.1667,-19.2483,-20.1147,-20.8615,-16.6164,-16.5967,-8.5384,-12.2889,-13.7482,-12.487
-8.2723069737186,40.2788422622476,0.0166,3.1728,0.4315,0.8548,0,0.8227,-2.417,-1.4276,-4.2731,-2.0503,-5.1145,-7.1172,-8.2968,-7.7845,-7.1824,-7.2963,-8.2038,-9.7237,-9.971,-9.4305,-6.1557,-5.9819,-5.4864,-5.9365,-10.0994,-5.7128,-7.1912,-7.3913,-4.7149,-5.3574,0.1519,-0.3461,-1.2992,-0.1569,2.6422,-0.1315,-2.0363,-4.3444,-2.458,0.4848,-1.8799,-4.7906,-1.3532,-2.1909,-7.6987,-7.3949,-7.0131,-5.661,-8.1772,-6.8176,-6.7426,-8.1661,-6.3443,-7.3818,-7.2375,-9.145,-6.7951,-8.819,-7.4604,-7.0008,-5.6428,-4.5074,-5.7233,-4.7476,-5.4125,-6.2831,-2.6013,-9.3665,-7.7539,-10.1436,-10.8986,-11.0996,-14.2796,-10.5182,-12.2472,-10.0896,-11.6731,-11.6701,-12.1804,-11.8984,-14.4399,-15.0043,-14.737,-14.7939,-15.1856,-12.2368,-13.945,-18.1747,-17.4564
-8.27203747913336,40.2788422622476,0.0139,2.9792,0.4952,0.8627,0,-0.3715,-1.6373,0.1828,0.3315,0.2349,-1.9805,-2.5625,-0.2924,-0.431,-1.0267,-0.3303,2.0762,0.7137,0.0807,0.6456,0.8697,0.9441,1.4166,1.3967,-1.8192,-0.2977,-1.6171,-0.9276,-2.637,-3.8143,-3.2213,-3.2944,-3.9652,-2.7316,-1.4767,-0.806,1.0489,1.6604,2.21,3.4415,1.5826,2.1303,3.9391,1.7064,0.4431,-0.5912,-1.9476,-0.4875,-2.203,-2.0658,-1.2074,-1.2279,0.3449,1.4533,0.2168,-1.1054,1.0021,-1.4635,0.0539,0.7592,0.6413,0.0264,-0.2176,2.1287,1.4984,2.9878,2.7986,3.4904,-0.0747,3.0149,-2.5632,1.517,-1.9154,0.0125,0.1356,0.6095,0.6773,1.8301,1.1413,-1.4017,-0.5609,-3.2099,-0.8247,-2.1576,-4.1533,-0.4757,-2.8466,-5.8474,-4.0488
-8.27176798454812,40.2788422622476,0.013,6.9301,0.5566,0.9763,0,-1.1886,-1.6274,-0.3172,0.2067,-2.3688,-1.3224,-1.8061,-0.3332,-0.1553,-0.1277,-0.1238,2.4768,-1.0713,0.3242,-0.0957,1.4446,0.0853,2.815,3.2376,2.8099,3.752,3.2585,3.8894,3.4263,2.1841,2.0304,3.0031,2.8772,1.4501,1.156,2.1452,2.8708,4.0155,1.9898,4.8619,2.5458,2.4626,4.5272,6.0262,6.7821,7.284,5.4253,6.1929,6.5791,6.0932,6.134,6.2625,7.2791,7.5781,6.6758,7.9224,9.1828,7.5893,8.8583,9.1295,7.6595,7.1733,6.4652,10.1465,11.9372,10.8924,10.7996,14.173,10.9922,12.6342,10.3965,10.5273,10.3447,12.6945,10.3667,11.9588,8.9972,9.7435,7.9329,7.451,8.1829,8.4091,9.2833,8.0249,6.0569,6.2652,6.1486,3.9206,5.9933
-8.27149848996289,40.2788422622476,0.0039,-0.3685,0.6783,1.0,0,0.0956,-2.521,-0.8128,-1.0857,-4.1513,-5.4666,-4.8807,-4.1834,-4.869,-4.2412,-4.3022,-4.0444,-4.3497,-5.6243,-5.4516,-5.3784,-4.5968,-5.4422,-5.1702,-5.2255,-7.917,-10.7075,-8.5503,-11.0967,-10.0691,-7.7539,-9.1251,-9.3678,-11.653,-10.1366,-10.1145,-9.0548,-9.6619,-8.5655,-8.6555,-8.593,-8.3281,-5.7646,-8.0896,-9.402,-8.6693,-7.8592,-9.3712,-8.8722,-10.2222,-11.3147,-11.0575,-11.2005,-10.7797,-11.7843,-11.9543,-12.9765,-10.7641,-13.4293,-12.5766,-13.4861,-13.9436,-14.6169,-13.1142,-12.3925,-15.0103,-13.5609,-12.2457,-12.7051,-13.3627,-12.2487,-13.4937,-12.523,-12.8332,-13.2437,-12.4952,-10.8013,-11.5644,-11.3777,-10.572,-12.0924,-11.3375,-10.2161,-11.2888,-12.6229,-12.9677,-13.5632,-13.4109,-11.464
-8.27122899537765,40.2788422622476,0.0086,0.3783,0.6393,0.9601,0,-1.3994,-3.719,-4.1726,-3.9435,-3.0388,-4.0538,-3.4822,-3.8267,-3.4564,-3.4105,-5.2848,-4.0032,-3.8698,-3.7998,-4.7993,-4.8567,-3.8977,-4.2044,-2.5665,-2.8296,-4.7001,-4.0121,-4.4723,-4.9246,-3.5527,-2.1727,-3.5156,-3.2226,-2.7523,-1.1082,-2.0439,-2.8904,-0.9813,-2.5965,-2.2151,-2.2752,-3.6524,-1.2889,-1.7625,-2.3659,-2.8196,-3.3119,-3.9396,-3.6764,-2.4629,-1.9459,-2.4579,-2.9214,-1.5758,-3.3107,-2.5741,-4.7766,-3.376,-4.9558,-4.5,-4.7672,-4.2145,-4.2105,-5.2615,-4.1512,-4.9665,-3.6804,-4.1896,-3.6134,-4.1934,-2.3173,-3.0684,-3.0212,-2.9325,-3.6843,-2.8499,-3.4222,-2.8412,-4.0066,-3.4271,-4.1299,-3.4065,-3.0719,-3.9373,-5.0842,-3.3293,-3.5364,-3.0876,-1.3397
-8.27095950079242,40.2788422622476,0.0097,0.6157,0.6077,0.9408,0,-2.5323,-0.3187,-1.1929,-1.3444,-2.0476,-6.5189,-1.9938,-1.4989,-1.8104,-1.1396,-1.3185,-1.2854,-0.9989,-0.7295,-1.9181,-1.417,-0.2926,-1.18,-0.3723,-1.0422,-0.3037,-2.2901,-4.2151,-1.9592,-3.3667,-3.8647,-3.6087,-1.9732,-2.0442,-1.3722,-2.0893,-3.1286,-1.8671,-1.1961,-2.4999,-1.7954,-2.2219,-1.7848,-1.8004,-1.2864,-1.5738,-1.7873,-1.9754,-1.7024,-1.1951,-2.3757,-1.1953,-1.6872,-1.774,-2.6258,-1.479,-2.1415,-1.6152,-1.9069,-1.9136,-2.7193,-2.0636,-1.9136,-2.1864,-2.3068,-1.8133,-0.4796,-1.0938,-1.1153,-1.3105,-0.8853,-0.1727,-0.5203,-0.116,-0.9892,0.196,0.4929,-1.2237,-0.5387,0.3109,-0.2562,-0.2158,-0.1179,-0.5362,-0.0153,0.2079,-1.2521,-0.2524,-0.6213
-8.27392394123001,40.2790478612727,0.0093,15.1437,0.5276,1.0,0,-3.8235,-5.5176,-5.3562,-4.1222,5.7378,-1.2596,4.5507,1.0701,0.3387,1.1209,1.921,-0.4569,-0.6855,-0.8003,-3.0731,-2.6124,0.1205,-2.0123,-2.53,-6.5446,-3.0901,-4.9189,-5.8024,-4.2646,-6.6693,0.5812,-1.5977,-2.4156,-4.3586,-0.6757,-1.8986,-3.9575,-8.3559,-5.2174,-4.4286,-3.5959,-9.5316,-7.0031,-7.7306,-9.2304,-11.6375,-6.2004,-1.4491,-2.1362,-7.8791,-7.5483,-11.3862,-12.5591,-9.9555,-7.4586,-8.0297,-2.5342,-3.8003,0.4982,3.1976,5.5407,5.247,3.7053,9.2506,8.5998,6.6671,14.2353,4.0752,8.1431,6.8641,7.0342,8.617,6.3283,9.95,6.947,7.6325,7.9456,6.0811,6.2529,5.728,4.2005,5.2542,3.0001,4.3362,2.6205,2.6205,2.6205,0.0709,-3.7909
-8.27365444664478,40.2790478612727,0.0146,4.1616,0.497,1.0,0,-3.1942,-6.3002,-1.0646,-1.4119,1.2518,-0.9822,1.2857,-2.342,-2.1614,-1.5639,-2.017,-3.2818,-3.4835,-4.0992,-5.2909,-4.4567,1.3032,-3.7311,-3.7717,-8.1175,-3.2222,-5.5004,-6.5981,-4.9578,-6.6836,1.6613,0.3177,-1.2646,-4.9314,-3.4889,-4.1042,-6.0271,-10.5285,-10.618,-11.7077,-9.02,-11.1606,-8.8497,-9.5678,-12.4327,-14.8395,-9.1229,-5.0772,-6.2957,-11.2568,-10.7137,-12.1994,-14.5133,-13.5008,-11.6852,-13.6669,-10.3973,-12.0174,-7.6518,-4.8142,-2.3491,-2.0692,-4.7865,-0.6474,-0.7683,-2.6567,4.1592,-5.8528,-2.4749,-4.24,-5.1537,-4.1392,-4.9837,-3.3521,-6.7883,-6.0007,-6.0062,-5.7242,-4.4763,-3.9775,-6.7406,-6.7774,-7.949,-6.0316,-6.6115,-6.7503,-3.8992,-7.9625,-10.0202
-8.27338495205954,40.2790478612727,0.0126,-17.4074,0.4909,0.9856,0,1.4772,-2.7134,-1.1874,-4.6997,-9.8929,-12.1819,-19.7998,-20.5648,-19.3375,-18.2688,-18.6594,-16.8755,-16.2653,-16.9364,-18.6379,-14.5582,-5.0897,-13.9543,-14.1404,-18.0516,-14.5308,-16.5526,-18.5927,-15.7779,-16.556,-10.0058,-8.6723,-5.0904,-11.0124,-14.6439,-12.3536,-14.8965,-21.9468,-21.6688,-17.6913,-23.6335,-23.1649,-16.8398,-21.121,-31.454,-26.2837,-17.7009,-24.8599,-26.5589,-28.1647,-26.4143,-19.7082,-28.7149,-29.0718,-30.2842,-36.8199,-42.6649,-47.5273,-44.0333,-44.7267,-42.9395,-44.1888,-46.3215,-46.4858,-46.6625,-46.5063,-42.6525,-51.6642,-48.9776,-50.961,-52.7359,-51.8835,-50.1381,-46.2579,-49.932,-44.3828,-42.4104,-43.1945,-39.0939,-36.3601,-42.7389,-42.5593,-44.3175,-46.2032,-48.6039,-48.8384,-41.4648,-48.4613,-45.7626
-8.2731154574743,40.2790478612727,0.0166,-2.6757,0.4642,0.8849,0,1.6936,-2.767,-1.3241,-5.4902,-11.0032,-13.2351,-22.0258,-22.4859,-21.217,-20.9118,-21.7595,-20.8419,-19.7341,-20.6826,-21.6943,-18.6725,-9.0422,-18.8832,-19.1499,-24.9947,-18.1178,-19.4032,-21.6101,-18.0049,-18.5759,-9.443,-7.3061,-1.9048,-9.612,-13.6306,-12.5831,-15.1699,-20.9243,-20.6936,-16.1817,-20.6212,-20.6118,-14.0082,-17.6162,-26.5502,-21.6834,-12.8543,-20.6797,-21.0875,-23.6862,-21.5087,-13.2381,-24.0683,-23.5406,-25.3583,-33.2967,-39.2495,-45.3364,-41.8007,-41.86,-40.7388,-41.6002,-44.3024,-44.4851,-44.701,-44.8979,-41.065,-49.9791,-47.2064,-48.9447,-50.6781,-50.1464,-47.9208,-44.7863,-49.5703,-43.5912,-42.5244,-43.0559,-36.9642,-33.5644,-42.0011,-40.8841,-42.5741,-44.067,-47.5256,-47.3767,-37.8184,-45.375,-43.1123
-8.27284596288907,40.2790478612727,0.0177,2.4473,0.4786,0.9,0,2.3583,-1.8692,-0.9321,-4.8148,-10.8163,-12.8339,-21.9372,-22.0618,-20.6388,-20.6892,-20.2614,-19.5442,-18.0716,-19.349,-20.862,-16.1349,-10.9548,-16.2231,-16.1583,-21.9093,-13.0184,-14.4313,-16.2281,-10.6716,-13.9518,-1.8028,0.2154,4.0618,2.814,-0.6507,-1.251,-4.1317,-9.8395,-9.221,-3.1261,-9.1804,-10.1063,-4.6159,-9.1842,-17.9931,-13.5978,-8.5975,-14.0217,-15.6335,-17.2864,-16.0834,-10.5653,-13.9948,-14.5001,-16.0693,-25.6818,-29.4032,-33.763,-32.0485,-32.0934,-30.7809,-31.2519,-33.3567,-33.466,-33.4735,-32.8133,-27.7162,-37.9425,-34.9327,-37.0016,-38.9523,-38.7225,-36.4845,-34.5518,-41.6558,-33.8923,-33.2404,-33.6182,-26.3802,-21.8996,-33.2534,-29.0474,-32.541,-34.1404,-35.1984,-32.5921,-20.0538,-27.1854,-25.3612
-8.27257646830383,40.2790478612727,0.0138,7.9721,0.4774,0.9301,0,0.151,-0.3226,-1.9834,-6.0673,-8.6177,-10.557,-5.8637,-2.5294,-1.8923,-3.5231,-6.6048,-3.6303,-2.9117,-6.3334,-4.9609,-2.8982,-2.2583,-3.6011,-3.9046,-5.3955,-5.7377,-4.9088,-4.3665,-2.4572,-3.6846,-1.5193,-1.0548,0.8107,1.2267,-5.8146,4.2397,11.0896,9.9816,11.5127,12.5479,11.6819,11.0587,10.7987,5.2789,3.4182,4.3746,-2.1133,-3.1312,0.0642,-6.9293,-7.3785,-7.2146,-8.5145,-10.1894,-13.1732,-14.8296,-14.2901,-14.9705,-17.4374,-8.8188,-9.37,-10.667,-11.4932,-11.7835,-11.8567,-11.7186,-9.6995,-18.7071,-18.114,-19.315,-20.2052,-17.147,-15.2429,-14.9461,-13.3124,-16.1797,-16.9919,-17.8395,-10.241,-6.832,-17.2533,-15.2598,-15.3581,-17.2379,-16.3521,-14.0903,-17.4034,-18.521,-18.2084
-8.27203747913336,40.2790478612727,0.0135,-4.6108,0.4511,0.893,0,-2.1759,1.813,-0.748,-1.422,-9.1842,-4.6727,-6.9473,-8.846,-7.1922,-10.586,-11.4193,-9.7959,-7.7293,-7.79,-8.273,-7.3121,-11.7015,-10.0136,-7.4742,-2.138,-6.7933,-4.7149,-2.2184,-0.3489,-1.2025,-5.3952,-3.9377,-2.8632,-3.364,-8.3955,-8.2391,-3.712,-3.0367,-0.5836,3.3328,-3.7483,-3.9526,-2.1967,-8.1161,-8.7922,-6.4731,-9.9479,-11.6424,-9.2896,-11.2648,-8.9172,-8.0541,-9.7516,-10.0545,-9.1111,-9.5815,-8.1597,-11.338,-11.1737,-6.0518,-7.9793,-8.0784,-8.6887,-18.4742,-19.2379,-23.8679,-25.2079,-21.2647,-23.2399,-26.2102,-23.8419,-24.3903,-26.214,-24.2812,-26.1811,-25.5665,-28.4836,-27.9226,-28.0841,-28.1978,-28.419,-27.6423,-24.9923,-26.8454,-24.9123,-34.1454,-22.7851,-26.825,-26.157
-8.27176798454812,40.2790478612727,0.0163,0.6256,0.4508,0.9043,0,-0.0055,6.2513,6.6513,5.9514,0.934,0.9068,-0.6229,0.414,1.7659,-0.9361,-1.9633,-0.6227,-0.8948,-0.0039,-1.2398,2.3858,0.076,2.1955,3.5542,7.6365,0.4602,1.7733,3.7776,4.9445,1.9862,1.7125,3.2852,5.31,6.4948,4.8827,4.3752,9.1806,6.0534,5.4354,7.8562,4.7924,5.6583,7.4035,9.9267,12.9757,17.1216,18.3782,14.95,16.8748,11.3984,14.0038,15.3423,13.4804,14.813,13.9053,13.81,14.2581,13.221,13.4333,11.6891,11.4839,11.2088,11.1221,10.1446,11.4344,2.7577,1.8949,4.4785,3.0945,0.958,1.2197,-0.4783,-0.8,-3.3396,-3.5602,-2.1089,-6.37,-2.9747,-4.2162,-6.4081,-5.7239,-6.2084,-5.677,-10.4393,-9.4688,-13.553,-11.0603,-12.7427,-9.9386
-8.27149848996289,40.2790478612727,0.0075,0.3584,0.4709,1.0,0,-2.192,-4.3393,-4.1926,-3.9292,-9.977,-13.2159,-11.3532,-16.9333,-17.9373,-16.7471,-16.5145,-16.4393,-17.3796,-13.4646,-13.1923,-15.418,-17.3033,-17.9063,-20.8937,-20.4322,-27.479,-27.3395,-26.6341,-27.6436,-28.1887,-25.6307,-29.8861,-29.1498,-27.4029,-28.2996,-28.5625,-26.7,-26.0111,-23.6342,-26.2208,-25.0923,-25.496,-23.0612,-19.1196,-20.7636,-20.2858,-23.5455,-23.5335,-24.1641,-24.6611,-29.4681,-31.8642,-30.7217,-28.4234,-31.0597,-31.4003,-31.5855,-31.4427,-33.5958,-32.3664,-34.9755,-33.3236,-31.4288,-29.8543,-32.2377,-34.6764,-35.04,-33.375,-34.2032,-35.5915,-33.9514,-38.1858,-36.2006,-37.9392,-37.1931,-37.4869,-43.2831,-42.1479,-38.2145,-39.9987,-42.5151,-42.2288,-43.0217,-43.2685,-44.7934,-46.5354,-48.1219,-45.4535,-42.4044
-8.27122899537765,40.2790478612727,0.0052,0.8529,0.5911,0.9857,0,-1.8511,-5.3433,-4.1291,-4.6031,-5.1887,-3.4087,-4.9351,-4.5434,-3.4075,-4.5921,-3.5982,-5.1326,-4.4439,-3.2067,-3.6714,-5.0479,-4.9651,-5.0974,-4.4876,-4.6555,-7.8884,-5.1691,-8.946,-8.4575,-7.6358,-7.1213,-11.3101,-11.0537,-10.6186,-10.9825,-9.728,-10.342,-9.7737,-8.8605,-8.8597,-10.5807,-12.1788,-8.8821,-12.8083,-15.1627,-12.5296,-12.3922,-13.5817,-14.649,-12.9129,-12.7189,-14.9659,-13.711,-13.6842,-13.1004,-12.2109,-14.34,-11.3526,-11.8727,-12.8758,-15.5892,-13.6537,-12.1901,-17.0025,-17.4656,-18.865,-19.4007,-18.8863,-18.6152,-16.7167,-15.0255,-18.8171,-16.699,-16.023,-15.3705,-17.1171,-17.6588,-19.0581,-17.9368,-18.5937,-18.7325,-19.1611,-17.8429,-19.2421,-20.7784,-19.0978,-19.3482,-16.6489,-15.1325
-8.27095950079242,40.2790478612727,0.0064,-1.5486,0.7472,0.9957,0,-1.796,-1.3941,-1.8972,-2.7856,-3.1786,-2.5292,-1.534,-2.0796,-1.154,-1.6635,-0.4322,-0.6922,-1.8679,-1.5461,-2.9359,-2.1896,-3.6097,-1.5191,-2.6693,-3.4551,-3.9923,-2.5723,-3.3124,-0.5699,-0.7459,-1.324,-1.4977,-0.7777,-0.6735,-0.5584,-0.5491,0.0745,-1.2137,-0.7892,-1.0971,-1.8538,-2.1786,-2.4472,-1.5088,-2.366,-1.6469,-2.0141,-1.9405,-2.6272,-4.6952,-5.5236,-4.2816,-4.3375,-4.8749,-5.3975,-3.7787,-5.5906,-4.4224,-4.3147,-4.8717,-5.402,-4.7105,-4.7323,-5.5573,-4.9597,-4.5574,-2.8956,-3.7335,-3.7133,-3.9884,-3.892,-4.2443,-3.2582,-3.9462,-3.5118,-4.5403,-2.6185,-4.9382,-4.8493,-3.6852,-4.4666,-4.9176,-4.3993,-5.2015,-3.4617,-4.6878,-4.3636,-5.3294,-4.672
-8.27069000620718,40.2790478612727,0.0043,-1.2096,0.9194,0.9927,0,-0.2802,0.4806,-0.4738,-0.361,-0.8825,-0.6565,0.0151,0.1026,-0.4924,0.4136,-0.1929,-0.4046,-0.6563,-0.6717,-0.8166,-0.5043,-0.4931,-0.7901,-1.3523,-1.0725,-0.9177,-0.6015,-1.1653,0.1062,-0.8189,-1.0727,-1.4761,-0.8258,-1.3757,-1.5065,-0.7047,-0.1586,-0.269,-0.5427,0.5335,-0.0595,0.7138,0.0938,0.1323,-0.3137,0.0764,-0.8041,-0.6647,-1.8809,-1.7296,-2.974,-1.8581,-2.5627,-2.4301,-2.49,-2.6899,-3.4503,-2.0187,-2.6565,-3.2247,-3.1184,-3.1487,-3.5966,-1.9549,-2.3356,-2.5245,-1.5183,-1.7023,-2.7895,-2.0253,-1.7623,-1.6062,-2.1985,-2.0795,-2.0394,-1.8734,-1.4654,-2.027,-1.1621,-1.5699,-1.4192,-1.4284,-1.7276,-2.0384,-1.2861,-1.7004,-1.2314,-1.3984,-0.3076
-8.27365444664478,40.2792534596725,0.0149,2.6316,0.4616,1.0,0,0.498,0.1207,-0.3131,-2.8678,-5.8848,-8.0737,-10.9788,-10.492,-9.2276,-10.9577,-14.1803,-11.2823,-11.3016,-15.4913,-15.6643,-12.7494,-13.8515,-14.8748,-14.1741,-16.9049,-16.1388,-15.7135,-14.6905,-11.5509,-13.8662,-10.5445,-9.3341,-7.478,-6.0954,-10.3296,-4.5372,-1.1198,-2.8238,-1.7125,1.0166,-0.9784,-2.2894,-0.7149,-2.8439,-6.9897,-7.0427,-10.5248,-11.8683,-10.6311,-11.4928,-12.2115,-13.6745,-11.4503,-13.1937,-14.1657,-16.6702,-16.2573,-17.0658,-17.923,-12.3397,-12.9254,-13.3409,-13.4405,-13.1052,-13.3375,-14.5128,-13.0167,-21.4593,-20.1007,-22.7185,-21.8186,-21.2281,-19.6522,-17.5281,-18.6627,-18.423,-19.0027,-19.8477,-13.6383,-13.3051,-22.0207,-19.6102,-19.8363,-21.9625,-20.2018,-17.6423,-15.7483,-18.8602,-18.0152
-8.27338495205954,40.2792534596725,0.012,-4.539,0.4541,1.0,0,0.3489,1.85,0.0772,-3.5329,-2.5566,-5.9964,-5.5944,-3.5467,-2.8338,-4.0214,-6.5833,-7.0084,-7.0831,-10.6745,-7.8211,-8.7946,-8.9955,-8.0772,-8.8922,-9.777,-10.2076,-10.3415,-10.8129,-6.1238,-8.8537,-9.5355,-6.6645,-6.7187,-3.3807,-3.4087,-1.6622,4.9143,5.1778,9.9049,9.7277,8.6432,10.581,10.1754,13.374,9.0592,5.056,0.3857,-1.1887,-0.2806,-3.7167,-3.2179,-4.0977,-6.7618,-10.0728,-11.6964,-14.5029,-15.7278,-12.3041,-12.9772,-12.9524,-13.5048,-12.8603,-10.8479,-7.3562,-10.3225,-11.6139,-9.3732,-18.1225,-17.2978,-20.1276,-18.6399,-18.2414,-16.0635,-15.4776,-11.1194,-20.8043,-20.674,-23.5006,-23.4258,-21.5156,-23.8737,-23.2959,-22.7421,-22.3728,-23.4777,-22.9035,-27.4007,-27.7078,-26.5218
-8.2731154574743,40.2792534596725,0.0167,-4.8627,0.4582,1.0,0,-0.4772,0.4444,-1.6014,-5.3828,-5.4117,-8.2572,-7.9231,-6.161,-6.0033,-7.5823,-10.516,-9.7129,-9.9684,-11.0109,-7.8327,-10.2657,-9.1553,-8.0504,-10.1234,-12.3816,-11.6999,-10.6248,-11.3049,-6.5727,-7.6845,-8.3708,-4.7959,-3.0178,-0.7617,-0.741,-0.0433,6.4064,7.7278,10.6061,12.109,12.0509,12.9154,13.1014,16.3741,11.6541,7.2185,2.3368,1.0292,2.5603,-1.7647,-2.0634,-0.4041,-3.0732,-4.2191,-5.233,-6.831,-8.2588,-6.4883,-6.807,-7.0946,-8.1257,-8.1746,-6.4234,-3.6603,-5.9351,-6.2069,-4.0229,-12.8624,-11.9513,-12.8066,-12.5421,-11.1667,-10.4436,-10.8086,-6.3703,-15.6712,-16.7893,-20.1364,-19.2236,-18.6038,-19.3036,-18.2234,-18.7529,-17.6194,-19.9191,-19.753,-25.4016,-25.0028,-24.9986
-8.27284596288907,40.2792534596725,0.0191,9.4695,0.4384,1.0,0,-0.1527,1.2911,-1.3291,-3.509,-2.0652,-5.703,-1.8,0.144,0.7944,-1.3586,-6.5808,-6.0228,-7.089,-12.6018,-10.8665,-10.3394,-13.6243,-12.4819,-11.5706,-11.1948,-16.5119,-15.9668,-15.881,-11.3062,-12.5043,-13.4191,-9.4441,-7.6365,-8.4834,-11.9168,-6.9193,-1.7752,-1.3177,0.541,2.4063,3.4393,2.9791,3.4789,5.2269,1.9749,-2.6975,-7.9826,-9.2007,-4.5912,-8.4782,-7.5863,-12.0639,-19.5625,-24.9506,-23.2401,-25.9936,-26.5201,-25.8049,-27.1907,-21.7957,-24.639,-24.4631,-22.3995,-19.6209,-21.816,-25.9194,-24.5162,-32.0593,-30.8722,-35.1206,-31.4107,-34.1815,-29.4937,-28.0877,-22.8811,-32.6544,-34.5482,-36.6449,-33.358,-31.0079,-36.1218,-34.9905,-34.4625,-33.9346,-34.9511,-33.7249,-37.0189,-36.2303,-36.4175
-8.27257646830383,40.2792534596725,0.015,-7.5882,0.416,0.9497,0,1.1156,-0.5536,2.3986,0.4399,5.0959,4.6458,3.1882,1.8416,2.8174,1.3092,-1.3759,-3.5499,-3.3525,-9.3722,-8.0591,-7.3046,-11.6397,-11.3686,-9.9574,-10.1079,-17.6294,-16.6709,-17.1514,-12.2882,-14.1486,-13.0534,-8.0605,-9.8284,-8.148,-9.062,-10.6067,-8.6108,-9.2193,-7.4006,-6.3292,-4.5808,-5.822,-6.0168,-1.0047,-5.7215,-8.2944,-10.8551,-10.3469,-8.7494,-5.0992,-2.5571,-4.4502,-12.7924,-18.2276,-16.8491,-18.1632,-19.8499,-18.0312,-18.0528,-16.9457,-20.211,-20.1174,-16.1303,-12.5993,-13.3093,-15.7622,-13.8398,-20.3723,-17.4125,-24.6909,-17.7114,-23.2505,-19.8041,-17.2737,-19.2674,-23.7601,-26.7411,-28.8922,-27.0526,-26.0122,-28.8862,-27.9684,-27.4253,-27.101,-27.3445,-28.3131,-26.9406,-28.064,-29.2515
-8.2723069737186,40.2792534596725,0.0156,15.5334,0.4262,0.8446,0,5.8358,5.5494,8.3876,6.9137,11.2577,11.4153,12.735,12.8494,11.7383,10.9706,11.6984,12.2392,10.4117,8.9851,8.9766,9.0514,9.4484,11.2116,12.348,13.3373,5.4989,9.7111,6.4167,8.7806,10.8173,7.1153,8.4259,6.2991,9.4609,7.5719,6.0409,11.48,4.2989,7.6704,13.0982,14.0869,13.7344,9.2253,13.42,8.7716,7.0527,4.5393,6.7442,4.9683,4.9316,4.8814,5.1635,6.4614,6.2577,5.773,5.115,6.1664,4.0686,3.1637,13.7571,12.3181,10.5532,10.2546,11.1655,12.5183,7.9256,8.4888,0.6543,5.7307,-1.0071,5.4785,-3.2018,4.2186,1.7416,-0.9304,3.8688,1.2075,1.5558,0.1207,1.5332,0.6231,0.6296,3.3715,2.0901,3.1579,3.5781,6.9737,5.7166,5.2527
-8.27176798454812,40.2792534596725,0.0127,-11.459,0.45,0.9409,0,-1.2933,4.782,1.1683,1.2299,0.429,1.6775,6.824,5.696,4.2246,3.0108,-0.0958,2.7895,0.9884,-1.715,-0.8966,-5.7101,-4.0514,-2.5567,-1.889,-1.1639,-7.4143,-7.4722,-8.9274,-4.5843,-6.7876,-1.3622,1.825,2.5683,-1.8225,0.9724,0.9099,3.6395,3.4538,3.5145,6.7058,4.3039,7.8987,4.2425,0.367,2.4829,2.3616,1.1405,-2.417,-2.9302,-4.9903,-4.1759,1.0272,0.1643,0.124,-1.1415,-1.1916,-5.6296,-7.5671,-4.4663,-8.0769,-9.9749,-9.7437,-7.1541,-6.9656,-7.1334,-9.691,-11.9288,-8.2301,-8.1568,-6.9468,-8.0097,-6.7236,-9.2295,-6.7621,-8.8482,-7.1884,-5.222,-6.0065,-4.6638,-8.9307,-8.1921,-8.7307,-7.812,-4.064,-6.7681,-2.5652,-1.9757,-1.4333,-0.9325
-8.27149848996289,40.2792534596725,0.0165,-5.9596,0.4162,0.8764,0,-0.2253,3.1794,-3.2256,-3.6268,-5.5629,-5.8207,-8.1356,-7.2307,-6.2881,-7.4211,-6.5013,-1.2019,-4.3285,-0.5271,-2.2338,-3.288,-1.064,1.8019,1.6793,1.0209,1.9857,1.1498,2.1358,-0.4784,0.3689,0.2771,-0.0789,0.1844,0.9923,-2.2498,4.1258,3.8766,3.3978,1.8018,6.932,5.2459,5.319,8.2657,1.7003,1.0391,1.9059,1.8832,-2.5598,-2.574,-4.7149,-8.8542,-11.4628,-13.9828,-14.7658,-15.399,-11.7675,-14.8899,-13.5622,-14.3139,-17.6433,-16.9846,-15.4896,-13.2548,-12.7471,-12.9155,-14.9394,-18.3066,-15.9976,-15.1574,-13.6285,-13.9258,-15.5336,-14.0138,-16.1543,-18.5179,-14.43,-13.8689,-16.9513,-19.9953,-21.8254,-21.6015,-24.3908,-24.146,-21.665,-22.3402,-22.6148,-20.3731,-23.1042,-27.169
-8.27122899537765,40.2792534596725,0.0106,2.0619,0.4861,0.8772,0,1.0895,4.8598,0.1759,3.7664,7.715,4.9334,-0.5981,0.8808,1.3747,0.4575,0.3826,2.1711,1.7994,1.7706,0.5821,2.0105,5.8703,6.9326,6.356,2.5766,7.818,10.3963,8.8719,8.0261,12.0511,12.8476,8.5286,9.4833,5.8876,5.9546,7.7315,8.0659,5.6253,6.2532,10.118,7.618,6.7987,8.4688,6.7508,5.5364,5.4136,7.0894,4.7582,4.7704,9.7884,7.0759,6.065,7.5497,4.8597,3.89,6.6093,3.8965,6.4736,5.902,3.7317,2.5327,5.4662,4.823,3.5755,2.4626,0.8876,-2.5971,-1.2917,-3.1885,-2.0067,-1.4786,-3.3724,-0.358,-1.3799,0.4842,1.2925,-0.1743,-2.2863,-5.4117,-4.9056,-4.0234,-4.0835,-5.9616,-8.3272,-9.5272,-9.0659,-5.359,-3.0368,-8.8634
-8.27095950079242,40.2792534596725,0.0053,-2.478,0.6518,1.0,0,-0.3429,0.6262,1.6607,-1.1598,-1.755,-1.1207,0.7441,-0.1357,-0.3202,-1.9868,0.2663,1.0404,0.4941,0.7545,0.0767,0.4995,-1.1022,1.053,1.4427,0.7102,2.3541,0.9636,-0.9518,1.9059,-1.1401,-0.9107,-1.4135,-1.3463,-0.1654,-0.7876,0.7853,0.9721,-0.6014,0.3951,0.7477,1.1397,-0.3918,-0.8974,1.3149,-0.4859,0.4986,-0.7169,-0.7246,-1.4203,-1.8395,-1.67,-1.4395,-0.668,-1.9234,-0.9612,-1.4774,-1.0317,-3.3733,-0.5151,-0.443,-2.3268,-1.4858,0.9441,0.7434,0.181,0.8188,1.8124,1.3257,-0.1649,1.4893,0.887,2.035,2.7623,1.9642,2.7667,3.4996,4.1173,1.8699,2.58,3.0192,1.3287,2.1982,1.8242,1.5943,1.971,2.7023,2.477,1.407,6.2632
-8.27069000620718,40.2792534596725,0.0027,-0.5981,0.8085,1.0,0,-0.7191,-0.6092,-0.414,-1.667,-1.2356,-1.1885,-0.8715,-1.7315,-2.1334,-2.507,-2.988,-2.0447,-2.1502,-2.7175,-2.2825,-2.1054,-2.0338,-2.3255,-1.9688,-2.7172,-1.8504,-4.1928,-3.9851,-2.9952,-2.7087,-3.7148,-3.147,-3.0903,-1.4846,-2.227,-2.1363,-3.2559,-3.7934,-2.4559,-2.5188,-3.0553,-3.6522,-2.8234,-3.2522,-3.7009,-2.8562,-3.3579,-3.7389,-3.8501,-4.0872,-4.456,-4.5647,-4.5865,-4.4277,-5.5902,-4.0672,-4.959,-4.0991,-4.9326,-4.7442,-5.0747,-4.9296,-5.5141,-6.7612,-5.1323,-6.1572,-3.6494,-4.9426,-5.0635,-6.284,-4.0267,-5.7347,-4.5547,-5.8277,-5.0523,-4.1563,-4.7148,-5.3833,-5.3031,-4.2142,-5.0448,-5.1079,-5.5222,-5.2594,-5.2957,-4.6032,-5.7993,-5.4273,-3.2432
-8.27042051162194,40.2792534596725,0.0062,-2.7981,0.8837,1.0,0,-1.0725,-0.4992,-1.3473,-3.3365,-1.5896,-0.9723,-1.3782,-2.1633,-0.3809,-1.1033,-0.4458,-2.2093,-1.6232,-2.8385,-3.2803,-3.1338,-4.0861,-4.2556,-2.7854,-4.0276,-2.695,-4.5091,-4.3155,-4.359,-4.7513,-4.6214,-4.8247,-3.9911,-3.0451,-3.1322,-2.5968,-3.6661,-3.8827,-2.9036,-2.9522,-3.9741,-5.2507,-6.0185,-5.3113,-5.8542,-4.8199,-5.602,-5.7132,-5.7588,-4.3921,-6.585,-6.1414,-5.8562,-6.7057,-6.5375,-5.8403,-6.4269,-6.3113,-6.4296,-6.5378,-7.0632,-5.5841,-7.2511,-8.8273,-6.6748,-7.8786,-6.6506,-8.275,-7.1515,-8.8683,-6.4717,-8.4765,-5.6535,-8.3449,-6.8634,-7.6915,-7.2157,-7.6929,-8.58,-8.5948,-8.6183,-8.7138,-8.3404,-7.8424,-7.8378,-8.7011,-8.7258,-9.1933,-8.7415
-8.27365444664478,40.2794590574471,0.0146,7.3167,0.4093,1.0,0,2.1289,3.892,5.9498,6.0729,8.5099,8.4199,8.5357,8.8833,8.7549,5.6249,3.5167,2.74,1.5919,-5.2023,-6.0148,-5.2474,-7.3346,-5.2,-2.3764,-1.3619,-9.7837,-7.6146,-8.9183,-4.9008,-5.1507,-7.7786,-5.6091,-5.9557,-5.3175,-5.0725,-5.8344,-3.817,-10.2469,-8.5612,-3.7664,-0.7885,-2.8647,-6.1692,1.008,-4.5196,-11.5258,-12.7451,-13.4042,-13.2456,-13.0031,-12.6338,-15.2797,-17.2889,-19.3453,-17.3877,-19.0632,-17.9045,-19.1142,-19.4149,-9.3001,-11.7695,-12.6727,-11.4298,-8.5288,-9.142,-18.1442,-18.1206,-26.8843,-21.4204,-31.0792,-20.5595,-33.7955,-23.1238,-24.5344,-21.9577,-20.2171,-22.6899,-24.8644,-27.0173,-24.9335,-25.8104,-25.0652,-23.6651,-25.0326,-23.8312,-23.9728,-19.871,-20.8214,-20.7249
-8.27284596288907,40.2794590574471,0.0065,2.6123,0.4302,1.0,0,0.0,-7.6591,1.5949,-0.2342,4.706,10.1261,4.2728,1.4427,2.4678,2.377,8.8752,7.9903,9.069,6.3788,9.4323,12.4858,12.4858,10.6414,11.28,10.3928,2.8986,2.3083,0.2148,1.9584,6.2418,18.7928,21.5896,15.4411,21.8767,20.1679,11.9706,12.0708,11.4557,11.4557,10.2958,11.7373,9.6053,6.8234,7.7279,4.9649,9.5551,10.2276,12.3994,13.5551,17.0325,26.0887,40.2583,29.0753,30.5295,31.0345,30.2411,26.8511,31.552,32.8414,30.5379,27.7772,29.4656,33.9144,36.7817,37.6089,50.7548,54.4648,47.8795,50.1448,43.9979,48.2035,47.7952,45.1101,45.1101,34.6996,37.7887,32.2652,31.0578,33.7468,38.5727,32.3319,33.3632,33.9894,33.8574,34.4758,30.9999,33.6404,30.343,25.9694
-8.27257646830383,40.2794590574471,0.0155,-3.7614,0.4436,0.9323,0,9.77,1.6423,5.7025,5.4826,6.2442,7.1941,0.9648,-3.4987,-2.8518,-3.4398,-1.5177,-2.4381,-0.6759,-9.8669,-13.0469,-13.1656,-8.8925,-12.2595,-14.0953,-13.8393,-15.9621,-19.0229,-17.0244,-16.1245,-15.9584,-15.1821,-14.969,-15.7823,-16.7386,-16.7177,-22.0955,-28.2999,-21.6996,-19.5748,-21.8289,-16.8284,-19.8139,-16.0257,-21.5259,-21.8748,-19.1188,-16.4918,-18.6215,-16.0,-12.9765,-12.627,-3.6359,-12.0327,-11.3771,-8.2279,-11.4608,-11.9083,-12.7375,-13.3983,-8.3202,-10.6318,-10.6374,-7.7598,-7.2185,-3.8771,-2.0639,2.2302,-3.4401,-0.5572,2.6975,2.9496,1.0137,3.7837,2.7014,-4.8781,-1.8656,-4.5779,-1.0338,-0.7836,-2.47,-1.7719,-0.7832,-0.3179,-3.5996,-3.1536,-2.5542,-3.5747,-4.8085,-5.0321
-8.2723069737186,40.2794590574471,0.0159,-9.1958,0.4686,0.8925,0,7.674,2.6447,2.1323,2.4488,3.2796,1.5267,-4.9237,-6.9105,-7.5825,-7.5229,-5.5801,-9.5806,-9.1113,-18.5009,-22.0519,-21.7337,-16.274,-18.5229,-21.7253,-21.7097,-25.7633,-27.7926,-24.2589,-22.9738,-22.4242,-22.9348,-23.4266,-23.4496,-26.4555,-27.2528,-31.9745,-41.3597,-32.4823,-30.0813,-31.3878,-26.5043,-29.309,-25.6563,-33.9203,-31.4848,-28.9539,-24.0247,-27.9321,-26.0656,-25.8035,-27.1459,-22.0499,-27.055,-27.0188,-24.4316,-28.0685,-26.2377,-29.2082,-28.1187,-22.0211,-25.8192,-26.3107,-22.8213,-23.5185,-19.3953,-21.5413,-16.048,-21.8767,-19.2288,-14.5421,-15.2235,-17.9454,-16.2926,-16.3797,-23.3539,-19.9313,-20.0003,-16.0622,-16.3274,-20.6249,-17.8189,-17.5085,-16.6149,-19.6133,-20.1371,-18.406,-19.9662,-17.69,-17.4415
-8.27149848996289,40.2794590574471,0.0146,3.787,0.452,0.9148,0,1.4377,2.3483,9.8132,9.8032,4.0998,-1.0784,0.6497,0.6176,1.3527,0.3135,-2.016,-2.1584,-1.5937,-2.2727,-2.9761,-3.4702,-3.3909,-0.6353,0.2226,1.1062,-4.3345,-3.1027,-0.8101,0.0427,0.9644,-1.8523,-1.6739,2.4711,-3.8239,-1.7434,-4.2801,-3.4926,-1.4055,-5.5326,-6.3992,-2.5488,-3.0473,-4.5808,-1.0894,-2.4751,-3.7238,-2.8155,-3.5835,-0.3761,-1.3849,-4.8995,-5.7296,-6.3311,-7.4616,-7.7026,-6.6683,-6.6573,-4.9222,-4.7746,-7.7968,-9.2685,-11.4514,-7.9505,-7.836,-5.7265,-7.1833,-2.9143,-5.4739,-3.4035,-5.8617,-1.9741,-6.3841,-1.8782,-3.7179,-2.8356,0.6546,1.2069,1.6027,-1.1547,2.3505,3.5885,3.3437,2.5513,6.1838,4.6802,8.3171,8.2293,9.5146,6.9423
-8.27122899537765,40.2794590574471,0.0156,1.9871,0.4434,0.9368,0,-0.8708,4.2248,3.735,5.8854,9.8711,7.133,5.5055,5.1694,6.6897,6.2942,5.9832,6.4989,3.875,6.4861,7.4033,4.7394,5.9259,6.0535,6.4704,7.0203,5.7736,6.7019,7.2684,5.0204,6.1927,4.0452,4.2331,5.793,4.7897,3.104,3.2489,3.0259,4.4312,2.1726,1.9879,2.0273,-0.2246,-2.1117,3.4051,-0.9816,2.1783,-3.1746,-1.2518,0.0227,1.0956,-2.1639,-1.512,-1.4778,-4.5863,-3.0219,-2.6053,-2.8464,-0.9001,0.3272,-8.8965,-13.0395,-13.1744,-9.0807,-6.9219,-9.9198,-9.9198,-10.7218,-11.1417,-12.7367,-12.0334,-12.8643,-12.2098,-10.5472,-11.6461,-10.9132,-10.0536,-10.4077,-10.9227,-10.4698,-9.3004,-9.0676,-8.5721,-10.8189,-10.8091,-11.6193,-7.1396,-6.6941,-8.0082,-3.8612
-8.27095950079242,40.2794590574471,0.0123,-2.1885,0.516,0.9968,0,2.907,4.1594,5.6924,4.6511,5.9087,4.1399,3.8005,2.87,4.1215,3.7617,0.8614,3.7772,3.9983,4.6855,2.4543,4.0234,2.9971,4.5984,5.0079,6.1588,5.9396,3.8312,2.8015,6.6931,4.9935,5.4829,6.7772,4.0799,8.5533,6.3866,9.313,7.818,6.5673,9.773,7.3491,7.4793,7.1732,3.7216,11.0347,6.154,1.2884,0.1494,-0.3682,1.5858,1.5685,-0.2031,-0.5135,0.8679,0.8847,-0.6546,0.9392,0.9979,1.8634,2.8588,1.694,1.0532,0.9527,2.7423,2.054,0.3144,0.5599,1.4914,0.7998,-1.0244,0.8446,0.5884,1.2518,1.9831,1.0438,0.3704,-0.1172,-0.7426,-2.716,-2.0102,-1.617,-5.5054,-4.3535,-5.9801,-6.9325,-9.0322,-4.4711,-8.2466,-7.7889,-7.3757
-8.27069000620718,40.2794590574471,0.0069,0.9645,0.505,1.0,0,-0.5879,2.815,2.8028,2.4403,2.7168,3.1085,1.1872,0.7991,1.7213,1.4136,0.5366,3.6074,1.8201,2.6567,2.3814,2.4694,5.7244,8.276,6.3798,7.7707,7.0629,8.1213,8.3341,8.6056,9.5606,10.4131,12.3001,10.176,12.7792,12.8234,13.2244,13.7929,11.3272,11.8767,12.336,13.3927,14.5555,11.7609,14.8081,10.5381,8.5681,7.2419,6.5565,7.0323,7.7418,8.1967,7.7352,9.185,9.6576,8.2994,8.2421,6.9325,7.7938,8.5774,5.3035,6.966,7.0925,6.6193,5.3125,6.9047,7.0194,10.7346,7.6817,7.7291,4.503,9.8061,6.8749,7.2412,8.803,8.669,5.5121,7.5291,5.6151,9.2504,7.7729,2.7617,6.2455,4.9462,4.6281,7.2746,5.7196,4.7035,3.7117,0.7983
-8.27042051162194,40.2794590574471,0.0076,1.2575,0.8905,1.0,0,-1.5343,-0.2642,-1.5072,-1.9586,-2.012,-1.3631,-2.0291,-2.4893,-1.5006,-2.0769,-1.7355,-3.2438,-2.92,-3.832,-3.1801,-3.6171,-3.5069,-3.2009,-2.3668,-2.849,-1.9771,-4.4768,-3.6351,-4.7468,-4.1679,-4.5542,-4.4418,-3.9731,-3.5658,-4.0314,-3.1901,-2.4396,-2.5896,-2.4724,-2.3971,-2.9293,-2.5815,-3.5608,-3.1583,-3.9413,-3.3159,-3.7166,-3.4742,-4.285,-3.4009,-3.4064,-3.0213,-2.9082,-2.918,-2.5747,-2.1189,-3.0574,-2.0059,-1.2316,-2.8831,-2.9385,-2.7395,-3.1415,-3.2397,-3.4396,-2.7596,-2.5609,-2.5141,-3.55,-2.7582,-2.6368,-2.8843,-1.5348,-1.7625,-1.1078,-0.8309,-0.4055,-1.729,-2.0462,-1.8349,-3.7092,-1.5079,-2.2035,-1.905,-1.6,-1.937,-1.4329,-1.2468,0.3794
-8.27015101703671,40.2794590574471,0.0048,-0.2675,0.9238,1.0,0,-0.3015,0.3716,-0.5999,-0.9346,-0.6237,-0.5486,-0.0902,-1.0893,-0.7459,-0.1349,-0.2226,-1.1389,0.0797,-0.4094,-0.3835,0.258,-0.0494,-1.2317,-0.0217,0.3757,0.355,-2.1762,-1.6546,-1.0524,-1.1045,-2.1058,-1.5158,-0.6148,-1.0201,-0.7571,-1.056,-0.8767,-0.7103,-0.8741,-0.4593,-1.2432,-0.6525,-1.2698,-0.8135,-0.6545,-0.7363,-0.94,-0.2339,-0.4481,-0.3926,-0.6623,-0.7966,-0.6782,-0.7657,-0.9339,-0.9613,-0.3316,-0.8099,-0.3663,-0.0364,-0.4546,-0.144,-0.8339,-0.4831,-0.4139,-0.7045,-0.043,-0.999,-0.118,-0.7202,0.4922,-0.504,0.7666,-0.479,0.5021,-0.2349,0.4632,-0.8265,0.16,-0.5611,0.0628,-0.3142,-0.4533,-0.2048,0.2443,0.8765,0.5442,0.6692,2.6232
-8.27257646830383,40.2796646545966,0.0072,2.9252,0.4181,1.0,0,1.8643,4.1743,6.0168,4.8301,1.7017,0.6035,12.4552,5.6222,3.0747,4.7875,9.7185,10.2375,11.0514,7.0371,5.711,7.0439,6.297,8.0308,7.4179,9.2009,7.3498,7.3863,7.0515,8.1647,9.1282,9.486,9.5061,5.9026,6.5494,9.1591,8.9746,7.9517,5.7379,7.7116,6.1129,9.9978,9.5088,11.2194,11.7237,10.1694,11.4737,12.048,15.0128,16.0976,14.6618,7.7443,9.344,6.7816,8.0674,5.9275,7.2199,5.4763,5.2543,9.5757,7.3523,4.9442,4.594,7.1998,4.6836,3.3225,-0.6164,6.0696,10.1008,10.3332,9.4524,9.0355,10.0961,9.9108,10.3242,13.3113,10.3788,7.724,8.0943,8.6325,6.3067,6.5553,4.4574,2.8467,1.6994,3.3538,4.9166,3.4471,2.2583,2.7432
-8.2723069737186,40.2796646545966,0.0143,-1.2988,0.4368,0.9083,0,-0.0249,4.1026,1.9963,0.2808,-5.7279,-6.2074,6.0224,-1.9797,-4.1615,-2.5836,0.8486,1.1302,0.8031,7.4727,6.9173,8.0092,7.4196,6.4095,7.6962,8.4163,4.213,4.6014,5.0829,6.4525,6.759,5.9373,6.7178,4.296,4.4254,9.0656,8.1014,10.2877,5.875,9.6327,9.1563,12.492,12.0089,12.216,12.6049,9.6888,9.6962,10.7028,11.4277,14.95,12.3058,7.6165,10.2491,7.0028,9.488,6.1393,6.9532,4.7824,5.866,6.8777,5.1398,5.2307,5.6348,6.6097,2.5462,2.3698,-5.5281,-0.3169,-1.3409,-0.5647,-1.4151,-0.8674,-2.2536,-1.8256,-1.5668,-2.3425,-2.9666,-4.5107,-3.8496,-1.0451,-2.4327,-3.8747,-6.0101,-6.9736,-9.295,-6.4286,-7.1934,-4.2794,-2.9538,-4.1923
-8.27203747913336,40.2796646545966,0.0153,-6.0022,0.4811,0.9028,0,-1.7963,1.797,2.3649,1.6462,-1.3751,-3.976,-5.2646,-4.5053,-5.2647,-4.9604,-2.2577,-4.6802,-4.2917,-4.0049,-8.2036,-4.48,-8.1606,-12.4085,-11.6743,-12.7307,-10.43,-9.1745,-8.318,-5.161,-8.5649,-7.7144,-4.5578,-9.3863,-11.7547,-10.2177,-13.2241,-10.9904,-11.2131,-9.1166,-8.0536,-12.0565,-12.6002,-12.2645,-16.5395,-18.1642,-21.7613,-18.5768,-19.7286,-19.4654,-23.5395,-24.5245,-20.9907,-23.2028,-20.865,-19.6702,-23.3429,-23.8773,-22.6988,-20.6074,-23.066,-25.7783,-27.0584,-24.9796,-26.2066,-27.1805,-28.5894,-26.5693,-29.0129,-29.2281,-31.6963,-32.5602,-30.6525,-32.6557,-30.0538,-30.0081,-27.9663,-29.4078,-30.6618,-32.928,-33.813,-30.8343,-31.4634,-33.5956,-36.0668,-36.1739,-36.9783,-33.9026,-35.303,-33.9336
-8.27203747913336,40.2794590574471,0.012,1.6865,0.4338,0.9559,0,-5.0144,2.8795,5.1375,3.6625,3.707,5.1488,-3.635,-3.6273,-4.7616,-6.1572,-5.9628,-7.0337,-8.0675,-17.2897,-16.7861,-21.321,-18.9391,-17.8052,-16.4186,-16.9843,-21.6391,-20.7906,-18.1152,-15.6276,-16.1895,-15.9673,-15.9486,-16.3184,-17.6568,-17.22,-19.5091,-25.8182,-17.0277,-17.0784,-17.9823,-14.5913,-15.0113,-14.8679,-21.843,-14.0529,-13.0333,-11.4044,-16.6754,-17.215,-17.7355,-17.9014,-15.2595,-17.111,-15.6441,-14.9686,-18.8998,-16.2531,-19.5256,-16.4994,-15.282,-17.9937,-18.4768,-16.6019,-16.203,-16.1887,-19.8028,-13.6629,-19.5848,-22.5593,-16.4573,-20.7939,-17.6528,-25.2794,-19.0413,-24.4067,-21.3607,-18.8516,-17.8387,-19.5676,-22.4408,-18.669,-19.0261,-19.4596,-21.7821,-23.9284,-21.568,-21.5269,-13.9837,-20.5277
-8.27149848996289,40.2796646545966,0.0152,-5.3761,0.4026,0.918,0,0.4241,4.2222,-0.6552,-1.1194,-1.8052,-1.4579,-2.7584,0.0508,-0.9708,1.9162,3.5319,5.2661,4.4691,7.6838,9.6036,8.4025,6.9606,7.674,7.4489,7.7424,6.3122,3.4723,6.3589,5.8064,5.9916,5.5201,4.1016,2.5392,5.0525,3.3956,1.6405,-1.6154,-2.5151,0.8343,-2.4204,0.1074,-1.9994,0.1168,0.2942,-3.3683,-3.0304,-5.1301,-5.4871,-7.1762,-7.597,-9.0997,-13.2701,-13.2545,-12.0183,-12.8728,-10.7629,-14.3184,-11.2479,-15.2702,-18.5957,-18.3795,-18.3233,-18.7126,-21.6461,-19.5728,-19.8451,-20.7771,-21.4263,-20.2551,-19.3183,-21.9175,-25.4734,-21.8177,-24.4441,-24.2988,-21.6756,-22.0033,-19.5532,-18.2588,-21.0444,-21.3759,-19.7237,-20.4127,-20.0586,-23.3791,-18.4758,-19.4016,-17.4246,-15.4549
-8.27122899537765,40.2796646545966,0.0155,-5.3489,0.4664,0.959,0,-4.9681,-1.4415,-5.3307,-6.6374,-6.4476,-6.7852,-6.8952,-7.6472,-5.7932,-7.6402,-7.3468,-6.4226,-6.0724,-0.4727,0.8026,2.2817,0.9716,1.0087,1.3898,-0.107,-0.8204,-1.847,-1.3284,0.6644,0.7984,2.9563,3.1669,-0.0527,3.2565,2.0107,1.9068,-3.2135,-2.0717,-3.087,-5.1584,-4.6528,-5.7435,-4.8955,0.8635,-2.2002,-10.1581,-17.4768,-17.4391,-20.2031,-19.2149,-20.7089,-23.15,-23.7411,-22.2073,-24.4031,-22.4428,-23.1457,-20.6219,-20.2913,-21.7529,-19.3314,-20.7505,-21.154,-24.3514,-24.3685,-24.2066,-28.2317,-28.6928,-27.9971,-30.1304,-31.661,-32.0859,-29.6332,-30.6811,-34.9342,-32.386,-33.6605,-36.1694,-36.957,-36.315,-37.0332,-37.12,-35.8289,-35.4749,-37.5658,-33.575,-35.1978,-33.1891,-29.8305
-8.27095950079242,40.2796646545966,0.014,10.833,0.4787,0.9779,0,-1.8902,0.5098,2.878,1.6285,3.2053,3.7592,0.9523,2.0425,3.148,3.5458,-0.0058,-2.8873,-1.4861,-5.9105,-6.2693,-5.5845,-4.0368,-4.3051,-4.6336,-8.432,-8.7515,-10.0467,-8.9521,-7.9272,-9.3838,-9.6219,-8.0999,-9.0726,-3.2058,-1.3641,-2.084,-1.2936,-1.9114,-1.7786,-3.9301,-0.9531,-0.6628,-3.1463,3.4536,-1.0511,-5.9916,-4.1402,-3.3055,-3.42,-3.1998,-3.0231,-1.9277,-0.7624,1.007,2.27,6.3541,7.8658,9.8474,10.356,10.3285,10.0985,12.6208,10.5099,12.2702,12.3154,14.4832,15.7973,18.624,19.8578,19.3107,18.5179,18.6565,17.6715,18.5006,20.5402,18.97,19.9158,18.9888,18.6805,17.0536,13.3343,14.3892,13.3643,12.27,15.2245,11.9405,11.5742,14.8188,12.0713
-8.27069000620718,40.2796646545966,0.014,9.7161,0.4661,0.9458,0,-0.6836,1.4581,2.5169,2.0947,4.1676,4.2544,4.0723,2.8482,2.8766,3.4024,-0.9028,-2.9602,-1.286,-2.3367,-2.82,-4.4212,-3.5946,-2.4291,-2.345,-3.1559,-5.019,-2.445,-4.1821,-1.4775,-2.9455,-1.4132,-0.0336,1.0686,3.7556,5.7173,3.8343,9.7128,7.2223,6.5523,6.4563,8.3559,8.0415,6.203,5.9149,5.3939,6.3074,9.8382,10.2524,10.3691,10.5213,8.5213,9.1965,10.4818,11.3195,13.4533,11.8876,10.9003,12.0223,12.799,15.2915,14.6125,14.929,13.6085,16.5497,16.246,17.7656,17.3954,19.3329,17.8418,18.4202,19.2288,17.4297,15.2426,15.2535,20.1541,15.2502,15.8998,16.2232,16.9112,18.1064,16.6845,16.2531,18.3076,18.2723,19.5461,16.926,16.8113,18.6283,19.4836
-8.27042051162194,40.2796646545966,0.008,1.8638,0.7899,0.9901,0,-0.2904,-0.0429,0.6321,0.5441,0.7936,-0.5127,-0.5524,0.4706,-1.1059,-0.6393,-1.9415,-0.9228,-1.8332,-2.3198,-1.9299,-1.2021,-0.7605,-0.0789,-1.2284,-0.4498,-0.9161,-0.3036,-0.4258,-0.8262,-2.4572,-2.7761,-2.2597,-2.8343,-2.051,-1.6558,-2.4535,-0.552,-0.0393,-0.0696,-0.0315,0.625,2.5418,1.603,-0.2823,-0.3775,-0.9737,0.192,-1.0872,-0.261,-0.3285,2.0331,2.0613,2.2746,1.579,2.6321,2.7106,3.1378,2.7404,3.7637,4.3371,4.1673,2.6689,1.9609,5.0649,3.1843,4.8473,3.8616,5.7722,3.5453,5.9786,3.4687,5.9601,3.2896,4.5737,3.6561,4.139,3.398,3.1228,4.1403,5.0783,3.3359,3.6251,4.2794,4.6953,4.3982,5.2801,5.0793,4.5314,6.7603
-8.27015101703671,40.2796646545966,0.0042,-0.0055,0.9473,1.0,0,-0.5857,-0.2677,-0.9928,-1.3023,-1.8782,0.2634,0.0249,0.1918,-0.2221,0.0192,0.9813,0.4647,0.1926,-0.0713,-0.2031,-0.3782,0.8946,0.0781,0.4069,-0.5554,0.4763,-0.1964,0.1132,-0.1065,-0.3009,-0.7342,-0.5376,0.1415,-0.6685,-0.3933,-0.0113,0.3119,0.2583,0.6133,0.6388,-0.0769,0.8553,-0.0377,0.2766,0.2306,0.14,-0.4187,-0.0274,-0.4037,0.2028,-0.2011,-0.2725,-0.7428,-0.9275,0.0191,0.7832,2.2312,-0.2559,1.4224,1.7696,1.4731,2.001,0.6989,2.225,1.5622,1.1651,1.4121,0.8753,1.5962,1.6653,1.9193,1.7249,1.966,1.8688,2.1237,2.4793,2.1923,1.6624,2.7229,2.4503,2.4108,2.5163,1.6423,1.8479,1.9401,2.4432,2.6761,1.4704,3.2147
-8.2723069737186,40.2798702511208,0.0107,19.6262,0.4841,0.978,0,0.6494,3.318,1.1129,-1.5841,-4.4143,-2.9503,-5.9081,-4.8966,-7.1154,-3.9691,-9.6138,-9.4691,-6.1957,-0.968,-1.3093,-0.1488,3.5992,1.8349,6.7359,10.1503,11.479,11.7012,11.4321,12.8318,13.8788,13.5395,13.7603,14.9967,14.6256,15.3808,14.665,14.0545,12.9327,7.9187,7.9255,8.4178,9.2029,11.6298,13.0152,4.1991,1.455,-4.9412,-6.4365,-5.5082,-6.2044,-3.5428,-3.3052,-4.1315,-5.7849,-1.4329,-4.6752,-4.7459,-6.0308,-7.6419,-3.8777,-1.8637,-1.7606,-3.0653,3.3186,2.1355,-0.3867,-3.9989,-0.4857,-2.5891,-0.8594,1.9989,2.3722,2.3657,3.3819,2.5123,4.771,-6.3346,-3.0018,3.7356,2.6393,-0.6617,-1.0842,-1.2987,-1.9246,0.0657,2.009,3.044,6.4615,6.1914
-8.27203747913336,40.2798702511208,0.0154,8.7122,0.4074,0.7854,0,3.3995,-3.1115,-3.4358,-7.8149,-7.3644,-6.2737,-9.8307,-9.7218,-9.9442,-11.6754,-8.9944,-7.679,-10.1406,-7.2092,-5.915,-8.8741,-8.2679,-6.726,-5.4678,-4.7455,-4.1062,-4.3725,-4.5544,-2.4708,-1.0498,-4.2281,-6.5584,-6.7314,-5.7144,-6.8863,-4.6839,-1.4399,-2.8588,-1.6435,-1.8037,-4.347,-3.8929,-5.9903,-3.4875,-10.4812,-8.241,-11.2863,-11.6227,-13.4585,-19.0493,-12.8686,-12.7547,-15.1194,-16.0676,-17.1745,-16.2102,-19.0728,-17.1995,-19.3275,-14.7151,-17.5634,-18.4206,-17.6131,-17.9866,-16.4745,-14.1617,-18.365,-15.0912,-18.528,-16.168,-16.6565,-15.2188,-16.6393,-17.2502,-15.5833,-12.9038,-16.197,-15.1106,-13.8364,-14.209,-14.6957,-14.2568,-13.6918,-16.2862,-14.3755,-13.7288,-12.0236,-10.2825,-13.4293
-8.27176798454812,40.2798702511208,0.0176,-13.0554,0.473,0.8826,0,-0.739,1.6051,-0.7313,-3.5045,-2.0351,-2.9968,-3.7653,-6.541,-8.0979,-8.4093,-3.8615,-4.0903,-4.4861,-1.4137,-0.185,-1.8963,0.8869,2.2921,2.9284,2.9172,1.8267,-0.8706,-1.8549,-0.581,1.2645,2.1777,0.2367,0.2851,-1.6176,-6.0782,-3.7339,1.7525,3.9225,7.106,4.5907,3.7929,2.4616,3.3982,3.1076,4.0527,0.7805,-3.7503,-5.5413,-7.2394,-7.2896,-8.849,-9.0212,-11.05,-11.4019,-13.5613,-13.8397,-13.9445,-11.8254,-9.3478,-9.8802,-11.3816,-13.1158,-13.7177,-13.4155,-15.0236,-14.2951,-15.3796,-12.6871,-20.1802,-10.921,-16.7657,-12.4013,-18.0413,-16.3076,-18.5969,-16.9672,-18.3562,-19.1686,-15.2303,-15.4067,-14.8818,-16.3254,-14.7857,-14.745,-18.0771,-14.6697,-12.8606,-11.9464,-12.4302
-8.27122899537765,40.2798702511208,0.0163,-14.4922,0.4652,0.9,0,-1.4051,-1.925,-4.4185,-4.56,-3.5838,-2.3813,-4.3641,-3.8877,-5.0015,-1.2574,-3.5419,-1.3516,-3.6263,-6.5573,-5.3014,-5.5475,-4.8629,-4.4277,-6.9087,-8.3851,-12.0329,-8.3841,-11.7207,-9.2297,-13.8686,-11.719,-10.9697,-10.8965,-14.47,-14.0867,-14.3967,-12.0337,-14.0963,-14.4353,-13.9935,-15.1817,-12.4039,-12.9027,-11.0597,-13.8105,-11.7379,-12.8658,-15.334,-14.3185,-17.2459,-12.5347,-12.5957,-11.6794,-14.2441,-13.375,-17.4525,-17.2425,-15.6766,-14.7199,-18.2448,-13.3919,-13.4456,-14.3355,-17.0632,-14.8574,-19.5633,-24.5289,-24.6032,-24.059,-24.9364,-26.1128,-25.7121,-26.5347,-26.1641,-25.9027,-26.1559,-24.2143,-28.2134,-27.7914,-26.757,-27.9612,-29.6004,-28.8576,-28.5887,-27.2047,-23.4292,-23.4994,-20.5354,-24.275
-8.27095950079242,40.2798702511208,0.0166,-22.5423,0.4651,1.0,0,-3.7863,-4.6895,-2.7704,-4.7333,-2.7447,-1.5981,-3.5535,-3.9856,-2.6171,-2.0532,-2.7367,-4.9703,-10.6894,-8.7683,-11.1474,-9.7624,-13.4891,-11.8431,-13.202,-18.5382,-17.8732,-19.0987,-18.6165,-15.887,-19.458,-18.0484,-20.6494,-21.2699,-22.5918,-26.9239,-27.534,-29.016,-26.1615,-27.4934,-31.9246,-33.6899,-35.2499,-35.6327,-35.3248,-36.763,-39.6503,-39.8934,-41.0579,-40.3746,-42.8983,-44.6928,-44.7905,-42.6292,-40.8689,-41.1419,-42.2133,-44.9681,-43.7807,-42.988,-46.0351,-47.099,-50.5516,-51.0704,-51.8234,-54.7317,-51.5457,-52.748,-55.3085,-56.2578,-51.5043,-55.9362,-50.7928,-54.4606,-54.7499,-53.4597,-54.51,-52.4675,-52.7372,-48.2035,-49.4164,-50.0982,-48.9737,-50.2205,-50.8138,-50.5931,-49.8767,-53.5138,-53.9273,-54.9028
-8.27069000620718,40.2798702511208,0.0134,13.0389,0.4416,0.9306,0,-2.3221,-2.2008,0.4049,-0.3709,1.8507,2.2356,4.1651,2.478,3.6875,6.0018,3.2882,1.1021,1.3562,3.4054,3.6911,2.1974,-1.0516,0.3228,2.0626,-1.7321,0.7135,1.5583,1.6579,1.4487,3.5301,5.4881,6.0172,6.2416,9.6364,12.6642,6.4371,9.5544,8.9845,11.1809,7.849,7.3757,4.4573,3.562,7.5363,1.8925,5.5617,5.5477,6.0623,10.585,7.8462,6.3419,8.3881,10.7964,13.9546,16.487,15.6036,8.5945,11.0578,7.5218,7.258,4.485,7.1111,7.6616,7.9839,7.3745,6.26,4.558,3.9774,4.5641,5.6826,4.61,4.805,5.8354,4.8549,3.579,2.3556,-0.1623,1.3288,0.163,1.8415,0.6393,2.4736,3.0224,1.2764,1.0432,2.9909,-0.6747,2.8864,-2.9767
-8.27042051162194,40.2798702511208,0.013,4.8313,0.4687,0.9025,0,-3.0722,-7.5485,-7.3317,-7.4498,-8.1153,-8.9233,-7.6614,-10.7073,-9.7346,-5.1998,-4.6112,-1.7672,-2.5397,0.311,1.5136,1.1643,0.6097,-1.059,0.7063,-2.2482,-0.5677,0.7616,0.8671,2.347,1.8652,1.454,1.8536,-2.1854,0.5741,3.9253,-2.1769,2.6487,2.0528,4.0188,5.4082,5.5611,6.8629,6.949,10.4305,2.7515,3.2909,5.0328,1.8645,5.8857,5.3402,3.3166,5.8952,3.7726,5.1313,4.2985,2.9906,2.4882,4.3183,5.5937,4.7073,2.0707,0.7365,1.7529,3.8064,5.3391,2.559,1.647,3.8172,3.8674,5.2807,4.7852,6.8958,3.9249,5.0609,3.0411,-1.5315,-1.3741,-0.1208,-0.352,0.1409,2.4853,5.4275,5.3136,3.3962,3.5183,6.4692,5.2059,4.3601,6.7152
-8.27015101703671,40.2798702511208,0.0136,5.1396,0.5353,0.9036,0,-1.3917,-0.4055,-1.8218,-0.721,-2.8747,-1.3071,-1.6379,-1.3362,-0.3418,0.3446,0.7866,-0.3133,0.3899,0.7233,0.0087,0.6254,0.8376,-0.9933,1.8819,-0.9164,1.0384,-1.9534,-2.5951,-2.0048,-3.6293,-2.9701,-3.7344,-3.8227,-2.4924,-3.5294,-2.8876,-1.9964,-2.7729,-3.7646,-4.1494,-3.7047,-1.7867,-2.4488,-2.4147,-2.4235,-4.4416,-2.4037,-3.8142,-2.6448,-3.2884,-3.428,-0.524,-2.5482,-2.4994,-0.6294,-0.1115,2.4312,-0.1215,2.2587,2.7836,1.7568,2.1036,1.2758,2.5146,1.3668,3.1291,2.0352,1.5118,0.2685,3.1688,3.66,3.7579,2.2386,4.5788,4.1651,3.206,4.3465,4.0925,3.5283,3.9011,4.8314,6.7347,5.569,3.991,1.3901,2.0167,2.9475,2.8601,5.5654
-8.26988152245147,40.2798702511208,0.0062,-0.3219,0.8295,1.0,0,-1.3229,0.5379,-0.351,-1.4416,-1.6668,-0.1623,-1.1896,0.3439,-0.2848,0.1455,0.6568,-0.9382,-0.9124,-1.441,-1.3188,-0.075,0.2373,-1.4243,0.1479,0.3274,0.379,1.9326,0.53,1.3068,1.2026,0.9235,0.8993,1.491,-0.2711,0.4205,0.9386,2.0888,2.4933,1.2602,2.3976,1.6045,4.6784,2.7494,2.4765,2.2635,1.412,1.6247,1.9694,1.3237,1.6437,1.2425,1.6203,1.2558,1.7182,2.8312,1.8832,3.6474,3.3471,4.0918,5.4619,4.0777,4.3183,4.2725,6.9387,5.1857,4.7739,4.8505,5.1856,4.7008,4.4926,3.8283,4.7713,3.9085,5.0432,4.3345,4.6626,4.8682,4.8409,5.9444,3.9046,3.6205,4.781,3.7036,3.7995,4.3188,4.8552,5.2139,4.442,7.4842
-8.27284596288907,40.2800758470198,0.0165,-6.3457,0.4881,1.0,0,-0.4255,5.2071,2.8395,2.8825,2.9782,2.9703,-4.1657,-1.8885,-5.0154,-4.9599,-17.2079,-19.9341,-17.7984,-13.795,-10.6669,-15.9035,-12.256,-11.9316,-9.1977,-1.9575,2.4405,0.0346,-2.3639,-2.4376,-2.5825,-3.1642,-3.3738,-3.6141,-3.517,-3.8668,-3.9247,-5.4043,-6.1969,-18.0373,-17.3406,-14.8094,-14.2835,-20.2978,-7.3117,-19.4257,-28.7222,-32.51,-38.8455,-38.587,-38.8294,-38.6785,-39.7134,-37.5476,-38.3783,-32.2634,-35.6872,-35.6301,-38.4431,-41.2165,-32.3047,-32.778,-33.7315,-34.4807,-34.814,-34.6869,-34.6292,-46.6027,-33.6713,-40.2536,-37.6844,-35.0085,-34.8745,-34.8889,-41.8047,-44.1565,-50.3503,-61.8865,-52.6187,-52.8027,-52.8647,-52.8361,-51.7658,-51.0114,-54.7712,-54.016,-49.479,-51.3787,-48.7692,-46.187
-8.27257646830383,40.2800758470198,0.0084,-11.7178,0.3981,1.0,0,-1.4516,-3.1008,0.2385,-0.5812,6.1263,4.2844,0.1159,-3.3643,-2.5853,-5.5076,-13.0468,-11.2185,-7.6937,-9.3164,-8.3182,-8.2093,-3.294,-2.1693,-1.8305,0.4235,-1.7757,1.5715,1.645,1.3672,7.1806,11.0611,15.7145,14.4966,14.5562,1.409,1.878,-0.1925,1.1885,-2.5065,1.3884,2.5012,2.0939,2.3097,2.0655,-2.2184,6.1277,1.393,-6.5462,-7.8329,-2.4894,-3.1761,-2.4852,-9.2574,-6.9147,-2.3063,-4.4126,-4.4126,-4.4872,-4.5618,-2.4956,-3.0165,-3.8629,-4.1142,-2.839,-4.5303,-5.7158,-10.449,-4.6473,-4.4643,-4.7572,-6.65,-8.8092,-7.8361,-8.0221,-10.2086,-10.3836,-5.6092,-9.015,-10.8473,-15.0811,-17.8045,-16.4698,-13.8195,-14.0505,-14.7305,-7.5519,-10.6796,-12.0104,-11.6981
-8.2723069737186,40.2800758470198,0.0101,4.0591,0.3977,1.0,0,-2.1925,-2.9064,-0.611,-0.9933,3.2817,1.8166,-0.6835,-2.9048,-2.6599,-5.6766,-13.1279,-11.4499,-7.8242,-9.3421,-8.393,-8.7672,-3.1553,-2.3403,-2.0726,0.1306,-3.0387,-0.5607,-0.7863,-0.2876,4.6513,9.7106,16.3636,15.7627,15.8297,4.3796,4.4887,2.912,3.6565,0.8784,4.4936,4.7221,4.3517,4.4462,4.5621,1.2922,10.7196,5.7451,-1.0254,-1.7651,0.8358,0.4385,1.5134,-5.3096,-3.5263,1.1453,-1.8023,-1.7829,-1.532,-1.4315,-0.2125,-1.0014,-1.8143,-2.3742,-1.1177,-1.2882,-3.4315,-7.5817,-2.8637,-2.6682,-2.8334,-4.7142,-6.4585,-4.8336,-5.209,-6.5774,-6.3594,-2.4555,-5.5204,-7.4363,-12.1113,-14.4374,-13.6816,-12.2827,-12.3866,-12.78,-6.7544,-9.4593,-10.9084,-10.825
-8.27203747913336,40.2800758470198,0.0092,-8.4043,0.4613,0.9989,0,-0.9388,0.4622,-0.02,-0.1121,-1.6756,-4.8708,-3.0569,-3.9849,-5.3259,-5.3033,-4.7901,-3.7282,-1.4312,-0.8224,-1.3157,-0.2285,2.4507,1.2895,1.1305,0.8423,-3.3685,-4.6923,-4.878,-3.7325,-2.4429,-0.4519,1.0521,0.8,1.4432,-4.4798,-5.0951,-5.5748,-5.6005,-3.5133,-3.9382,-0.7618,-2.94,-2.4793,-2.2957,-0.651,-2.4556,-10.637,-13.2178,-14.8891,-12.0644,-11.6384,-9.1461,-13.3435,-13.0877,-12.1011,-14.7513,-20.3456,-17.6862,-18.2532,-17.2046,-19.215,-20.9902,-22.6718,-22.3824,-23.0446,-24.5036,-26.7852,-25.6399,-28.9178,-25.801,-29.1734,-28.6536,-26.6681,-27.9648,-29.5981,-30.3134,-31.1996,-29.7741,-26.2001,-28.7934,-30.0159,-26.4027,-28.8707,-27.2241,-27.809,-25.597,-26.1884,-25.4428,-25.6444
-8.27176798454812,40.2800758470198,0.0142,-0.0724,0.4696,0.873,0,-1.5375,-9.1346,-4.4575,-4.2299,-5.2567,-1.6635,-2.3255,-11.6503,-12.4761,-13.5915,-15.6975,-10.6362,-14.8175,-12.2891,-9.1692,-11.2083,-13.2932,-10.7733,-9.5209,-6.0551,-10.5655,-12.4095,-13.2071,-10.7048,-9.1698,-8.8025,-8.873,-6.199,-7.375,-9.8215,-9.7059,-11.234,-10.7355,-9.6382,-10.3223,-9.4868,-9.8762,-10.8812,-9.8571,-8.206,-6.4127,-9.9305,-11.6068,-13.3042,-12.5623,-13.2184,-11.5282,-12.7489,-12.3678,-10.2289,-14.3444,-11.5174,-12.686,-10.6571,-13.9286,-12.9421,-13.4054,-13.5536,-12.9034,-15.3743,-13.9705,-16.7606,-15.0528,-20.1778,-12.5144,-18.8848,-16.8067,-16.8866,-18.0492,-21.9572,-19.4277,-19.6976,-19.0148,-17.3417,-16.4313,-16.7603,-18.6771,-18.4677,-17.2927,-20.078,-19.2148,-19.5997,-19.1208,-15.1502
-8.27149848996289,40.2800758470198,0.014,-9.0884,0.4496,0.9095,0,0.0293,-8.0065,-4.8677,-4.0237,-1.4202,-1.5316,-1.3068,-5.679,-7.3785,-10.7646,-13.7663,-9.7048,-11.6028,-12.0245,-10.686,-11.1934,-12.9002,-12.6617,-14.4948,-11.8344,-3.7008,-4.892,-8.5242,-5.7801,-6.1756,-10.766,-7.5042,-8.4701,-8.7848,-9.1016,-9.688,-10.3087,-12.6233,-9.6319,-9.5548,-12.9611,-14.408,-13.7264,-13.4143,-11.3831,-11.9668,-10.7096,-13.7656,-14.7596,-15.0874,-11.5253,-14.1652,-13.4988,-15.0069,-14.411,-15.9326,-9.941,-14.1484,-9.2056,-12.3932,-12.8538,-12.4654,-9.4474,-8.5204,-12.3358,-11.6907,-13.3911,-17.2833,-22.3487,-15.4585,-21.4021,-15.8512,-21.7629,-19.0643,-20.0223,-17.1051,-17.2735,-18.1765,-18.5271,-16.4654,-17.3411,-18.795,-19.1038,-17.2124,-18.6201,-17.2789,-17.0918,-16.3192,-14.086
-8.27095950079242,40.2800758470198,0.0153,-0.6906,0.4589,0.9183,0,-2.3816,-0.5612,-0.0093,-2.2717,-0.0516,1.7371,0.6739,7.9364,9.2477,8.4255,12.2433,12.6871,12.9388,16.895,16.8456,18.1652,13.0511,13.8881,12.3851,10.4609,9.5583,10.0645,10.0061,6.4518,6.5271,5.0335,2.8056,4.3142,0.3796,1.7505,4.1896,2.2994,4.1777,2.0104,1.6985,-0.6874,-1.8503,-0.5356,0.9374,-2.5357,1.4332,0.6373,-4.3248,-2.7394,-4.6644,-3.4407,-1.5938,-5.2302,-5.6617,-5.756,-5.957,-11.3489,-9.1699,-12.2467,-10.4344,-9.4275,-9.9906,-11.2821,-12.3323,-12.2492,-11.9215,-16.0283,-17.3351,-18.7236,-20.1116,-20.6538,-20.5705,-22.4,-21.9981,-22.1661,-23.0204,-21.6222,-20.0935,-19.2737,-19.6899,-21.8139,-22.5302,-23.3987,-24.9855,-25.9496,-27.2385,-30.1746,-23.2983,-29.4748
-8.27069000620718,40.2800758470198,0.0158,-8.5624,0.4598,0.928,0,0.6234,0.0691,-1.6977,-0.7001,3.4638,0.1011,-0.6404,-0.8869,-1.6562,2.8764,-1.0515,-3.3228,-0.9228,-1.6429,-1.9594,-1.6494,-7.5824,-9.1198,-11.7632,-12.4866,-7.5009,-9.1842,-8.8427,-12.2159,-12.3452,-12.9231,-13.469,-19.4181,-19.3737,-16.9613,-18.4984,-17.0396,-19.7341,-21.6566,-21.1134,-17.8462,-17.8274,-19.7178,-17.192,-18.2433,-16.3166,-16.7611,-17.4332,-17.8192,-16.6486,-18.3049,-19.2441,-19.9665,-19.0358,-20.452,-19.5972,-19.0902,-20.0711,-19.3962,-20.1056,-18.9831,-18.532,-20.8922,-19.7819,-17.6062,-18.349,-19.129,-20.3844,-17.1385,-18.6117,-21.2245,-20.6962,-19.9272,-22.6844,-25.6329,-24.5835,-25.6746,-21.4447,-22.0111,-21.5722,-21.2072,-20.7024,-18.3768,-21.2505,-19.1865,-11.8234,-11.6748,-10.1674,-8.8056
-8.27042051162194,40.2800758470198,0.0145,-8.281,0.4421,0.8799,0,-0.8379,-3.8348,-1.0244,2.3516,3.36,-2.2394,-1.7358,-3.513,-5.5669,-2.0433,-1.945,-2.255,-3.4196,-4.1067,-3.6963,-3.4503,-5.0793,-4.4869,-3.3212,-2.2087,2.9554,1.1618,5.9026,5.5659,4.0234,0.1966,3.4384,1.8774,5.8051,5.6731,0.8753,5.4129,-0.4103,1.1683,0.7461,5.1198,1.9944,1.8325,4.0248,2.2827,2.8201,2.7379,1.022,3.2855,8.5232,7.8367,12.219,10.6291,10.6187,10.9432,9.7829,9.833,11.4341,12.9239,13.1034,11.1809,12.597,12.3757,13.5242,14.2837,15.4217,14.2907,13.14,13.1604,11.1674,10.2657,11.5389,11.8294,7.9637,8.2391,4.7917,5.0298,7.2832,7.1162,6.2567,8.3516,9.5204,12.0509,8.9497,8.296,15.1967,10.4143,9.6477,11.5519
-8.27015101703671,40.2800758470198,0.0152,1.67,0.4555,0.841,0,-3.9757,-0.5486,-2.1499,1.6457,-1.8402,-2.6339,-3.2992,-2.5161,-3.3327,-2.9528,0.5687,1.5626,0.9096,3.7782,2.9918,2.7043,3.3591,1.8079,5.1829,5.026,3.9473,3.0351,1.6485,0.5269,-2.3334,-4.2498,-3.57,-2.6773,2.013,1.5097,-2.91,-5.0914,-5.9721,-7.4258,-7.7375,-4.0676,-0.1059,0.0714,-4.1647,1.0333,0.8369,2.0016,2.2268,2.436,2.3475,5.1829,3.6932,7.2091,5.4992,4.998,7.1733,12.1966,8.4895,12.4607,19.1173,15.0581,15.5468,16.6918,15.2901,17.8951,17.9946,17.0906,18.6038,16.4132,17.1276,16.4514,14.8061,15.0281,13.997,13.2321,12.3649,18.5158,13.4384,13.4279,12.5118,11.2076,9.8171,10.0021,7.3525,4.1928,3.2722,5.1961,1.6675,3.4904
-8.26988152245147,40.2800758470198,0.0111,7.0061,0.4245,0.9552,0,0.2903,-0.0877,1.6911,3.0333,3.1868,2.8758,0.1964,1.7419,2.6555,0.0551,0.7256,2.8223,2.7866,3.9712,5.2828,5.689,7.8432,7.3607,8.3053,6.2935,6.7631,6.3918,6.6125,6.9539,7.3405,5.896,6.5845,5.52,3.6159,2.0553,1.3992,1.4293,3.919,3.3877,3.3278,4.6954,3.8161,6.6121,6.6714,6.0923,6.0712,4.8199,6.7471,7.2605,10.8956,9.5534,10.1118,12.7779,13.3525,10.7047,14.8304,16.9839,15.1382,15.2479,18.7256,18.4201,18.8515,19.2563,16.9223,16.6883,12.7474,11.0647,18.2137,16.2489,15.2386,19.1978,17.3522,20.552,18.0584,21.2648,22.0409,27.138,25.0006,27.0707,27.9537,25.1377,21.8016,23.4605,19.3987,15.9996,23.7164,18.6634,14.2612,19.8628
-8.26961202786624,40.2800758470198,0.0116,2.1706,0.4074,1.0,0,-0.852,0.6289,-1.6735,-0.7691,-1.239,-2.0836,0.9205,3.1105,2.0266,2.4506,1.9103,3.8845,3.9795,6.5768,4.5264,5.0144,5.1445,4.6567,4.9124,5.2019,5.1945,5.1239,3.5496,3.2365,1.2443,1.0396,3.1778,3.2287,2.5727,2.8432,3.3761,3.0978,4.7544,4.1435,3.1249,3.7011,4.1267,3.1908,1.6174,2.6144,2.0383,-3.4958,-0.422,-1.8518,-0.5744,1.7445,0.7156,3.6042,2.5675,2.0937,3.0199,3.2919,3.337,1.8275,5.7748,6.7586,7.4691,7.4458,4.4559,5.1851,6.7069,5.9119,5.4177,6.0314,4.1299,5.5454,5.9622,5.785,5.7818,8.3319,7.4753,5.773,7.4077,5.405,7.5783,8.2101,7.8927,7.8743,10.3369,11.2035,7.7277,3.7233,2.5741,3.5788
-8.27257646830383,40.2802814422936,0.0175,2.3072,0.4189,0.9746,0,-2.1612,-5.53,-4.6608,-7.354,-1.9129,-0.5245,-6.2438,-3.8847,-2.4456,-0.7071,-5.7784,-10.8061,-7.1116,-11.5655,-18.0776,-15.0695,-15.614,-15.1411,-15.2696,-13.168,-11.335,-12.2197,-11.3974,-16.6653,-16.3565,-17.9981,-19.68,-19.9468,-20.5541,-19.3852,-18.2426,-12.1044,-12.7777,-11.207,-3.6467,-7.6647,-11.0455,-8.0806,-11.161,-10.8047,-14.0757,-11.269,-17.575,-18.4349,-15.1361,-9.5442,-12.3995,-10.721,-11.9475,-13.1328,-13.7893,-12.5731,-10.608,-12.8003,-14.6887,-12.3956,-12.2145,-13.8338,-19.0024,-20.2096,-21.1831,-14.6053,-22.9895,-25.2303,-26.6539,-27.5467,-23.7123,-25.6557,-25.4394,-27.4897,-37.8157,-41.1004,-42.2176,-40.4837,-41.7428,-43.7581,-42.4025,-41.2398,-50.5294,-50.8377,-47.1899,-51.4943,-56.0803,-55.5063
-8.2723069737186,40.2802814422936,0.0131,-13.2856,0.4056,0.9646,0,-2.2171,-1.701,0.0597,-1.2825,0.5048,-0.175,-5.954,-1.9626,-0.1219,1.1305,-4.6555,-8.0233,-6.2925,-5.2157,-8.7165,-7.997,-11.5568,-7.0937,-10.1291,-7.9499,-6.7346,-7.0385,-5.6478,-9.4464,-9.0433,-11.4795,-12.2817,-13.9761,-15.9759,-15.2108,-9.5246,-4.5561,-6.2178,-3.9321,-5.952,-5.9349,-6.2339,-6.4532,-3.0947,-0.6736,-3.7015,-1.8751,-7.9271,-8.0863,-6.2352,-1.9836,-2.1913,-2.0463,-3.2084,-3.2772,-3.8375,-3.132,-0.021,-2.398,-6.0074,-8.4168,-9.4347,-9.3938,-16.6176,-16.3509,-18.7722,-18.051,-23.1591,-24.5474,-25.9385,-25.5647,-24.782,-24.3561,-23.3342,-19.5811,-27.6136,-30.6489,-32.0335,-31.1105,-33.7774,-35.5167,-34.5174,-32.3653,-40.381,-42.3871,-37.365,-44.7806,-49.1479,-47.7315
-8.27203747913336,40.2802814422936,0.0152,1.8193,0.4447,0.9239,0,-0.3874,-1.4952,0.0901,0.5738,-1.765,-1.1045,-0.2608,0.8692,0.4603,0.7887,-1.6208,-1.5009,-3.3297,-1.3426,-1.3547,-2.7967,-5.9985,-0.8352,-4.5473,-6.1278,-11.6002,-11.059,-10.5393,-11.2158,-14.1559,-16.0837,-15.3196,-16.7175,-17.799,-17.0856,-17.9838,-15.8253,-16.6321,-15.2056,-16.4299,-17.4061,-18.5042,-16.9758,-14.6751,-10.3076,-15.095,-13.8069,-10.3675,-11.3434,-11.6649,-11.3178,-9.7428,-10.0234,-10.2219,-9.8503,-14.3949,-14.0548,-14.0551,-15.3984,-19.0444,-15.8808,-17.1567,-20.1805,-19.3904,-15.5697,-17.1483,-18.0937,-13.6765,-13.2784,-12.7169,-13.461,-13.828,-9.3003,-9.4541,-8.8577,-8.237,-9.7327,-9.0026,-9.5118,-10.4619,-8.486,-9.0637,-8.8736,-9.3622,-9.7676,-8.724,-10.8451,-11.5362,-10.0491
-8.27176798454812,40.2802814422936,0.0164,-2.0775,0.4319,0.8597,0,-0.8436,-5.7309,-2.3258,-3.9379,-8.0504,-4.2529,-7.5019,-6.8599,-6.732,-4.657,-4.4122,-6.7438,-7.2295,-9.9174,-6.908,-7.2271,-9.5701,-6.6175,-8.5755,-6.1271,-14.9581,-15.66,-17.8026,-18.2289,-18.8591,-20.0489,-19.0157,-21.9543,-24.4176,-22.2958,-21.6337,-20.3873,-20.1379,-20.2105,-19.4563,-18.6758,-19.7613,-20.0197,-19.1397,-16.4274,-20.6567,-23.353,-24.2992,-25.03,-25.6199,-22.5618,-21.8686,-23.4763,-22.1909,-23.2473,-25.9446,-25.7526,-25.2846,-24.9481,-21.3392,-21.6963,-22.2857,-20.3267,-16.7628,-19.6705,-19.515,-23.3694,-19.7393,-18.3125,-16.1192,-19.471,-15.464,-18.5177,-16.6956,-21.3952,-19.0177,-18.284,-17.3434,-17.7188,-16.9852,-18.5426,-18.7829,-19.3418,-20.7722,-19.5422,-24.0452,-22.5153,-23.605,-22.6611
-8.27149848996289,40.2802814422936,0.0176,6.5883,0.452,0.852,0,-3.1437,-0.4853,-2.4398,-4.3395,-4.4919,-1.3903,-2.8121,-2.6413,0.2806,-3.0374,0.968,-2.7641,-2.6831,-5.7941,-3.6171,-3.1154,-4.5017,-2.7705,-3.5866,-2.9901,-8.526,-8.5415,-8.9561,-9.2522,-11.4556,-13.4144,-11.7498,-14.1933,-13.9318,-13.1565,-11.6718,-9.5207,-6.9613,-5.8749,-5.3286,-5.5742,-3.8557,-3.6346,-9.6499,-8.7629,-11.1499,-12.2261,-12.5537,-13.8586,-13.6036,-12.6829,-10.7115,-13.3649,-14.3591,-13.5405,-13.1523,-13.2876,-12.012,-11.4662,-4.5853,-5.5467,-8.1847,-8.169,-6.3449,-8.0141,-6.754,-10.7279,-3.6202,-2.7214,-0.7273,-3.587,1.2022,-3.4474,0.0982,-4.7709,-2.8094,-0.2865,-1.875,-0.8209,-2.5884,-1.577,-5.1601,-3.3192,-4.0871,-1.1611,-5.257,-5.0364,-4.688,-2.9429
-8.27122899537765,40.2802814422936,0.0164,4.0657,0.4526,0.9084,0,2.3501,5.7543,6.3595,5.4078,6.2805,6.5053,6.38,11.5428,12.2612,13.7753,11.678,7.671,6.1467,4.5392,6.5293,8.4409,11.3742,11.7811,10.5109,8.0877,4.6582,5.0995,5.1317,4.8092,1.712,2.5394,6.0651,6.2031,4.9713,2.9565,8.1689,6.5464,8.9356,8.4474,7.4433,7.9555,8.8637,9.8323,6.2276,1.945,3.5563,4.3179,5.0342,6.6795,7.185,3.692,4.4508,5.5805,3.7926,2.7874,3.054,2.5399,2.1369,1.2148,4.8616,2.1673,1.071,3.4297,5.2542,1.7278,4.5124,2.0422,3.828,1.701,5.0915,0.7073,5.3265,0.936,4.1233,2.5517,3.4869,4.1215,3.1125,4.2334,3.5916,2.0011,0.847,2.9952,2.6531,4.264,0.3443,-0.3707,0.625,0.6197
-8.27069000620718,40.2802814422936,0.0169,1.2248,0.4575,0.8642,0,0.4737,2.6709,7.4887,9.4266,7.2149,10.7065,9.1935,8.86,9.4617,10.2466,9.5631,11.6053,10.3554,12.8866,12.2849,14.2142,11.9077,13.6443,16.0053,15.4996,15.1533,13.5002,11.3292,10.9286,10.3097,8.5912,10.582,6.3741,7.0368,6.4266,8.1182,8.3074,7.1223,6.9879,7.0397,8.9537,9.2021,10.2313,9.7416,9.0035,7.9116,9.8322,7.5192,12.2861,10.1342,8.6551,9.1809,9.8683,9.0216,9.923,9.8864,10.2318,10.0487,11.5085,14.7017,14.523,12.3593,10.7991,7.529,8.9943,9.1944,8.5629,7.6593,7.9185,8.0107,6.8284,6.8049,9.223,6.3937,6.6974,8.5731,7.0446,8.6561,6.4737,7.6777,10.7145,10.8862,8.7134,8.1245,9.7649,11.6163,10.7205,13.5795,10.863
-8.27042051162194,40.2802814422936,0.0132,-1.23,0.384,0.9684,0,0.0642,-0.514,2.7399,2.3971,2.9808,1.4921,0.729,2.5179,1.9464,-2.6669,-0.5953,-1.4701,0.0421,-0.4406,1.1554,1.5085,-0.5584,1.3762,3.3032,1.2924,1.6661,1.82,0.9459,0.6668,-0.9759,-1.0432,-1.0656,-6.0878,-5.6085,-3.8834,-2.6892,-4.1707,-6.0199,-5.8022,-4.355,-2.1908,-4.5926,-1.33,-2.8778,-4.1423,-3.197,-3.5808,-5.0504,-2.5495,-7.8174,-7.8785,-7.0846,-9.4121,-8.4647,-9.7722,-9.3421,-5.6132,-6.8119,-5.8672,-7.2155,-7.3431,-6.6553,-5.4893,-4.3135,-6.05,-6.5615,-7.2516,-5.1213,-5.3442,-2.9926,-5.3845,-3.2098,-3.9838,-3.3218,-2.7252,-3.555,-3.5402,-2.8338,-5.4609,-2.3093,-4.1601,-3.285,-2.6851,-3.618,-5.1457,-5.1142,-5.2622,-6.5396,-7.1461
-8.27015101703671,40.2802814422936,0.0163,11.4179,0.4729,1.0,0,4.2295,-0.9268,0.843,3.0476,-4.1401,-4.1896,-3.4216,-0.1478,0.1787,-2.698,-0.3296,-1.9748,2.354,0.0467,1.3684,0.5764,0.4281,0.4791,2.415,1.785,0.8779,0.821,-1.4659,1.312,-0.8089,-1.6332,-3.4688,-2.5205,-0.9273,0.0474,2.7809,3.0587,1.341,0.7921,2.2484,5.4098,1.7735,1.9782,3.0923,1.1244,4.749,4.7704,6.5081,7.6899,10.2028,10.4057,5.7291,8.4764,6.4362,8.2062,8.5825,9.7186,8.959,9.2213,13.2165,9.7797,10.6133,13.116,12.0199,11.4233,11.4102,9.3004,9.7128,9.9026,8.7592,9.7607,9.3447,11.3146,11.0535,13.2165,12.1883,19.768,15.7701,14.1956,14.0946,12.6213,10.9857,10.5351,11.118,8.9587,11.2674,11.2816,9.4486,10.5125
-8.26988152245147,40.2802814422936,0.014,8.9281,0.4408,0.8968,0,6.4255,2.9683,6.7618,6.2676,3.5836,4.9822,5.3851,6.708,7.3499,8.6867,9.2815,11.6102,12.6993,12.1129,12.0081,15.4758,13.0261,12.607,13.1609,10.9548,12.4616,14.5399,10.8981,12.0988,13.5217,10.6462,14.9263,13.8011,14.4999,14.9253,16.8298,15.8951,15.1511,16.6784,13.8692,12.7081,10.1849,8.6627,11.6973,12.1671,14.6582,10.6173,11.9991,15.1366,14.3404,13.6231,18.3799,16.1676,16.8013,17.4963,18.0562,18.2813,17.8557,18.6812,19.5967,20.4949,20.9469,22.2889,18.2539,16.9534,15.1537,12.8337,8.8787,10.5182,7.4241,6.9167,10.4805,9.2945,9.9741,14.2254,12.1189,14.5778,10.8949,12.5387,9.1,13.3502,14.4642,13.3423,11.7903,12.3254,11.8419,13.2039,11.1112,12.1984
-8.26961202786624,40.2802814422936,0.0179,1.922,0.4474,0.8729,0,-0.4575,1.1138,0.326,1.685,1.5762,2.6813,2.8944,3.2088,1.1782,4.5779,5.9097,3.647,5.5484,4.5158,3.5883,3.7558,5.2188,4.8083,6.7455,4.7467,4.8135,4.702,3.622,2.0822,-2.9979,-1.4713,0.0582,0.4693,2.8774,2.7958,3.8181,3.0767,4.6047,6.1516,6.7534,5.9207,5.9887,5.1102,4.2252,4.3009,2.6901,2.4808,0.7462,0.8395,1.0529,2.2319,2.3467,1.3976,3.3283,5.2323,6.1804,7.0473,5.3863,6.2714,8.0346,6.7765,8.1275,9.4498,7.4346,8.6832,11.9116,9.6333,10.772,9.8751,11.6486,9.3277,12.5882,8.6216,11.5252,10.785,12.335,9.9589,11.408,9.7325,8.6783,9.2972,10.4824,9.1996,9.5779,10.2725,10.0101,9.5667,11.0018,11.0029
-8.269342533281,40.2802814422936,0.0116,2.355,0.7836,1.0,0,-1.3414,-1.0754,-0.9788,-0.7153,-0.4177,-0.0039,-0.2936,-0.3274,0.3239,1.34,-0.0425,-3.3087,-2.529,-2.4993,-2.2798,-3.0858,-2.5831,-1.9768,-1.768,-1.9948,-1.7467,-2.1279,-3.363,-4.3349,-4.3186,-6.2201,-4.7532,-3.7664,-3.763,-4.2873,-3.6045,-2.9968,-3.2614,-3.614,-3.6464,-4.0033,-4.4718,-4.4154,-5.2898,-4.1786,-4.9389,-4.8524,-4.5825,-5.1506,-5.5718,-5.5793,-4.5489,-4.3624,-4.8022,-4.1284,-3.1048,-1.1814,-1.5054,0.9298,2.7916,1.8144,0.9737,-0.1029,0.5609,0.3556,3.708,3.8271,2.9432,3.6477,3.1175,4.0199,2.5808,3.5677,3.9132,4.0256,4.201,1.4726,4.0015,2.6315,2.1262,3.6384,2.621,2.001,3.8235,3.7132,3.7538,5.1701,4.7251,6.3732
-8.27257646830383,40.2804870369422,0.0182,6.6996,0.4309,0.8475,0,-0.1007,-0.0816,-6.2186,-12.5798,-13.9856,-10.9996,-10.7436,-12.6096,-16.176,-16.5262,-18.201,-17.837,-17.4853,-24.0491,-23.7412,-27.26,-24.1059,-22.9539,-18.4992,-18.3787,-7.6438,-9.7181,-7.3973,-6.159,-9.3084,-9.5977,-9.5258,-9.5214,-12.4206,-4.447,-6.226,-13.8662,-8.6879,-8.5945,-11.5232,-10.6809,-18.1485,-18.2546,-18.1634,-23.3352,-24.7885,-24.7076,-28.746,-22.8411,-20.0069,-15.8954,-26.6288,-26.3233,-30.1664,-31.1343,-38.1303,-38.1443,-41.0944,-44.1355,-44.1703,-43.4079,-44.3795,-45.1799,-45.0272,-45.096,-45.0363,-46.9164,-42.1946,-42.3354,-44.2743,-46.2898,-40.0035,-39.7833,-45.7648,-45.6506,-44.6437,-49.2391,-49.053,-48.9268,-48.6916,-48.7749,-46.4508,-44.0634,-47.3123,-47.0592,-46.9678,-53.6653,-58.1152,-58.0185
-8.2723069737186,40.2804870369422,0.0144,-6.4392,0.4043,0.859,0,-0.0595,0.9965,-7.14,-12.193,-9.5814,-6.3045,-8.0014,-8.8908,-10.3497,-10.9065,-14.0563,-12.2823,-10.5618,-14.7984,-15.8261,-16.7553,-14.7457,-14.0328,-10.6213,-8.3395,-14.2774,-17.1558,-16.1275,-16.4149,-18.6793,-17.1172,-19.1936,-20.3628,-23.2119,-16.0123,-19.4619,-23.9662,-21.5059,-20.3516,-20.0822,-21.7442,-23.9416,-22.9298,-24.6338,-29.2422,-30.0065,-30.4055,-32.8799,-34.2175,-31.5938,-26.3559,-27.4602,-28.3072,-32.9955,-33.9285,-40.0669,-40.2639,-42.0149,-45.1769,-36.7911,-35.9495,-36.8615,-37.598,-40.5406,-42.1984,-34.9252,-36.6421,-28.2285,-28.5864,-28.5039,-25.7707,-22.664,-21.47,-20.3676,-22.7412,-20.0639,-23.2683,-20.7085,-21.1192,-21.4935,-21.2223,-19.301,-17.5532,-20.4733,-19.7795,-16.5887,-18.2296,-20.7126,-18.7323
-8.27203747913336,40.2804870369422,0.0174,16.82,0.4472,0.883,0,2.6613,3.1253,-1.9049,-3.4945,-2.3661,1.3931,-3.3775,-4.6543,-5.2187,-0.4633,-2.2563,-6.877,-4.1207,-2.6234,-3.6988,-1.8352,-1.0882,-0.0893,-1.6865,-1.2151,-3.3813,-2.1461,-3.0715,-4.9381,-3.8495,-4.5573,-6.4554,-6.2735,-6.3335,-5.4921,-4.8817,2.9973,1.3934,3.8063,3.4651,3.4209,2.0423,3.2963,7.53,5.0439,3.005,1.6021,0.9764,0.7015,2.4059,4.9557,5.4421,3.4905,1.4351,1.4344,-2.0814,-2.6091,-1.4738,-5.7494,-6.1204,-1.581,-1.6266,-2.8595,-0.5715,-2.0767,1.4605,-0.6568,2.0044,0.6046,1.8115,1.269,-0.2847,3.1125,3.5494,1.1617,2.6029,0.7064,3.0,3.5586,-0.5438,0.3571,1.8183,2.8307,0.4435,3.154,1.4857,1.9462,0.6122,3.0978
-8.27176798454812,40.2804870369422,0.016,-12.1067,0.436,0.8894,0,-0.9627,-1.7607,-2.1622,-2.1987,-2.1163,-2.0419,-3.883,-5.4489,-5.1242,-4.8645,-2.5056,-1.3266,-3.6761,-6.8822,-3.6902,-1.8257,-4.9633,-6.7054,-8.6829,-8.6659,-14.2068,-16.2189,-11.6326,-14.3453,-11.9533,-14.148,-13.4262,-11.9144,-12.2586,-10.4709,-10.6941,-6.7319,-11.9555,-6.3276,-6.1892,-6.4148,-5.0316,-8.6027,-2.4071,-3.9788,-6.1561,-5.5108,-7.8515,-10.9361,-9.2585,-7.4926,-6.3001,-7.1838,-7.7105,-7.5822,-10.9672,-10.9672,-10.6311,-10.2949,-10.3357,-9.8277,-11.3298,-11.1239,-17.2355,-14.1314,-14.763,-10.5009,-14.4362,-15.2442,-12.4726,-15.8918,-10.9007,-17.0889,-12.9956,-16.2006,-13.3864,-12.4951,-11.2187,-10.3453,-12.2501,-11.7489,-9.8808,-13.0225,-14.4653,-11.5209,-19.51,-21.937,-22.9533,-26.8165
-8.27149848996289,40.2804870369422,0.0187,2.7713,0.4497,0.9,0,-0.5845,-4.0664,-4.285,-3.1606,0.0495,-2.3791,-1.1483,-2.5506,-1.2734,-3.3331,-2.7426,-1.6186,-1.6521,-4.5461,-0.0011,-3.8255,-2.3585,0.6688,-7.4048,-7.8207,-17.2943,-16.4292,-16.2365,-18.109,-20.3353,-16.6188,-20.7664,-19.0198,-15.5213,-15.4595,-16.7647,-8.8401,-11.5499,-4.3566,-5.4688,-8.9522,-7.3418,-6.0608,-11.5141,-11.8467,-10.904,-10.8712,-12.841,-15.6144,-12.8636,-11.3643,-8.2237,-9.9828,-12.3291,-10.4625,-11.5248,-11.6634,-10.8396,-10.2827,-13.7706,-12.7227,-15.5686,-12.5746,-14.0338,-12.3931,-13.061,-11.5217,-15.1248,-14.7719,-15.9962,-10.2821,-14.2379,-11.179,-13.9212,-15.3604,-13.8267,-12.8689,-12.1097,-9.4449,-8.9801,-11.0693,-11.9939,-15.189,-14.5928,-14.4627,-17.6366,-23.7639,-25.105,-25.529
-8.27122899537765,40.2804870369422,0.0168,4.1721,0.4276,0.9055,0,2.3708,-1.2295,-1.416,3.3611,3.8539,1.1237,6.4964,7.6634,9.7105,9.4166,9.4967,14.7221,10.0095,11.1244,17.36,8.3032,12.87,15.6487,8.1586,10.1447,6.0959,7.8764,10.1482,13.4131,6.6282,6.5303,4.4939,5.5235,11.4442,13.8065,8.087,11.7635,13.6075,14.9448,13.2602,9.2817,9.8792,9.5408,3.9908,-0.3899,5.9763,6.2437,0.6536,-0.2884,2.4246,4.1574,4.2146,3.55,-1.1481,5.1225,3.4935,3.7259,1.774,0.345,-3.7137,-1.0577,2.5752,2.361,1.1311,2.9404,-0.8284,0.0658,-2.1521,-1.0553,-4.449,-3.4931,-5.7805,-5.1433,-1.3577,-4.277,-0.7103,-0.5703,2.2086,0.8977,0.8748,2.5834,1.4444,-1.0931,-0.4286,-2.2792,-2.2792,-8.5907,-11.0541,-4.6396
-8.27069000620718,40.2804870369422,0.0151,-1.1593,0.4445,0.8886,0,-0.9075,2.2081,-1.31,1.2473,1.5756,-2.171,-7.8407,0.1991,1.5233,-2.3769,-7.5051,-0.2782,-3.0439,-12.9913,-4.7231,-10.2508,-12.9978,-7.6736,-7.2679,-8.5179,-6.017,-5.2404,-7.918,-7.8152,-8.2607,-7.9928,-7.6195,-6.4534,-10.873,-10.2496,-9.0343,-8.0377,1.5672,2.6834,0.0166,4.258,6.5252,4.9216,3.3489,1.7813,-1.3901,-5.0278,-9.2626,-9.8681,-8.7994,-14.2483,-12.3591,-11.8966,-14.3177,-12.1086,-17.0094,-17.4053,-15.3828,-13.6505,-12.111,-11.7569,-11.1922,-10.5505,-11.5693,-15.2758,-12.9915,-12.7523,-11.7406,-16.2719,-14.1027,-13.5012,-14.098,-9.3334,-7.7879,-7.0521,-8.3158,-6.1637,-0.8379,-10.985,-13.8703,-13.9989,-13.2919,-16.5427,-17.2027,-16.2199,-15.7218,-19.6733,-23.649,-21.3705
-8.27042051162194,40.2804870369422,0.0141,4.506,0.3972,0.9808,0,-3.9604,3.5702,3.3939,1.0786,-2.0067,-0.7127,-3.5939,-5.267,-6.8796,-4.6597,-8.605,-8.2821,-7.3397,0.9867,-2.7248,-2.631,-6.2563,-4.9461,-3.3694,-3.2898,-0.4717,0.5617,-1.5253,0.6812,-4.8884,-5.8014,-5.6654,-3.8916,-10.9683,-8.5954,-8.907,-9.702,-11.613,-10.4821,-4.9942,-4.63,-4.3325,-6.1976,-6.9032,-7.1589,-5.9985,-8.6827,-11.1415,-10.3937,-17.4409,-16.8534,-16.1145,-22.9841,-22.3995,-23.2656,-25.9572,-22.1081,-22.6611,-20.2079,-21.3708,-20.7705,-17.6495,-15.8568,-16.6177,-19.4678,-18.7936,-20.8902,-20.0632,-19.35,-18.5863,-21.4856,-21.4149,-18.3871,-16.6493,-23.4167,-17.7697,-19.1879,-19.5399,-12.4646,-13.3276,-18.7654,-17.7921,-18.0429,-19.2833,-21.6052,-26.3748,-21.7071,-25.5779,-22.478
-8.27015101703671,40.2804870369422,0.0125,-11.4453,0.4445,1.0,0,2.2946,3.6607,3.1324,0.1549,-2.1177,1.2571,-2.1159,-1.3587,-0.8665,-1.3697,0.3766,0.9006,0.3942,1.0656,-0.7609,-1.565,-0.6053,-0.2627,-0.3188,-0.834,-0.5479,-0.3015,-1.9228,-3.0288,-2.213,-3.0968,-3.6596,-0.3172,-3.1977,-5.3939,-2.4925,-2.9024,-5.7572,-2.7797,-2.6338,-1.6228,-2.7538,-4.2599,-2.5278,-2.1603,-1.5241,-2.366,-1.1138,-0.792,-6.5529,-3.5408,-3.0836,-3.8782,-2.695,-3.956,-3.8385,-3.4857,-4.8807,-5.4252,-4.3702,-4.0884,-5.3884,-4.9022,-5.6306,-8.2261,-9.9438,-13.9623,-12.4927,-13.7753,-19.3959,-16.3469,-22.8431,-18.5237,-17.7654,-17.6799,-14.5639,-16.5008,-20.0038,-20.4143,-19.8884,-16.8085,-16.6978,-17.8464,-15.5996,-18.2142,-12.3208,-8.0336,-8.5697,-8.8011
-8.26988152245147,40.2804870369422,0.0129,-3.8227,0.5495,0.9904,0,-1.039,0.119,-1.284,-0.0603,2.1067,1.6037,-0.994,0.9548,1.6839,2.2356,2.7348,2.1471,0.5121,1.1173,1.9199,1.8115,1.5895,0.2065,1.9242,1.548,1.6723,0.1852,-1.38,-1.4594,-0.6895,-3.0826,-2.7419,-0.6603,0.4193,-2.5569,-0.5651,-1.1177,-1.2889,-0.3237,-0.6672,1.5679,-0.1855,-2.2913,-0.227,-2.0537,-2.7335,-1.3199,-1.3425,-1.3885,-0.1722,-1.0838,-0.5805,-0.833,0.0123,2.239,2.8594,3.1499,1.5206,2.8571,2.7795,2.2489,0.8999,-1.0556,-2.3451,-2.2324,1.2743,0.2311,-0.8562,0.1224,-0.3993,1.1139,1.5882,3.2185,4.3317,2.9447,0.8217,-2.5778,0.7534,-1.0687,0.0701,-0.2406,-1.7025,0.298,1.5451,-1.6352,-0.7422,1.3989,2.9405,6.987
-8.26961202786624,40.2804870369422,0.0115,1.0612,0.5405,0.9053,0,-1.5348,-4.0949,-6.6304,-8.0391,-8.5182,-7.3583,-8.4193,-7.1278,-8.4124,-7.5142,-8.3004,-8.2748,-7.489,-8.1395,-8.7678,-8.6972,-8.4506,-8.071,-7.0978,-8.1942,-6.9742,-7.5408,-7.1601,-10.754,-13.8956,-11.0258,-8.7305,-8.6143,-7.933,-8.0859,-8.0605,-7.1468,-8.0877,-5.6562,-6.8094,-6.3538,-6.7477,-6.1451,-4.8002,-8.6213,-10.4771,-11.1656,-10.6607,-8.4979,-9.6339,-10.9699,-9.6834,-11.502,-9.8807,-8.3572,-5.5975,-5.7415,-5.9757,-5.0656,-6.0824,-6.8997,-5.7454,-4.2206,-4.3179,-6.479,-5.7111,-5.5115,-3.6065,-4.6839,-3.2366,-2.1978,-1.8149,-2.5592,-0.9778,-0.9958,-1.8862,-1.405,0.2354,-1.3087,-0.3789,0.1725,-0.4234,-0.6624,1.236,-0.448,0.9355,-0.0765,-0.3111,0.4891
-8.269342533281,40.2804870369422,0.0057,1.3398,0.8093,1.0,0,-1.5986,-0.1793,-1.7868,-2.1242,-2.9807,-1.0546,-2.383,-1.8243,-1.7809,-0.8602,-3.2608,-6.0373,-5.1004,-4.6593,-4.6041,-4.4913,-3.4694,-4.5994,-3.5882,-3.4528,-2.1911,-0.8331,-2.3379,-1.3856,0.1737,-0.9608,-1.1183,-0.3736,-0.9428,-0.2505,0.1081,0.8455,0.2379,0.2206,0.8358,0.2302,-1.6235,-1.0946,-1.2753,-1.0413,-1.9873,-2.4782,-1.607,-1.454,-2.2242,-1.697,-1.2366,-1.9121,-0.6618,-0.2276,1.7021,3.7251,2.7917,5.0658,3.425,3.6131,4.8101,3.6546,5.6347,3.5171,4.1415,5.5585,5.4665,4.7228,4.6784,4.95,4.3624,4.7783,4.9749,4.9404,4.1146,4.4191,4.2152,3.4492,4.3672,5.3685,3.1711,2.6766,4.3543,3.2557,3.8273,4.4503,4.2583,6.5693
-8.2723069737186,40.2806926309656,0.0165,3.3428,0.4463,0.8897,0,2.0961,-3.6553,-5.7994,-6.5445,-9.3015,-6.7213,-7.1029,-5.5176,-5.3799,-4.4728,-8.7998,-7.302,-9.1358,-12.2112,-11.3096,-13.4838,-11.9807,-11.0895,-9.8206,-11.5686,-13.4993,-16.3816,-17.1628,-17.3514,-18.169,-17.1421,-20.237,-21.4664,-16.2622,-19.1909,-20.4039,-22.3284,-22.2904,-22.6264,-20.5734,-20.8399,-19.2717,-18.3706,-21.5124,-22.1618,-21.941,-18.3946,-21.3146,-23.5866,-23.9557,-20.2199,-16.8027,-20.1701,-21.2708,-22.2343,-22.7808,-19.319,-22.3381,-21.5954,-25.7425,-24.2797,-23.2305,-22.7953,-22.967,-21.0281,-21.371,-24.8272,-22.2674,-23.6265,-22.3805,-18.8012,-19.7472,-19.6669,-19.0724,-18.968,-11.8647,-15.4924,-12.4182,-14.6141,-14.8773,-12.7175,-15.1084,-10.3683,-12.7116,-17.9808,-12.0761,-16.1704,-17.6121,-17.0755
-8.27203747913336,40.2806926309656,0.0166,5.2328,0.4582,0.8625,0,1.794,3.5446,6.6638,6.7315,5.2663,8.0456,8.6991,7.3478,6.0234,7.291,7.9971,5.7038,6.8431,8.382,10.642,9.086,11.6108,10.5639,9.6896,11.653,10.8605,9.86,9.4428,9.6697,7.4924,7.906,3.0771,4.2336,2.5896,4.6149,2.8833,6.1349,1.5514,1.2556,4.9056,3.5735,6.2296,4.6087,2.2934,-2.0212,-1.8057,-1.5584,-2.4413,-5.067,-3.117,-3.5425,-2.1559,-4.303,-4.3718,-5.4353,-6.724,-8.7159,-7.7534,-7.3413,-7.9848,-6.6484,-6.6914,-6.9423,-7.6923,-7.9661,-7.8645,-9.8689,-6.6121,-8.8278,-7.0811,-10.9645,-6.2291,-10.1238,-8.5774,-11.6056,-6.2359,-10.0318,-8.5611,-9.9707,-9.6474,-7.8117,-8.6871,-4.4127,-5.3229,-7.6662,-7.3289,-5.1375,-2.7872,-4.4255
-8.27176798454812,40.2806926309656,0.0183,-8.3206,0.4507,0.8502,0,-3.9288,-3.7794,-2.5604,-3.7515,-6.9662,-2.2654,-2.3511,-1.1191,-1.7246,-0.0997,1.9531,2.0136,-0.6585,1.3215,1.1948,0.1644,-1.1596,-1.1371,-4.5029,-3.4506,-2.6066,-3.0239,-4.1975,-5.761,-5.4017,-6.5656,-6.9048,-7.4971,-7.7095,-5.6839,-4.3669,-1.2512,2.67,0.7831,2.1514,0.5394,1.0821,-0.32,-2.1452,1.851,-1.2162,-0.874,-5.1368,-4.3379,-3.4507,0.1697,1.4863,0.8613,-3.38,0.808,-3.1844,-1.8036,-4.1593,-0.8309,-4.2033,-5.6838,-7.1955,-7.4853,-9.1612,-9.5962,-9.8715,-9.6854,-8.5293,-12.5969,-7.3942,-9.6457,-8.2807,-10.9415,-8.9474,-13.238,-10.352,-12.01,-9.6669,-8.8396,-10.8261,-12.0893,-10.3716,-9.2933,-11.8575,-13.22,-15.2263,-14.8469,-16.5755,-15.9318
-8.27149848996289,40.2806926309656,0.0179,-0.809,0.4464,0.8582,0,0.6332,1.7082,-2.2279,-2.3475,-1.9311,2.2503,1.7409,1.8744,0.3428,3.7087,4.1586,0.4661,1.698,-1.6924,-1.9206,-0.5796,-0.9482,-0.7934,-2.8841,-2.7233,-0.7916,-2.0861,-4.7213,-6.5085,-7.7818,-8.4682,-8.2849,-7.8715,-11.3201,-11.6317,-9.0323,-4.3679,-5.0335,-3.4618,-1.6707,-2.7338,-4.8297,-4.5424,-3.293,-1.4681,-0.9088,-2.8446,3.4484,1.7182,1.1402,2.0878,3.4347,3.329,1.7293,6.241,2.5613,2.2162,4.4605,6.9766,3.4126,0.6761,-1.583,0.9424,-2.1087,0.4717,2.7973,2.3329,5.1162,4.9896,6.8787,6.8402,8.226,8.3302,8.1944,6.4949,7.948,7.9195,8.3638,9.7261,8.3418,9.8138,11.1054,9.5892,11.3711,10.8113,10.8533,9.0936,7.991,10.7528
-8.27122899537765,40.2806926309656,0.0167,1.4212,0.4475,0.8852,0,1.1764,4.2348,1.3386,0.2657,0.0798,1.4708,1.114,1.8057,0.9053,4.6663,7.2567,6.0978,6.7684,2.7852,3.9345,3.8953,4.3212,5.7615,3.6705,2.4328,2.2802,2.2121,2.0696,-0.0741,-1.6995,-2.8029,-2.4892,-1.4115,-8.1441,-5.6159,-3.0982,2.5294,2.6385,6.4421,7.0681,6.458,4.7052,6.5313,6.6501,6.4912,5.0743,4.0844,11.2302,9.5229,8.9024,10.2122,11.4535,10.0205,9.6747,12.5363,11.1895,11.2573,12.1216,12.9765,11.7051,10.0563,9.2228,10.3752,8.0701,9.5458,9.8182,8.2904,11.2255,10.888,13.0446,7.4519,12.2767,10.8064,13.3574,13.2719,13.2714,14.224,14.8306,14.8143,11.9016,13.546,13.667,13.1884,13.1598,11.1054,16.7147,16.2558,14.5443,19.8308
-8.27095950079242,40.2806926309656,0.0162,-4.3224,0.4399,0.8598,0,0.4153,1.4216,-2.3367,-2.9557,-3.3703,-1.8106,-2.1074,-2.5255,-1.4008,0.7197,-0.1475,-0.9869,0.201,-2.0541,-1.747,-0.1349,-0.5999,-2.2242,-1.2063,-1.564,-1.8119,-3.1031,-3.8189,-3.6013,-4.7336,-5.9193,-5.554,-5.5249,-7.5156,-5.8218,-3.9734,-1.1723,-0.8946,-0.2155,2.6109,1.3744,1.2209,2.6939,2.3512,0.4803,-0.3996,-0.6879,-0.1251,-1.8704,-2.0025,-0.1996,-0.0318,-0.7199,1.1004,1.4932,2.0007,-1.2301,1.6923,-1.8201,-1.8781,-1.3816,-2.0699,-2.9103,-3.9537,-3.0611,-4.2563,-10.0562,-8.0514,-12.7444,-4.9098,-12.5499,-5.5219,-10.2309,-6.1445,-7.8675,-7.8169,-5.7907,-4.0119,-4.6618,-5.5343,-4.2134,-1.942,-0.8409,-2.0091,-5.9683,-2.914,-2.8832,-3.7961,-0.6043
-8.27095950079242,40.2804870369422,0.0172,-21.3378,0.4423,0.924,0,0.3677,0.8267,-0.432,1.8458,0.0681,0.5507,-3.3943,1.6753,3.7781,0.1225,-2.1939,-0.9299,-2.5258,-4.5112,-2.4375,-4.1884,-0.8051,-2.1156,-6.7139,-4.9539,-8.6489,-8.2655,-9.2548,-7.7567,-7.6504,-9.161,-8.8864,-10.3267,-6.4384,-3.9024,-5.7271,-2.0215,3.9707,5.1362,1.2899,5.2893,8.3591,10.3067,6.1092,2.2988,3.3179,5.3074,1.049,4.1628,-2.58,-3.0615,-4.5014,-4.1111,-2.6788,-3.3953,-4.3657,-6.3071,-7.1268,-8.5777,-9.7747,-9.2361,-9.7102,-11.7658,-14.0435,-12.9653,-12.4875,-8.2747,-6.9947,-11.3931,-6.142,-7.0688,-8.318,-8.5039,-5.7579,-7.6,-5.7581,-5.9501,-1.703,-5.4237,-4.9576,-4.2996,-9.929,-5.4132,-7.1576,-9.9769,-9.1464,-10.2272,-11.163,-12.2224
-8.27042051162194,40.2806926309656,0.0144,-13.0607,0.4455,0.9163,0,-3.7433,0.7081,1.173,1.0373,1.1203,4.0736,1.7671,6.3944,7.3677,8.9493,8.6367,7.7542,8.128,11.9491,9.5325,7.979,7.4942,7.3135,7.4413,7.821,8.4413,8.6413,8.1327,6.5101,3.9103,3.0765,2.9474,6.4666,4.9132,3.2018,3.6593,9.7525,9.5259,13.5992,11.0549,14.8878,14.4414,15.5015,9.2878,9.2437,11.4922,14.4887,12.3294,13.7789,10.9208,8.9231,8.1365,14.4204,12.9615,13.1735,13.5082,14.0104,12.239,14.8152,11.3006,12.516,12.2551,10.5316,12.9342,14.3113,14.9703,7.0647,4.8475,6.264,3.75,1.9708,4.3409,2.7614,3.4759,-3.5364,2.9879,0.1874,2.6239,1.6078,2.2153,1.52,2.9279,0.4923,3.6719,2.4193,-2.2459,-1.2573,-1.0753,-5.1494
-8.27015101703671,40.2806926309656,0.0193,-11.2818,0.5298,0.9722,0,-0.9247,-1.0692,-2.5714,-2.5601,-2.8899,-1.51,-1.2791,-1.4982,-2.0166,-2.2246,-0.9433,-4.1786,-3.7526,-3.0648,-8.6475,-6.1553,-4.9512,-6.1608,-6.4652,-6.9437,-7.6897,-7.887,-9.1627,-10.5403,-11.7277,-9.6942,-10.0823,-7.9955,-11.033,-11.1586,-8.4628,-5.627,-5.1273,-6.1492,-6.1177,-7.0234,-7.9334,-8.4321,-10.4027,-7.4256,-6.2564,-5.2386,-5.0848,-6.0143,-1.751,-4.6333,-5.1372,-1.5464,-1.3218,-1.6318,-2.6663,-1.249,-2.8623,-0.3072,-0.3514,0.491,-0.2515,-0.3665,-3.4926,-1.2472,-2.6527,-8.8371,-6.2845,-8.0265,-9.5367,-12.075,-12.6907,-11.7971,-10.481,-17.0519,-13.4006,-15.0045,-12.3074,-12.3606,-12.4629,-11.4858,-12.4274,-10.551,-10.9586,-14.2199,-7.8803,-8.1256,-4.3083,-6.8977
-8.26988152245147,40.2806926309656,0.0162,-1.7403,0.53,0.9808,0,-0.1505,-1.5375,-2.5016,-2.6028,-2.26,-1.932,-3.5913,-2.8609,-3.0349,-5.2726,-3.6605,-3.9551,-4.2837,-3.1007,-0.598,-1.0887,-0.5917,-0.7448,0.1668,-0.1223,-2.4864,-5.5184,-5.0828,-6.0137,-6.7052,-8.4152,-8.6925,-8.2426,-10.0961,-6.5412,-6.8105,-6.3784,-6.2689,-5.7296,-4.8763,-3.4822,-1.6342,-3.0623,-2.0767,-1.8698,-1.9912,-3.6323,-3.6054,-3.5423,-3.8386,-2.7552,-4.2433,-3.2156,-3.1317,-2.2631,-4.0105,-3.0937,-2.4627,-0.6562,-3.4207,-3.3275,-4.293,-6.2451,-7.8367,-7.931,-4.1011,-3.336,-3.7725,-5.4671,-2.2918,-5.6045,0.5268,-1.1106,-4.2424,-2.7894,-5.4979,-6.1046,-6.6046,-5.2171,-5.2963,-2.45,-4.2998,-2.5176,-0.6934,-3.2249,-0.3756,-1.4807,-2.4743,0.3272
-8.26961202786624,40.2806926309656,0.0135,3.8159,0.5403,0.9307,0,-1.3425,-2.7963,-1.2439,-2.163,-3.0296,-3.5943,-4.4494,-3.1302,-2.5591,-2.8771,-3.1373,-2.3922,-3.0995,-3.7699,-4.2131,-2.7196,-3.853,-5.7166,-1.7145,-3.8305,-3.936,-5.5955,-2.2446,-3.4337,-3.9104,-4.9305,-3.3083,-3.7387,-4.5145,-4.8952,-4.507,-2.8645,-3.3562,-2.3082,-3.1304,-2.4979,-0.9638,-2.2107,-1.7305,-0.4667,-1.0003,0.3437,-0.5,-2.6134,-2.2956,-0.5436,-1.1927,-0.3514,-0.1321,0.1335,0.8688,2.8797,2.0953,3.9164,2.0898,1.517,0.7751,1.704,2.0668,1.3768,2.7536,4.128,4.8872,2.5333,3.8363,1.5992,3.0024,3.9215,2.5254,5.5461,2.0191,3.3953,3.465,3.7485,4.551,4.6839,3.9661,4.1721,4.6054,4.5407,6.4041,6.2779,6.1653,7.6068
-8.269342533281,40.2806926309656,0.0049,-0.0909,0.7623,0.9971,0,-1.3006,-1.8804,-0.9307,-2.09,-2.4038,-1.9903,-2.7034,-1.5881,-0.8253,-0.9338,-0.8493,-0.2652,-0.9964,-0.6453,-1.1951,-0.6964,-0.8455,-1.0042,-0.4307,-0.2873,0.8879,-0.9583,0.7815,0.0204,2.7665,0.4201,1.1053,0.829,1.4063,0.527,1.2205,1.9113,2.2771,2.4843,3.2336,1.4537,1.4781,1.1277,1.2727,1.7846,1.5128,1.1704,1.168,1.5021,1.2301,2.0745,1.2774,2.2878,1.6937,1.793,2.8081,3.3078,3.9191,3.0958,3.6609,3.6423,4.261,3.5569,3.8935,3.2443,3.2704,4.6606,4.5486,4.3046,4.2706,4.6933,3.6049,4.6312,3.4188,4.2765,3.521,3.9572,4.1766,3.3506,4.7077,4.2215,4.0688,4.5238,4.9509,4.2818,3.8367,4.9253,4.6465,6.8163
-8.26907303869577,40.2806926309656,0.0055,0.9204,0.8561,1.0,0,-0.1668,-1.8622,-0.8991,-2.0587,-0.9293,-1.4359,-1.0539,-1.2295,-1.0995,0.1177,0.1113,-0.1884,-0.7605,-1.1321,-0.7174,-0.0412,-0.801,-1.242,-0.3579,-0.1631,0.0713,-2.2995,-0.9813,-1.3133,-0.2122,-0.8704,-0.6244,-0.9534,0.0561,-0.4135,0.3598,0.2385,1.2205,0.4755,0.9636,0.0542,0.3889,-0.8347,-1.1562,-0.9613,-1.085,-1.3879,-1.1076,-0.7578,-1.0368,-2.075,-1.4269,-1.3955,-1.3292,-0.7821,0.3305,2.885,0.4233,2.8199,2.9816,2.7792,3.1848,1.6166,2.2971,2.398,4.2385,2.3081,2.8855,2.8654,1.9735,3.2871,2.4831,2.5331,1.9205,2.6017,2.3745,3.0879,2.8446,3.1462,2.2249,1.4337,1.8137,1.7717,1.4905,2.4331,1.8881,3.3698,2.7703,3.2675
-8.27203747913336,40.2808982243637,0.0141,-6.1713,0.4989,0.8769,0,1.2704,4.4655,4.1157,3.5828,2.1714,4.2172,2.1261,3.2162,2.5109,2.9324,3.7315,4.8879,2.6922,3.1574,3.4227,3.1403,1.1968,4.8326,0.4397,-2.7449,-2.8432,-2.54,-1.9998,-5.0288,-4.6448,-6.4597,-4.2231,-3.6593,-4.9625,-3.3289,-1.6781,-1.0935,0.4657,2.979,-0.4505,-0.5922,-2.7106,-3.5976,-0.5304,-1.0073,-0.0483,2.9892,0.4461,2.8489,1.542,2.7529,5.7915,1.007,5.2892,5.6475,7.0652,7.9488,8.6056,8.3582,4.466,3.2281,0.6194,1.8307,0.2848,-1.677,-2.3149,-1.0929,-1.5715,-1.8902,-0.1511,-5.5821,-1.5861,-5.658,-3.3494,-3.3313,-1.1645,-0.9232,3.5512,-0.0605,-1.6271,-0.7077,-5.4047,-1.021,-0.7243,-3.2507,-1.6312,-4.5815,-4.135,-1.4667
-8.27176798454812,40.2808982243637,0.0162,-20.6383,0.473,0.9142,0,-3.8203,-5.9567,-9.3712,-10.153,-13.1889,-11.1021,-12.9423,-11.7771,-12.1442,-9.2736,-10.3349,-11.7975,-14.1847,-14.8077,-12.5231,-13.9187,-15.7706,-16.5369,-17.0009,-18.8282,-21.0135,-20.3534,-22.062,-21.0843,-22.4438,-23.0886,-22.4332,-27.1288,-28.6819,-27.6773,-25.5276,-21.8738,-20.2027,-19.9536,-19.3318,-19.2961,-21.8154,-22.8358,-20.1729,-18.7546,-22.7326,-19.3076,-25.3567,-25.6551,-25.1413,-22.3176,-21.4671,-22.9211,-23.4689,-24.3234,-27.2025,-27.9311,-31.2191,-31.3654,-30.5924,-31.1802,-30.4362,-30.669,-34.2317,-37.3076,-35.8598,-39.2617,-37.8502,-38.2457,-34.9924,-37.9565,-33.1862,-36.3485,-33.4759,-38.088,-33.3585,-35.3626,-32.5599,-32.8808,-30.8054,-29.9591,-27.9791,-29.8534,-30.8814,-32.576,-29.1708,-30.0349,-31.5329,-31.0623
-8.27149848996289,40.2808982243637,0.0164,8.1147,0.45,0.8485,0,-3.174,0.0546,-0.3016,0.2842,-3.4726,1.5171,0.4748,1.9659,0.9619,2.169,3.0693,1.9997,0.4839,0.1975,1.4923,1.7276,1.0774,2.8041,1.6962,-1.0946,-0.8292,-0.525,-1.0772,-2.2852,-1.8734,-1.7111,-2.3924,-2.1641,-4.3693,-3.2252,0.4003,3.7396,3.606,4.3545,5.8104,5.7263,9.4046,9.3669,7.2027,6.9075,6.6939,5.4444,5.8172,5.8645,5.1059,7.8361,10.7081,10.2269,8.4084,10.0768,7.5356,3.8859,6.0575,3.342,4.9697,6.3348,4.2918,3.332,2.3145,3.4164,3.366,1.0245,3.0241,3.5089,7.6566,4.4951,9.1624,7.9905,9.5191,5.6667,9.7206,8.111,8.9761,11.4461,9.6634,10.4094,15.2259,9.6398,9.309,9.8741,11.3965,12.5291,10.9168,12.6964
-8.27122899537765,40.2808982243637,0.0173,6.2034,0.4766,0.8822,0,0.431,0.7374,0.7515,-0.4885,-2.6405,0.0923,-0.0677,0.4195,0.3686,-0.2699,1.3675,-1.9589,-0.7567,-1.7037,-2.2975,-1.8828,-0.5466,-1.3799,-1.4442,-2.8203,-3.5965,-3.7451,-3.1922,-4.6459,-5.1802,-7.0546,-7.1372,-6.1352,-7.4462,-5.5006,-3.7253,-1.0123,0.4179,-0.252,1.893,0.8158,3.2531,3.0747,3.0288,4.0745,3.793,2.4847,3.0364,2.0061,1.2917,4.2489,4.5436,4.8106,3.1051,5.2257,3.9079,1.4589,3.6341,0.6189,2.1777,1.688,1.7941,1.3271,2.3711,1.2553,1.5669,-2.1465,0.9848,-2.4461,4.9345,-3.0345,5.1954,-1.1797,2.9168,0.7422,3.5274,2.9166,4.368,6.8623,5.9764,6.0944,6.8998,5.3079,5.766,3.9704,6.5,8.2937,7.0558,8.6609
-8.27095950079242,40.2808982243637,0.0164,-7.192,0.4646,0.9058,0,0.4626,0.3742,1.1337,0.8527,0.569,0.959,0.699,0.3064,0.9302,-0.4296,-1.0086,-4.6262,-2.9513,-3.9489,-4.7922,-4.6457,-3.8953,-3.5282,-4.0296,-3.9011,-3.1839,-6.4496,-4.5362,-7.2776,-7.9613,-9.1214,-9.3028,-10.1229,-10.2759,-7.6812,-5.8771,-3.5936,-4.7054,-3.9001,-4.0232,-3.4704,-2.208,-2.2747,-2.0826,-1.6041,-2.5265,-4.1382,-2.8214,-4.3139,-4.7351,-4.6077,-4.2934,-3.2264,-3.2092,-2.2897,-2.1209,-0.5454,-2.4192,-1.4539,-1.1051,1.1288,-0.4895,-2.3956,-4.7866,-6.8062,-8.3229,-10.3375,-9.8441,-13.5853,-8.5861,-13.7264,-10.6678,-13.6727,-9.9561,-11.0916,-8.911,-8.0547,-8.1123,-6.7002,-7.2917,-7.0954,-6.8398,-7.1617,-6.8096,-7.318,-5.4468,-4.1269,-4.4469,-4.2459
-8.27069000620718,40.2808982243637,0.0161,-2.6091,0.4418,0.9124,0,1.0953,-2.3377,-0.1191,0.1178,0.8137,-1.258,-0.4272,2.0489,1.5406,2.3794,1.6614,2.8862,1.5017,1.368,1.5313,4.4211,3.5157,4.4708,3.1379,2.8208,2.0617,-2.4495,-1.1952,-4.1432,-2.415,-2.8911,-5.0288,-4.8057,-3.6203,-1.9876,-2.5803,-2.3644,-2.3791,-1.0889,-2.0971,-0.1436,-0.6642,0.3239,1.0968,-0.7129,1.8217,1.2139,0.4082,0.4988,-0.2874,-0.3847,0.1458,2.9988,2.97,-0.2137,3.8407,8.7841,4.1051,8.1341,5.9929,9.2524,9.5316,7.7621,10.5665,8.0297,6.4623,7.284,6.2343,3.5616,5.5739,3.3154,5.3732,5.1941,5.1824,7.7327,7.5281,8.5351,8.4071,7.2275,8.1747,8.1077,6.3046,7.6181,8.0695,6.1909,8.6146,8.089,7.4234,7.1632
-8.27015101703671,40.2808982243637,0.014,-9.0925,0.4407,0.8849,0,1.4044,-0.2534,2.282,5.4847,6.9333,5.6346,11.7126,6.3813,4.0678,5.468,5.1336,5.2995,6.9552,6.0765,6.3894,5.3943,4.6269,4.6867,4.4174,3.7169,3.7064,1.7162,0.8621,0.2745,-1.7732,-3.5018,-2.5101,-2.5899,-2.9987,-3.5422,-0.9832,-0.6122,2.9256,0.9077,-2.1576,2.5294,0.1624,0.6807,-3.0384,1.2694,2.4081,7.9108,3.3144,2.2248,2.6714,2.2534,4.2522,2.8989,3.981,1.2362,3.1617,2.2613,2.8279,6.0488,4.1355,3.679,1.3877,0.9217,-0.2402,1.1567,1.0167,1.2174,0.84,1.5324,2.5862,2.1803,2.4931,0.2511,0.5112,5.1148,0.6557,2.1982,2.1808,-2.2764,-2.8286,0.1119,-2.1637,-0.3289,-2.6249,-0.8772,-0.353,-1.2302,0.1843,-6.9796
-8.26988152245147,40.2808982243637,0.0149,7.3003,0.4575,0.9923,0,2.4251,-1.7957,-3.1507,-0.425,1.4641,0.6,0.9679,3.5956,4.1136,3.9591,5.8307,5.0226,3.9534,5.211,5.6107,4.5841,0.6664,2.2628,0.2348,3.2964,0.8708,-0.5434,-1.1999,-2.1244,-0.8151,-4.1128,-5.4129,-5.7818,-7.4756,-6.4172,-8.129,-3.271,-5.2897,-4.2663,-5.3149,-3.1068,-4.3231,-4.1619,1.491,-0.0072,-1.5381,-1.6642,-1.3548,0.3719,3.3957,1.7458,1.1098,0.3016,0.5373,0.8505,-1.7013,-3.0584,-0.0111,-0.4861,-7.7037,-9.4485,-10.693,-8.5428,-4.9895,-4.0998,-2.684,-1.4073,0.494,1.752,2.0578,3.3089,2.2466,3.8711,4.4308,5.2087,2.7983,1.6609,4.5045,1.5622,2.5055,2.073,-0.2517,2.333,-1.6143,0.4919,0.7458,-3.3452,-2.689,-5.8516
-8.26961202786624,40.2808982243637,0.0165,-0.9689,0.444,0.8711,0,1.7114,-0.9546,-1.1912,-1.2539,-2.8286,-3.8103,-2.1909,-1.9115,-1.8272,-0.5397,-0.4732,1.158,1.2773,1.463,-1.5668,-0.6653,-0.3622,0.4705,-2.9464,-3.1641,-8.1735,-7.852,-6.4975,-8.7702,-9.6181,-12.7752,-12.5267,-12.5435,-14.0933,-14.5034,-12.6982,-7.6292,-11.1559,-8.6514,-8.8469,-5.4853,-4.4942,-4.4088,-3.4003,0.4913,0.0709,-0.3506,-0.7827,-0.8765,-0.8526,-3.078,-2.3026,-0.3541,0.3815,-2.2611,-3.2147,-3.8577,-4.4363,-8.0542,-6.2166,-4.9957,-8.8596,-8.6916,-9.6266,-9.0794,-7.5506,-4.3389,-8.1274,-8.3016,-8.6634,-6.5271,-7.9872,-8.276,-8.195,-8.7269,-8.9326,-8.0938,-6.5635,-6.0881,-9.4707,-11.8902,-12.2579,-10.7762,-13.4032,-12.3068,-11.8069,-9.1459,-8.6878,-8.419
-8.269342533281,40.2808982243637,0.0083,0.4647,0.6516,0.9814,0,-0.4642,-0.5239,-0.1961,-0.4809,-3.5786,-1.9075,-2.6588,-3.0188,-3.3901,-2.8694,-2.8871,-2.9393,-3.1926,-2.4384,-3.2829,-0.6546,-0.8507,-1.0316,-1.5398,-0.3475,-1.5362,-3.6764,-2.0432,-2.2494,-2.3075,-2.4077,-3.1676,-2.6749,-1.1152,-1.7626,0.0799,0.9152,3.0842,2.2446,2.5126,2.4248,1.0062,2.2402,0.3186,0.6575,-0.8359,-0.7166,-0.6705,-1.0288,-0.0742,-0.8738,-1.6511,-1.4701,-0.936,-0.7568,0.0046,0.1127,1.9907,-0.1322,0.0939,0.3195,-0.9084,-2.6402,-1.5445,-2.5992,-2.3782,-1.0919,-1.1866,-0.2687,0.0669,0.8821,-1.4355,-0.7183,-0.5923,-0.5037,-1.3231,0.4436,0.3846,0.2841,0.1827,-0.184,0.8869,-0.4576,-0.1747,-0.3293,-0.0403,0.3459,0.9396,2.2548
-8.26907303869577,40.2808982243637,0.0059,0.29,0.814,1.0,0,-1.2728,-0.8286,-0.3975,-2.2688,-2.2757,-1.1728,-2.4102,-1.716,-1.7662,-1.1514,-1.5596,-0.4383,-1.742,-0.2909,-1.6054,0.1736,-1.2851,-0.3497,-0.9034,-1.1596,-1.7107,-1.8706,-1.0379,-1.5904,-0.5133,0.5682,0.0792,-0.0203,1.1731,-0.1582,0.0129,0.6447,0.3287,0.9103,0.0895,-0.1622,-1.8462,-1.4857,-1.0662,-1.2311,-1.0799,-1.3461,-1.3056,0.0864,-0.6792,-1.2967,-2.1274,-1.7715,-0.3953,-1.5288,-0.248,0.0925,-0.2421,0.3626,0.7361,-0.5941,-0.175,-0.6037,-0.8967,-0.8987,-1.6225,-1.1161,-1.5649,-0.9998,-2.4607,-0.6793,-2.8025,-1.8398,-2.9252,-2.4595,-3.1131,-3.0046,-2.1782,-2.4422,-2.121,-2.3237,-3.664,-1.6958,-2.6853,-3.6461,-2.3986,-2.871,-1.3844,-1.2137
-8.26880354411053,40.2808982243637,0.0044,-0.0022,0.6672,1.0,0,1.2702,-0.534,-1.1345,-2.9506,-2.5678,-2.0207,-2.6984,-2.7929,-3.6824,-1.6555,-1.6322,-1.5344,-2.3144,-1.6873,-2.3941,-2.6979,-3.9016,-3.3389,-4.0921,-2.7427,-2.5941,-3.2815,-3.5077,-2.7997,-2.795,-3.1034,-3.174,-2.5624,-2.8064,-3.1554,-1.8817,-2.023,-2.8551,-2.9722,-1.8064,-3.0016,-2.5863,-3.1283,-3.0806,-2.5869,-2.1872,-2.8549,-2.7707,-2.9477,-3.0398,-3.831,-3.8052,-5.2564,-2.4263,-2.875,-2.086,-1.3563,-3.2027,-3.1969,-3.7728,-4.5266,-3.5287,-3.2384,-2.922,-4.126,-5.7842,-4.6394,-7.6325,-5.1261,-7.0228,-4.328,-7.4798,-6.267,-6.5713,-6.0811,-6.9404,-6.752,-6.5249,-5.9587,-5.8653,-5.8951,-5.5266,-5.7758,-5.4414,-5.7652,-5.1094,-5.4203,-7.4203,-6.0265
-8.27176798454812,40.2811038171367,0.0184,-14.759,0.4588,0.8521,0,-2.2815,-1.6469,-3.9492,-5.3996,-5.1575,-5.579,-9.6183,-8.6666,-9.0597,-11.102,-8.1307,-9.7407,-13.9173,-14.4983,-11.1938,-12.0237,-16.156,-11.2736,-15.0312,-13.3718,-15.1217,-14.2304,-16.4138,-18.2089,-14.9651,-13.182,-17.5931,-19.9215,-21.9332,-23.49,-18.7386,-16.8613,-15.1629,-15.8156,-14.9071,-14.72,-17.235,-20.285,-13.8582,-15.8756,-16.0917,-14.8855,-17.6731,-20.5292,-19.967,-10.6171,-8.9823,-11.0085,-12.7465,-11.3857,-13.1725,-17.8029,-16.8389,-18.3864,-17.683,-18.6081,-18.1198,-18.2649,-24.2163,-20.3667,-19.6484,-21.3823,-23.3862,-23.3159,-23.9592,-23.03,-19.3205,-20.3215,-21.9709,-25.6157,-23.1828,-26.5606,-24.583,-18.6785,-19.0847,-22.7905,-21.4276,-18.7682,-21.7008,-23.0088,-23.6508,-17.958,-21.8394,-19.6476
-8.27149848996289,40.2811038171367,0.0187,3.6495,0.4374,0.8753,0,-2.6543,-1.6227,-3.9626,-4.9562,-5.4456,-5.3261,-9.7417,-8.9731,-9.5161,-10.0566,-8.983,-10.6554,-11.9928,-11.4742,-8.8221,-10.4795,-10.9476,-6.3433,-10.2122,-14.1568,-13.0905,-16.153,-15.9538,-17.1419,-15.6824,-14.3955,-17.1609,-16.8446,-19.5611,-16.7309,-14.8836,-12.224,-12.3299,-11.7217,-10.7275,-11.1027,-12.6189,-14.7562,-12.862,-15.7449,-20.6858,-19.2952,-22.1191,-22.2702,-23.413,-17.927,-15.9529,-16.3404,-17.5591,-14.9217,-14.5092,-14.8951,-15.5444,-14.2428,-16.5151,-14.9509,-15.8582,-17.3425,-23.0584,-19.62,-27.3858,-27.3907,-25.2935,-26.0295,-22.5056,-25.1455,-22.566,-23.529,-22.7621,-28.1849,-23.347,-27.1024,-24.6372,-20.6005,-22.0909,-24.0908,-25.0682,-24.2863,-24.8994,-24.5121,-20.8989,-21.721,-22.2873,-22.3294
-8.27122899537765,40.2811038171367,0.017,-2.2602,0.4977,0.909,0,-0.006,0.4863,-0.0758,-2.3771,-1.9196,-2.5311,-4.39,-2.7457,-3.2673,-3.1495,-2.4815,-6.2697,-3.7413,-3.8027,-5.1723,-4.5525,-4.2458,-3.2936,-4.2352,-6.6206,-5.7789,-11.6339,-8.522,-14.5976,-13.0742,-15.5302,-19.219,-17.5798,-20.0633,-18.4899,-18.9219,-17.1364,-15.731,-14.7217,-14.3118,-14.3974,-14.0208,-15.4616,-13.6609,-15.9017,-14.8292,-14.2897,-16.179,-15.7004,-15.7044,-16.1424,-13.8482,-13.9312,-14.9746,-14.871,-12.8285,-12.7403,-13.2262,-13.0967,-14.6652,-13.5003,-15.6914,-18.5817,-26.1539,-25.682,-31.4249,-31.7268,-31.792,-32.9337,-29.9393,-32.9848,-28.9504,-30.0521,-28.2963,-29.9565,-26.965,-28.3141,-28.1716,-22.243,-25.0825,-25.2204,-27.0736,-26.3239,-27.0881,-24.3086,-23.5322,-22.0128,-20.5991,-22.0376
-8.27095950079242,40.2811038171367,0.0169,-12.1055,0.4768,0.8963,0,1.1808,2.8069,3.7291,2.3234,2.9141,2.318,2.607,1.8918,1.1476,0.6173,-1.7229,-3.5521,-1.1435,-1.9853,-4.0112,-1.9821,-2.6872,-0.3523,1.2908,0.6104,3.3572,2.5984,3.5583,2.3881,0.1117,-0.4177,-0.8161,-1.4904,-2.4467,-1.8848,-1.5224,-0.9276,-1.5154,-1.1558,-1.1944,-1.2675,-3.4832,-5.0121,-3.5732,-9.586,-9.5159,-9.3736,-10.7865,-12.0224,-13.9672,-16.2884,-13.5089,-13.2973,-12.6338,-12.0353,-10.8531,-7.965,-11.0373,-5.8382,-7.5713,-9.2933,-11.0287,-11.8819,-14.6262,-16.0097,-20.8829,-19.8583,-23.0321,-24.5228,-21.4041,-21.1309,-21.5312,-18.7702,-19.6563,-19.9711,-18.4225,-15.4256,-14.8816,-14.4512,-17.4371,-17.3009,-17.4971,-17.2706,-17.1445,-17.4273,-16.2019,-20.2615,-20.5981,-22.1085
-8.27069000620718,40.2811038171367,0.0153,-2.0765,0.4323,0.8397,0,0.1041,-2.1271,-2.4403,-2.5192,-0.9036,-3.5129,-1.4993,-2.2013,-3.1132,-2.8114,-3.588,-0.718,-0.0749,0.2433,-0.7514,-1.3129,0.8944,-0.604,-0.1551,0.0014,3.7647,5.0622,5.7065,5.7451,1.9122,0.6232,-0.3708,0.3351,2.1861,2.2696,1.9852,-0.9961,-0.163,-3.5161,-0.3109,-2.0127,-2.061,-4.2442,-0.7865,-5.5572,-1.0199,0.0331,0.2708,-0.9857,-0.0453,-1.671,0.8126,-0.4653,1.359,1.1572,1.9756,6.0718,3.542,5.9483,6.7385,6.8824,7.2821,10.0426,10.1108,10.2149,9.4674,10.3973,8.0914,6.1053,6.879,8.3949,8.9646,8.7356,7.7848,10.6268,5.7969,7.4602,6.9302,5.6028,2.4866,6.0209,5.8956,8.4083,9.1787,9.2964,7.992,4.1445,3.1258,2.1655
-8.27042051162194,40.2811038171367,0.0141,1.9455,0.4639,0.9109,0,1.2209,-5.1622,-2.0953,-1.2352,2.5059,0.237,2.1231,5.3395,3.6907,4.6705,5.3057,3.9948,3.6496,2.3159,1.0442,-1.2418,3.7028,3.7277,4.1485,4.874,4.4919,4.1068,5.3383,6.2171,3.7616,5.4262,1.7052,1.5768,1.6912,0.7647,2.5906,0.1515,0.6473,-0.0331,-0.0412,-3.0026,-3.5644,-3.7201,-1.0538,-3.4504,0.2029,3.1316,0.5067,-1.641,-0.0326,-0.8048,-0.4139,3.5061,2.7714,3.0081,1.0888,4.5439,4.9762,3.2765,7.1866,7.2333,6.5963,5.593,5.7639,5.3969,5.9825,7.441,6.3742,4.5156,6.2954,5.7136,6.8835,4.5518,2.1262,4.5045,2.6289,4.9947,3.7864,3.4564,2.1359,3.5386,2.3041,5.8345,3.2464,3.5866,5.5954,7.6571,7.3678,5.8516
-8.26988152245147,40.2811038171367,0.0156,-12.3355,0.4294,0.9064,0,0.3184,-2.1438,-2.6392,-2.0371,-2.5324,-3.2947,-3.709,-2.4805,-0.9248,-1.1226,-3.0283,-1.7373,-0.7335,-2.094,-2.946,-3.113,-5.0748,-2.9458,-3.6439,-6.1927,-4.4657,-3.7009,-5.6619,-4.8596,-4.7642,-5.0975,-4.437,-12.7539,-9.1414,-10.3717,-9.2709,-11.6037,-13.7551,-8.5288,-10.3727,-13.8188,-15.0726,-14.6143,-21.7215,-18.4684,-18.9018,-27.5937,-17.8703,-19.0953,-17.7929,-15.449,-16.9518,-18.6234,-19.5612,-20.0559,-18.6587,-19.6231,-21.0833,-18.5913,-24.546,-22.8688,-22.1452,-23.7522,-19.831,-17.3129,-18.7768,-27.2351,-23.9734,-24.1947,-26.0146,-26.0381,-22.0611,-22.3402,-19.2192,-22.6278,-23.5398,-25.6056,-22.5986,-23.3581,-21.8918,-24.6641,-26.8863,-27.0397,-26.0853,-27.9706,-32.6318,-32.7837,-34.8667,-34.7958
-8.26961202786624,40.2811038171367,0.0144,-5.93,0.4887,0.9514,0,0.6195,-2.5862,0.4889,-0.2241,-2.2477,0.0807,2.5034,2.6561,2.462,3.1778,3.1723,3.5897,2.2857,1.7358,1.3177,1.072,6.7508,4.4525,4.1047,-2.8023,2.9886,1.621,1.7714,1.7302,2.5478,3.3473,2.7741,-2.6999,-0.8525,-0.136,0.8468,1.0529,1.3579,-0.6937,-1.3154,3.5183,3.8701,3.9711,2.0444,6.9551,13.1717,13.2996,13.538,14.3149,18.6663,17.8989,16.6939,14.6672,15.528,15.6334,14.6262,13.1164,12.9158,17.1038,11.9562,8.454,7.2431,10.0209,16.088,13.0715,12.0237,5.6326,10.8038,7.0815,10.9117,11.0618,12.5303,16.7198,17.1931,18.7729,15.1217,10.7837,13.9992,18.1465,18.1193,13.5265,15.4871,12.5477,15.2404,17.3316,19.3731,21.2302,17.785,19.9028
-8.269342533281,40.2811038171367,0.0142,5.8808,0.5268,0.917,0,-1.5521,0.2614,-0.581,-0.8413,-1.875,0.3274,-1.7182,-0.6723,-0.7629,-1.4747,-0.8505,-0.1924,-0.0807,0.0833,-2.2344,1.3611,-0.4546,-0.4268,0.5534,-0.1813,0.5977,0.3515,2.0552,1.2334,2.4671,3.4509,2.3168,0.0642,0.575,1.4738,2.1604,1.8579,1.7283,2.3336,1.3234,1.9721,0.8464,0.385,1.2473,1.103,0.5293,-0.4528,1.838,1.4145,0.7791,1.1844,-0.3164,-0.062,1.3988,2.5563,3.1342,4.1313,2.8926,3.3587,4.6289,3.057,4.9768,6.0911,7.7165,5.2034,4.3118,4.0672,5.9122,4.3489,5.8309,3.4279,2.8093,3.9057,4.4973,4.6742,4.7716,6.1651,5.3351,5.5207,6.1506,5.529,5.4387,6.4505,5.4262,4.9284,6.6625,6.8606,7.5267,8.5704
-8.26907303869577,40.2811038171367,0.0092,-2.5361,0.7743,0.9957,0,-0.8778,0.1915,0.8608,-1.1335,1.5577,-2.0207,-1.6838,-1.1821,-1.5883,-1.267,-1.9048,-1.0685,-1.1619,-0.9821,-0.7559,-1.9785,-2.3245,-0.6852,-2.4584,-2.895,-4.0797,-3.2691,-3.1167,-4.4964,-1.7853,-4.0907,-4.8301,-3.4795,-4.8942,-5.1807,-5.4603,-4.285,-3.5771,-3.0713,-3.5144,-2.6201,-3.9391,-4.3663,-3.6725,-4.5327,-2.906,-3.0647,-2.448,-3.4478,-3.7254,-4.0554,-4.5956,-3.8994,-3.5021,-4.2323,-2.9917,-3.1194,-2.3459,-3.7356,-3.13,-3.1288,-2.4549,-3.1271,-3.2067,-4.3402,-5.0957,-4.834,-4.8512,-4.6913,-6.3624,-4.7285,-6.5436,-5.926,-7.2293,-7.1971,-6.171,-5.2961,-5.8795,-5.5506,-4.7807,-4.4775,-6.1734,-5.3822,-4.6574,-5.0078,-3.2068,-3.8966,-3.0162,-3.0447
-8.26880354411053,40.2811038171367,0.0035,-0.2945,0.5888,1.0,0,-1.5365,-1.0821,-2.048,-2.8348,-2.9623,-2.0822,-1.5851,-1.5897,-3.1304,-1.9074,-2.6019,-3.3765,-3.1425,-1.0417,-1.5378,-1.3597,-1.9085,-1.4424,-3.7417,-3.7341,-2.1953,-2.8984,-3.1736,-2.5426,-3.3905,-2.7316,-1.7013,-2.9024,-4.2403,-4.8352,-1.6396,1.2658,-1.6549,0.2655,0.704,-0.6636,-0.6373,0.1645,1.64,-0.0585,-0.0063,-1.3902,-0.2258,1.1392,1.1599,0.5167,0.0486,0.6734,-0.4498,-2.2147,0.0667,-0.5353,-0.7959,-2.6942,-2.2419,-2.3553,-1.9855,-3.2044,-5.6498,-4.1457,-7.1394,-5.6988,-6.0485,-4.4639,-8.1938,-3.5874,-8.9789,-7.3359,-9.6721,-8.9694,-10.0043,-10.3403,-9.7411,-9.6996,-7.8816,-7.4323,-8.339,-7.6216,-8.2463,-7.3912,-7.3703,-6.836,-6.6311,-6.5019
-8.26853404952529,40.2811038171367,0.0086,-2.745,0.5161,1.0,0,0.5293,-0.5383,-0.3104,-0.5749,-0.6731,0.5532,0.4545,-0.8226,-0.1977,-0.8152,-0.3229,-1.5835,-0.7338,0.6884,1.0998,0.7941,-0.2473,-0.5586,0.6254,-0.1711,0.7974,-3.2954,-1.3809,-0.5623,0.0574,1.0406,-1.2798,-0.6207,-1.3364,-0.8126,-0.8761,-2.1429,-2.81,-0.9512,-1.2343,0.0565,-0.8848,0.3864,-0.519,-1.1625,-1.3017,-1.9605,-1.5352,-1.1603,-1.5101,-2.6875,-3.3812,-5.0215,-4.3572,-2.904,-2.4766,-1.3041,-5.202,-1.3387,-0.5961,-2.3741,-3.5496,-3.9976,-5.6114,-2.993,-5.1962,-3.7663,-5.2582,-4.7119,-5.8175,-5.083,-6.4452,-5.6883,-8.7346,-7.1998,-8.9312,-7.7956,-8.6252,-6.6342,-6.0785,-5.2603,-7.2909,-5.7915,-6.6368,-7.3147,-6.6433,-6.9993,-7.8348,-7.7549
-8.27176798454812,40.2813094092844,0.0163,-1.2597,0.4746,0.9058,0,-2.369,0.0878,-3.1533,-3.167,-3.2953,-1.6868,-2.1007,-3.8702,-4.8419,-3.6257,-0.1553,-1.3264,-0.7983,-1.5652,-0.1021,-1.1362,-1.5389,0.7175,-2.4671,-1.4368,-5.8649,-3.7146,-4.8653,-7.4423,-6.9513,-6.2973,-6.3922,-7.4698,-9.6425,-8.6562,-5.4447,-6.2224,-5.3667,-2.0288,-1.631,0.0441,1.9172,0.3474,5.1123,4.6621,4.7122,5.6422,1.2092,2.9146,3.896,6.1079,7.7761,9.1502,9.4956,7.0036,6.0306,5.5316,5.2313,7.6571,9.2961,9.485,8.3537,6.9734,4.5143,4.4207,4.2467,0.4447,3.0116,-0.0383,2.931,-0.8088,6.001,1.068,4.6247,1.879,1.9966,3.0697,4.9043,6.547,5.0286,3.4325,2.1887,7.0164,3.7085,3.8777,8.6918,8.8955,5.413,8.3304
-8.27149848996289,40.2813094092844,0.0164,-2.0506,0.4531,0.9034,0,-1.3995,-1.1146,-3.6563,-3.4477,-3.7903,-2.2954,-4.0898,-5.1556,-6.8212,-5.8281,-7.3308,-9.5116,-7.2862,-7.5962,-4.6535,-8.362,-7.9796,-4.043,-6.2892,-7.2401,-10.701,-8.9782,-9.648,-11.6085,-12.4594,-12.8938,-11.6133,-16.8643,-15.0845,-15.725,-15.5888,-10.8587,-11.215,-9.1997,-7.1288,-8.0424,-13.6838,-12.8564,-16.4167,-17.0264,-15.8745,-15.4784,-19.1832,-18.6208,-19.3954,-18.2105,-16.4021,-16.5652,-16.8979,-12.6875,-14.01,-14.6013,-17.4025,-17.2222,-16.4286,-17.3254,-19.7241,-19.5069,-20.5271,-20.936,-21.362,-23.3682,-20.2316,-21.5931,-18.4305,-23.5192,-17.8652,-23.9711,-17.991,-20.6048,-18.8437,-17.1693,-16.5209,-13.2486,-15.3296,-14.3178,-17.343,-13.9694,-14.3417,-14.5269,-10.7495,-11.427,-9.549,-14.1284
-8.27122899537765,40.2813094092844,0.0167,-10.6463,0.4613,0.8863,0,1.0777,1.1227,0.7601,0.5626,-0.5988,0.796,-3.3488,-2.1003,-3.7087,0.511,-1.5538,-1.7802,-1.7915,-1.121,-0.7906,-2.3518,-1.2803,0.3454,1.4856,-0.0475,-0.1784,-2.1874,-2.4694,-2.0201,-7.2238,-12.6167,-7.6794,-9.3766,-10.4801,-11.2271,-11.6473,-6.1519,-7.2613,-6.1778,-3.355,-4.3556,-7.7406,-7.7169,-12.6163,-14.089,-12.3032,-13.2099,-17.097,-14.6659,-17.6359,-17.8866,-16.2142,-16.5803,-17.3175,-14.6358,-16.0898,-15.8919,-14.389,-12.5263,-17.0697,-19.2579,-20.4694,-19.9975,-22.1432,-22.6012,-22.9794,-23.1748,-24.7284,-27.7539,-24.4437,-28.3779,-26.9794,-26.9774,-25.8929,-30.6268,-29.1216,-25.6419,-24.5473,-26.2492,-26.6446,-25.8437,-26.86,-24.9671,-24.8253,-28.0283,-26.3095,-28.0358,-25.9693,-27.2349
-8.27095950079242,40.2813094092844,0.0161,-4.2423,0.4677,0.9249,0,-2.3276,4.2591,2.4491,2.3009,0.8925,2.2796,3.0444,-0.2415,-0.3466,2.1237,-2.064,1.8911,-1.0937,-3.4873,0.2991,-0.1319,-2.229,-1.6211,-0.3608,-2.8168,0.5883,0.5652,1.5245,1.9214,-0.037,-0.058,-0.2467,-0.3915,-0.3963,-1.3074,-0.7159,0.0041,-1.2335,-1.7526,-1.0025,-1.0891,-4.9344,-2.3569,-5.4767,-4.696,-5.2342,-3.3555,-4.7324,-7.046,-9.7271,-9.1459,-9.4928,-7.0575,-7.7575,-10.2191,-10.2546,-10.1129,-9.4056,-7.7643,-6.9705,-9.1707,-10.8759,-8.9972,-9.4782,-11.785,-11.4179,-15.423,-14.9397,-15.1847,-13.7365,-12.6665,-15.1826,-11.2767,-12.7443,-12.6386,-14.4448,-11.125,-11.1101,-11.957,-15.1846,-13.4051,-11.5865,-13.1267,-14.6544,-15.2583,-21.5468,-19.8357,-18.7224,-23.0822
-8.27069000620718,40.2813094092844,0.0174,-9.4287,0.4497,0.9394,0,0.3038,1.3482,-0.8459,2.4783,-1.1547,-1.9094,0.5318,-4.9626,-2.9024,-4.9584,-2.2543,1.2054,-0.1653,0.9284,1.6278,0.0578,0.9929,1.3281,-0.3001,-3.1245,1.4038,-0.1879,-1.3174,-0.976,-4.4793,-5.3345,-1.565,-3.2295,-3.6748,-3.5314,-4.2892,-4.1902,-3.1834,0.1318,-2.206,-3.657,-2.9596,-1.3069,-1.472,-0.967,-2.6443,-3.6817,-3.5973,-3.898,-7.0295,-6.3613,-7.0321,-6.0897,-5.5487,-7.0063,-6.2539,-6.1931,-5.2331,-3.9471,-2.5022,-5.2002,-6.1877,-3.4508,-5.6701,-3.2244,-5.5118,-6.7256,-5.2809,-9.7258,-2.933,-8.1898,-2.9251,-4.3255,-6.3325,-3.7436,-5.9576,-3.6553,-3.5356,-3.1532,-6.1539,-2.9756,-3.8111,-2.4169,-2.1838,-4.5854,-7.1054,-7.0834,-7.1131,-7.3333
-8.27042051162194,40.2813094092844,0.0161,-7.4298,0.4422,0.8838,0,1.6349,-0.6285,0.2314,1.3146,-0.5874,-1.006,1.8143,0.425,0.4155,-2.0109,0.1439,1.8234,0.5272,3.0831,0.5315,1.5657,4.623,3.4149,1.4362,2.4521,3.5147,6.3699,7.2552,5.798,9.0021,4.2094,4.9251,4.2782,2.3712,6.5468,4.7101,5.3386,5.1305,6.1473,4.4927,2.7512,3.259,2.4783,4.5541,2.3171,0.205,-0.4524,0.9909,-0.6853,-1.9403,-1.0155,-2.0551,-2.5099,-1.393,-1.5224,-1.2823,-1.3468,-1.7431,-2.3203,-2.4641,-4.6789,-4.0357,-3.4572,-5.2607,-4.3363,-5.1645,-5.0295,-6.4888,-7.8578,-4.5333,-6.4409,-4.341,-6.3461,-7.8581,-6.2581,-6.4962,-5.1491,-2.6934,-1.4426,-7.1583,-4.8485,-4.8716,-3.5368,-4.4594,-6.6537,-1.3304,-3.7238,-1.8257,1.6319
-8.26961202786624,40.2813094092844,0.0159,10.5881,0.4778,0.9667,0,-0.8343,-8.5654,-5.0801,-6.7262,-8.6267,-10.8328,-7.4398,-10.2202,-10.7491,-12.3465,-14.809,-14.4815,-17.9105,-16.3726,-15.1869,-14.1582,-14.6796,-18.4265,-16.3739,-19.1255,-17.4679,-18.2004,-21.0737,-18.2105,-13.1746,-13.3261,-18.3494,-19.1936,-18.1249,-16.8802,-19.3157,-19.1482,-20.8007,-25.4662,-24.2664,-23.8549,-24.1534,-24.0021,-24.1293,-22.141,-24.942,-23.4936,-27.3067,-26.9071,-28.1744,-26.3463,-27.979,-26.4834,-29.2732,-27.9498,-32.4613,-33.1419,-31.7805,-31.1112,-31.8628,-29.4305,-29.2929,-29.5019,-29.1829,-29.3937,-28.4143,-31.648,-29.7122,-30.7278,-27.9222,-31.6274,-27.6327,-31.968,-27.652,-31.7222,-28.9458,-29.8921,-28.1151,-26.6732,-27.8899,-30.7834,-31.5533,-32.0662,-26.4445,-26.2121,-31.0897,-25.8111,-31.8036,-28.5996
-8.269342533281,40.2813094092844,0.0144,-7.1116,0.4382,0.9267,0,-2.0011,-4.5232,-5.944,-6.6451,-6.7057,-8.0027,-3.8109,-5.1503,-4.8351,-4.7122,-4.0778,-5.4048,-5.6136,-8.1934,-4.6081,-7.7871,-8.7121,-9.5754,-10.3119,-10.1031,-13.4983,-13.5926,-11.2435,-12.1202,-9.35,-12.6496,-14.9921,-13.2755,-10.7123,-9.5384,-12.1126,-11.7867,-12.5326,-13.2946,-12.3623,-13.5865,-14.9223,-15.8643,-14.698,-10.7363,-11.9325,-13.9247,-14.0397,-14.4181,-17.7125,-16.8718,-19.2015,-17.3199,-18.6432,-19.2073,-19.5214,-19.5401,-19.8625,-19.287,-20.9819,-18.952,-18.6654,-18.4639,-19.2521,-20.2129,-21.273,-22.356,-20.713,-20.5307,-19.8604,-21.5825,-20.8769,-20.9335,-20.9892,-22.9255,-19.9647,-18.2496,-17.6003,-16.2738,-16.3697,-17.7055,-17.7484,-16.3071,-15.3778,-15.288,-15.7089,-14.2678,-13.6716,-12.8141
-8.26907303869577,40.2813094092844,0.016,5.1708,0.4663,0.8922,0,2.5113,2.1099,3.5283,2.7225,4.0912,2.6227,4.336,6.3082,6.3416,5.2114,6.5555,4.0232,6.095,5.1776,7.0833,4.533,6.1283,8.1358,6.8304,8.6293,5.8026,4.5403,3.6676,3.2102,4.1008,3.3063,3.6219,5.5038,4.265,3.5276,2.4956,3.7042,3.8248,2.2042,2.9643,1.4832,4.257,4.0649,9.1287,5.9958,7.124,6.9057,6.24,7.1592,3.1723,4.0569,6.6876,7.4534,7.6343,7.4039,5.9157,6.6498,5.0723,7.0002,6.6383,7.6387,5.4564,3.8439,2.7623,3.0728,2.2723,0.2795,-0.8234,-2.5771,-1.3848,-2.1851,-2.9617,-2.2361,-2.6709,-1.708,-0.6145,-0.4173,0.2892,1.1619,2.5294,4.4274,3.4669,4.1533,5.5546,6.165,4.0436,3.0401,3.073,2.5769
-8.26880354411053,40.2813094092844,0.0104,-4.7394,0.4896,0.9642,0,1.6264,4.953,5.5867,7.3201,8.2074,5.7614,2.3044,3.4589,3.826,3.1317,3.5112,5.331,3.602,3.7341,3.3943,4.5133,3.5468,5.0495,3.7576,-0.2327,1.5213,2.6107,0.7574,3.2822,3.6561,3.5495,3.5571,3.6969,3.7239,4.2155,5.7312,3.3104,4.9692,3.0103,2.084,3.2812,3.131,2.9313,5.2972,4.4269,1.4467,1.9933,3.8906,5.6609,8.4745,8.6655,6.689,8.5998,7.3598,5.9915,6.172,7.559,6.8063,8.9939,6.8567,7.4854,6.6379,4.3248,2.957,3.9089,5.2765,3.1339,1.1747,3.1173,1.9641,3.6928,0.6077,4.2539,3.3521,2.4004,2.548,0.6895,4.0648,4.8516,3.4869,2.1665,0.3947,4.0643,2.7035,-0.8422,0.871,-0.6516,0.4959,-0.9233
-8.26853404952529,40.2813094092844,0.0154,-15.2709,0.4098,0.916,0,1.685,-2.4838,-0.4028,-0.0952,-2.241,-2.8953,-7.7316,-10.6956,-10.6349,-12.1404,-10.7526,-10.7056,-9.6517,-8.2527,-11.818,-10.3307,-10.7118,-12.9588,-13.142,-9.8322,-9.7187,-12.4748,-12.5323,-11.3329,-11.4982,-9.7097,-10.5686,-8.9569,-11.5792,-13.2512,-14.0134,-12.0772,-10.9168,-10.8666,-13.2164,-10.3795,-12.9629,-9.9492,-14.1646,-16.0341,-16.5216,-17.2109,-17.9137,-19.6421,-19.6171,-17.0998,-18.6485,-18.8672,-20.1267,-18.2613,-16.6942,-14.9142,-18.8891,-20.1401,-18.857,-18.4033,-17.8962,-16.7667,-15.8817,-18.189,-18.5008,-18.5018,-17.104,-17.375,-18.9652,-18.8625,-20.4916,-21.6297,-22.938,-21.6167,-21.7834,-23.6631,-23.3885,-22.9001,-23.2137,-22.9854,-21.1075,-21.399,-24.5853,-23.8517,-23.6289,-26.1348,-23.8311,-23.0774
-8.26826455494006,40.2813094092844,0.0151,1.0299,0.45,0.9715,0,0.4352,-3.4475,0.0753,0.2723,-2.9953,-6.063,-1.9997,-3.411,-3.0629,-3.0296,-0.5373,-3.2048,-4.7241,-4.4931,-4.6265,-1.5668,-4.5055,-4.8438,-4.5797,-5.683,-9.2202,-8.2798,-10.7325,-9.342,-8.1393,-9.6789,-10.7965,-8.3859,-7.8471,-8.3143,-10.9433,-9.7,-9.6634,-10.4574,-9.8523,-7.0346,-8.7756,-8.4156,-8.8456,-7.0272,-7.5533,-8.643,-8.6297,-10.0867,-8.8384,-7.0248,-7.7901,-8.4527,-8.3308,-6.7019,-5.4357,-3.8175,-5.3149,-6.1528,-4.1864,-4.4768,-6.1514,-3.6937,1.077,1.2313,2.5074,4.2952,1.3145,-2.0354,-1.7707,-1.2701,-1.3851,-3.0782,-3.5636,-6.2921,-4.6981,-3.9233,-5.0832,-3.6555,-0.6554,1.78,3.1252,0.5646,0.1209,-1.9323,-0.8312,-2.1881,0.8342,3.6477
-8.27149848996289,40.2815150008069,0.0159,-20.4478,0.4384,0.8419,0,1.3506,0.3063,1.7302,1.038,1.738,2.5949,6.5702,2.4906,3.0638,3.7716,6.0331,9.2697,7.9836,6.2756,12.2938,5.4818,1.5696,7.9241,4.1259,3.4433,0.4765,0.5164,-0.4253,-1.3734,-3.627,-2.638,-4.389,-5.8095,-9.7325,-9.5346,-8.8259,-8.2066,-7.4502,-6.7673,-3.9332,-2.3078,1.8783,-0.6674,-1.5861,-0.9114,-3.2166,0.5178,1.9964,2.957,-1.2093,0.8747,-1.7395,-2.82,-2.6438,-3.7472,-4.5946,-0.8918,-5.1068,-3.2476,-1.6513,-3.2687,-5.3653,-5.6319,-13.8012,-17.4352,-12.1356,-14.7253,-17.9438,-18.4561,-13.8258,-21.7749,-11.7904,-19.7837,-10.9649,-17.2847,-16.7443,-17.8116,-18.8844,-16.1043,-15.8705,-15.6784,-15.1337,-11.1709,-10.7227,-12.0512,-12.1681,-11.1288,-5.4176,-3.6951
-8.27122899537765,40.2815150008069,0.0172,-5.2935,0.4181,0.863,0,4.7807,-1.9974,-3.6368,-3.5365,-1.2544,-0.5458,1.213,-3.95,-4.7803,-5.7155,-5.4096,-0.8976,-1.1274,-3.7576,-1.7944,-5.2528,-10.3185,-5.1026,-6.9407,-8.3251,-8.4423,-5.8334,-6.1166,-7.7145,-10.8897,-3.5495,-13.8072,-17.6895,-16.1664,-22.6345,-21.0724,-20.6528,-19.8054,-19.9533,-19.0378,-19.2556,-25.5106,-23.5994,-26.1564,-25.7274,-23.5521,-15.9691,-13.3186,-18.0482,-21.5161,-15.0936,-15.3667,-12.0943,-14.8349,-14.8876,-14.6385,-7.5974,-10.1499,-12.494,-10.3563,-11.0049,-12.537,-15.498,-10.3655,-11.9632,-12.264,-12.7614,-22.7125,-22.0766,-20.9807,-24.2245,-23.8777,-22.1369,-20.9108,-25.2253,-24.4284,-22.3203,-21.893,-23.5106,-21.4634,-17.7841,-17.9561,-18.5036,-21.3055,-20.4469,-15.7705,-23.0363,-25.3979,-27.6698
-8.27095950079242,40.2815150008069,0.016,-2.0217,0.4421,0.9783,0,1.0385,9.6873,5.7323,6.1642,7.1509,10.4142,10.5185,6.016,4.4827,8.6213,9.6306,8.0443,9.6552,6.5485,5.5544,9.0597,7.9615,6.3821,4.3712,-4.2537,1.3394,-2.8906,-1.3406,-4.7898,-1.1803,0.7662,4.4093,2.2928,7.3083,3.9377,4.5554,2.9014,-3.9913,-3.5397,-8.8776,-8.1071,-11.5741,-8.9273,-13.8059,-9.2389,-8.1332,-3.6854,-5.6802,-4.7194,-6.4399,-5.3571,-8.4559,-3.1106,-6.5535,-9.5824,-8.2185,-1.8855,1.6113,0.7783,7.0907,4.8572,2.0268,2.1883,11.4334,10.1504,11.9155,9.2779,10.0168,9.2914,6.5342,6.851,0.6527,2.0489,3.5551,5.0597,0.2538,6.1738,9.1036,11.1791,11.5483,12.3896,11.4299,11.8794,10.3856,9.8204,9.6222,2.5398,2.9962,-4.2233
-8.27069000620718,40.2815150008069,0.0139,-8.0092,0.4168,1.0,0,-2.1919,-0.0853,-4.6491,-5.7896,-9.0669,-6.0299,-2.3037,-6.8915,-6.3377,-10.15,-4.4171,-6.3165,-4.6579,-3.1821,-5.7777,-7.675,-2.0189,-0.1047,-6.7159,-16.2212,-8.4956,-9.1258,-12.4319,-13.5997,-14.4472,-14.7112,-14.2804,-13.2988,-7.2614,-7.4372,-9.2305,-8.4525,-3.7619,-10.6694,-8.9561,-6.2763,-3.7877,-1.5661,-8.163,-6.1206,-1.6306,-8.6193,-8.5554,-7.6596,-12.1146,-10.6817,-9.9647,-13.0313,-12.2495,-11.9684,-12.0639,-11.8229,-10.3625,-9.5507,-7.4407,-9.2897,-11.0767,-11.0867,-5.5147,-4.8323,-3.2488,-5.2163,-3.0829,-2.9239,-2.9094,-7.9377,-8.9335,-10.6631,-11.4222,-13.4115,-17.9593,-15.7512,-14.6091,-10.9108,-10.0354,-11.336,-12.7732,-13.1269,-13.3971,-17.8422,-11.5181,-16.6078,-14.428,-17.8997
-8.27042051162194,40.2815150008069,0.016,-4.6268,0.4736,0.9876,0,-1.2137,0.2041,-3.8358,-3.0662,-5.175,-2.6405,5.4269,4.2281,3.9779,2.41,5.0702,1.6447,1.2524,2.956,5.1001,3.5611,3.1603,6.7126,3.6468,3.594,1.2129,2.6973,-1.8585,-1.6854,-2.0144,-3.7281,-2.1889,-2.9616,-2.0025,-2.2191,-2.5031,-1.6845,-3.294,-3.3154,-0.8729,0.4266,1.6256,-0.7516,6.5798,4.22,6.8589,0.3006,0.3439,-3.3393,-4.6187,-3.1331,-0.6987,0.5536,-1.0492,-2.2644,-2.3243,-7.3087,-3.383,-2.8583,-0.5422,-5.8328,-7.0916,-6.3698,-0.8907,-4.2889,-1.3238,-2.676,-1.0457,-1.9174,-1.4231,-7.3554,-3.5986,-8.4529,-6.6417,-8.8192,-8.2223,-6.1859,-8.1871,-4.6684,-6.0641,-3.6128,-6.8805,-6.9053,-6.6256,-6.3766,-4.401,-2.8319,-2.663,-2.8017
-8.27015101703671,40.2815150008069,0.016,8.8271,0.4476,0.8741,0,2.2649,-1.321,-4.628,-4.2512,-6.6631,-6.0779,-2.8015,-2.0104,-2.9911,-1.4483,-2.2167,-3.9534,-3.6407,-4.3253,-1.4459,-4.9725,-4.6336,-3.812,-4.865,-4.5805,-5.9171,-4.6867,-6.1534,-2.9779,-2.1799,-4.5318,-2.557,-1.3229,-5.9636,-3.0613,-4.1306,-3.9828,-6.0664,-4.813,-5.0429,-5.1622,-2.4385,-1.3701,-0.0109,-0.6638,-0.4943,-1.6332,-6.3085,-8.6508,-7.2156,-7.1528,-5.3261,-2.6353,-2.7834,-3.2122,-1.19,-2.8441,-2.311,0.9242,6.0069,3.1144,2.9236,2.455,5.6994,5.2408,5.4834,5.784,7.6616,4.811,6.3618,1.9863,6.358,7.8012,7.8312,7.9498,8.6568,6.9295,6.3184,7.6923,9.1352,7.8584,5.8218,6.8205,8.4835,9.3672,3.7024,5.1466,8.0165,11.6976
-8.27015101703671,40.2813094092844,0.0155,2.9331,0.4826,0.8918,0,-3.2779,-1.5614,-3.7284,-3.0292,-4.6166,-2.8779,-4.8212,-2.5687,-2.4762,-2.9832,-1.8888,-4.4099,-6.0985,-4.7029,-3.8835,-6.5127,-3.8792,-4.0524,-5.3069,-4.4662,-8.4445,-8.0586,-10.4667,-9.1187,-9.6145,-11.029,-9.9291,-8.1022,-6.9539,-6.5476,-7.5918,-9.2141,-10.3051,-8.0546,-11.4855,-13.1172,-10.6451,-11.2973,-13.4533,-14.2581,-16.0022,-14.9386,-16.83,-16.1404,-14.731,-13.2387,-14.0649,-13.4365,-15.4465,-13.5455,-13.5053,-14.8969,-14.1622,-15.9521,-17.5062,-17.8255,-18.2201,-17.3714,-17.354,-18.2584,-17.2999,-16.5433,-15.5788,-16.4696,-16.3734,-17.9585,-16.5154,-17.4414,-17.0482,-16.8378,-15.2847,-14.9353,-16.3829,-17.9354,-17.8957,-17.6228,-21.3961,-16.6791,-17.6387,-19.6654,-18.0973,-18.414,-14.2114,-14.2128
-8.26961202786624,40.2815150008069,0.0163,-2.4501,0.4454,0.9265,0,-1.3192,0.0161,1.409,2.3089,-1.8609,-0.0629,1.961,2.9034,3.7565,3.4453,3.2148,1.9118,0.6543,4.0473,3.6116,2.7861,4.9519,4.9341,2.2742,2.0837,-3.123,-1.4405,-1.0492,0.6693,1.144,1.973,2.055,7.3904,5.702,3.1305,5.9575,5.7484,7.5974,10.6878,11.7937,11.9381,8.9228,8.2856,10.5812,12.0445,6.9207,10.3009,6.2356,3.5085,6.3072,5.0121,-0.1874,4.1806,2.8083,2.0032,4.7318,4.1472,4.6154,4.6238,9.0111,6.2851,5.7172,6.0429,4.4713,7.6331,7.2199,6.2613,5.3456,5.7907,1.849,5.3523,0.6252,0.7161,-2.4766,-8.0577,-8.421,-6.7248,-6.0829,-7.7665,-9.7876,-13.6157,-14.5831,-17.3288,-14.4521,-6.3388,-8.4137,-7.6522,-6.0635,-5.3852
-8.269342533281,40.2815150008069,0.0131,11.3961,0.4328,1.0,0,0.8588,-2.0527,-0.9008,0.3823,-2.995,1.5572,3.0856,0.09,0.0868,3.3176,1.7525,0.2713,1.1922,1.9889,1.3426,1.7955,5.6002,6.0375,4.9402,3.0637,-1.6536,-0.0067,1.9917,1.6017,-0.6692,-0.4508,0.1751,3.4058,0.7831,-1.4984,1.2113,0.6436,-0.1107,0.2307,-1.9699,-0.819,2.6069,5.0511,3.7064,10.4534,8.8367,11.293,6.2503,4.8882,5.8358,5.3925,3.1914,1.8541,2.3972,-0.2053,1.534,2.2159,-0.7285,1.38,2.2404,4.483,8.7599,9.1675,8.9843,8.8975,10.4915,10.5616,9.4907,8.51,3.6273,6.3015,2.6525,5.288,3.2537,3.3577,-3.029,1.572,1.6546,1.3769,0.2842,0.6331,1.2075,-0.0328,1.7733,2.7743,0.1039,4.2696,4.479,3.3009
-8.26907303869577,40.2815150008069,0.0144,6.0552,0.4822,0.9268,0,-5.5571,-2.1112,-2.2615,-0.0462,-3.2522,-0.3705,-1.2103,-1.5802,-1.3965,1.174,5.5512,0.7034,2.7776,0.2487,-0.9158,-0.1283,-2.907,-2.7292,-2.9695,-5.2108,-5.4009,-2.0445,-2.7023,-1.402,-4.1198,-1.6339,2.3907,5.9453,3.6251,5.3262,6.9655,10.2939,10.9646,10.7937,14.7939,7.6476,6.8207,4.2754,10.1827,6.4228,3.6727,2.8126,-0.865,2.8002,0.4416,-1.9259,-0.4732,-1.6369,-1.7855,-0.6646,-3.7942,-4.0156,-3.904,-2.6938,-8.7308,-5.5138,-4.0509,-3.2682,-0.6834,-3.7864,-4.808,-8.635,-7.5625,-12.5077,-14.4154,-13.7039,-13.3154,-13.7389,-12.7106,-11.5951,-12.9729,-12.436,-9.8204,-9.5618,-12.6106,-9.7077,-13.8267,-11.163,-7.6743,-11.0546,-6.3983,-6.7998,-5.9073,-6.8488
-8.26880354411053,40.2815150008069,0.0154,-4.8368,0.421,0.8273,0,-3.1374,-2.2284,-0.2759,-3.8644,-0.4965,2.2484,3.687,2.3532,2.7227,6.3299,6.4625,6.5824,4.5592,4.1812,4.2202,4.1744,5.4738,4.3549,2.7491,-0.5587,0.8094,3.3712,0.9316,2.6742,3.3398,2.5907,4.6407,3.1745,3.652,6.7915,3.9056,3.1344,3.0242,2.3157,-2.4892,-6.5866,-4.7796,-7.0291,-4.6229,-7.2619,-4.8539,-6.5743,-6.3482,-8.1564,-6.007,-11.9934,-17.544,-16.9241,-18.6368,-18.5417,-20.1832,-21.8562,-18.8262,-19.7372,-21.7222,-22.9582,-23.5424,-22.8847,-24.3893,-22.6034,-27.3135,-33.7684,-34.9825,-34.7409,-41.6958,-37.5253,-45.9417,-44.5587,-43.4042,-43.9879,-44.5369,-44.7663,-43.2856,-46.1015,-46.5545,-47.6667,-47.1541,-44.5555,-42.9384,-45.376,-46.2193,-45.3102,-46.3301,-47.5319
-8.26853404952529,40.2815150008069,0.0177,-0.8867,0.4297,0.841,0,-0.4848,4.7085,7.8474,5.3801,2.5721,4.9446,11.3061,5.5318,6.5794,5.2345,4.8703,2.6772,3.0945,5.058,4.9796,3.5446,3.131,1.6202,0.0337,1.7707,-0.9296,2.5529,-1.6828,-1.3461,-0.5506,0.7018,4.3919,2.7458,4.1412,0.2078,-1.4499,-2.0845,1.4645,-1.2957,-4.3356,-4.3955,-7.0646,-7.9736,-2.3746,-4.7248,-3.9111,-6.8287,-7.8305,-5.387,-6.5992,-3.669,-3.0313,-3.2076,-2.4348,-4.3804,0.3901,1.9499,0.7404,2.136,-2.6347,-0.7568,-2.4412,-3.5368,1.4759,-2.1028,-0.297,-4.324,-6.5862,-3.9494,-6.7575,-1.5484,-10.4536,-8.9244,-10.3762,-11.8022,-16.1907,-14.9304,-18.7986,-16.3516,-14.6333,-16.3197,-16.2508,-11.1724,-16.0636,-15.2154,-18.2342,-19.6072,-19.633,-17.2436
-8.26826455494006,40.2815150008069,0.0178,-26.6474,0.4704,0.9249,0,0.4665,-0.227,-0.1155,-1.3163,0.6042,-2.039,-3.1592,-0.6586,-1.461,-1.2652,0.4391,-2.4816,-1.9877,-3.2947,-6.182,-7.9698,-9.1475,-7.9629,-9.2426,-12.5681,-14.079,-13.2371,-16.3618,-17.0486,-18.7918,-22.645,-15.9851,-17.6745,-19.6654,-18.9029,-23.83,-25.5283,-24.1385,-30.135,-32.5393,-32.879,-28.3899,-28.2027,-27.7258,-28.3027,-25.1531,-31.3908,-32.6448,-29.3774,-31.1255,-30.5243,-30.2913,-36.7506,-32.9713,-31.2353,-29.1218,-30.5712,-32.066,-33.7162,-31.2297,-31.0178,-33.7502,-33.4298,-30.8249,-32.3147,-32.6283,-32.0457,-35.4082,-38.8329,-39.1642,-39.8628,-39.4955,-42.5926,-41.7756,-45.982,-41.5302,-42.9981,-43.7558,-48.9258,-43.7336,-49.1647,-45.589,-45.3536,-40.9904,-45.8374,-44.1447,-47.3504,-47.438,-42.6147
-8.26799506035482,40.2815150008069,0.0165,-19.9473,0.5017,1.0,0,-1.3572,-2.0258,-1.2295,-1.8174,-0.44,-4.1292,-10.823,-9.23,-10.6444,-10.5533,-10.4368,-8.9761,-9.592,-14.7457,-16.4915,-15.4166,-18.4305,-17.6039,-20.0691,-16.0528,-11.1612,-10.505,-8.321,-7.1735,-9.2824,-9.834,-9.0528,-14.0912,-13.5968,-12.7871,-18.0875,-19.8578,-19.0006,-24.5802,-23.1671,-27.9775,-34.3653,-30.6337,-33.161,-28.0467,-24.96,-21.8746,-29.988,-28.3789,-29.7057,-30.1041,-25.8572,-25.4501,-27.2243,-31.4459,-30.5475,-31.1935,-31.1419,-31.3715,-36.3858,-35.4065,-32.7324,-32.929,-34.7597,-35.6244,-39.126,-32.65,-38.4852,-39.9655,-44.7302,-44.7747,-44.8732,-45.078,-43.8446,-51.7462,-47.4992,-49.7853,-47.2733,-48.8647,-44.8822,-47.7878,-46.4872,-45.7205,-43.4222,-43.5761,-40.0607,-48.1225,-43.6462,-46.6137
-8.26772556576959,40.2815150008069,0.0152,4.6656,0.4572,0.9086,0,4.104,2.6303,-5.3906,-6.8194,-7.2859,-3.8432,3.9502,1.6253,0.5682,3.4826,4.4892,4.1286,7.3,4.503,2.22,3.1343,-0.0953,-0.3378,-0.9808,-2.1102,1.6809,2.1485,2.3743,0.9216,-0.1484,-2.8115,-4.554,-3.1465,-2.9197,-5.1629,-7.005,-8.5383,-7.0064,-5.3457,-6.8632,-12.464,-12.2491,-11.3447,-12.8173,-11.3441,-9.883,-3.1013,-8.8411,-11.4528,-11.8791,-10.5157,-6.4617,-6.1587,-5.8002,-7.5099,-9.6827,-9.2452,-8.7019,-7.3489,-12.1388,-9.2428,-7.1804,-7.6503,-4.2793,-1.1427,1.4043,-4.5129,1.2633,1.9843,-0.8833,-3.0827,-3.0456,-4.725,-3.4677,-8.6719,-5.1245,-3.302,-2.9269,-3.5464,-3.5464,-4.3904,-3.7672,-5.8075,-2.8911,-5.2875,-0.9811,-7.4307,-2.1589,-7.5529
-8.27122899537765,40.2817205917042,0.0141,-7.1166,0.4296,0.914,0,3.3251,3.283,2.4708,0.436,0.3009,-2.6708,-9.2334,-10.4343,-10.0629,-9.7665,-10.5045,-10.9414,-8.9544,-8.3852,-8.5382,-8.0662,-13.347,-14.1089,-13.2528,-16.5111,-12.909,-11.8587,-12.066,-10.9847,-10.2097,-14.4494,-10.7491,-12.9926,-9.9947,-12.0199,-11.0673,-14.7024,-17.1285,-16.3913,-19.583,-22.1091,-21.8718,-20.3421,-21.5666,-15.2236,-17.4,-13.3767,-16.7585,-16.3452,-17.9577,-16.3735,-16.3741,-16.9358,-16.0312,-13.046,-18.7735,-20.2582,-21.3585,-23.6577,-20.2138,-18.9792,-21.2627,-23.5856,-26.9068,-24.7524,-26.1818,-27.5737,-27.1448,-27.7711,-28.008,-26.5916,-25.8108,-26.8764,-25.7505,-24.6489,-21.3188,-15.3823,-15.7168,-18.2137,-16.9288,-16.1044,-13.2298,-13.9821,-12.8679,-12.2947,-4.7199,-13.0243,-11.3997,-10.5356
-8.27095950079242,40.2817205917042,0.0129,-3.0867,0.4847,1.0,0,-2.367,2.912,-3.0254,-3.7132,-6.55,-6.8362,-9.917,-5.5068,-6.0831,-4.866,-6.7237,-6.9638,-5.8981,-5.3644,-6.3573,-7.1119,-11.2896,-11.2818,-11.3122,-15.3977,-9.825,-10.0051,-10.1573,-10.3733,-8.4355,-13.1016,-13.0578,-13.7563,-14.5295,-12.4342,-13.2265,-14.04,-17.0065,-18.1718,-16.4792,-20.0958,-19.1337,-19.64,-18.5668,-21.0858,-18.4124,-17.2632,-21.4719,-20.6142,-19.495,-18.794,-21.8614,-18.0053,-22.7965,-26.6608,-24.5547,-23.5195,-23.6964,-23.4709,-23.6598,-24.8748,-26.0763,-27.3691,-26.9957,-26.4446,-25.6667,-28.8643,-29.5362,-29.6541,-28.9578,-26.67,-26.4555,-26.5736,-24.7467,-23.5261,-27.6358,-19.0495,-22.6512,-24.0692,-25.0829,-21.4532,-22.0487,-22.4399,-23.3197,-23.0618,-23.5895,-28.7071,-27.7876,-24.228
-8.27069000620718,40.2817205917042,0.0148,-4.8697,0.4767,1.0,0,0.7508,3.315,0.4003,0.2843,-1.612,0.85,-0.4329,5.7333,7.5741,9.7329,7.5023,12.0437,9.2292,14.0752,11.1705,9.7835,10.5133,10.718,13.4496,10.7638,17.6446,16.835,14.3185,12.2496,12.5142,8.8477,7.9009,9.425,4.8142,12.0844,12.1164,12.4514,12.5387,11.9573,15.362,16.7274,20.4607,20.0574,17.6795,13.8196,14.9596,15.0246,13.0714,14.37,11.1001,10.8883,9.1632,10.546,8.2684,7.7464,7.8789,8.1129,7.4329,7.7117,2.712,0.9445,-0.7778,-1.0777,1.2783,1.8084,1.9706,2.9349,0.5617,-0.377,0.6574,1.7295,2.4847,2.395,2.6274,5.2316,-1.3992,2.8832,-0.5002,-1.0372,-2.5978,1.4586,1.9908,2.1746,0.1618,-4.5773,1.4005,-0.3246,1.8563,1.0594
-8.27042051162194,40.2817205917042,0.0125,-11.8001,0.4532,0.996,0,0.3589,0.9632,3.5471,1.3195,0.8454,-1.3611,-0.1994,1.1566,0.11,4.3601,2.3365,4.6516,2.2186,3.7087,4.7228,4.9872,5.115,6.4041,6.869,5.286,5.9033,6.855,5.1216,5.7453,8.14,2.9454,3.4001,1.767,-1.6868,-5.7225,-2.8394,-2.2608,-2.3056,-0.0698,1.1731,3.609,3.7254,9.4347,4.564,-0.655,-1.267,3.2994,-0.5681,4.0108,1.0378,-1.7438,-1.7652,-2.6725,0.1186,0.0066,-0.3626,-0.109,-0.6657,0.1925,-1.1207,0.6494,0.2984,-2.6441,-2.8056,-1.7185,-1.0652,0.819,-2.7368,-3.3251,-4.6645,-3.9108,-2.6548,-4.5195,-2.2343,-6.1146,-7.7591,-9.5096,-12.0302,-11.695,-12.6189,-10.0902,-6.9621,-11.7829,-10.1344,-11.9754,-10.0964,-7.2617,-6.7337,-6.9125
-8.27015101703671,40.2817205917042,0.0175,-4.0512,0.4615,0.8617,0,1.869,2.6544,2.2764,1.1782,1.099,1.3405,0.8858,1.3839,0.7706,2.4857,1.9889,1.3806,0.6379,-0.2203,2.9896,-0.9609,1.2136,3.0516,3.8621,3.6801,3.9518,3.532,4.5061,4.3741,1.1124,-2.3043,-0.5036,-0.0985,0.1792,-1.8523,-0.0842,-0.3591,-0.0472,-0.4986,-2.0208,-2.0968,-1.7197,-0.8945,-2.4338,-4.0747,-4.5332,-5.2806,-4.3815,-3.5592,-4.3047,-6.4294,-6.8795,-5.6719,-6.2568,-6.7481,-4.9721,-4.0592,-3.8619,-2.431,2.1995,3.0418,1.3668,-0.1738,1.3795,1.8336,1.6164,1.0856,2.1056,1.4348,3.1439,0.0621,2.5529,2.3138,4.3087,1.2164,1.6939,-0.4285,-0.9981,-0.7154,-0.331,0.2013,2.9813,-0.0891,0.3981,0.6689,1.787,5.6375,7.4026,8.8632
-8.26988152245147,40.2817205917042,0.0168,0.8182,0.4768,0.9012,0,-1.3875,-1.7368,-1.5084,-3.3671,-3.9043,-2.9478,-4.8012,-3.9065,-4.1685,-3.2998,-5.8738,-7.422,-6.3546,-9.5475,-8.6057,-9.3462,-11.8689,-8.8673,-8.1047,-5.5449,-0.8142,-1.8208,-4.1335,-3.9381,-5.0532,-7.1478,-6.9659,-9.3792,-7.8618,-5.3671,-5.9126,-4.6454,-5.1036,-7.8199,-8.2899,-7.3755,-7.8589,-5.7872,-10.0763,-8.9476,-11.4861,-12.3096,-13.2646,-12.0666,-14.157,-15.0356,-13.3155,-14.6872,-12.8484,-11.5844,-8.6457,-9.9527,-9.0911,-7.6219,-7.9842,-4.4726,-4.3703,-6.5094,-6.3583,-5.8522,-5.3547,-5.6466,-4.8213,-4.2197,0.5592,-2.4928,0.0964,0.6492,1.9049,-1.2011,-0.7443,1.0182,-1.0887,-0.9331,-1.3531,1.4414,1.5971,3.0668,1.8804,0.4164,1.1318,1.7542,4.5437,3.9756
-8.269342533281,40.2817205917042,0.0155,-3.3722,0.4706,0.9636,0,-1.3317,0.7786,0.6522,1.413,0.1884,-3.9081,-6.8916,-5.4894,-4.9379,-5.6178,-7.7417,-8.8413,-5.5466,-2.0473,-5.5451,-3.0058,-6.1333,-5.1095,-4.3439,-4.9343,-3.4229,-2.404,-2.5476,-4.8363,-4.6622,-4.6102,-5.7659,-5.4534,-5.0765,-4.4849,-6.5206,-5.2282,-2.6786,-2.4372,-3.4963,-0.939,1.8295,0.0982,3.7009,2.8943,2.7654,4.1282,7.7501,8.2486,10.2237,10.174,7.5084,8.3382,7.7522,9.9432,4.1794,6.6715,6.0756,5.3687,3.6742,3.6436,6.2191,6.3062,5.5388,5.9436,5.5764,7.775,3.9895,4.9397,2.2015,3.0991,1.1797,2.0383,-0.2385,0.0925,-2.0942,-1.3298,-0.7427,-3.8707,-6.5189,-2.4353,-3.2574,-3.4465,-4.2542,-5.0899,-4.699,-2.2033,-3.3499,-4.2372
-8.26907303869577,40.2817205917042,0.0147,10.195,0.4691,0.9308,0,-2.1766,-0.878,0.2602,-1.0048,2.6662,1.128,-0.1015,-1.4508,-1.0694,-2.394,-3.6129,-3.5807,-0.2434,-2.6362,-2.689,-2.2358,-1.8348,-2.8929,-1.472,-3.6981,0.8052,1.7555,-0.525,0.7473,-2.0066,-1.2624,-0.9859,-1.4453,-1.5476,-2.2184,-0.247,3.9441,3.232,3.4526,2.2149,3.1437,2.5223,1.0188,-0.9628,0.8439,-2.1112,-0.3294,-3.8996,-3.1934,-4.8588,-4.565,-4.3154,-7.5689,-5.7886,-5.6654,-3.3985,-5.7501,-5.7213,-3.1623,-4.2424,-1.8197,-1.4085,1.1355,-1.378,-1.5013,-2.9264,-4.8637,-1.0759,-2.1365,-3.3479,-2.4124,-6.7632,-2.3555,-5.8251,-4.011,-3.1562,-3.0604,-5.8481,-5.205,-5.0074,-5.3405,-11.0158,-7.3655,-7.6996,-10.4179,-6.2361,-4.9559,-6.3174,-4.3055
-8.26880354411053,40.2817205917042,0.0152,-15.595,0.4431,0.8691,0,-0.4689,-2.6932,-2.4672,-2.9141,-6.8732,-7.0393,-6.4302,-3.3862,-4.598,-2.6447,-4.9313,-4.8318,-3.2098,-6.2047,-6.0903,-5.1953,-9.111,-7.8309,-5.4503,-3.9826,-3.8424,-3.0804,-6.1507,-4.8391,-6.1407,-6.1855,-7.2012,-10.2192,-10.1254,-10.2114,-12.5553,-16.9806,-18.3412,-17.6365,-17.6908,-13.0216,-15.1284,-14.3948,-15.4864,-19.2187,-23.7056,-26.1031,-24.0915,-20.87,-27.2803,-30.037,-30.6547,-31.07,-31.3049,-31.5367,-32.2025,-32.9478,-31.203,-33.1406,-35.7146,-37.9805,-36.2455,-37.5513,-39.5182,-38.1391,-41.4047,-41.4067,-44.1595,-45.9557,-45.2735,-45.9325,-45.7145,-46.3907,-48.2459,-49.7473,-51.6838,-51.3152,-52.1221,-51.7492,-52.1715,-50.9448,-55.6774,-53.8922,-52.6029,-53.509,-49.9852,-49.5751,-49.6476,-49.6082
-8.26853404952529,40.2817205917042,0.0165,-9.5807,0.4446,0.869,0,-2.3629,-4.4328,-3.4535,-6.4968,-8.8646,-8.8076,-10.9722,-6.8394,-8.0501,-12.3297,-10.3097,-9.4913,-15.163,-10.4944,-6.7036,-9.7245,-10.8784,-9.6959,-8.6978,-10.08,-11.3936,-11.2459,-10.221,-11.6402,-10.1506,-9.9944,-11.5822,-9.9462,-8.1009,-6.6667,-7.7386,-12.2313,-13.3302,-12.0008,-13.4497,-13.2174,-14.0153,-13.99,-14.4972,-11.7519,-14.0799,-17.2887,-15.8986,-19.207,-22.3494,-24.6639,-25.8685,-26.191,-27.0259,-24.9671,-24.5073,-26.0218,-26.1976,-27.6431,-27.2011,-26.5675,-28.3269,-29.2327,-25.7791,-28.1624,-28.7024,-30.4367,-30.386,-30.7638,-33.1084,-32.9625,-35.0276,-35.662,-36.5847,-37.0541,-38.9002,-35.599,-36.6213,-36.8219,-39.2535,-40.7772,-42.8917,-41.2781,-41.4503,-42.6011,-42.2988,-41.3975,-41.7241,-39.6865
-8.26826455494006,40.2817205917042,0.0161,-6.386,0.4384,0.9318,0,-5.6057,-4.1772,-8.6582,-6.093,-8.0833,-6.9043,-8.9915,-7.8312,-8.3112,-10.1441,-11.1867,-16.1141,-15.7029,-15.4679,-16.9289,-17.2517,-18.1423,-17.0728,-16.6027,-16.3797,-18.3575,-19.0073,-19.9841,-20.2588,-20.8425,-22.2052,-21.2883,-18.0366,-19.342,-19.5253,-19.7546,-19.2382,-17.4779,-19.7483,-17.1023,-22.5815,-20.8202,-17.5527,-21.2992,-18.9642,-20.5826,-22.2243,-21.2833,-21.1915,-23.5992,-23.2327,-23.1078,-22.5537,-25.8646,-25.7008,-25.352,-29.7713,-28.3773,-30.4174,-24.4318,-25.2099,-26.8928,-26.1832,-24.1021,-28.5923,-28.272,-29.9943,-33.1974,-32.2953,-30.7114,-31.5056,-32.1837,-34.358,-34.3118,-38.1708,-36.5092,-36.5276,-35.94,-32.0746,-31.7428,-31.5045,-30.9769,-30.0458,-28.0136,-29.9137,-27.6896,-27.1588,-26.7555,-23.6844
-8.26799506035482,40.2817205917042,0.0153,-3.406,0.5148,0.9919,0,-4.652,-2.6166,-4.3543,-4.1292,-4.5481,-3.0632,-3.8005,-4.2049,-4.8807,-5.0855,-4.5894,-5.4809,-6.3304,-10.5752,-14.1063,-15.8464,-17.2578,-14.946,-16.7949,-19.1706,-21.5842,-21.3033,-20.3566,-19.8748,-18.7249,-20.159,-21.2499,-21.2263,-21.6926,-18.342,-22.3846,-19.6516,-24.0107,-23.8204,-21.9854,-25.5057,-23.4384,-23.8367,-25.0477,-28.0429,-31.6734,-29.4715,-28.5557,-29.0561,-26.4236,-27.4725,-23.4534,-21.7715,-23.5043,-20.705,-19.5263,-21.5665,-22.1153,-21.0052,-25.2747,-23.3506,-26.8703,-25.2398,-27.656,-26.8623,-26.7057,-29.5995,-28.7119,-29.9041,-30.7513,-29.4369,-27.9001,-29.7855,-30.0902,-33.409,-31.3129,-29.7958,-26.4412,-22.9119,-20.6699,-20.103,-21.5907,-17.7307,-19.8739,-21.5368,-23.1134,-24.4204,-21.7333,-20.0326
-8.26772556576959,40.2817205917042,0.0148,-13.2956,0.5525,0.9762,0,1.609,5.3383,0.9645,-2.3892,-4.5488,-1.5184,-0.5952,-0.6481,-0.0068,1.8951,2.6266,4.9259,7.0609,1.7855,0.5832,1.2935,-3.3087,1.4778,1.2008,0.5793,-2.2258,-2.4057,-3.0787,-6.0045,-5.6715,-7.4284,-7.4681,-9.7977,-10.9415,-11.8826,-16.8611,-18.135,-18.6665,-12.4895,-16.3247,-17.1193,-18.0705,-18.7496,-18.6552,-25.1247,-24.9847,-28.8613,-27.5034,-22.6509,-29.2757,-26.0919,-19.0244,-20.4995,-18.7707,-20.8002,-22.6869,-24.29,-24.1048,-21.938,-26.3296,-23.7347,-24.9657,-24.1487,-23.9681,-25.9056,-24.286,-29.2698,-26.8184,-26.4561,-30.8636,-31.2391,-30.552,-31.9122,-31.518,-36.7518,-33.2481,-33.1633,-31.4688,-31.7471,-32.5718,-30.177,-33.4399,-34.4693,-35.7362,-37.9846,-37.9724,-36.5153,-35.6725,-36.311
-8.26745607118435,40.2817205917042,0.0157,-0.8531,0.4697,0.9294,0,1.9639,4.8651,3.929,5.8031,3.7938,2.4507,-0.8098,-0.548,-1.7419,-5.0502,-0.8978,2.4874,5.288,10.7787,8.9832,9.2467,10.8004,11.6169,10.0493,11.022,10.1986,9.1454,11.4781,11.878,9.5902,10.8763,10.904,10.3154,8.3353,5.1579,5.3676,2.8415,4.2202,-0.068,3.5355,4.7016,4.123,5.0325,-3.5085,-5.9671,-3.1239,-2.8815,0.7067,-1.7608,-2.2657,-2.0492,-2.979,-1.6391,2.693,6.0665,1.5533,2.1803,4.1901,5.2409,2.5982,3.7478,2.6989,0.095,2.9048,4.0352,5.9484,8.0008,9.9968,10.2896,9.9584,9.7677,11.2209,9.3319,9.6154,10.5269,10.457,10.2768,11.7332,15.6643,15.2642,11.1356,12.5209,21.3399,19.2266,14.0807,13.8736,12.8351,10.1355,14.388
-8.26718657659911,40.2817205917042,0.0203,7.4052,0.5963,0.9933,0,0.1231,-3.0147,4.2394,0.5286,1.2018,2.4836,1.257,1.1122,1.8752,3.2466,2.1799,1.8116,1.1413,5.0934,5.0535,4.5915,4.6118,6.1949,7.6703,11.5016,17.2109,17.1048,14.2965,16.4771,15.8943,15.9157,15.4498,16.3074,15.9407,19.6712,23.8103,24.7869,25.3573,23.4945,26.7813,22.8879,23.0593,24.1003,17.9497,18.1386,17.6318,17.1766,23.0651,25.3144,24.9544,25.2941,22.8169,19.9131,24.9698,23.5175,25.5977,24.9258,27.0117,27.2579,24.7382,21.364,19.8121,19.9781,20.0559,21.114,19.4254,20.7833,25.2561,25.616,28.5998,25.7374,28.9107,28.0829,27.9893,35.9418,33.7936,31.4645,35.2789,34.5691,37.4076,36.194,36.5876,37.0073,37.3446,35.0461,31.7572,30.096,22.2164,22.3347
-8.26691708201388,40.2817205917042,0.016,1.1909,0.7263,1.0,0,-2.7688,-0.7531,-3.4947,-2.5948,-4.0887,-1.968,-4.9366,-6.2282,-6.7674,-7.5908,-4.9972,-5.8305,-2.7467,-1.9861,-3.4355,-1.76,-4.0732,-2.6293,-0.6495,0.5529,0.2983,0.2625,0.872,-2.3747,1.2064,-1.988,-3.2202,-3.015,-3.2143,1.3702,1.5987,1.5468,-1.0176,4.6613,9.2053,5.7098,6.3914,6.3408,0.1488,-0.7829,2.1672,-0.0618,0.7514,3.4515,0.8336,0.443,-4.6769,-1.8532,-3.2813,-2.7572,-1.1102,-1.4278,1.8783,0.6003,-0.585,-5.2556,-0.728,1.2459,2.2126,0.8257,0.1209,-0.988,1.9905,-0.2173,-3.7067,-7.4081,-5.3222,-3.9541,-3.5646,-2.6512,-3.6778,-5.5843,-7.2261,-6.3261,-6.8797,-8.9173,-9.0437,-6.0253,-5.6008,-4.9892,-3.8609,-4.4893,-7.1139,-6.7689
-8.26664758742864,40.2817205917042,0.0144,27.9106,0.6582,1.0,0,0.3971,2.358,1.7095,0.6545,0.0843,2.7968,-4.8906,-5.7446,-4.4503,-6.5236,-9.0092,-13.7694,-17.2303,-12.6643,-15.0363,-15.22,-17.4826,-14.2115,-9.5937,-7.2439,-9.1503,-8.9273,-9.4222,-5.3863,-3.1728,-3.8859,-4.6909,-0.4944,4.235,5.9735,8.2392,5.5697,5.7535,2.8032,-0.1649,8.9845,13.1516,13.3163,13.2186,18.9107,19.5614,18.5294,20.4336,22.4619,19.3745,19.2094,20.4214,23.0198,19.803,22.7215,21.841,21.9351,26.7028,28.089,30.018,28.0123,34.0803,26.4537,27.8881,29.5936,29.0112,33.5322,30.2769,31.8192,24.0441,22.8744,22.8826,24.0897,27.5924,30.0895,36.3657,33.0105,31.5539,29.9222,31.1109,28.9168,27.2627,34.6278,26.2779,31.9811,32.9928,33.1148,30.3028,31.3771
-8.26637809284341,40.2817205917042,0.0177,11.7801,0.552,1.0,0,-5.231,-2.7997,-2.0546,-0.8602,2.1649,-0.7649,-5.7277,-3.637,-4.7907,-2.5625,-2.5714,0.8781,4.3711,9.4572,5.7399,6.3445,4.4341,8.0116,8.9001,9.6056,8.7978,9.0926,6.3981,12.5946,25.1211,21.2681,18.3082,19.9383,22.7183,25.2941,30.283,26.8643,28.5729,28.8476,37.3207,39.634,39.3037,35.4598,40.9827,42.7805,43.3972,40.9652,41.0257,40.9754,43.134,45.1238,41.2651,32.1306,26.3641,26.6606,21.836,21.7611,26.2499,27.3356,27.7129,24.1249,32.2185,30.7687,31.6982,33.0433,32.3439,35.2084,34.5134,35.8959,34.3942,32.0717,32.5074,30.2582,30.5423,25.7201,27.9393,24.6171,23.7078,14.4136,13.7791,15.2153,15.992,9.2671,16.388,19.5182,18.3981,17.5616,11.4601,12.9986
-8.26610859825817,40.2817205917042,0.0138,23.8798,0.6126,1.0,0,-0.4366,2.8396,3.5397,4.4912,4.9889,1.0019,0.636,2.8763,2.7004,0.5324,2.2427,3.1136,7.7429,7.7599,8.6856,1.7823,5.0297,1.0548,-2.9344,-2.2222,-0.4028,-0.5099,-6.0186,-0.8752,11.3821,4.6176,5.0127,4.5193,6.1429,6.6958,11.7922,7.634,8.8191,10.1451,7.1132,13.2873,14.653,17.1704,14.3415,11.6932,11.0356,6.8741,7.1821,6.5681,9.4842,10.7723,6.1916,15.9845,15.2933,23.5643,22.1088,21.3887,25.2931,25.2175,22.5996,23.8303,31.5772,33.4378,34.7796,35.9688,35.0273,37.1519,37.7476,40.6528,40.6077,39.7098,38.5076,37.1883,40.041,38.5907,33.0617,29.1489,34.576,30.6547,34.4458,39.3981,38.828,42.7702,39.8147,39.8543,38.5184,37.4713,37.7894,36.6937
-8.26583910367293,40.2817205917042,0.0098,-3.1439,0.5982,1.0,0,7.7353,1.3082,0.3357,-0.5832,-1.1219,-4.6776,-3.404,-3.4409,-1.257,-3.7147,-6.6039,-8.3906,-3.6361,-15.6083,-17.0637,-17.0917,-19.7572,-12.1562,-18.3008,-19.2259,-16.4659,-17.4755,-8.9197,-10.6221,-5.4075,-7.1742,-10.8945,-11.1654,-11.8496,-4.9555,-8.4721,-9.8861,-4.2071,-3.9609,-4.3838,-2.4239,-0.5998,-2.0353,-5.7988,-9.171,-10.7951,-6.2668,-2.7028,-0.5972,-0.1669,1.341,-6.1251,-3.8992,-2.8939,-0.8004,0.2357,-1.1892,2.7046,2.8393,-0.4791,-2.7151,-10.5018,-5.6509,-5.4059,-6.1002,-5.4736,-10.245,-8.3034,-7.5886,-9.6516,-2.9287,-7.054,-2.416,-8.2134,-15.7187,-25.0184,-33.8357,-32.5414,-33.8994,-30.3952,-23.1024,-22.0058,-18.0128,-16.5287,-14.2239,-17.0827,-18.4414,-21.1054,-24.3964
-8.27095950079242,40.2819261819763,0.0135,0.8804,0.4593,1.0,0,-2.2035,0.43,4.9585,3.0774,-0.4187,1.5958,-1.417,2.0984,1.342,2.5977,-1.34,-4.4783,-2.1472,-9.0177,-8.5871,-9.557,-8.9924,-8.9832,-8.8464,-8.3338,-4.5459,-5.1725,-1.98,-2.1795,-2.0861,-3.6214,-3.0137,-2.5646,-0.1768,-0.7237,-2.1774,-4.5442,-5.9467,-3.5952,-5.3907,-6.7277,-5.2356,-5.6795,-4.7379,-4.78,0.4292,2.0213,1.7405,0.2647,-2.8743,-1.9459,-5.7702,-6.991,-8.8972,-10.8862,-9.4864,-5.2024,-5.1392,-1.7011,-2.5719,-2.0109,-4.3483,-6.6088,-12.0084,-14.3021,-12.4569,-11.4789,-13.3582,-14.8961,-14.098,-15.8072,-15.2316,-12.7367,-14.1685,-14.8899,-13.7624,-14.7051,-15.2016,-11.9795,-13.0841,-11.0197,-9.5089,-8.7253,-7.1963,-10.2001,-5.814,-11.9677,-12.1043,-13.5169
-8.27069000620718,40.2819261819763,0.0129,-1.1871,0.4443,1.0,0,0.409,-5.6533,-5.5998,-2.3469,-6.0505,-5.0569,-6.878,-6.183,-5.7625,-5.6046,-5.827,-10.6429,-11.0768,-10.5189,-11.4836,-12.5337,-11.1509,-13.3201,-10.288,-11.5763,-10.0501,-9.6319,-9.2149,-9.9233,-8.6358,-11.1427,-13.284,-12.4785,-16.0786,-14.5561,-14.1582,-14.8988,-19.3844,-20.4152,-24.3304,-25.5725,-23.3573,-23.9334,-30.5407,-30.0087,-28.8557,-24.4833,-21.7212,-17.8525,-20.9429,-25.3942,-23.2156,-25.3492,-23.7288,-24.1031,-27.8591,-27.0386,-24.7405,-22.4279,-19.4594,-16.4702,-15.0686,-18.3681,-22.9725,-22.99,-21.7019,-22.6192,-18.8767,-20.0888,-19.1888,-20.2865,-19.7734,-20.002,-20.1635,-20.7924,-19.9532,-20.831,-23.7523,-23.2124,-22.109,-20.3487,-20.1432,-18.9588,-17.112,-18.7,-18.4022,-18.9957,-22.022,-20.5968
-8.27042051162194,40.2819261819763,0.0133,-1.5411,0.4443,1.0,0,-1.8342,-4.5824,-6.6662,-7.2537,-8.2989,-7.6134,-1.2096,-3.3097,-2.8078,-3.2109,-3.5221,-1.8414,-4.3786,-2.4708,-1.4768,-1.1076,-2.0173,-1.3874,-2.2169,-2.2229,-4.3439,-2.7782,-4.5354,-3.9558,-0.3948,-3.3643,-5.6373,-6.0717,-6.6561,-5.0904,-4.15,-1.3468,-1.2447,-1.8841,-4.4304,-6.2688,-4.5759,-4.2532,-6.5307,-6.7095,-5.19,-2.2087,-2.3512,-1.1187,-1.9632,-1.4676,-2.1497,-4.8379,-3.5496,-2.9473,-2.137,-2.8964,-2.6638,-2.3737,1.4494,0.1024,1.5779,-0.5731,-2.7763,-2.2799,-0.9755,-5.5424,1.9163,4.4761,-0.3,4.8833,1.4398,4.071,4.0572,-0.8734,1.9513,-4.757,-5.1694,-7.6952,-4.8336,-5.2132,-4.8362,-4.6716,-2.5973,-1.7886,-1.3162,4.8973,-0.726,2.2233
-8.27015101703671,40.2819261819763,0.0165,-2.3589,0.4498,0.8853,0,-0.0525,-0.7515,-1.5585,-1.6642,-4.6789,-0.6178,-1.8163,-1.7944,-3.3848,-0.2597,-1.0073,3.4369,0.6496,3.9766,8.8421,6.207,5.8875,7.121,6.6436,10.3595,9.3896,9.3322,9.5314,8.6415,8.0394,9.0077,8.5206,7.4824,7.5535,7.8912,5.8648,7.6714,9.2526,5.5196,5.6776,7.3729,3.3773,5.1838,-2.9659,-7.1725,-7.9027,-5.3037,-7.1898,-5.5419,-6.1802,-3.4828,-2.8077,-3.8679,-4.8874,-2.5269,-3.893,-3.5207,-2.7267,-1.4762,-2.1828,-4.898,-6.9124,-4.9239,-4.2873,-5.6907,-6.7881,-9.256,-5.8124,-8.569,-2.0561,-6.1385,-2.5902,-5.7296,-2.0074,-2.1853,-0.2375,-3.0225,0.1215,-2.1379,-4.4541,-3.5223,-1.6258,-1.5953,-2.1538,-2.1299,1.9071,4.8718,4.8476,2.0297
-8.26988152245147,40.2819261819763,0.0171,-17.3634,0.4535,0.8541,0,0.0456,-1.1968,-0.4142,-2.7099,0.2386,-2.3147,-1.4319,-2.6332,-3.3633,-2.0582,-2.4646,-5.1143,-3.3927,-4.1018,-4.8782,-3.8054,-4.1139,-1.8718,-1.1613,-3.0332,-2.7467,-1.5732,-2.6054,-0.9909,-2.9129,-2.0493,-2.7602,-5.1732,-4.3186,-1.4966,-3.0988,-2.5943,-3.2565,-1.4893,-5.5326,-2.2007,-2.5125,1.2128,-6.6542,-11.3432,-11.1074,-9.776,-10.9939,-12.363,-15.3542,-13.0153,-12.888,-11.748,-11.6852,-14.7007,-14.1466,-14.0439,-16.4524,-16.5879,-11.0877,-13.1421,-12.9553,-7.8981,-7.013,-8.4836,-9.8243,-10.1682,-9.0624,-12.1033,-7.3586,-13.5414,-7.1867,-13.2871,-11.3693,-12.7779,-16.5382,-20.6376,-20.0943,-23.1386,-24.3467,-22.2143,-22.5638,-21.4653,-19.4701,-20.0002,-15.9305,-14.5041,-7.9914,-12.2439
-8.26961202786624,40.2819261819763,0.0219,11.9607,0.4559,0.8587,0,-1.4208,-0.5622,-1.7572,-5.8084,0.0716,-2.1352,-4.4819,-5.7406,-6.476,-6.4297,-7.4879,-9.8052,-7.2515,-9.5085,-8.9895,-8.5,-8.1045,-8.1086,-8.9101,-4.0551,-4.6073,-5.0829,-3.4802,-5.2453,-5.2073,-6.0696,-7.6964,-5.2168,-5.4006,-1.2021,-0.9457,3.3678,1.6132,1.5994,2.277,4.7217,3.1337,1.6806,1.0572,6.1242,8.916,6.886,7.7026,6.5156,4.7406,8.4058,6.4536,7.5717,10.0387,7.9513,8.9724,9.2833,9.1307,9.5394,13.2956,14.8219,14.2838,13.8763,13.4381,13.7293,16.7569,17.0035,11.4951,14.186,11.6636,11.9889,11.8996,12.1329,11.0809,6.7202,7.3738,9.4094,11.332,11.9296,10.3913,11.6016,13.4076,12.0646,13.9849,14.3007,19.1814,19.2665,20.4692,20.963
-8.26907303869577,40.2819261819763,0.0154,6.035,0.4417,0.86,0,-2.7488,-3.2761,-1.6149,-1.0453,1.1152,0.6348,0.6528,1.3686,1.2645,2.4573,2.9761,1.6248,0.518,1.5563,1.0068,0.7615,-0.2661,-0.484,-1.6777,-3.0724,-0.8185,-3.8533,-1.9096,-2.3114,0.4801,2.7695,1.6707,3.6318,4.5089,6.1902,7.1119,6.8656,10.3658,12.2562,14.4294,11.8072,10.2483,12.2167,8.651,9.2757,5.1888,5.4011,7.8943,9.4527,9.4253,6.2402,5.6286,3.4705,5.3275,4.7281,8.0564,7.9513,8.3423,8.8168,8.3239,7.5774,9.0613,7.6077,5.0112,4.4108,2.355,3.3574,4.2291,1.9192,4.5577,3.9347,1.5476,2.4813,1.033,-1.1314,-1.2733,-0.1329,-1.373,-1.5832,-3.6356,-4.0628,-7.3221,-3.7129,-4.3204,-4.0475,-1.1231,-2.4099,-3.725,-2.4669
-8.26880354411053,40.2819261819763,0.0169,-6.0266,0.4564,0.8403,0,-2.0705,-2.1098,0.9698,-0.5211,-0.8707,-0.1499,0.7816,0.7726,0.7525,0.9423,1.6341,0.7129,0.0975,-0.8778,-0.0202,-1.8546,-5.4353,-2.6827,-2.6853,-2.2342,-2.5648,0.0977,-3.5498,-3.4681,-2.9252,-0.0962,-3.3152,-5.62,-6.6184,-7.1729,-8.8316,-9.968,-7.857,-7.2664,-8.0947,-9.1518,-8.7488,-10.0947,-10.4381,-13.5096,-13.5252,-10.947,-5.8067,-3.7363,-9.3529,-11.4465,-12.1461,-11.9978,-10.5654,-11.171,-10.242,-10.2058,-9.5729,-7.0781,-8.1875,-8.5976,-8.9458,-10.0193,-10.624,-10.0063,-10.6508,-9.8018,-11.3233,-11.2608,-11.6447,-12.8929,-10.5102,-12.8148,-13.1177,-14.5998,-14.901,-15.4515,-13.466,-12.1656,-11.5464,-13.7999,-15.9147,-14.4124,-14.2742,-13.8427,-18.8264,-22.1015,-20.4723,-20.5401
-8.26853404952529,40.2819261819763,0.0155,8.9893,0.4206,0.8889,0,-0.7849,-1.5544,-0.3919,-0.9725,-1.1845,-1.1192,-2.1902,-3.822,-3.6806,-3.948,-2.4614,0.667,-2.3494,-3.1446,-0.9414,-0.3394,3.0056,1.7145,3.9193,2.4204,2.0705,1.5096,3.2001,-1.1328,0.518,0.5481,0.6168,-0.2555,-0.4048,-2.7488,-0.656,-1.6195,-0.4954,1.8424,-0.7087,-1.8451,-2.489,-3.1631,-3.5258,-3.3,-1.4414,-0.2756,-2.7374,-4.7465,-8.8256,-6.2466,-3.8656,1.3161,-0.949,-1.8871,1.2816,1.1271,0.609,-1.2588,-2.9765,0.6965,-0.0476,-2.6768,-1.1172,-0.5933,0.2953,-0.5804,-0.4609,-1.2723,-1.7133,-3.8408,-3.8943,-3.1421,-2.037,-0.8639,-0.4308,-3.8802,-5.5262,-6.252,-0.3189,-0.076,1.4576,-1.6213,-2.7442,-2.362,-3.2807,-2.1689,0.7099,1.2412
-8.26826455494006,40.2819261819763,0.0168,2.3942,0.4428,0.85,0,1.3583,0.5919,-1.8935,-4.5172,-3.0519,-3.956,-4.1603,-4.9761,-6.5513,-9.6449,-11.4296,-12.5704,-12.6081,-9.2638,-4.6132,-7.4152,-0.868,0.1646,-0.1332,0.8151,-0.6468,0.9564,2.9815,-1.7353,2.85,4.1161,2.3264,2.809,5.2713,3.3876,5.8078,9.6883,9.339,7.1191,7.5067,8.0296,9.4776,7.6528,6.0547,10.5736,6.9437,6.078,2.6959,1.6488,3.7671,4.9854,7.5688,8.9391,5.7132,7.6838,6.0242,4.9358,7.876,7.2356,5.4489,6.5813,4.3489,3.4165,5.1547,3.5917,6.3693,9.1155,6.7089,7.235,9.0093,6.4563,10.2829,6.671,9.2127,7.1238,7.7648,3.2055,1.5367,0.5444,4.388,4.4525,5.5243,3.7837,1.1156,3.2435,1.3627,6.7951,1.3163,2.0022
-8.26799506035482,40.2819261819763,0.0161,-3.4023,0.4972,0.9803,0,2.4531,1.3234,-0.4108,-2.9341,-4.2569,-0.9305,-0.6083,-2.1659,-0.3485,-5.4451,-5.1287,-3.2075,-1.821,-2.0434,1.9786,-1.0369,-2.078,0.612,-1.7322,-3.0292,-4.7956,-4.0602,-3.0412,-1.4902,-1.9558,-1.3044,-2.2012,-2.3466,-0.8741,1.9579,1.0905,3.4137,3.2726,1.4962,1.9611,-0.1708,4.3557,2.8257,5.3215,0.3614,-4.4916,2.9436,-2.9627,-4.991,3.0517,4.4061,3.8733,2.6413,0.4153,3.6427,4.9593,4.6327,3.7205,3.8929,-0.2666,2.67,-1.0808,1.4079,0.2044,0.1043,-1.7853,1.8799,3.3644,2.5427,3.3987,4.5823,5.1966,5.7468,6.813,3.7047,3.8721,1.9236,5.4386,4.3794,5.9599,6.6755,6.294,5.1466,1.5606,-0.221,-0.4149,-0.4385,-2.0803,-6.1286
-8.26772556576959,40.2819261819763,0.0163,-13.5973,0.6081,1.0,0,2.0888,-1.7551,-4.0014,-4.8877,-5.1005,-5.4213,-11.0353,-10.7619,-10.049,-10.6486,-11.9295,-11.0606,-8.1938,-10.7471,-10.2817,-9.3673,-12.7199,-10.5166,-11.2882,-14.178,-16.8911,-18.6132,-21.1697,-21.9961,-20.2284,-19.7333,-20.156,-22.9665,-23.6946,-22.4603,-28.0915,-28.7186,-28.3035,-27.0208,-30.4959,-35.239,-33.4079,-30.8328,-37.9798,-42.0766,-36.9835,-36.9732,-40.0438,-40.0137,-42.2845,-42.0937,-40.2389,-41.5304,-39.3893,-43.8057,-42.7028,-44.8077,-46.2993,-46.1803,-49.192,-45.333,-46.0476,-48.0968,-52.4735,-52.189,-49.4494,-46.9209,-45.3686,-45.5863,-48.485,-49.0362,-50.5107,-52.9348,-51.4386,-55.0683,-56.9633,-58.7223,-58.0863,-59.9012,-61.216,-61.0793,-64.807,-60.151,-59.3385,-61.4293,-58.1288,-56.4609,-56.7223,-56.0429
-8.26745607118435,40.2819261819763,0.016,5.5579,0.4532,0.8687,0,2.3704,2.0248,1.3329,-2.0499,-0.3672,2.2819,-2.1466,0.7005,-0.2168,2.0492,1.8156,1.7811,2.9321,3.8214,3.6597,2.4364,3.2551,2.0864,1.35,-1.8106,-0.776,-2.6459,-2.8272,0.3082,0.4411,0.1264,0.2964,-3.8245,-4.853,-8.4286,-10.7433,-13.1207,-12.4957,-11.026,-9.6981,-10.2585,-10.1651,-11.6889,-13.4557,-13.8569,-10.2351,-13.3554,-10.1479,-5.4634,-4.5293,-4.1993,-6.9053,-3.5023,-2.1879,-4.5692,-5.0677,-6.9704,-5.004,-6.8429,-6.9034,-3.6748,-5.2769,-7.711,-8.4045,-3.9275,-6.6571,-4.3555,-3.8311,-1.9136,-3.4892,-2.9883,-1.8619,-4.8543,-6.1721,-11.3126,-8.9549,-11.174,-15.0339,-13.4326,-12.4561,-12.3758,-11.8287,-12.3924,-13.995,-13.4978,-15.9331,-17.2235,-18.6136,-17.5551
-8.26718657659911,40.2819261819763,0.0183,2.7593,0.4659,0.9251,0,2.4848,2.7275,2.9601,-1.5986,0.2723,5.9395,3.9772,5.4436,5.9705,5.7066,6.6055,2.834,5.0136,2.8307,10.1519,9.4534,7.7648,9.3721,10.047,8.4295,14.1439,13.8614,9.1803,10.2344,7.5433,7.4381,7.9018,6.3298,8.2737,9.977,10.1257,5.7585,5.2715,-3.0606,-0.5396,0.3711,1.9815,0.1895,-1.1187,0.2035,2.3789,2.2183,7.0148,5.3245,6.9405,7.681,5.1613,6.3262,6.9665,4.0801,4.4926,5.2593,5.7497,4.0107,2.3389,-1.0271,4.2962,4.1626,3.5255,7.1508,3.9163,5.6549,5.8665,8.1391,7.3987,9.2457,10.549,9.4712,10.1632,4.3845,5.647,6.1492,7.5288,5.1375,6.3005,4.4177,5.106,2.6274,1.8466,1.0469,0.4894,2.66,0.6891,1.1451
-8.26691708201388,40.2819261819763,0.0102,6.0605,0.4654,1.0,0,0.7934,-0.4503,-3.547,-3.0,-5.7361,-10.1576,-11.8049,-10.6355,-12.0862,-12.2087,-6.9997,-11.6518,-6.5735,-10.1311,-8.1928,-7.6444,-8.5216,-11.0851,-11.5838,-11.1922,-13.6629,-14.1422,-13.4143,-15.4087,-24.9219,-15.7858,-15.0162,-10.587,-7.2778,-0.8856,2.2049,-0.2846,-5.5561,-4.4989,-0.7638,0.4701,3.9555,3.2213,-6.4706,-8.8116,-11.9591,-14.3345,-6.3418,-2.5616,-9.0449,-5.8813,-6.4742,-1.0585,0.3941,-2.7856,-0.0624,2.5417,4.1458,4.3016,2.2253,-0.3577,-0.0395,-1.7857,-3.4744,-4.1185,-5.0117,-2.8987,-0.608,-2.1135,-4.9861,-6.0969,-2.4453,-2.6314,-1.6615,-3.1915,-4.0025,-14.7111,-9.3297,-9.9468,-14.4246,-13.1188,-9.6501,-12.6521,-7.3263,-1.5504,-5.1356,-4.9941,-5.4451,-7.1024
-8.26664758742864,40.2819261819763,0.0123,-9.1025,0.5889,1.0,0,3.9045,0.4456,-0.1688,-2.7622,-9.4429,-5.3171,-13.6994,-20.8722,-16.9024,-16.3874,-20.5415,-17.0292,-22.2717,-22.9672,-24.8126,-25.2348,-27.3122,-24.4197,-24.1061,-25.0988,-27.2974,-26.974,-31.1275,-28.5318,-33.7624,-37.9004,-40.2065,-37.1093,-35.5231,-35.0196,-39.6816,-39.973,-38.1938,-38.8187,-35.5928,-33.249,-32.4951,-33.1407,-29.0415,-27.2984,-29.1181,-34.2986,-32.0188,-36.065,-35.9646,-35.2084,-42.1168,-36.9223,-34.1015,-34.6999,-34.7308,-35.5532,-34.7984,-34.2098,-39.8912,-40.7741,-39.787,-37.5011,-33.2652,-29.1086,-37.5052,-35.5003,-36.4838,-34.7372,-37.616,-38.8205,-39.3255,-35.9578,-35.2282,-36.6388,-38.353,-46.3117,-50.2099,-50.6088,-51.5645,-48.4403,-51.4857,-48.7827,-55.2053,-51.4379,-53.0437,-54.3364,-51.5694,-54.1315
-8.26637809284341,40.2819261819763,0.0155,-8.6366,0.44,0.9587,0,8.7041,8.7611,8.4506,8.2529,7.1988,14.5614,7.3855,10.3434,12.9726,9.5867,9.3956,6.6238,9.3601,12.1331,14.4739,12.2553,13.2681,9.0159,11.7951,14.1215,16.0657,16.0687,14.5788,15.0508,21.3859,17.6098,14.085,13.5392,14.2324,9.9914,7.1718,7.1436,3.3047,2.8649,14.2857,12.2027,11.0255,11.0195,12.8789,13.3109,8.2198,3.6239,-0.5233,-11.6274,-7.2291,-7.6431,-14.1195,-11.4177,-8.6953,-10.4285,-9.0779,-9.9042,-10.1886,-9.1585,-9.975,-9.6763,-5.5506,0.2051,0.0651,2.3618,-2.5426,-2.2067,-4.6924,-0.282,-3.8186,-3.9097,-5.8021,-7.263,-3.9894,-1.1831,-5.7202,-3.2688,-1.4875,-7.6637,-9.7259,-6.3224,-6.272,-3.5618,-7.8628,-8.1121,-6.3625,-6.6522,-6.131,-4.6642
-8.26610859825817,40.2819261819763,0.0179,-4.7106,0.3889,0.8787,0,3.2879,1.6955,1.4935,1.2916,0.764,5.5197,2.3046,5.8638,5.8088,-0.9886,-1.1864,-1.7074,-1.641,-3.1503,0.0764,1.3178,-0.2857,-1.7194,2.2144,5.2506,5.3783,2.1353,1.3774,2.3483,8.1502,7.2459,2.7345,4.0872,9.3328,6.7162,4.7167,5.7614,2.3043,2.0798,5.9487,8.6202,8.6202,5.2471,5.2604,1.5762,2.0761,0.6185,-5.4601,-0.6421,2.5333,2.8335,3.6128,-2.3593,-1.9132,-4.2112,-2.7691,-1.2914,-3.7432,-0.7725,-1.1423,3.0532,3.6231,2.2725,-0.8796,-3.9347,-4.3848,-2.0898,-4.4974,-3.3298,-3.7087,-1.9025,-7.8101,-4.0187,-5.6021,-7.8026,-4.7189,-5.8569,-5.0938,-6.8048,-6.5784,-5.3414,-11.1613,-10.2075,-2.2133,-4.3385,1.3348,3.0478,-3.801,-1.6222
-8.26530011450246,40.2819261819763,0.0125,-13.7694,0.3292,0.9894,0,-5.1907,-1.7085,-1.6693,-1.6693,-1.1251,5.5378,5.5193,6.6577,8.1845,-0.0791,0.4925,-3.2632,-4.2786,-9.2108,-8.7153,-7.9555,-5.0943,-4.1906,-6.4406,-8.2938,-9.0639,-9.0639,-8.341,-22.6724,-22.3891,-26.5031,-19.5928,-21.3538,-31.3562,-26.3787,-28.3186,-28.9983,-26.5948,-29.9258,-27.2069,-30.6443,-30.3796,-27.8146,-32.7384,-33.7911,-29.7049,-26.8207,-30.7887,-35.8726,-40.6296,-44.7815,-43.6366,-33.7336,-34.9774,-36.3566,-36.4577,-38.1418,-37.602,-38.1091,-37.5924,-39.1305,-42.0488,-41.4692,-36.925,-31.4281,-31.1965,-33.4591,-33.895,-37.5446,-33.5118,-42.9769,-35.3078,-39.1731,-37.0213,-41.0755,-40.9044,-34.0162,-37.0805,-36.78,-37.699,-30.1405,-31.915,-34.4347,-33.2717,-26.4944,-27.1636,-24.265,-23.3481,-25.1396
-8.26503061991723,40.2819261819763,0.0115,-10.8182,0.4005,0.8551,0,0.9091,1.6733,1.1504,0.8814,1.1496,0.0901,-0.0916,6.2483,6.1137,0.8874,0.887,-5.3526,-5.8512,-14.3739,-14.6188,-14.4836,-14.8936,-11.8583,-16.9866,-15.6236,-15.4074,-16.4582,-17.0527,-17.0767,-17.3069,-17.1293,-17.5966,-18.2043,-17.5884,-28.0931,-28.351,-27.1432,-35.5021,-30.2168,-28.5382,-28.8871,-29.7395,-28.3597,-29.8892,-28.8597,-38.4735,-29.1058,-29.2701,-31.0879,-34.3869,-38.1207,-33.225,-38.8982,-32.2276,-33.5609,-27.1641,-25.6925,-32.9519,-31.4113,-31.7324,-35.6567,-28.0412,-27.4195,-23.6294,-23.7025,-23.8885,-24.3423,-28.1097,-30.1867,-30.0282,-32.4901,-30.9246,-29.7205,-34.0758,-38.9872,-37.0605,-29.6362,-28.5985,-26.4161,-31.3134,-24.3878,-26.1334,-21.1952,-16.6619,-16.8854,-20.3029,-14.7568,-14.1596,-14.5838
-8.26476112533199,40.2819261819763,0.0174,-11.0018,0.4184,0.8736,0,4.8731,1.5562,1.4077,1.1548,1.4815,1.2339,-1.3321,8.9466,4.6784,2.2826,0.9795,-6.5583,-6.5572,-17.9901,-19.4294,-29.3239,-24.6874,-22.3876,-27.3052,-24.9709,-23.8289,-21.8306,-25.4189,-25.6093,-26.2027,-22.5988,-22.3605,-25.5061,-27.1527,-30.4998,-28.7364,-23.2206,-23.7108,-19.1387,-21.4522,-23.9488,-24.7067,-29.9217,-25.4478,-26.3659,-25.9962,-23.6512,-23.7253,-24.5122,-26.9653,-27.8732,-26.662,-27.0645,-27.8304,-30.6076,-32.6545,-32.3157,-36.4385,-36.0768,-36.7969,-39.7205,-30.6409,-30.7396,-27.4714,-26.2767,-26.3841,-19.7883,-22.9615,-23.3541,-26.2962,-24.3597,-26.6277,-22.0998,-23.413,-32.4567,-31.015,-27.4239,-27.9059,-28.6401,-28.5817,-24.5516,-24.3495,-22.2187,-21.1263,-23.6272,-23.0431,-22.9412,-24.3089,-24.8064
-8.26449163074676,40.2819261819763,0.0204,6.2119,0.5047,0.9368,0,-1.2407,-0.5549,-0.8696,-0.5071,1.4307,1.4762,0.2503,2.4249,0.219,0.501,1.2429,2.6591,3.2247,3.2036,-0.793,-1.0698,4.5535,4.9273,2.5191,2.3755,0.9782,4.4239,4.5282,1.739,1.4531,1.0589,1.1268,1.0643,1.073,-0.0313,1.0088,5.2009,15.8773,19.3597,16.0702,11.2773,15.4351,17.2065,13.8933,15.5679,16.9379,19.1805,18.6504,18.8617,16.3764,15.5736,14.9946,17.0985,16.5315,13.5864,12.8083,11.6415,9.452,9.0712,7.3003,3.1145,7.681,8.711,7.0855,5.9699,8.7195,9.8637,10.9073,8.0039,9.4271,8.4624,10.3019,11.4078,11.1493,9.4899,12.335,7.3385,10.3373,9.8125,14.3347,7.1815,6.8102,4.2815,3.5551,6.8661,9.1144,9.8927,10.1063,9.7642
-8.27069000620718,40.2821317716232,0.0159,7.1154,0.4452,0.9842,0,1.5262,2.996,-0.1793,1.0804,-1.8792,-0.8031,-0.6754,-0.7256,-3.2531,-0.779,-1.9167,1.5692,0.7546,2.2861,1.7687,-1.0423,2.7543,0.5864,3.5303,4.7268,7.6067,7.9533,8.7289,6.7375,5.8965,4.4061,3.3793,3.7328,4.326,1.4301,4.5652,1.2919,-5.7387,-3.7501,-8.8044,-8.7294,-10.596,-12.9584,-18.5962,-11.5636,-20.5144,-16.2363,-21.7178,-18.253,-17.5796,-19.6532,-19.2055,-19.0358,-21.5747,-20.3308,-22.5009,-23.4175,-22.5026,-20.9737,-23.3735,-22.913,-20.5822,-19.4457,-24.5883,-22.8354,-20.0751,-16.9729,-15.0924,-17.2494,-15.7383,-18.5854,-20.6099,-20.8147,-17.2264,-15.5117,-13.4033,-16.3865,-15.8741,-17.4517,-16.4634,-15.3609,-10.8655,-12.8025,-17.3137,-17.7788,-16.3407,-15.7433,-14.412,-13.5602
-8.27042051162194,40.2821317716232,0.0125,-3.5159,0.4787,1.0,0,1.754,0.43,1.1819,0.7859,-3.0192,-1.5347,2.2353,-2.9229,-1.7427,-2.0464,1.4069,3.1477,-0.0436,2.1872,4.559,0.4823,-0.2857,1.8864,3.2629,5.8573,6.558,5.6084,3.6549,2.9156,-1.7391,-1.6269,2.0071,-4.1702,-5.0392,-10.1778,-7.7719,-5.9142,-10.8009,-11.9015,-11.85,-14.3033,-15.72,-13.635,-19.1506,-22.1697,-18.4642,-16.743,-18.9993,-21.5399,-17.4121,-18.0623,-12.4663,-14.636,-16.1507,-13.8761,-15.12,-16.2543,-19.4303,-14.8459,-15.0401,-17.9579,-19.1437,-18.7853,-17.815,-20.3695,-15.78,-20.0342,-20.6127,-18.7339,-18.4485,-17.0835,-18.7718,-16.8754,-16.483,-18.7072,-18.2816,-22.2253,-20.2277,-21.1382,-19.9956,-23.8807,-24.6157,-27.3377,-29.4814,-31.0979,-23.2852,-22.0732,-21.8129,-19.2033
-8.27015101703671,40.2821317716232,0.0169,-4.3273,0.4396,0.903,0,0.6303,2.5734,1.0744,1.3217,-3.4232,-1.0022,-0.6719,-3.9209,-1.8743,-1.994,-0.2242,1.4859,-0.696,2.0549,4.604,0.4991,3.6991,4.6941,4.3641,8.2149,9.1846,10.012,10.2324,9.4014,9.9084,10.2706,10.9309,10.689,8.676,7.7601,13.4445,16.7126,12.3528,10.3254,13.5696,13.7186,14.4309,15.8992,17.3842,11.2482,13.619,18.6658,13.7141,11.6166,14.1685,16.0116,18.4143,18.3253,18.0834,18.2858,15.9782,16.2653,15.6333,16.5055,20.4964,16.4588,15.1599,19.4634,20.4408,18.5225,18.9601,16.982,18.8529,17.6154,21.5039,15.8501,21.7618,18.1896,20.4579,21.5936,20.431,20.6727,21.8356,20.9655,20.6002,19.3635,20.0502,18.7773,12.4681,12.3313,15.6331,19.251,21.847,20.3542
-8.26988152245147,40.2821317716232,0.0169,-1.8962,0.4153,0.8813,0,-2.2422,6.9992,8.1993,1.8526,1.0919,4.177,-3.2942,0.4631,1.1592,1.3079,-1.1255,1.726,2.1918,1.2348,1.847,-1.5207,-3.6574,1.9783,-4.66,-2.1625,-4.1418,-4.8881,-3.5155,-2.9037,-4.2597,-4.2967,-4.1515,-0.5041,1.4134,2.4486,1.9141,11.0066,8.8371,12.9929,12.9007,12.6533,11.1357,9.8953,5.3989,1.0766,0.8446,-1.9132,-6.3348,-6.1921,-1.9272,2.5756,2.3818,-2.3054,-4.1496,-6.8506,-6.7936,-8.8725,-10.6921,-9.7593,-8.1396,-10.961,-11.6933,-9.8709,-10.0848,-7.9723,-12.322,-12.0743,-9.5586,-4.4815,-5.0628,-7.7339,-2.5859,-2.772,-4.7327,-6.403,-8.5612,-6.3349,-12.3212,-15.3327,-17.2734,-13.1469,-14.9398,-14.5444,-19.3402,-23.0253,-25.2421,-27.0706,-26.124,-26.3654
-8.26961202786624,40.2821317716232,0.0171,7.864,0.4687,0.8818,0,3.8401,-2.3705,-1.5199,-1.2543,-0.3712,-1.4215,-4.8064,-6.6614,-6.9876,-3.8352,-2.7617,-3.125,-1.4533,-3.7694,0.8659,-0.0162,-0.5494,1.7919,-0.5457,2.243,4.1468,-1.2828,2.965,0.9075,1.4941,0.9618,-0.259,1.8822,0.2787,4.3626,5.8542,8.0592,6.6727,5.9358,7.9064,7.3412,7.9165,7.1919,8.864,7.6685,7.9482,8.3941,7.1496,11.3295,9.945,15.0777,14.4186,22.4302,22.7587,26.8698,27.1553,29.3088,29.9658,32.4636,29.9677,31.2841,30.8969,29.6862,34.5772,31.9851,32.6086,32.9068,34.3319,35.6143,36.19,38.0067,37.4029,36.5986,35.4081,25.8562,29.2363,28.445,26.7756,25.32,23.7092,26.0323,23.3731,21.8917,23.3087,23.9372,23.558,21.4878,25.0785,22.9919
-8.269342533281,40.2821317716232,0.0165,-3.6603,0.4505,0.928,0,-0.5828,-1.9483,-3.3602,-5.6642,-8.4208,-5.7706,-6.6445,-4.5518,-3.538,-4.1858,-3.9693,-3.6293,-2.5969,-1.33,-3.0924,-2.5841,0.253,0.6302,3.0227,4.6382,8.5982,5.0596,9.5222,7.4245,9.0844,8.0064,6.9535,6.3373,4.0013,8.4686,8.9184,9.0037,6.1373,4.9099,6.8101,8.008,7.6429,8.2798,10.737,14.0901,9.3654,9.0513,10.7264,13.8136,13.4609,17.0576,17.091,15.9837,15.4885,15.0949,17.5033,18.8346,18.0266,19.9343,20.4559,19.466,18.5414,17.0086,17.472,17.1365,16.2409,21.1724,22.9308,29.8287,23.602,29.5919,23.9751,27.3812,25.1959,27.1674,25.546,25.084,24.5307,24.494,24.3079,21.364,18.1358,17.4231,16.4267,16.9205,15.3402,17.1424,14.9587,14.5548
-8.26853404952529,40.2821317716232,0.0162,-2.2593,0.4403,0.9157,0,-2.333,-4.3039,-2.834,-5.2266,-7.1927,-7.8801,-1.1632,-3.3621,-4.4049,-8.2015,-3.5804,-1.8102,2.0938,0.8164,1.7214,2.6876,5.6353,4.3568,3.6496,4.1119,4.1782,6.3964,7.1207,5.3352,5.3677,7.501,12.5805,10.8696,11.7984,8.7479,7.7428,5.854,7.0384,0.6085,0.2734,-0.6823,-1.862,-1.2347,2.1396,3.0832,1.9879,5.7885,4.1158,6.3308,1.52,4.0166,6.9667,6.881,7.3616,4.5702,6.4176,7.7078,4.3262,8.0148,11.0637,8.241,5.0362,7.1975,5.5199,6.7621,6.8405,5.257,5.9877,2.7658,4.1479,4.5158,3.165,3.4914,4.6413,5.4193,5.7619,5.3916,3.7714,3.0818,4.0122,3.6396,2.8548,3.6851,3.3409,2.5105,4.7775,0.5629,4.3014,2.8402
-8.26826455494006,40.2821317716232,0.0172,0.3684,0.4561,0.8844,0,-0.3662,-0.9645,-1.5721,-4.0462,-3.3196,-4.9686,-7.664,-6.5058,-8.6783,-9.8885,-9.9624,-11.4553,-12.0425,-15.0523,-10.1749,-13.1833,-8.5248,-7.2527,-9.2787,-10.0306,-12.9094,-13.297,-6.8365,-11.5238,-8.5119,-10.0771,-12.7231,-11.9838,-12.7192,-13.2905,-13.4322,-11.1363,-10.9284,-9.8332,-9.2311,-12.085,-11.623,-13.0417,-11.7,-11.3117,-14.3494,-15.2969,-15.7364,-16.6061,-15.42,-14.1215,-16.8001,-16.6348,-15.83,-18.3152,-21.9171,-19.9718,-23.2841,-20.974,-19.8774,-21.3372,-19.5051,-18.7613,-21.3639,-21.919,-21.462,-22.9182,-25.666,-26.0589,-26.9477,-28.7069,-25.381,-27.0529,-23.9782,-28.085,-28.8939,-27.8083,-31.2288,-31.2111,-32.4637,-31.9889,-30.0862,-31.354,-33.6148,-33.4821,-34.8353,-34.3304,-33.1744,-34.0706
-8.26799506035482,40.2821317716232,0.014,-4.6391,0.504,0.9589,0,-4.8988,-6.5945,-7.8837,-14.3574,-14.3734,-13.2328,-14.7292,-15.7974,-15.054,-14.0714,-10.7839,-13.3,-9.9565,-11.8095,-10.6649,-10.8276,-9.9282,-10.9353,-12.1243,-8.0825,-11.3004,-13.4433,-12.6566,-11.8452,-11.837,-13.6587,-14.9111,-14.0538,-11.8002,-10.7542,-8.5239,-7.9023,-11.6895,-10.6461,-12.578,-7.4018,-4.1283,-7.0632,-8.4999,-7.5585,-6.298,4.4088,-4.4716,-4.7683,-5.5442,-5.9906,-9.6087,-14.4769,-10.955,-9.533,-14.9824,-14.7974,-14.8375,-14.7922,-15.5461,-14.5985,-15.2041,-14.421,-17.8085,-20.0201,-23.9918,-18.6075,-19.9066,-17.7513,-17.8569,-21.2066,-16.1354,-19.5394,-17.3243,-22.5867,-20.8758,-20.4624,-21.7943,-20.8041,-22.4103,-21.3161,-19.9376,-21.4558,-21.7233,-22.2176,-20.7083,-19.5273,-20.3104,-21.7324
-8.26772556576959,40.2821317716232,0.0147,-22.3356,0.4754,0.9301,0,0.5569,-0.21,-1.1784,-2.1352,-3.3835,-5.8538,-8.3457,-6.0292,-4.9218,-5.9145,-1.5047,0.5455,-1.5626,-4.2227,-3.5065,-4.3982,-7.037,-8.048,-8.5044,-4.25,-8.3498,-10.6778,-10.4731,-11.8487,-9.2041,-13.1715,-13.4151,-13.9661,-13.4949,-13.2966,-16.6015,-20.2669,-17.2986,-18.5267,-20.9645,-14.508,-11.1342,-10.376,-11.3847,-16.2831,-14.6101,-14.38,-20.0821,-18.1154,-22.0001,-22.9028,-24.1272,-23.9686,-21.9339,-24.1594,-25.8717,-31.0296,-35.6717,-36.7997,-35.6802,-31.8618,-33.0118,-32.5398,-32.3503,-32.5855,-35.7148,-33.8524,-34.8054,-34.7033,-36.9775,-34.3296,-35.612,-39.1745,-37.5735,-43.8593,-44.2359,-47.2006,-45.447,-47.4155,-46.269,-44.5429,-45.1101,-39.9309,-40.1608,-41.5488,-38.063,-36.9806,-35.9094,-35.7403
-8.26745607118435,40.2821317716232,0.0147,2.542,0.4464,0.8651,0,4.9438,2.1684,1.7477,0.2351,-2.3168,0.1876,-0.1343,-0.3796,-1.1521,-0.5787,0.6137,-2.1129,-2.1714,0.5792,1.2894,-0.5027,-3.7356,-6.0281,-5.7749,-10.3148,-11.3206,-12.4987,-8.7607,-7.4887,-7.1952,-6.993,-6.9714,-9.3903,-9.4054,-8.8354,-9.7373,-8.75,-7.8291,-8.4677,-8.2911,-6.5416,-5.2725,-6.7804,-6.6849,-7.4894,-8.2955,-10.7297,-6.0581,-5.3962,-3.8892,-3.8702,-5.5723,-2.8136,-3.5341,-2.7714,-4.6232,-5.3083,-2.511,-1.358,-2.6359,-1.8992,-2.7184,-4.6994,-5.3434,-6.7835,-7.5994,-7.3868,-6.1786,-8.0577,-8.3474,-7.8366,-8.3063,-11.2261,-10.3331,-15.0257,-11.7601,-13.0769,-14.7844,-16.4358,-17.1217,-14.7075,-14.4458,-20.4845,-20.6524,-19.2252,-20.733,-20.0832,-20.7197,-16.1947
-8.26718657659911,40.2821317716232,0.0165,3.8941,0.442,0.8888,0,-0.7753,4.3715,5.9138,7.6695,5.5459,1.5118,3.623,5.2212,6.2376,7.8113,8.1267,8.0117,9.631,8.98,9.0879,8.7585,7.5259,5.6323,4.3379,2.1687,4.1865,4.7956,10.5013,7.8044,8.0272,8.5538,8.5806,7.6393,8.8262,6.6154,10.3357,9.6386,6.3646,10.1116,5.5478,3.3433,4.3465,3.8797,1.9713,0.5731,3.0403,3.6864,1.5083,0.3507,0.5713,0.5147,3.5431,2.9278,1.0802,0.8711,4.1788,6.0351,5.2533,5.7869,4.0504,8.4377,5.6848,2.1851,-0.305,0.6777,-0.7821,-1.7398,1.6292,-1.5249,4.5835,-1.7687,-3.9362,-4.2282,-3.7307,0.4947,1.4013,5.2684,1.4839,2.801,3.7724,1.6856,0.6571,0.4135,2.7322,1.585,-0.2752,0.7174,2.568,4.2332
-8.26691708201388,40.2821317716232,0.0175,7.4619,0.439,1.0,0,1.7963,2.4289,5.8622,2.0167,-3.1976,-8.6079,-0.4708,-2.6031,-3.7507,-0.8421,1.7099,0.8176,-4.8905,-2.8581,-3.587,-5.1139,-6.2031,-5.2709,-2.4887,-4.9768,-1.6634,-4.4823,-4.9108,-3.4774,-2.2623,-0.4932,0.3438,4.0453,12.8212,10.1373,6.8563,2.961,4.2113,7.5386,9.2302,8.2075,7.9953,6.6482,10.4072,6.3007,13.1947,12.0784,17.5883,20.7432,17.4122,17.1898,23.2126,15.9238,16.4979,22.4268,18.69,16.911,16.4664,16.7232,13.877,14.7773,14.6445,12.0062,13.9971,14.2874,20.8856,16.9507,20.1328,18.0149,22.4907,18.7875,18.1045,17.3408,18.3355,16.3405,12.8598,14.8267,14.9759,17.8251,16.9824,17.1436,14.7719,11.184,13.879,16.0938,13.9569,18.4597,20.5685,16.7978
-8.26664758742864,40.2821317716232,0.0142,-5.0417,0.4849,1.0,0,0.3019,2.0414,4.0936,3.7724,2.7732,-4.2061,1.498,-0.3433,-2.3372,0.7275,2.6093,3.2019,5.3617,8.0436,5.6727,4.4972,7.5356,6.127,7.8105,6.179,6.4698,8.3556,8.739,7.9037,7.4525,5.3654,5.7777,6.5569,11.8127,5.1465,3.2349,3.9234,2.1174,3.2096,10.0889,11.5103,10.4234,10.4936,9.4703,10.497,11.2033,14.554,15.4856,12.3911,10.5853,11.3148,10.2557,9.9175,8.7629,12.8556,11.1241,12.6831,13.953,14.7623,12.6362,10.0476,14.128,10.3299,7.2143,8.5308,11.94,11.198,8.4802,6.9806,5.4442,2.0486,1.8308,0.2947,0.0641,2.5135,-2.9372,-2.2528,-4.7753,-0.0725,-1.5499,-4.2581,-6.5439,-10.6854,-7.7799,-11.1608,-10.5581,-11.4563,-13.2186,-13.8354
-8.26637809284341,40.2821317716232,0.0146,-28.0754,0.401,0.9651,0,4.4966,8.0854,9.0165,8.7068,7.5564,4.6791,4.84,2.6802,2.4057,2.733,2.3262,-6.6079,-1.2078,0.3734,-1.7235,-1.3062,-1.4531,-4.9382,-4.2855,-3.0141,-3.5754,-3.4268,-2.0229,-1.9638,-2.9185,-7.8028,-7.8785,-13.1788,-19.5329,-24.9244,-29.353,-31.2955,-33.3476,-31.6285,-24.748,-26.0272,-25.1509,-24.6637,-27.1001,-26.219,-34.7709,-39.3181,-38.9488,-39.2891,-36.1053,-34.8439,-39.6145,-42.7661,-45.484,-45.9803,-44.2907,-41.2322,-40.9934,-42.5038,-38.9512,-40.0742,-40.1241,-41.6646,-43.1976,-42.9195,-43.3141,-48.964,-45.002,-45.202,-46.2054,-47.1884,-47.0159,-47.9642,-47.9828,-49.2476,-52.2402,-47.7983,-53.8437,-56.3292,-62.7085,-62.8843,-64.4972,-68.2182,-60.6541,-62.6562,-56.815,-54.6376,-56.9545,-55.9711
-8.26610859825817,40.2821317716232,0.0143,9.0208,0.4849,0.9692,0,-0.6283,0.9382,4.1358,2.5561,1.5648,3.9197,-1.2081,1.4704,0.1849,1.5278,3.0096,3.1385,1.2703,5.4143,1.0757,2.8553,4.4138,3.5463,4.5101,6.0249,-1.8144,-0.6144,-2.6708,-3.7222,-5.4269,-1.3941,-0.725,1.0154,6.1778,5.5354,1.2547,4.4263,0.3256,5.3237,11.5853,12.7608,11.7997,9.6263,10.2637,9.2629,11.581,6.2776,11.8964,16.9714,18.2787,23.9805,30.6029,24.2678,24.5539,26.5617,28.6505,29.5146,30.8574,29.7873,27.9456,26.2881,25.6876,24.8847,24.3784,25.1482,25.9708,26.518,27.4046,26.7247,23.6146,23.1493,20.3189,21.5181,21.6547,22.9009,23.2541,27.1175,28.9531,27.9557,27.4152,27.7591,26.4101,20.9944,19.6612,21.5209,18.5443,21.1966,14.2648,18.2358
-8.26583910367293,40.2821317716232,0.0151,9.6733,0.4353,0.8748,0,-1.0255,-0.1184,1.6035,1.0484,4.822,0.6264,-1.2123,-1.0825,-1.3337,-2.1965,-4.8918,-0.7556,0.2096,-0.0523,-0.9663,1.6071,2.5777,2.6332,5.0237,2.0588,-3.3155,-7.4577,-6.5056,-5.2561,-5.3504,-7.893,-6.9612,-7.0271,-0.9745,3.0872,-0.0049,1.1633,-0.1018,-0.6591,3.6271,0.7321,0.664,1.2634,-1.8892,-0.2778,3.1546,-2.457,3.4922,4.8753,5.1575,5.0213,14.3012,9.8304,11.5007,13.8712,14.5007,14.545,14.6472,15.9579,14.5595,17.0025,12.7851,12.6034,15.6539,16.7048,16.3707,17.36,15.958,16.9599,15.8363,15.472,16.5888,17.2163,17.4832,17.9586,18.2533,18.5784,26.4814,27.4135,26.5593,21.8931,22.4385,20.1684,19.8208,20.5556,20.4145,20.1027,16.5171,20.7697
-8.2655696090877,40.2821317716232,0.0165,7.4432,0.4127,0.8986,0,-1.9723,-4.2309,-3.6005,-5.9967,-6.6475,-2.8119,-8.4553,-13.1076,-8.097,-10.9777,-9.9288,-14.4974,-11.206,-11.5672,-7.7601,-5.234,-7.9256,-7.2424,-4.4195,-8.673,-7.4106,-8.391,-10.6093,-10.4506,-9.1876,-8.7119,-8.8931,-14.1605,-13.3539,-7.5069,-5.9313,-4.1799,-3.7838,-2.9981,-0.6516,-2.1449,-0.8116,-2.7219,-2.4595,2.1915,3.0208,-0.4224,2.4827,3.0182,1.7779,1.5771,5.6985,3.6408,6.5219,3.2666,4.6696,5.2057,7.9008,7.9573,7.4311,1.346,1.7354,1.1338,1.1672,1.3935,2.2393,1.1996,-1.3648,0.8738,-3.936,-2.1379,-4.9167,-4.6445,-5.5879,-6.0761,-3.3484,-1.7046,-0.1575,2.2391,1.1488,-1.8816,-3.8531,-7.1955,-7.0491,-7.7751,-8.0693,-4.2078,-7.5439,-8.0537
-8.26530011450246,40.2821317716232,0.0153,12.3615,0.4771,0.9266,0,0.0186,-3.141,-2.6682,-1.8942,-2.4761,2.1435,-1.0112,-1.5403,0.9517,-2.208,-5.814,-3.4214,3.8874,6.4861,6.3458,8.884,6.9021,8.4042,7.8375,6.3733,5.8753,6.0676,3.3091,4.127,2.805,2.9713,1.3931,1.1545,3.5679,6.8525,6.3536,4.8262,6.0906,9.6774,11.1662,10.7568,11.1283,10.5878,13.938,14.1117,16.6081,16.8741,15.4236,16.9274,14.3523,13.3024,12.3602,12.2003,11.8688,14.8909,12.9345,12.8459,10.6395,9.8453,8.3249,2.5465,8.6627,6.2361,9.062,8.6446,7.5046,4.6907,3.8524,5.8434,4.8976,3.6968,3.8127,5.4122,4.0537,1.9416,5.2107,10.186,8.6745,12.7954,11.6688,12.6308,11.5769,9.7485,9.0047,6.402,5.5229,8.9301,4.9784,4.3423
-8.26503061991723,40.2821317716232,0.0131,9.467,0.4657,0.894,0,-0.2898,-3.8663,-4.6338,-6.3784,-7.0853,-3.7821,-6.9292,-4.5437,-6.5133,-6.5583,-4.7553,-5.0981,-6.5555,-3.7792,-3.0017,-6.3554,-3.59,-3.0341,-6.6316,-5.1797,-8.4341,-3.2556,-8.4998,-5.2612,-4.4841,-4.9234,-2.0823,0.6394,1.908,1.5115,3.497,3.9531,9.3038,9.0146,9.3535,10.1895,11.1735,13.2393,10.9479,11.0479,12.1008,15.534,14.0961,14.972,12.6628,12.0022,13.2067,10.7519,10.5893,12.643,10.3769,11.1844,9.5562,8.9924,6.9605,6.059,0.2184,-0.9541,-0.1267,2.1294,2.7488,3.2371,3.4505,4.9874,6.9952,6.9704,5.2017,8.2315,6.7673,5.6325,5.0896,11.2171,10.0099,12.8905,13.4625,14.5686,16.6664,16.8296,18.3242,17.3352,17.8759,17.3026,14.6061,14.5826
-8.26476112533199,40.2821317716232,0.0148,13.2172,0.4764,0.9364,0,-2.4755,-3.8468,-4.4312,-5.0737,-4.6101,-0.9147,-5.0608,-1.5009,-3.7506,-3.6096,-1.0694,-2.957,-3.065,0.238,-0.4721,-3.2311,-1.4214,-0.0766,-2.0788,0.0248,-3.9599,1.0095,-6.4276,-2.3401,1.001,-2.412,0.549,2.7569,4.208,1.6449,4.8027,5.077,10.1324,11.7917,10.724,12.0383,11.6432,13.6979,13.965,14.3419,15.3019,19.9009,20.2415,20.5613,19.9512,19.3724,20.4163,16.0494,16.3679,16.3501,15.5119,14.7987,15.7944,14.5654,13.1166,10.9516,8.9742,10.8545,10.5582,11.895,12.7949,9.7315,12.2381,13.6926,13.9821,16.1249,14.5575,16.5067,14.4544,14.5312,12.7388,13.1584,13.2123,13.7792,15.0526,13.6593,14.2554,17.9523,17.8636,17.4849,20.0004,17.8602,16.2739,17.8075
-8.26449163074676,40.2821317716232,0.0133,13.2206,0.4723,0.9396,0,-0.7704,3.3584,5.3594,6.466,5.8514,5.6246,1.0142,2.3791,1.3139,1.2296,4.3822,1.0874,5.1965,4.7344,1.7762,3.0726,5.3154,4.514,5.5501,8.8259,2.9714,3.8256,13.4193,12.2574,14.581,12.5968,15.3411,13.6833,15.1827,13.2542,19.5594,20.8325,24.2694,26.688,23.0083,19.9539,22.6679,22.2408,21.5011,22.4922,25.4219,30.095,31.8121,31.6382,32.2757,30.3228,31.5813,27.1682,25.2693,24.7364,23.719,24.7332,25.9766,27.2125,26.9474,26.6723,22.8243,24.8615,20.1817,19.2565,19.1134,20.6672,21.9695,24.3355,23.8017,25.6631,25.4982,25.0739,24.1027,21.526,26.1991,27.1789,26.8918,28.2436,37.3043,33.8563,35.156,38.7002,39.5442,40.3744,44.4258,43.7978,41.6469,40.4668
-8.26422213616152,40.2821317716232,0.016,9.5344,0.4869,0.8805,0,0.5425,4.2245,4.9766,5.0886,4.3959,4.2404,2.2774,2.4281,3.7093,2.7739,4.2211,4.0301,5.1402,2.4123,3.1719,1.0074,3.5453,5.1389,3.0025,3.7471,6.5465,3.8103,6.3628,3.2101,5.7924,10.2719,11.9079,7.128,9.28,8.1447,12.9915,12.613,13.1711,15.6066,15.0603,16.2011,16.641,16.0172,16.0405,18.4867,19.8173,20.018,25.0597,25.305,24.3937,22.4474,25.6328,22.1259,21.4636,22.3575,21.6034,20.8842,22.9354,22.8781,23.1921,26.2778,20.5953,20.4146,21.3197,22.4964,24.1862,25.2571,26.0171,27.1572,27.2458,28.1842,26.0577,26.3292,24.8542,25.9152,28.2557,30.5428,29.4683,29.0329,29.222,31.0811,27.7964,29.5923,31.5591,32.5947,33.9802,34.1966,35.153,34.3461
-8.26395264157628,40.2821317716232,0.014,2.609,0.4645,0.9004,0,-1.8922,-0.8177,0.9915,1.6936,2.28,1.8106,1.3661,-1.5047,-0.6046,-0.3754,0.2812,-0.3972,-0.7071,2.5174,4.5129,-0.0582,1.4618,2.9588,1.6133,2.4217,6.6625,5.0249,1.8332,-1.045,-2.1099,-1.7168,-2.2217,-4.0527,-4.6257,-3.8703,-2.2178,-2.1784,-1.8807,-1.0699,-0.8414,1.9946,0.9019,0.2226,2.0593,4.2623,3.2137,3.0229,2.454,1.6794,3.0278,1.0877,0.6169,-0.7801,0.8835,-0.8062,1.6216,2.2215,1.819,2.4163,1.7948,2.5275,1.9513,3.7106,3.9482,5.5078,6.5031,6.0062,8.6964,6.8712,9.3233,6.756,10.3925,7.743,7.559,6.3562,7.9678,8.9302,10.6378,8.957,5.5125,7.8967,6.4192,4.0113,4.814,9.0515,7.7749,9.5339,9.9136,8.7829
-8.27069000620718,40.2823373606448,0.0174,3.4719,0.4662,0.8634,0,1.0715,3.341,2.5541,3.6108,1.7341,4.1754,4.0235,2.6505,2.893,4.0944,1.2074,0.7024,2.2754,3.2503,3.0554,1.3262,1.5452,1.7845,0.9867,-1.7931,0.3163,1.83,1.2543,-2.814,-1.084,-2.5673,-5.9174,-7.7236,-7.1931,-4.5733,-4.6031,-2.3212,-1.2742,-0.6195,-1.3904,-2.4145,-3.3289,-5.2847,-2.486,-1.0453,-2.9381,-3.9342,-5.6243,-4.4152,-3.5118,-4.136,-0.0078,-2.3074,-0.4883,1.1043,0.5917,0.5428,-0.535,-0.0151,1.2355,2.7832,3.0477,2.9329,2.1118,2.1931,-3.3708,-0.4271,0.6444,2.5712,1.2769,-2.0396,1.4199,0.2265,0.5232,-0.5103,-0.2477,-5.6262,-0.118,1.2809,3.2777,1.3175,0.4742,2.6127,2.4548,-1.0564,1.1091,2.4951,4.0031,8.9028
-8.27042051162194,40.2823373606448,0.0151,1.2065,0.4756,0.9826,0,0.336,-0.7116,0.2336,0.3449,-0.8487,-1.1194,-0.8235,-1.2055,-1.1848,-0.761,-1.6895,-2.6053,-2.996,-0.395,-1.9077,-2.7809,-4.6813,-3.9924,-2.4052,-8.4426,-5.6533,-6.3516,-7.439,-9.5999,-5.9725,-7.0613,-9.0673,-18.9292,-19.0749,-17.5706,-14.0439,-13.2188,-11.3796,-11.8948,-10.0545,-10.1206,-9.7838,-10.7824,-10.5341,-8.8208,-6.7834,-6.8321,-8.1918,-7.0099,-7.3299,-4.6524,-0.3992,-3.6108,-3.9234,-4.8989,-4.1015,-3.856,-4.8368,-1.9832,-5.6779,-7.1043,-6.8199,-5.3041,-5.7649,-7.0793,-6.5546,-2.8292,-4.338,-5.4095,-2.9812,-5.8082,-1.5275,-2.5571,-3.7033,-3.7575,-6.139,-5.2175,-6.4395,-6.0792,-8.7965,-6.5574,-8.1409,-7.7603,-4.468,-5.7721,-5.3939,-5.1019,-1.9753,-1.8518
-8.27015101703671,40.2823373606448,0.0173,3.817,0.4351,0.9135,0,-1.256,-3.18,-2.0777,-3.4494,-3.6912,-5.2142,-5.3961,-5.4733,-5.0063,-5.1441,-6.9242,-4.3046,-5.6942,-4.9803,-2.7196,-2.6881,-6.403,-7.2983,-7.8097,-7.8764,-8.5463,-8.7567,-13.2229,-11.8207,-11.3292,-8.9151,-6.6662,-8.2039,-8.6927,-7.4261,-6.2275,-0.9394,-3.2888,-5.3242,-4.1613,-0.0596,0.6072,1.9726,-0.5398,-4.5423,-4.1687,-3.3184,-3.5893,-1.6474,0.3215,3.1492,2.4068,-0.686,0.5401,-1.3104,-0.5931,0.2622,-1.8151,1.5533,1.5819,-0.1983,0.5741,1.6874,3.6071,2.6573,0.5433,-0.0755,-1.2736,-2.9674,1.8268,-1.1004,2.4151,-1.7092,1.8142,2.444,0.8498,5.6816,3.4061,3.4975,2.3026,2.6168,2.8721,4.5689,2.745,1.0585,1.1645,3.2841,8.5714,5.883
-8.26988152245147,40.2823373606448,0.0169,-12.0146,0.448,0.8987,0,-1.2161,-2.276,-3.0972,-6.6274,-5.7976,-6.6098,-7.8288,-6.5619,-6.7143,-7.4489,-12.0628,-11.3307,-9.3373,-8.2519,-8.4043,-7.3632,-6.8855,-5.7706,-7.7879,-6.3315,-8.4549,-9.0794,-12.4341,-12.2935,-12.7593,-11.9321,-9.8936,-12.7085,-17.9901,-16.403,-16.027,-14.3127,-17.1127,-17.8705,-23.6087,-27.0157,-25.9403,-26.6409,-30.2903,-30.3302,-35.3842,-34.8625,-36.2161,-33.9916,-33.329,-30.6076,-30.2096,-33.6011,-33.3067,-33.2694,-34.0477,-32.2956,-34.4596,-29.6937,-25.504,-24.9251,-26.2849,-27.3822,-26.6776,-25.3293,-25.6077,-27.0684,-26.1498,-26.3417,-26.4601,-26.8513,-23.7617,-26.721,-23.6578,-26.1589,-27.9221,-27.0465,-27.9215,-30.7244,-30.9085,-31.2791,-30.75,-30.0675,-34.6428,-37.1465,-36.5651,-33.6865,-27.344,-31.4137
-8.26961202786624,40.2823373606448,0.0142,-6.4537,0.5138,0.9414,0,0.0845,0.8782,-1.7678,-2.5221,-2.1343,0.0052,-1.5885,-3.3011,-2.7366,-1.353,-0.1532,1.4134,-0.0722,3.0132,6.6448,5.8986,6.4128,8.3737,6.3567,3.7614,4.2793,2.0826,1.5715,-2.4547,-2.4698,-4.5448,-4.2106,-3.5776,-9.0286,-4.793,-1.3658,-2.3018,-4.4735,-2.0376,3.3531,2.8127,5.1272,5.4361,6.646,6.4855,6.8148,5.3694,1.1289,1.1034,2.3179,3.7192,4.5173,3.8905,2.5149,1.6255,4.7913,6.8576,5.5734,7.004,11.0314,8.3883,5.0238,5.6395,6.3186,7.012,5.605,4.0561,3.0494,2.0888,4.418,3.6802,5.1859,3.4126,6.4631,0.4342,4.1239,0.651,0.4471,-1.9415,-4.3778,-2.0467,-1.2806,-3.1241,-2.1962,-1.6181,4.7031,2.1108,4.5206,0.5736
-8.269342533281,40.2823373606448,0.0142,2.5507,0.4586,1.0,0,0.1906,-5.5911,-5.561,-7.4431,-8.3575,-4.5371,-5.4012,-5.2981,-6.6284,-6.0039,-4.8624,-6.2243,-7.6542,-8.9028,-6.9558,-8.4149,-8.1443,-6.7696,-5.3963,-4.8003,-7.5402,-10.4347,-6.706,-9.5711,-9.0511,-11.7333,-10.3479,-10.4475,-13.3934,-11.677,-10.7716,-12.4924,-8.546,-8.7762,-5.0445,-8.6701,-6.4615,-6.8041,-11.6482,-8.7594,-10.574,-9.7081,-13.2571,-9.6104,-7.4182,-10.846,-11.8324,-16.5878,-15.3768,-16.1217,-13.4358,-10.1903,-12.1216,-10.9087,-7.8801,-7.4864,-8.2714,-8.2133,-8.7594,-8.7804,-11.1968,-13.5184,-12.3983,-12.3678,-14.7238,-12.7063,-12.635,-12.8495,-10.4601,-9.0541,-8.649,-8.9364,-9.2988,-12.2145,-14.534,-15.9091,-15.4956,-18.7074,-16.8063,-14.8484,-17.744,-18.8019,-19.3844,-22.9961
-8.26907303869577,40.2823373606448,0.015,5.5791,0.4331,0.8872,0,4.8414,2.8104,6.4914,7.2699,1.5682,3.9322,4.1834,4.7521,5.3346,4.0091,6.3528,5.9235,4.5285,4.9483,6.6084,6.2968,3.4894,6.5945,7.3252,5.5592,11.9645,10.4661,13.5812,12.5584,13.1063,8.0349,10.6912,9.0288,9.6623,8.6494,8.543,7.3028,6.0503,7.7401,6.2789,6.0532,4.1393,5.0314,7.0134,10.9054,10.9753,8.7386,9.6607,10.2348,8.8158,8.0283,5.3669,1.6911,3.016,2.6726,7.995,6.1852,6.8184,4.2314,3.809,4.447,6.4162,8.4464,7.5861,8.872,6.5454,3.6491,3.0125,1.6737,3.6617,2.1495,3.5272,3.2455,4.4792,1.8632,0.365,1.0381,0.7528,-0.1923,-1.9669,-1.8361,-1.2369,-3.4041,-3.5654,1.5703,1.2416,4.4058,1.0776,1.9639
-8.26880354411053,40.2823373606448,0.0141,5.5911,0.4708,0.922,0,-0.9438,-1.8752,-2.5712,-2.5619,0.2922,0.2708,0.5391,-1.6617,-1.2405,-0.0934,-1.7843,-1.3275,-0.167,-4.166,-3.163,-6.5445,-9.0734,-5.9823,-6.5606,1.7092,-1.9825,-1.1415,-2.2651,-0.3882,2.2003,-1.8291,-0.7555,-2.2486,-5.7224,-4.9279,-0.4668,-1.9272,-4.5758,-6.3411,-8.1455,-7.6686,-6.8619,-7.6547,-3.5825,-2.7181,-6.7162,-8.4903,-7.0295,-9.1627,-10.0391,-11.106,-11.8665,-12.1759,-14.3293,-14.4937,-13.6059,-13.4828,-14.6886,-14.5459,-17.0679,-15.3273,-16.5358,-16.7275,-13.5001,-13.467,-13.7897,-13.4495,-12.6665,-16.6032,-14.6138,-16.2407,-14.869,-15.6952,-16.6125,-15.4588,-14.6053,-15.0316,-13.5624,-14.3566,-14.6746,-13.6573,-19.7114,-14.7146,-15.4008,-19.0284,-18.3633,-17.4659,-15.8383,-15.141
-8.26799506035482,40.2823373606448,0.0172,-10.6492,0.4572,0.9043,0,-3.1784,-2.5487,-3.0176,-3.286,-4.3561,-3.5395,-2.9273,-4.6687,-4.9049,-9.7782,-7.203,-5.4208,-5.9794,-7.6092,-9.8018,-8.0458,-9.3456,-7.7136,-10.0448,-10.7982,-11.6517,-12.7315,-12.3823,-12.9499,-13.7025,-12.0495,-9.9758,-9.3668,-8.2944,-6.1425,-6.5045,-3.9385,-7.285,-5.9225,-6.3694,-4.7096,-4.4837,-6.0728,-1.8593,-4.7885,-5.2433,-2.7714,-4.9532,-4.546,-4.5861,-4.167,-6.0388,-1.785,-2.5723,-0.8243,-2.5816,-6.0397,-5.1999,-5.401,-5.6144,-5.4177,-5.6573,-5.8078,-8.2552,-6.7094,-5.9734,-9.0427,-9.3468,-10.4724,-9.8106,-10.5562,-8.7105,-7.7382,-10.6047,-13.6786,-10.7687,-10.7729,-11.6554,-11.025,-8.3196,-6.6756,-9.1672,-5.0212,-5.0872,-5.1733,-4.1987,-2.9159,-3.8182,-3.6988
-8.26772556576959,40.2823373606448,0.0166,-9.3215,0.4666,0.8758,0,-1.5827,-4.6624,-6.1481,-7.3735,-8.7287,-8.1616,-8.3415,-11.8472,-11.028,-10.4864,-5.3672,-5.475,-5.9252,-3.5879,-6.0164,-6.4683,-7.8358,-4.69,-6.7664,-4.6078,-4.8311,-4.8058,-6.6698,-8.3471,-9.5893,-9.2386,-10.3833,-8.2647,-8.8775,-7.1395,-9.8583,-11.9381,-11.9088,-12.619,-16.8051,-12.8908,-12.4472,-13.0021,-11.8221,-10.3529,-11.1383,-8.6892,-12.125,-10.7185,-9.6149,-11.4353,-15.6448,-16.9515,-19.3411,-18.7844,-18.8485,-19.8819,-20.5429,-20.5014,-23.8344,-23.1478,-26.3114,-25.2191,-25.2667,-26.2227,-27.482,-27.6386,-27.8131,-29.7251,-33.8379,-32.5703,-34.7162,-33.2799,-33.8341,-32.3533,-32.4375,-31.9229,-29.1406,-31.1541,-29.998,-27.6858,-31.257,-27.0113,-28.3177,-31.0531,-27.0632,-31.4772,-28.2298,-29.8564
-8.26745607118435,40.2823373606448,0.017,3.3862,0.462,0.8733,0,0.4995,-1.6737,1.0974,0.3692,0.4225,-1.7025,-4.6846,-3.7512,-3.3947,-6.1428,-4.4246,-4.495,-4.2968,-4.2795,-2.6979,-4.1632,-6.3297,-5.7526,-8.1513,-10.3668,-9.7106,-5.7104,-8.9617,-6.3687,-9.5523,-10.3919,-11.1709,-11.4634,-13.0543,-15.3634,-14.9207,-12.2726,-12.3069,-10.0053,-10.6378,-11.0932,-12.6996,-13.9267,-14.03,-14.5984,-12.7111,-13.8645,-13.2425,-10.3758,-8.6103,-14.1038,-14.672,-14.3248,-15.2385,-16.7851,-16.1043,-16.6872,-15.406,-16.0583,-19.1435,-19.4076,-19.3175,-19.9277,-20.2206,-20.207,-20.8778,-19.3425,-20.5996,-19.3676,-20.9248,-18.2812,-21.9149,-19.9929,-21.7564,-18.0466,-18.4854,-18.8045,-18.3513,-20.1341,-20.7059,-21.6089,-24.4931,-25.2027,-25.9745,-29.6591,-28.3726,-30.3125,-29.9128,-29.4405
-8.26718657659911,40.2823373606448,0.0161,9.5908,0.4353,0.8969,0,-1.5935,-0.7925,-2.5135,-1.5262,-1.1112,-2.0335,0.8827,4.0111,4.1975,1.5779,2.8047,4.4762,3.3436,2.7959,1.5016,1.0809,-1.85,-0.5922,-1.6428,-2.2033,-0.0647,0.6961,-0.8595,1.1447,2.2148,0.8278,0.8006,-5.7312,-2.7049,-3.9195,-4.3378,-2.0421,-3.3014,0.1143,-3.0964,-1.8036,-1.0168,-0.9565,-0.0573,-2.174,-1.5026,-2.6936,-2.8836,-1.4901,0.47,-1.6001,1.8369,-1.0399,-0.069,-1.4615,3.1667,2.9797,4.7297,4.8775,6.9897,7.6004,8.7591,8.6522,6.9769,7.1853,7.3019,7.9808,6.5975,7.1409,4.7517,4.4179,5.0543,3.6701,2.8205,4.5618,2.1155,2.0734,0.7654,1.9527,0.3661,-0.5847,-1.2894,-1.9186,-1.602,-0.755,-1.3623,-0.2705,0.9181,0.2733
-8.26691708201388,40.2823373606448,0.0168,-7.0118,0.4759,0.9387,0,-2.047,0.4795,-0.2828,-1.567,-5.0161,-12.1899,-7.8998,-6.4479,-8.6666,-9.6022,-7.5995,-6.5247,-10.037,-6.9389,-9.354,-9.3735,-8.1377,-8.3319,-6.778,-6.9283,-9.9335,-8.4712,-11.9811,-9.4817,-7.5527,-6.0899,-5.6596,-5.8456,-5.1829,-5.6652,-9.8508,-9.5076,-8.901,-6.7548,-2.7567,0.6122,0.8308,2.49,3.5812,2.9317,3.1761,6.2473,6.8025,12.8925,8.8869,8.3056,5.5789,4.8948,10.2555,6.6436,8.5658,7.2063,6.0037,5.3958,4.9394,4.3986,1.6909,1.7887,0.4016,0.0967,3.0627,2.9386,1.0765,0.8125,-1.0503,-2.0369,-3.5039,-3.2602,-5.9919,-3.1457,-7.6806,-6.9129,-10.1943,-11.268,-13.0596,-12.4059,-12.126,-14.3762,-16.4328,-19.2743,-19.2433,-16.3338,-14.7207,-17.8079
-8.26664758742864,40.2823373606448,0.0152,-20.3719,0.4121,0.8415,0,-4.4317,1.613,1.1222,1.7021,3.2367,-1.1505,0.8006,-0.5352,-1.863,0.2711,3.3019,3.6595,6.0879,6.1216,1.939,1.6032,3.4485,-0.1634,1.3293,0.7567,0.3406,0.7046,0.5524,1.0907,2.2797,2.6972,2.4666,0.6581,3.0597,-2.4037,-6.4822,-5.26,-5.9778,-6.9639,-3.1712,-3.7118,-6.1011,-5.1431,-5.8252,-5.0869,-6.7273,-3.809,-6.6471,-5.6836,-9.0043,-10.093,-4.7153,-7.3763,-5.4404,-5.7278,-4.4212,-3.7731,-6.6801,-5.299,-8.4135,-8.5843,-8.6241,-11.2566,-13.2623,-11.7895,-15.5527,-15.9533,-15.048,-15.463,-16.0321,-15.704,-16.6833,-14.9716,-17.1937,-15.9762,-18.1345,-14.2936,-15.7728,-18.0258,-21.0198,-18.2941,-19.7171,-22.5293,-22.6426,-23.4163,-23.9698,-21.5761,-20.7329,-21.1458
-8.26637809284341,40.2823373606448,0.0137,-3.6934,0.3814,0.8151,0,0.0378,1.9663,2.8138,3.7752,2.4476,-3.9951,-1.1889,-3.4501,-1.9026,-2.0182,-0.341,-0.0122,-0.0411,-1.6999,1.4683,1.8251,2.089,-0.6741,1.1288,2.5985,1.017,-0.3592,1.0252,-0.6846,-0.3589,-0.5512,0.4022,-0.451,-0.4756,-4.1778,-3.1457,-4.7989,-3.6261,-5.9245,-4.5725,-6.1421,-6.3618,-6.1784,-9.4999,-5.934,-6.9081,-10.1154,-7.1798,-7.1496,-10.4888,-10.2491,-10.0993,-10.5476,-9.0591,-6.6822,-5.0057,-3.6357,-5.3396,-4.8251,-5.3711,-2.6143,-7.3647,-4.5865,-6.1929,-5.4512,-7.3782,-6.5068,-6.284,-4.693,-7.3849,-6.1654,-7.5021,-7.1125,-8.7076,-6.3765,-8.6024,-8.1747,-10.0322,-9.995,-6.9647,-10.2317,-10.2392,-12.0283,-13.1591,-12.1481,-13.846,-13.0711,-11.0495,-10.5376
-8.26610859825817,40.2823373606448,0.0164,11.344,0.4161,0.8439,0,-3.5857,-2.0681,-1.2892,-1.2255,2.5333,-0.8059,-6.8114,-6.2911,-7.0468,-5.8224,-3.0528,-3.7555,-6.7936,-4.4348,-5.8121,-4.6397,-4.7776,-4.5233,-4.8605,-3.9561,-2.3783,-3.765,-4.1441,-7.8672,-7.8231,-9.523,-8.0017,-6.9726,-0.7587,-1.2481,-3.4426,-4.5149,-6.3246,-5.3694,-3.6523,-5.8893,-4.7776,-4.4442,-10.128,-8.1693,-1.7159,-5.3041,-4.9469,-3.7461,-1.9346,0.2396,-0.2317,-5.5779,-1.3012,-4.6166,1.6112,2.2315,3.5255,2.0665,-0.78,4.0438,2.1001,1.2124,-0.5944,1.202,0.6011,-1.1082,3.1402,2.579,2.2401,1.4763,0.9796,4.1497,4.0204,10.0602,11.0286,9.9744,10.9299,13.972,14.1232,14.3347,13.8383,16.398,18.9945,20.6884,21.7008,20.873,22.0779,27.4357
-8.26583910367293,40.2823373606448,0.0122,14.9546,0.4953,0.9078,0,-1.0225,-2.2548,-0.7927,-2.0281,-0.5431,-1.2258,-5.3004,-9.8681,-6.2692,-7.0699,-9.2007,-10.3175,-11.832,-12.2087,-9.3596,-9.3745,-8.6856,-10.4308,-12.2307,-12.7538,-13.3981,-13.5758,-13.2808,-18.4793,-14.4779,-17.4418,-16.7254,-15.897,-10.047,-8.943,-10.2508,-9.0651,-8.6544,-7.235,0.9166,-4.6353,-4.8942,-4.9219,-1.8344,2.5275,5.0564,3.5418,8.3366,9.7555,11.141,10.5522,13.2671,6.2474,7.9619,11.4933,14.1075,14.6772,12.15,13.1909,9.227,5.65,8.2897,7.0987,8.5973,10.1066,9.23,11.1977,13.8063,12.1862,13.199,11.9256,10.9457,14.0044,13.0444,24.5314,17.7935,23.531,22.7163,27.6659,27.3863,27.2505,24.6644,26.5309,27.5754,27.3407,27.1599,30.9966,27.7398,28.0739
-8.2655696090877,40.2823373606448,0.0132,10.3849,0.4474,0.9329,0,-0.9223,-1.0172,-0.5447,-1.5756,-2.2667,-2.1817,-4.1994,-9.3916,-6.2303,-5.8311,-5.2285,-6.0308,-7.1187,-4.0144,-4.6442,-6.312,-2.5156,-2.0957,-3.3956,-4.185,-3.4195,-5.073,-2.7566,-5.6744,-6.3896,-6.0406,-7.8196,-4.6975,-6.2409,-5.7784,-3.3367,-2.5291,-9.0004,-10.0719,-5.4038,-10.8248,-9.5504,-9.1543,-6.7758,-3.9229,-0.9418,-1.5641,-0.9899,-0.9586,0.9821,-1.687,2.3084,-3.4082,-1.9456,1.6592,1.2376,1.483,4.0827,4.4054,3.1208,1.1496,-1.2843,1.0267,-1.9962,-0.0232,2.8888,4.0432,2.5131,2.1132,1.4411,2.3411,1.1683,2.9787,0.1259,6.0498,1.7289,3.6538,3.8525,4.6047,6.2496,5.9814,5.9912,5.1146,4.9746,4.6033,2.5033,2.6565,0.9411,0.5042
-8.26530011450246,40.2823373606448,0.0175,4.7472,0.4801,0.8981,0,0.0124,-1.2326,-1.4594,-3.6395,-5.9293,-8.7551,-11.3126,-8.5444,-7.4414,-8.2332,-6.4379,-5.0615,-4.2836,-2.7592,-4.514,-5.5779,-5.03,-3.0081,-5.0841,-8.8873,-5.4159,-2.4295,-2.843,-6.2808,-8.5621,-8.1415,-9.0074,-9.615,-11.3373,-13.1316,-11.0321,-13.6257,-17.8148,-20.4475,-16.6231,-20.7407,-19.7174,-20.2066,-17.3897,-15.5598,-13.6785,-17.4189,-17.0514,-19.019,-17.5516,-18.4996,-14.475,-16.6969,-12.6297,-9.1239,-9.8578,-8.4299,-3.6317,-3.1112,-8.1241,-6.544,-9.4232,-8.3665,-8.0027,-6.8297,-7.1028,-10.5034,-7.6037,-6.4968,-10.4569,-11.1129,-11.0194,-11.3132,-11.2401,-9.9875,-11.1046,-11.4789,-10.9176,-9.8358,-9.0651,-8.7642,-7.8475,-9.313,-10.4804,-8.3859,-6.6059,-7.0062,-7.4456,-8.0129
-8.26503061991723,40.2823373606448,0.0157,31.234,0.4285,0.9046,0,3.9155,6.8302,6.4107,6.6507,6.5008,8.1444,11.4598,13.4059,12.3744,13.3485,14.832,21.4798,23.3799,22.5766,20.8119,18.1603,19.4575,23.3098,17.3319,10.8812,15.1227,13.7708,14.7774,16.2115,14.7351,13.0159,12.8987,19.1491,19.8775,22.8239,23.2194,21.9058,26.7421,25.8455,27.5213,27.5262,30.2784,29.3524,36.8971,37.3446,39.2969,36.8545,37.6342,38.3538,38.7546,37.5476,39.6914,44.3105,45.6226,46.0648,46.2311,45.9445,45.0271,45.0421,45.716,53.124,55.453,56.6511,56.9955,57.5715,58.1882,54.3071,56.6067,56.9692,62.2912,60.6229,61.3915,61.5187,60.7067,60.1384,64.0283,68.2008,74.395,71.9859,74.19,71.3582,69.4013,71.3375,66.7383,63.3007,60.5633,62.6098,62.7752,59.6484
-8.26476112533199,40.2823373606448,0.0154,28.0866,0.4039,0.9268,0,5.1725,7.1104,6.5695,6.7113,6.1841,5.7389,7.103,8.2559,8.1326,8.5306,7.925,12.7515,15.6399,13.7068,13.3529,13.698,14.2042,15.7618,11.193,5.1487,7.3243,6.6985,10.4266,15.6051,12.2984,13.0586,10.8585,14.0488,16.2292,20.115,19.2462,16.3358,20.0731,16.3894,21.8612,23.4831,24.9812,23.6159,27.464,26.9218,31.7137,30.605,33.9613,31.2877,33.2299,35.6839,37.3975,39.6101,40.7044,43.6382,44.1569,42.6887,42.0396,40.4294,39.6963,45.7679,45.1477,45.0009,44.2345,43.9772,44.9784,44.859,45.287,47.7471,48.3569,50.3154,47.5777,51.0345,47.1437,45.085,48.2524,52.9961,54.4516,51.4642,53.2146,52.0495,51.5802,57.2692,52.5949,50.6323,49.6522,51.5608,53.1697,50.8378
-8.26449163074676,40.2823373606448,0.0141,13.1143,0.4022,0.8916,0,0.8682,4.0678,3.5584,2.6377,3.7207,1.8603,3.6442,2.6883,3.9412,2.6864,1.0716,1.4281,4.513,2.5332,3.0396,2.6437,2.918,3.8919,-0.1934,-4.9083,-2.1257,-2.7641,0.3477,3.4934,-1.4782,0.4565,-0.6502,-0.8463,0.6021,5.6253,4.2136,0.6662,5.2768,3.2374,6.8085,9.2009,10.1341,9.3384,11.1898,9.3341,14.7208,13.8006,14.7967,17.3861,18.3358,19.1364,17.1917,20.8339,20.9838,22.3647,23.3549,21.7456,21.3733,20.1475,17.3642,20.3964,17.9647,17.865,17.9212,18.0066,16.4675,14.8857,17.2432,20.0341,20.6461,22.7012,20.8362,23.5566,19.7467,18.1066,20.4269,24.2722,20.5489,19.4628,21.0731,20.3506,21.7485,25.5071,20.8979,20.2848,19.1495,19.2072,18.7856,17.9862
-8.26422213616152,40.2823373606448,0.0164,-9.2326,0.4392,0.8672,0,-3.0725,2.4686,2.8461,5.1674,5.0581,2.5719,3.8795,3.5006,5.4795,0.1263,-1.2935,-1.892,-2.663,-4.1783,-4.5285,-5.5401,-6.5694,-5.8539,-9.3266,-9.7492,-6.7467,-6.3305,0.6689,-5.7786,-12.2113,-8.1129,-8.2144,-12.868,-10.5669,-15.0405,-18.4128,-18.7909,-16.9072,-12.9578,-12.8211,-11.6495,-14.3188,-17.1338,-11.7492,-7.0337,-5.1762,-6.5349,-6.2694,-2.6869,-6.388,-8.2902,-12.7677,-8.2473,-11.5079,-13.3098,-13.8868,-12.853,-14.017,-13.909,-15.9546,-16.8314,-16.5489,-18.654,-20.2167,-20.9713,-21.6141,-23.145,-21.4493,-18.5164,-18.5874,-17.5551,-18.3624,-19.0749,-20.3778,-16.8869,-19.7854,-17.1172,-17.3385,-17.3854,-17.5949,-17.7947,-16.6346,-14.9085,-18.4659,-18.7158,-15.4469,-17.1199,-20.5239,-18.1338
-8.26395264157628,40.2823373606448,0.0158,-15.017,0.4658,0.8757,0,-1.5416,2.4952,2.4219,2.0028,2.9109,0.7266,0.3645,-2.3747,-1.1404,-3.1011,-8.2196,-9.1802,-8.8156,-6.9552,-5.0576,-9.451,-8.7896,-9.4847,-8.4236,-9.5041,-12.0396,-11.1232,-7.7611,-8.9832,-11.2434,-10.3579,-11.7312,-13.4836,-14.3651,-16.2457,-16.6557,-16.594,-16.2103,-13.1379,-13.4075,-12.6605,-17.0533,-12.3181,-15.8484,-15.9379,-18.9066,-13.7435,-18.8007,-17.5893,-18.8249,-21.5301,-22.6259,-19.7907,-19.726,-21.1773,-18.7375,-17.9921,-19.647,-19.2986,-24.2502,-28.8912,-21.876,-25.4189,-27.9032,-26.9957,-29.3441,-31.5901,-30.3065,-28.7199,-27.3842,-28.8752,-27.2028,-29.6492,-29.141,-29.9763,-29.1166,-27.9611,-27.1939,-26.2281,-24.7514,-24.0958,-24.2497,-15.3707,-14.8823,-21.1778,-21.2745,-21.2946,-22.152,-23.7686
-8.26368314699105,40.2823373606448,0.0147,-3.9906,0.4706,0.921,0,0.91,1.9066,1.7572,1.346,1.4858,2.0041,2.996,2.989,0.5106,0.1476,-3.1235,-0.8612,-2.0471,-1.259,-1.0956,-4.8251,-3.1288,-3.035,-3.3296,-2.9517,-2.1264,-2.5728,1.0325,-0.0792,0.4161,0.1189,-0.0814,-0.7721,-0.3766,-2.242,0.5271,0.7025,-2.1701,-0.8112,-0.2985,3.3036,-0.3557,1.231,-2.7035,-5.9846,-8.5109,-4.2779,-10.3022,-11.9823,-10.428,-14.2054,-13.9055,-10.3911,-9.1306,-7.9952,-7.1665,-8.4148,-6.928,-7.7074,-7.6143,-8.984,-2.1255,-6.8022,-6.614,-8.1135,-7.4976,-8.1909,-6.6344,-5.0193,-4.3315,-6.2312,-5.5979,-7.5417,-6.092,-7.5476,-6.3085,-4.5019,-4.7612,-2.5473,-0.2663,1.1643,0.4503,3.7765,4.4769,1.6052,-0.9432,1.3915,-2.6611,-5.173
-8.27042051162194,40.2825429490413,0.0172,2.4853,0.4472,0.8649,0,-1.4955,-2.729,-3.2814,-4.3948,-7.154,-4.4961,-8.8279,-1.9306,-4.588,-3.4896,-0.5977,-8.3373,-5.1515,-5.3429,-6.4673,-0.5264,-3.7011,-3.5896,-0.3855,-0.2043,1.7315,-0.0535,-0.9871,-1.0331,-3.9462,-9.1356,-6.6717,-10.5128,-8.1391,-8.9928,-9.2664,-7.0825,-3.5784,-5.5556,-5.2888,-6.393,-5.1719,-3.0687,-5.7484,-0.8094,-5.6846,-3.6611,-4.3158,-3.2944,-0.5075,-0.5684,3.4856,-1.0799,2.3912,1.633,4.6745,4.057,5.1386,5.484,3.6367,5.9069,7.5473,8.8317,7.9318,6.7726,7.3267,6.7059,5.7568,2.1507,13.2684,6.3164,12.5781,6.9635,9.5677,10.2705,10.8526,12.6319,9.6769,11.9159,9.1053,9.0413,1.7877,7.762,7.2982,5.449,6.6645,7.7544,13.0634,9.6936
-8.27015101703671,40.2825429490413,0.0142,15.9784,0.4538,0.8991,0,-1.2428,-1.7344,-3.9619,-9.2752,-5.2683,-6.3206,-9.8544,-8.3755,-9.3657,-9.1516,-7.0998,-10.6846,-9.3591,-9.5728,-6.2658,-7.7175,-7.8728,-5.833,-9.1453,-9.6255,-7.759,-9.4214,-11.6036,-10.7516,-10.1487,-12.306,-12.4095,-12.5055,-12.9529,-13.892,-11.5873,-9.6817,-7.9385,-8.3514,-9.491,-8.1776,-10.2459,-10.5145,-10.2622,-4.9382,-8.3096,-6.0595,-7.6792,-6.9374,-10.0563,-8.3366,-6.7412,-8.4596,-7.2204,-10.287,-5.1906,-5.2076,-3.8862,-3.3591,-4.9214,-5.2041,-3.5278,-1.1438,0.8708,-2.0714,-0.6489,-3.2045,-2.8355,-4.6743,4.1089,-1.1494,4.2264,-0.7881,2.7558,1.9006,3.2649,4.0771,4.5031,3.6776,3.3835,3.0308,-3.4779,1.3335,-0.2585,-0.577,2.6447,3.8241,5.7558,5.1335
-8.26988152245147,40.2825429490413,0.0149,-3.9383,0.4543,0.9052,0,-0.8564,0.9909,-0.0909,0.1796,-5.2057,-7.8837,-3.7017,-7.2164,-7.6347,-4.8914,-4.4132,-5.694,-3.7607,-1.975,0.825,-5.2101,-2.1221,1.6415,-3.4404,-5.8688,-6.7133,-7.1393,-10.3213,-9.1817,-8.6475,-8.8961,-9.5299,-13.877,-14.8134,-15.6746,-18.3558,-14.6218,-14.0488,-16.7948,-15.5154,-15.4885,-11.2845,-13.1905,-12.7005,-7.6449,-9.0702,-5.4303,-8.5313,-8.4726,-10.8302,-8.0621,-5.0506,-5.2701,-2.2386,0.5182,-2.1498,1.3399,-5.7501,1.2982,3.761,2.1702,5.3078,6.5092,5.8253,4.71,6.6738,3.3107,7.3016,8.4971,9.0802,12.3354,10.3519,8.5126,10.2529,7.2314,8.8712,6.3993,7.8415,8.2704,5.3783,4.2928,4.7054,6.9462,4.7915,3.7077,3.5201,5.1154,5.4551,4.0335
-8.26961202786624,40.2825429490413,0.0131,-13.4527,0.4643,0.9863,0,-1.7575,-2.6445,-1.2468,-8.466,-12.4711,-8.0284,-6.9167,-10.4054,-9.8513,-11.0406,-12.7197,-7.9707,-7.2191,-8.8647,-2.8217,-10.96,-11.3889,-2.9355,-12.9699,-16.2548,-16.3608,-16.1301,-20.0161,-20.5592,-19.8447,-19.879,-20.2584,-19.9712,-22.8458,-22.0405,-22.5366,-19.7192,-20.8974,-16.02,-17.4168,-19.8313,-17.7877,-19.9078,-24.705,-16.5521,-22.0517,-17.8523,-17.5783,-23.2246,-20.8915,-19.2047,-15.5467,-20.398,-16.0824,-10.7294,-10.6261,-10.4027,-10.1185,-8.8558,-8.496,-9.6033,-7.7509,-9.2394,-9.6164,-12.4908,-13.4005,-16.7334,-11.3597,-10.6841,-15.5213,-9.3932,-11.8769,-13.2378,-12.5702,-14.9156,-13.008,-15.6855,-12.5227,-12.0682,-11.1472,-15.8659,-19.5539,-17.234,-16.5116,-20.1618,-17.2924,-20.8646,-20.1336,-22.4313
-8.269342533281,40.2825429490413,0.0108,-14.2845,0.42,1.0,0,-0.8345,-6.6289,-4.9124,-9.2866,-13.537,-10.0889,-15.8058,-9.8519,-9.5908,-13.4581,-14.7901,-11.8628,-15.3471,-10.9831,-10.0448,-11.1248,-13.5696,-13.4923,-17.0135,-14.6269,-14.8754,-16.7462,-16.2449,-14.6082,-14.3154,-14.5266,-14.0459,-15.1037,-15.9,-18.5402,-21.3491,-26.5753,-20.6331,-20.199,-21.5454,-24.3907,-23.4653,-22.2326,-26.2217,-15.9772,-20.9059,-16.3862,-16.1845,-15.1849,-14.7003,-15.1276,-19.0563,-21.0087,-21.1622,-22.2834,-20.6644,-20.4556,-20.8276,-21.1355,-17.5454,-20.5504,-23.0462,-21.7488,-18.2575,-18.3796,-18.4815,-19.3242,-17.1181,-18.7038,-16.3648,-11.0839,-14.6319,-12.7649,-14.7255,-13.9111,-11.2648,-11.7518,-12.1371,-13.3802,-17.3074,-19.2081,-21.2675,-21.8333,-22.7758,-21.8238,-20.4751,-23.4615,-19.4447,-19.3084
-8.26907303869577,40.2825429490413,0.0134,9.9866,0.4666,0.9931,0,-0.739,-3.7429,-1.5739,-6.1722,-6.4256,-9.4477,-9.4948,-12.0858,-12.5979,-12.4213,-11.5678,-8.8182,-13.6059,-9.4366,-12.0809,-11.4716,-8.9126,-7.516,-8.3085,-10.7764,-14.2999,-13.0349,-8.7263,-15.542,-14.5556,-13.3677,-15.7575,-13.8195,-12.1936,-15.6213,-17.7424,-14.1639,-13.4206,-16.5211,-17.581,-14.2852,-11.8507,-13.2633,-9.9473,-7.1118,-9.4994,-9.8095,-7.7407,-6.6785,-5.5087,-2.0704,-7.0388,-8.25,-9.3556,-12.096,-11.1605,-10.94,-11.3938,-11.2398,-12.9607,-13.053,-12.4957,-7.9589,-15.1943,-16.1848,-16.7639,-18.8901,-20.1695,-22.5761,-21.3035,-21.1794,-19.9794,-21.6038,-20.0947,-17.4909,-16.2643,-14.6308,-17.7857,-17.2266,-19.161,-22.0808,-22.2019,-21.2404,-19.0202,-20.4129,-15.758,-12.1104,-13.8643,-15.677
-8.26880354411053,40.2825429490413,0.0178,13.3439,0.4539,0.9283,0,-2.1857,2.8759,0.1095,-0.0271,-1.385,0.8413,0.0433,-1.0558,-0.284,0.0801,0.6869,0.6779,1.3595,-2.0978,-5.1239,-5.9157,-10.7545,-10.181,-10.4745,-9.2229,-5.4323,-6.7984,-6.1187,-6.3725,-4.3275,-6.3556,-7.397,-5.2747,-2.9498,-6.0277,-6.4228,-6.6287,-4.629,-9.195,-7.7017,-7.6816,-6.7188,-8.5411,-9.8357,-6.5567,-4.8481,-3.2555,-0.2604,-0.485,2.0543,3.3751,4.4606,4.3786,4.1629,4.2202,2.7371,1.3487,0.4243,2.4176,7.2028,11.1541,14.6978,14.5334,15.6645,13.3847,15.7129,13.1312,15.5004,13.4961,17.5615,13.2804,15.8493,8.7041,14.1531,12.1785,11.2503,12.0454,11.5867,9.621,9.3068,9.9316,7.8292,9.5699,9.9209,9.4815,10.7814,12.8741,16.1557,19.1505
-8.26853404952529,40.2825429490413,0.0164,-2.0973,0.4973,0.9405,0,1.7278,2.1708,3.393,3.5464,1.1031,-1.0654,0.5797,-2.0266,-1.6522,5.8054,5.3599,5.6742,11.1248,4.3143,4.7781,3.537,6.9332,8.1246,8.5621,6.5765,6.509,2.4771,5.2315,3.4325,1.0557,1.6708,3.581,2.506,4.5463,3.4178,2.5048,-2.0076,-2.0851,0.0639,1.5475,1.6485,2.7353,5.8555,3.094,1.4323,4.2219,13.2876,18.4333,17.4754,17.1584,19.9713,20.3538,16.359,19.3799,15.2694,20.05,22.3002,22.3392,24.1658,26.5746,28.0183,27.7011,30.2624,33.6851,31.2953,31.8081,29.0148,30.4297,26.5517,28.0325,26.9481,27.5573,23.5011,25.1921,24.2896,22.1656,23.06,21.5042,22.2316,19.3016,19.6258,18.086,16.8695,18.5687,19.402,21.0865,20.2779,19.4436,18.9031
-8.26826455494006,40.2825429490413,0.0162,-3.189,0.4587,0.855,0,-4.7548,-2.5498,-4.8622,-1.3643,-5.8402,-5.1612,-7.5452,-4.4775,-2.8697,-2.6397,-4.5761,-3.5037,-4.4394,-2.964,-1.7656,-0.6701,1.1526,3.6103,5.2807,3.433,5.7245,1.0326,-1.0407,-3.8612,-4.6159,-7.9496,-7.1463,-6.1794,-6.7024,-6.3836,-3.6137,-3.8513,-5.1943,-6.8881,-4.2765,-6.8333,-4.7576,-1.1401,-4.6174,-6.275,-5.3448,-3.0586,-2.2987,-2.9797,-2.4043,-3.3694,-1.9455,-3.6842,-3.0772,-3.2211,-3.4357,-3.6382,-3.6444,-1.7566,-3.5059,-3.3132,-3.6765,-2.2965,-2.689,-2.0765,-3.0453,-6.3299,-4.3339,-6.3251,-4.3616,-5.775,-3.4673,-2.7563,-1.0566,-2.5984,-2.3448,-0.8857,-0.8841,-2.0806,-2.3699,-3.785,-4.1697,-4.6201,-5.3685,-3.5997,0.0838,2.7735,3.3594,2.9126
-8.26718657659911,40.2825429490413,0.0131,2.0259,0.4959,0.9485,0,0.1285,-1.9891,0.3051,0.0868,0.0222,0.5295,0.3533,-0.1395,2.5169,4.3574,1.573,2.8817,0.568,0.5354,2.4512,4.2803,-2.1924,-1.6001,0.3028,1.7059,-4.8754,-8.348,-7.839,-8.5617,-8.7759,-7.7413,-8.7613,-6.3779,-9.5829,-6.316,-0.0132,-3.3625,-4.3978,-4.8171,-4.215,-4.7087,-6.2017,-6.7269,-6.8452,-6.5379,-10.0144,-9.9872,-9.5326,-8.9608,-10.2057,-13.2804,-7.2126,-10.5942,-10.045,-10.3323,-6.0525,-8.9206,-5.1144,-4.0045,-3.6817,-4.94,-3.935,-5.434,-8.1174,-3.5702,-8.7892,-3.5272,-8.5062,-7.5271,-8.187,-6.1986,-12.2732,-7.9061,-11.181,-8.9444,-10.5433,-10.0434,-11.6994,-13.1378,-11.0132,-11.9711,-14.3892,-16.2394,-15.9143,-15.9828,-14.7125,-14.9337,-12.709,-12.6134
-8.26691708201388,40.2825429490413,0.019,-7.2275,0.4716,0.9067,0,2.2303,1.1729,2.9789,-0.0194,-1.3277,-1.0968,1.0433,1.6569,2.3366,2.0143,-2.0388,-1.048,-4.153,-3.375,-2.8307,-0.2017,-4.6468,-3.3093,-6.7709,-6.2067,-4.7896,-5.1173,-7.5907,-7.7563,-10.5127,-6.6489,-6.0722,-4.9473,-6.003,-0.1778,-0.6287,-3.2209,-3.7868,-3.7989,-8.7462,-4.0916,-8.034,-4.2896,-5.6453,-9.9531,-11.9023,-5.4935,-7.1636,-6.6751,-7.8228,-8.2974,-11.4817,-10.9618,-9.8504,-9.0225,-6.6201,-6.0469,-5.4736,-5.8549,-8.1727,-6.1984,-7.2563,-8.3005,-9.2773,-8.5771,-8.8653,-9.8544,-8.4656,-9.7417,-10.4314,-8.7223,-9.9477,-10.1452,-8.8177,-8.4607,-12.5198,-9.4684,-11.8729,-9.2267,-9.9069,-6.4492,-7.7028,-6.8294,-6.3078,-9.8055,-10.7566,-10.2836,-8.3667,-12.0384
-8.26664758742864,40.2825429490413,0.0201,-12.4012,0.5004,0.9387,0,-4.7602,-7.6536,-4.4909,-4.9019,-2.782,-7.8546,-9.6045,-8.4338,-9.0574,-10.3891,-9.821,-8.0085,-9.3996,-9.8084,-11.986,-10.8146,-13.6491,-13.3034,-15.7797,-12.5381,-11.365,-12.6983,-11.1258,-8.5716,-7.3706,-6.3053,-7.1761,-5.3549,-3.5807,-6.8235,-11.0187,-13.1036,-12.3789,-12.6351,-12.0249,-11.1675,-13.69,-13.9914,-17.3498,-15.2215,-15.7613,-12.5089,-16.4493,-12.8718,-15.6934,-17.306,-18.7042,-16.9023,-17.015,-15.9846,-14.1855,-12.3889,-16.1878,-11.9896,-13.7928,-13.0534,-11.0925,-11.7463,-13.5406,-13.5913,-15.5932,-12.9891,-12.5135,-11.3019,-13.3593,-8.2965,-15.2967,-7.8361,-11.7074,-7.7651,-11.2178,-9.4717,-8.4151,-10.3675,-12.6387,-12.4009,-17.7499,-12.1401,-11.4152,-15.8785,-12.3599,-10.4777,-8.9753,-10.5275
-8.26637809284341,40.2825429490413,0.0099,-1.1643,0.5662,1.0,0,1.2774,-0.8619,0.609,0.0465,-0.0779,0.9921,1.6247,-0.5898,3.2011,0.2561,1.5191,4.1534,1.0777,4.6481,5.4258,4.2711,4.5855,5.1041,5.4577,7.1181,4.1695,2.2048,0.2685,-1.2802,-1.3091,-1.3091,-1.3091,-3.0633,0.051,0.1668,-0.5852,-7.2617,-7.6086,-5.7304,-6.9654,-6.0954,-8.7614,-12.158,-13.9218,-12.1439,-10.3032,-7.2573,-6.3077,-6.1681,-5.2336,-8.8065,-12.1554,-13.0257,-11.1932,-11.1619,-6.2758,-3.2192,-4.5837,-1.4351,-4.2682,-2.8456,-1.7971,-3.1801,-5.4157,-3.5715,-6.199,-4.7937,-4.8933,-5.0847,-5.7451,-3.6838,-6.2907,-6.5882,-3.4782,2.822,-2.8667,-0.7714,-0.9244,-0.8205,0.1031,0.7256,-1.2589,-0.4702,-2.6966,-1.4609,-2.0824,-0.1362,-1.0183,-1.5826
-8.26610859825817,40.2825429490413,0.0111,5.5956,0.5585,0.8882,0,-1.3504,-3.2755,-3.2046,-2.3882,-0.9385,2.2398,-0.162,-1.7575,-0.0694,-1.1149,-1.0608,-0.6386,-2.1392,0.4045,-1.6773,0.7372,-2.3976,-1.2697,-0.3188,0.0047,0.2876,1.9116,-0.0508,0.5234,-0.3984,0.1474,0.7216,4.6791,10.9763,10.3532,8.1962,3.4341,3.7328,3.0561,1.4962,1.7089,0.0399,-2.0918,2.0399,1.1032,0.369,2.4575,4.1381,4.5192,4.84,1.034,-2.2777,0.0524,2.658,1.7496,4.9659,6.4232,6.3398,8.2822,5.6856,4.9278,5.7626,5.2455,0.4347,4.186,0.4881,0.5731,-0.3137,2.0674,-0.9921,3.6669,-2.1093,2.1433,-0.3725,3.4596,0.1754,1.0889,4.5365,8.1917,2.166,2.6108,2.9436,-0.3192,2.4306,2.0869,6.4939,5.208,6.2003,7.1489
-8.26583910367293,40.2825429490413,0.0169,6.4441,0.443,0.8623,0,0.4153,-3.0574,-1.2065,-0.6735,-1.3261,8.7767,4.4349,2.6894,1.2937,2.3297,3.033,1.8607,1.5277,1.4429,3.6891,5.6316,-1.8852,-1.7226,1.7906,2.0127,0.5362,-1.2604,-3.139,-5.56,-3.7365,-6.0876,-6.4446,-5.7309,-1.1515,4.3045,3.6178,2.7623,2.0948,2.731,4.917,-0.1079,-0.2832,-2.0152,-0.7113,1.1664,4.6394,4.3961,5.8841,7.6266,11.089,8.342,5.4341,7.6351,6.1135,7.5287,8.7848,10.7007,8.5755,9.0711,10.4387,8.1867,12.361,8.7573,7.6163,7.4262,6.4893,5.8531,5.9825,3.6493,4.2387,6.0453,1.9743,3.8515,3.5121,8.7669,5.3435,4.0905,5.4012,10.8655,9.7936,10.6884,11.9916,9.9997,12.7997,12.4984,12.6915,13.0958,11.3821,15.7154
-8.2655696090877,40.2825429490413,0.0168,4.2589,0.5296,0.9232,0,0.4575,-2.9542,-3.733,-3.9558,-4.3191,-7.9873,-9.7961,-7.5545,-11.4448,-12.5111,-10.5359,-11.8045,-12.028,-8.0247,-6.9485,-5.8749,-9.5882,-7.3777,-6.5318,-8.5367,-6.8388,-9.8026,-5.2972,-9.5314,-3.0354,-3.3203,-0.9158,-6.454,-5.7203,0.0189,-5.9091,-3.5721,-6.9368,-8.5966,-9.5351,-11.8729,-11.1455,-14.0475,-10.8659,-14.4814,-8.0569,-8.6044,-7.1673,-4.2461,-3.1743,-6.2421,-8.8729,-4.6828,-4.4447,-2.2062,-4.6008,-3.7559,-4.894,-3.6177,-2.5436,-2.9757,4.5792,5.6597,1.4721,-1.025,1.2561,4.7073,1.2662,7.1592,3.7528,4.4488,1.8043,2.5945,1.6646,-0.2461,0.2653,-0.8214,0.5651,1.8522,2.3478,4.8475,1.8969,1.3964,4.2811,2.2391,3.0295,1.1364,3.7921,4.6998
-8.26530011450246,40.2825429490413,0.017,11.273,0.483,0.8718,0,-2.9826,7.8005,9.056,8.0348,9.4242,7.0298,3.7279,4.995,1.0478,-1.9889,2.3579,-5.2594,-3.3786,-3.229,-2.7074,-2.1876,-2.909,0.3799,-1.226,-1.1831,0.0683,0.8632,0.0909,-2.7835,4.1409,1.4329,0.5701,-2.0559,1.6339,8.2229,6.4594,5.2516,1.075,-0.177,-0.8805,0.5421,5.4193,4.2702,4.0387,6.8647,6.7255,5.6472,7.8418,10.9665,1.9686,4.7637,4.6892,6.5783,2.966,6.3456,3.7475,3.6714,8.2232,6.8354,12.4301,8.1973,12.4131,12.104,11.64,10.8941,10.3091,15.811,10.9457,14.7448,7.8793,10.4354,6.1658,8.4853,6.9797,5.7233,6.7998,8.0422,7.6155,9.215,9.1752,8.7484,7.0524,7.4237,10.9081,7.6241,8.4563,8.2422,7.7253,11.2594
-8.26503061991723,40.2825429490413,0.0113,-35.3919,0.3996,0.8658,0,2.232,-0.2029,0.0987,-0.788,0.1652,0.0083,5.0187,12.6954,9.4722,6.2944,13.7307,4.74,4.0358,5.8553,5.596,4.5954,1.801,-1.769,-3.6021,-4.5606,-4.9598,-4.5754,-2.9619,-11.7227,-21.5504,-21.6721,-22.6113,-26.1405,-19.8124,-29.6612,-27.8942,-33.3088,-36.3465,-43.1334,-44.3843,-43.6547,-35.9527,-32.2461,-34.2695,-41.6768,-46.4499,-47.6642,-49.0557,-44.761,-49.7971,-47.001,-50.9505,-53.1119,-50.605,-50.1003,-46.3693,-47.3653,-50.371,-51.9492,-62.0129,-62.3536,-58.5854,-56.4673,-55.5317,-57.3159,-55.4531,-62.9785,-60.7336,-63.3309,-62.3023,-61.5559,-65.3272,-62.8925,-67.9925,-68.3592,-68.3638,-63.857,-64.7464,-58.4174,-67.8972,-63.8924,-63.5413,-72.276,-74.0548,-64.8441,-67.5563,-67.3875,-65.1209,-65.2329
-8.26476112533199,40.2825429490413,0.0124,-31.1706,0.3958,0.787,0,0.4668,-0.4954,1.1401,4.1502,1.0916,-7.5248,-0.9822,-1.4313,-1.5759,-1.5187,-0.4192,-10.933,-15.9611,-15.6447,-16.1249,-17.1864,-19.5732,-21.2962,-17.2393,-17.5505,-17.1553,-16.9485,-17.2893,-17.5111,-27.3238,-27.8175,-28.9876,-34.0575,-24.7996,-31.4919,-32.5749,-34.0097,-36.9196,-43.2524,-45.9968,-45.9251,-44.7935,-45.5736,-43.3183,-50.082,-53.5676,-52.2971,-51.813,-49.1004,-52.94,-54.156,-53.7198,-55.6886,-47.0611,-46.7776,-43.3201,-45.0364,-48.4103,-51.2061,-61.6008,-60.9164,-56.329,-53.945,-53.5349,-57.2176,-46.2742,-54.0523,-54.0089,-52.892,-54.1763,-54.3864,-58.7754,-54.273,-60.7272,-60.6857,-61.3166,-57.1521,-57.6386,-52.3139,-62.078,-58.2901,-54.3285,-64.5217,-65.4117,-64.9466,-64.3958,-65.8372,-63.8902,-63.3839
-8.26449163074676,40.2825429490413,0.0134,-24.4273,0.399,0.7868,0,-0.4204,3.0557,4.8477,4.874,6.8558,-2.13,2.7446,3.2226,3.3691,4.3145,5.6825,-1.8767,-5.752,-7.9103,-8.1117,-9.6279,-10.8698,-13.1676,-9.8765,-10.0218,-10.5437,-12.9504,-11.2623,-11.9871,-20.6706,-20.1941,-20.4093,-26.2495,-17.652,-23.9055,-23.0932,-24.3587,-29.4431,-36.4941,-40.1618,-43.1154,-43.5683,-45.5984,-43.5321,-46.9752,-50.7793,-48.06,-50.0825,-47.0309,-52.943,-56.4663,-56.8782,-58.3541,-51.7342,-53.0527,-50.1434,-50.8074,-55.2641,-56.9738,-65.0412,-64.4285,-60.7388,-59.0096,-57.493,-60.4498,-49.5717,-55.8086,-56.2109,-53.6663,-52.8336,-52.2953,-56.4709,-53.8227,-59.949,-58.6477,-57.6527,-56.3654,-56.7666,-52.8754,-60.5913,-60.0982,-56.6354,-65.8365,-66.6279,-65.6716,-64.9184,-66.7036,-69.5415,-70.8546
-8.26422213616152,40.2825429490413,0.0167,3.8991,0.4574,0.8428,0,-7.731,-2.2852,-3.3951,-3.2615,-6.7198,-3.3861,-2.1087,-3.4903,-3.3752,-5.8122,-5.3506,1.5562,-2.6517,-7.5081,-7.8745,-9.379,-7.1669,-5.5489,-8.3811,-12.0585,-13.7096,-9.26,-11.241,-17.3616,-12.0265,-14.3249,-10.3837,-16.6362,-7.5128,-12.1017,-6.8239,-7.1991,-3.612,-2.5353,-7.0064,-6.8131,-9.2079,-10.6905,-15.3346,-12.2551,-12.1556,-10.6249,-14.3676,-11.7827,-14.7174,-17.1214,-18.926,-18.2808,-10.7307,-12.8564,-14.0744,-10.9678,-11.5928,-12.4649,-12.1319,-12.2011,-14.5103,-11.4958,-11.4005,-11.0385,-10.3303,-6.6851,-5.8211,-1.5843,-5.4979,-7.3094,-4.4661,-8.1423,-6.1434,-9.1929,-9.7048,-7.9999,-6.3261,-2.4494,-5.3018,-3.2237,-4.6856,-6.7341,-4.3081,-0.992,1.4573,3.1885,-0.1399,-4.4974
-8.26395264157628,40.2825429490413,0.0152,8.3666,0.4554,0.8742,0,-8.6238,-3.1162,-3.3176,-3.1016,-5.1628,-1.1944,-0.4628,0.9793,2.0519,0.9348,0.1259,3.5428,2.7549,-2.4578,-2.4101,-4.8821,-5.0447,0.3106,-2.3504,-1.7734,-2.5345,-0.1498,-0.9394,-1.2343,-2.5621,-1.8084,-0.8819,-9.0406,-2.4759,-3.2152,2.4486,1.989,-0.5122,1.1691,0.1536,0.6817,0.5067,-3.6333,-3.0535,-1.7202,-5.4983,-2.3207,-7.1316,-3.6783,-5.6091,-7.4401,-2.7752,-3.9151,8.0456,12.4851,12.6538,13.1606,12.4955,14.7862,10.6807,10.5216,9.1313,10.0067,9.7346,12.9041,13.0306,15.1607,16.6411,19.1463,17.8495,15.8708,18.7519,16.761,17.8222,17.2853,17.729,22.0159,22.8282,27.1113,27.2816,27.0554,23.6233,30.4631,32.8402,30.8963,32.8961,35.1907,34.1778,29.96
-8.26368314699105,40.2825429490413,0.0133,-3.2042,0.459,0.9228,0,2.5565,10.5479,11.7307,13.0565,11.3282,13.4452,12.8204,12.1917,11.8267,15.8388,12.5301,17.8065,22.7748,17.4552,17.7966,18.6767,19.3907,15.0471,17.6161,15.2513,17.5433,18.3356,20.997,14.3136,8.644,10.7315,11.4486,5.7184,6.7601,9.0804,8.6932,13.8573,5.5763,5.914,6.2481,8.6874,9.2314,5.9534,12.598,9.6843,5.8714,7.6513,3.3152,5.9378,6.034,-0.781,7.0942,7.7579,5.024,7.7284,7.1638,7.7927,6.8466,9.6167,10.3778,5.9262,8.0693,10.5184,10.0346,10.2261,9.9416,8.86,11.0176,11.3148,11.4341,8.6108,10.1533,9.4495,9.8494,8.7477,9.6047,10.4424,13.1604,15.0924,15.5466,18.4489,13.3172,26.8943,29.9214,20.7625,23.3667,21.4948,21.1687,20.825
-8.26341365240581,40.2825429490413,0.016,2.051,0.4717,0.9126,0,-0.3148,-0.9481,-0.421,-0.161,-1.395,-0.6483,-2.4221,0.8489,-1.5485,0.5358,-0.0164,4.2836,9.4399,4.7309,-1.046,-0.8336,2.0369,-0.1544,-0.5258,-1.1372,3.706,5.5071,6.322,5.8762,-0.5341,1.6342,0.1717,-5.86,-6.2327,-4.4399,-5.8461,-4.0227,-12.3309,-14.2081,-14.3563,-9.6767,-8.0225,-6.3362,-6.7461,-7.7115,-8.0977,-5.7338,-9.6941,-9.446,-7.9136,-9.7845,-7.2549,-7.9765,-9.3265,-8.2793,-8.2611,-7.9911,-9.655,-8.6972,-6.5833,-1.9811,-3.8308,-3.4266,-2.2463,1.7415,3.1205,1.5015,1.877,2.4909,-0.045,2.0194,-0.1553,2.9101,-1.5875,-1.2135,0.6467,0.8801,2.1299,6.7935,6.3923,7.8376,7.5127,13.7504,13.9183,13.2232,14.4023,15.8546,14.754,15.6326
-8.26314415782058,40.2825429490413,0.016,6.1587,0.4495,0.882,0,-2.7133,7.0106,5.0957,5.9914,6.8628,-1.5851,0.7296,2.0552,-1.7353,2.372,0.2363,-7.1002,-0.4959,0.4833,-1.6144,-2.8009,-2.1398,-1.9508,-1.4384,-1.0434,-6.267,-5.7655,-4.1164,1.8993,2.6908,3.3957,4.0161,4.5434,3.8593,4.1754,6.0995,4.979,-7.3349,-4.5504,-5.06,0.2434,2.5505,-2.311,7.3884,3.78,-1.121,1.3447,2.422,3.0296,4.6282,5.116,6.788,5.3453,7.4023,7.6215,5.4756,5.1255,3.2846,3.422,-0.4051,2.0082,0.9326,1.8649,7.6898,9.8724,0.9788,1.524,2.9911,5.6963,4.0482,6.4879,4.7011,5.103,2.4824,0.9325,4.73,5.9765,7.0741,7.8881,10.8444,9.6275,7.9058,18.8964,12.7579,11.7028,13.014,15.6989,15.4409,16.3853
-8.26988152245147,40.2827485368125,0.0164,-15.6094,0.4407,0.8989,0,-2.8438,-3.7997,-4.9442,-5.6812,-7.9742,-8.3018,-5.9185,-7.5648,-6.2018,-3.3178,0.6912,-1.9449,-4.3172,1.5415,3.382,3.4502,9.0079,7.2986,7.557,3.6514,6.0492,6.5174,8.4968,8.5847,5.8347,5.8481,5.9726,3.6699,5.1388,0.6218,-0.0039,1.5253,-2.9715,-2.2733,0.8933,-2.1763,-2.8195,-2.3361,0.3824,-3.9413,-6.6483,-8.1873,-11.3688,-11.3562,-11.3538,-11.2879,-9.3465,-9.4593,-7.7553,-6.5611,-3.8999,0.4883,-2.5589,-3.1793,-8.3336,-8.5438,-8.1779,-6.673,-5.3266,-8.2104,-7.784,-13.4065,-10.3286,-9.3261,-8.9957,-9.9073,-9.422,-10.6074,-8.4222,-11.0266,-7.3386,-5.5822,-6.3621,-6.4762,-9.9318,-10.328,-10.3162,-10.5137,-11.9558,-11.9531,-11.0563,-8.8706,-8.6864,-10.4988
-8.26961202786624,40.2827485368125,0.0139,-15.8273,0.49,0.9735,0,-5.3413,-2.6712,-3.5757,-5.2799,-5.3319,-7.2991,-8.6915,-9.4271,-8.3408,-5.6782,-5.2717,-5.6473,-4.8564,-3.2782,-1.7423,-1.2888,0.2884,-3.7301,-4.3015,-5.1494,-7.0782,-7.2883,-9.2244,-9.4354,-8.6076,-9.1368,-12.113,-11.7368,-11.419,-17.4478,-15.4147,-12.9532,-10.9497,-12.7098,-7.8838,-9.9775,-8.0682,-9.3342,-6.5858,-10.1169,-13.4347,-13.7279,-16.1132,-18.3841,-16.2294,-14.036,-11.1595,-13.2749,-11.4276,-7.3518,-7.0454,-3.1194,-5.6469,-5.2648,-10.6624,-12.3397,-11.7464,-12.0254,-11.6514,-11.1885,-11.2837,-11.5447,-11.3294,-12.6814,-13.128,-12.8028,-14.4079,-15.4516,-14.5154,-17.7007,-15.2411,-13.6035,-16.7979,-19.6255,-15.2577,-16.6112,-19.7232,-17.6464,-18.2722,-18.0691,-16.7225,-16.0654,-14.054,-17.2093
-8.269342533281,40.2827485368125,0.0159,-3.2638,0.5149,0.9714,0,-2.1512,-0.5205,1.3275,-1.1219,-5.5827,-6.117,-1.8404,-2.4142,-2.8643,-4.1933,-5.7292,-3.796,-5.7104,-0.8915,-3.5181,-5.6455,-3.7907,-3.6421,-4.0544,-3.6986,-5.4722,-6.3134,-5.3765,-4.7892,-1.3112,-2.0021,-3.98,-2.7834,-2.8691,-5.6579,-6.8514,-5.8542,-6.4375,-2.5683,-6.8861,-5.8792,-10.0995,-9.5763,-14.4607,-7.9178,-8.8823,-10.917,-14.1596,-12.8333,-13.59,-9.8983,-10.3687,-14.9092,-13.3463,-13.4302,-12.6162,-10.9146,-12.7296,-11.1645,-16.6453,-14.8186,-14.6892,-15.5961,-14.673,-16.8225,-16.2849,-11.0948,-12.824,-11.9349,-12.6362,-12.0988,-11.5546,-16.4211,-12.3649,-10.8691,-7.5701,-9.4823,-7.4143,-8.0449,-8.6506,-10.3313,-17.5895,-14.3799,-14.5733,-15.9516,-11.2135,-12.8089,-17.3495,-15.4889
-8.26907303869577,40.2827485368125,0.0141,-2.8493,0.5035,0.9474,0,-0.7875,1.2314,7.4608,1.5721,2.146,0.2268,1.5453,2.0689,1.9912,4.4495,1.5598,1.7272,2.3362,8.0596,4.9306,4.1552,6.672,7.8248,6.7974,4.1742,6.4331,5.2884,3.2004,4.9741,4.8741,6.5057,3.851,3.9077,4.0078,1.8079,0.9081,4.8148,4.2853,3.7635,0.8451,1.2286,2.4887,4.6332,4.7193,3.5869,-4.5983,0.4641,-1.9546,-4.5275,-1.4098,1.9067,1.4643,-0.3945,-0.6268,-1.5736,4.8263,0.6155,4.1751,3.0568,2.9438,4.582,3.1075,2.4804,0.755,-0.5395,-0.9787,-1.3041,-11.1269,-11.3861,-11.1965,-9.7392,-13.3849,-11.5096,-13.1109,-12.5253,-12.8864,-11.6696,-11.6905,-15.3571,-14.8632,-17.6257,-18.245,-18.8719,-22.4282,-23.1159,-21.2129,-19.7791,-20.2738,-22.8599
-8.26880354411053,40.2827485368125,0.0148,-20.2569,0.4647,0.9181,0,-0.2296,-2.4249,-3.6923,-6.811,-7.6936,-7.3866,-6.2877,-9.6013,-8.7964,-5.8951,-3.4262,-2.1627,-4.3173,-4.992,-6.1944,-5.8866,-8.3585,-9.0308,-9.7299,-7.9915,-9.5236,-9.5197,-11.1363,-9.7555,-7.4542,-8.3225,-8.6609,-12.3705,-15.8978,-15.8424,-18.7568,-20.7297,-17.4981,-18.7955,-21.7562,-23.8574,-26.0769,-25.3164,-25.9277,-23.2884,-23.0001,-21.8659,-21.1598,-21.3392,-19.4641,-20.4479,-25.1556,-23.0892,-23.609,-23.7492,-26.6179,-25.6272,-25.9268,-26.8901,-27.1822,-26.9127,-27.0837,-25.7181,-25.8778,-27.8535,-28.829,-28.7164,-27.9798,-28.9748,-30.7847,-32.3754,-29.5016,-31.5368,-31.5949,-31.5951,-31.2663,-31.2879,-31.6208,-33.9788,-36.4107,-35.3881,-39.6129,-37.4158,-38.2458,-38.6782,-33.0187,-33.5689,-32.8971,-33.49
-8.26853404952529,40.2827485368125,0.0145,-11.9599,0.4816,0.9056,0,-0.1734,0.2066,-4.2521,-5.7862,-7.3558,-5.7295,-5.8036,-4.2862,-3.498,-4.3411,-5.7086,-4.7762,-3.9422,-6.626,-6.4682,-7.2579,-8.4304,-6.4199,-6.4161,-5.5628,-3.3923,-6.8412,-3.3227,-9.1856,-6.5562,-11.3125,-9.9877,-11.694,-13.2051,-11.9896,-12.4413,-13.358,-7.7817,-8.962,-10.3089,-11.6197,-12.4741,-10.8406,-11.754,-12.438,-11.2753,-7.465,-5.0772,-8.2161,-6.2347,-7.6465,-7.4354,-10.6239,-8.8248,-6.2505,-5.831,-2.0301,-0.7031,-0.9931,-2.6202,-3.7179,-3.4046,-3.3332,-3.5679,-5.2059,-1.534,-5.6257,-4.9033,-9.3732,-4.9272,-10.932,-7.3141,-10.2326,-7.7716,-9.7742,-9.3547,-8.7065,-9.7658,-8.779,-12.1822,-11.3006,-15.5305,-10.7838,-11.5891,-15.4353,-13.152,-11.3641,-11.1358,-12.5038
-8.26826455494006,40.2827485368125,0.0169,-10.8229,0.4617,0.886,0,-1.8255,-2.1899,-5.9198,-9.1249,-7.096,-11.5461,-15.8571,-15.0111,-14.8996,-18.3218,-17.8688,-17.6179,-17.2921,-16.7866,-15.0726,-17.6226,-17.8839,-14.8547,-15.2292,-14.593,-17.6266,-21.627,-19.1684,-21.8773,-23.4786,-27.4375,-27.5428,-26.9762,-28.7653,-28.2797,-27.0091,-27.1602,-28.4625,-28.6356,-27.6156,-26.6694,-26.5589,-25.7347,-27.3165,-28.6867,-30.5788,-26.7053,-31.445,-31.3732,-29.6687,-29.4187,-28.5627,-27.7706,-25.0216,-25.3634,-25.3551,-24.9981,-23.5644,-24.4822,-27.1897,-27.2973,-26.746,-26.1891,-29.1752,-28.1177,-28.7514,-31.1841,-31.8208,-30.9741,-29.0408,-31.1532,-30.7858,-30.5539,-30.8146,-31.2339,-32.1801,-30.6291,-31.6093,-33.2804,-34.268,-36.4727,-36.146,-35.268,-34.6044,-35.5431,-37.7399,-36.1531,-33.3065,-34.0748
-8.26799506035482,40.2827485368125,0.0157,-6.7841,0.4626,0.8746,0,-0.8085,1.7611,1.9349,0.0722,2.1822,-1.8027,-4.2049,-3.9103,-4.179,-1.5198,2.7808,0.702,0.5337,-2.9778,-2.1317,-4.0744,-1.4629,-3.198,-4.2643,-2.4063,-6.2934,-8.715,-8.1053,-8.0943,-8.0989,-7.1108,-5.843,-5.1162,-4.1911,-7.0532,-10.2523,-13.8725,-13.2358,-10.7898,-14.3811,-12.504,-13.3446,-12.3032,-15.4636,-19.401,-16.8076,-14.9512,-19.1047,-18.8014,-18.0936,-17.6462,-18.2954,-17.306,-17.7246,-15.4608,-16.5103,-17.5229,-19.2877,-18.6402,-18.7718,-17.382,-16.2771,-16.331,-15.8844,-16.5938,-18.4007,-17.6303,-18.4731,-18.1435,-21.6271,-19.8904,-19.9273,-20.0479,-21.1312,-17.668,-18.3421,-22.0021,-22.0171,-20.8042,-18.62,-20.0369,-21.1657,-20.2861,-21.2831,-22.4549,-19.2955,-17.7977,-16.3344,-16.6814
-8.26772556576959,40.2827485368125,0.0134,-0.7421,0.441,0.9607,0,-4.6893,-2.6561,-1.3469,-2.0838,-0.8231,-3.2239,-4.7838,-8.3035,-7.7748,-6.7637,-3.7944,-5.3725,-5.5568,-7.9732,-8.3758,-6.5637,-5.4979,-5.992,-7.8079,-7.202,-11.1952,-11.6312,-12.677,-11.8096,-14.9223,-13.2872,-9.1173,-8.5451,-10.0825,-12.1504,-14.6451,-18.9437,-19.8035,-18.3659,-19.7989,-19.5081,-16.5252,-15.5216,-16.5264,-19.43,-16.6981,-19.3575,-20.3285,-20.3026,-18.621,-18.1611,-19.7524,-21.1877,-20.9431,-19.3755,-19.6666,-18.1886,-19.3423,-18.8997,-18.2942,-17.6315,-17.3238,-19.604,-15.8811,-16.0558,-16.9089,-16.1009,-16.63,-17.0568,-16.9004,-17.4443,-18.9433,-18.7589,-19.1364,-21.2192,-24.2978,-23.3748,-23.3671,-23.3901,-21.6638,-23.0867,-24.9783,-24.0338,-23.2441,-22.8732,-22.1955,-20.1991,-19.2035,-18.8263
-8.26745607118435,40.2827485368125,0.0147,1.5662,0.5123,0.9236,0,-0.8053,1.5301,0.8133,1.8737,1.8173,1.3582,3.2657,1.0123,0.6382,3.0182,3.866,0.4298,1.673,0.0398,0.6163,-3.2225,-2.4318,-0.2185,-0.499,-4.1734,-4.4688,-8.2295,-6.4015,-8.8373,-8.2744,-10.5507,-10.4949,-8.0613,-10.6769,-10.6,-9.876,-9.4647,-7.7156,-9.2617,-10.2455,-9.1752,-6.7972,-8.3228,-7.198,-8.0521,-8.9164,-11.6625,-10.135,-9.8496,-9.9073,-10.877,-10.1946,-7.2014,-7.5095,-7.4671,-4.826,-4.2163,-4.3798,-3.779,-3.8893,-5.8288,-6.1583,-6.8457,-8.0008,-5.2384,-8.8409,-7.0852,-10.9606,-10.1462,-9.9886,-9.2783,-11.2607,-12.3642,-12.7669,-14.7887,-14.366,-14.9561,-14.0011,-13.9028,-12.6589,-13.2957,-15.5531,-12.3771,-14.1747,-15.3012,-14.1462,-14.0724,-11.4817,-10.3437
-8.26718657659911,40.2827485368125,0.0153,-0.7899,0.4878,0.9457,0,0.9635,2.9731,0.7225,1.3564,0.0562,1.0671,1.5129,4.059,4.8914,3.9405,5.6294,4.1836,5.2892,3.2581,3.1706,0.5094,0.3862,4.0382,0.349,-0.9496,-0.0678,-0.908,-3.0473,-1.4797,-2.4511,-1.2198,-0.4748,0.0403,-1.4366,0.0736,2.7613,3.6903,7.2481,4.1873,4.0913,1.6654,3.8197,2.9317,3.3379,3.66,3.04,1.0121,1.9998,1.9269,1.9792,-0.2411,1.4271,3.1006,1.667,2.0384,1.0651,1.7007,4.0701,3.8402,2.6962,2.3842,2.2442,1.0746,-0.1805,0.8302,-2.1165,-2.4583,-3.4901,-3.2731,-6.2203,-6.7268,-7.5237,-9.2759,-8.1798,-9.6709,-9.1795,-10.7409,-9.4856,-13.6976,-12.485,-11.4579,-13.0604,-10.3706,-13.7123,-14.537,-13.1624,-12.9038,-13.312,-11.6895
-8.26503061991723,40.2827485368125,0.014,9.8854,0.4319,0.8377,0,-0.1268,2.2481,1.9271,4.1331,3.3889,6.4499,4.9915,6.6004,3.5744,8.8889,7.4381,2.0239,2.1879,-0.0119,1.2519,-1.1054,-0.4,-1.8477,-3.6843,-3.8207,0.0131,1.4418,0.8583,-2.0376,0.8445,0.6827,0.7888,2.3973,1.3347,8.0355,8.704,7.4351,9.0924,8.8596,7.617,9.5509,8.941,9.6941,13.5263,12.5569,14.4112,11.2797,12.343,11.9449,14.8653,16.6862,12.3802,13.8192,16.3146,12.39,12.6345,13.9176,12.4886,13.4959,14.5377,9.214,12.16,12.9112,13.406,11.807,12.5878,15.7221,14.9587,15.5703,11.7333,14.1006,9.6646,15.1306,11.938,11.129,12.3636,15.4367,14.7895,16.5224,13.1252,14.1007,13.6973,14.4398,13.9993,15.9295,19.8823,20.0975,20.0986,21.8558
-8.26476112533199,40.2827485368125,0.0137,2.4953,0.4702,0.8696,0,-0.021,1.312,-0.828,-2.5992,-2.6897,-1.6464,-3.1419,-8.126,-7.2155,-3.3476,-2.121,-10.34,-10.4129,-12.4393,-10.4571,-12.8619,-14.1332,-13.8606,-15.2832,-16.3675,-18.7825,-15.6208,-15.2104,-17.1768,-18.7842,-18.6427,-17.7098,-22.8449,-22.0549,-21.4828,-20.3122,-19.2681,-16.8113,-17.6839,-16.8666,-14.525,-14.7603,-15.361,-15.3519,-11.959,-10.746,-13.1179,-12.2643,-12.822,-10.8169,-7.6477,-10.5455,-8.8991,-6.5002,-11.0997,-11.8395,-9.7809,-11.572,-9.129,-6.9953,-14.8414,-14.1713,-13.5496,-13.6275,-12.6393,-11.1044,-7.3031,-7.6757,-5.3358,-7.1065,-8.0269,-6.6323,-6.8013,-6.4799,-9.4086,-6.674,-4.6536,-2.9273,-2.7968,-4.8946,-2.9973,-3.0495,-2.2114,-2.4946,0.5109,3.6305,4.596,7.4794,11.2022
-8.26449163074676,40.2827485368125,0.0131,11.6354,0.4901,0.8773,0,2.7331,2.8038,0.8626,-0.8692,1.2343,1.5068,-0.4774,-5.2676,-4.6204,0.6235,-2.3294,-5.3366,-4.4062,-8.9621,-9.4199,-11.0,-11.5011,-11.2906,-12.3172,-14.2447,-19.2764,-17.9197,-15.1513,-14.6984,-15.8042,-15.1366,-13.8126,-19.573,-19.4122,-19.0738,-17.8264,-18.3165,-16.7973,-19.859,-17.6314,-15.6311,-13.8294,-15.6397,-18.0634,-15.2594,-12.3512,-13.5564,-15.3096,-16.6065,-14.8659,-15.4668,-16.5988,-20.0544,-17.2594,-20.3621,-19.6979,-17.263,-19.1762,-16.3084,-15.2155,-20.9133,-18.4573,-18.8395,-17.2113,-18.2044,-11.3065,-11.6508,-9.5605,-8.4871,-5.4926,-9.1995,-7.9263,-9.9259,-9.2974,-11.8126,-9.4425,-6.6804,-6.7269,-6.1377,-6.1928,-3.9916,-3.4251,-1.9894,-3.8302,-0.0951,3.554,-0.65,0.0145,1.0072
-8.26422213616152,40.2827485368125,0.0142,7.8319,0.4852,0.9055,0,-2.3047,1.5618,-0.1195,-0.4635,1.1464,1.9481,-0.1895,-3.1577,-2.6766,-2.3834,-3.4979,-0.5609,1.2738,1.0093,-2.2244,-2.1945,-4.3102,-3.1512,-4.7277,-5.7414,-8.0586,-9.398,-7.6588,-11.8674,-9.7371,-10.2989,-12.4648,-12.1317,-8.8366,-11.8318,-9.5541,-8.9495,-10.5055,-8.2164,-6.0602,-6.31,-6.5985,-4.195,-10.9182,-7.8225,-8.6757,-12.8216,-9.2523,-10.7241,-10.5565,-13.34,-13.2265,-14.4525,-14.4014,-14.5394,-13.6647,-12.0489,-10.7937,-9.0011,-8.5892,-10.3912,-9.6137,-10.2757,-9.9241,-9.1764,-7.0169,-7.9087,-0.8928,-2.9822,0.7691,-2.3244,0.1296,-3.4459,-1.6839,-3.6759,-2.4114,-0.982,0.3853,-2.451,0.3785,0.2996,0.7773,0.5863,0.4883,-0.0123,-2.3266,-3.0434,-8.4391,-12.1973
-8.26395264157628,40.2827485368125,0.0146,9.3386,0.4712,0.901,0,3.7554,5.0927,5.8745,5.4314,4.6339,5.912,4.8619,4.6446,3.8707,6.2211,9.046,17.246,15.6678,15.1892,15.1651,14.4658,12.6983,13.9843,13.2927,11.9958,11.3539,11.8644,9.3176,6.8967,11.2773,13.4522,14.3013,19.4716,10.8639,11.1182,13.0304,16.1575,15.2819,13.2725,10.5418,15.6809,17.2067,17.8903,15.4974,15.3148,23.2364,16.2555,15.8908,11.3433,14.7062,12.6392,14.9799,16.3079,16.4305,14.3659,13.4435,16.1922,18.5775,19.5889,24.6344,31.8754,31.1875,29.9203,32.822,32.8297,35.3584,33.983,33.5995,32.5474,27.8543,27.006,28.4497,29.9933,31.656,33.5937,36.7108,40.2858,42.8739,43.9364,42.4402,42.3624,43.6219,43.4203,42.4193,41.7831,44.0317,46.4234,47.0587,44.4284
-8.26368314699105,40.2827485368125,0.0149,9.5648,0.427,0.9011,0,-1.2196,-1.0161,0.9755,2.0708,2.2448,0.3413,0.9992,-4.2267,-4.2472,-4.232,-6.0123,0.0832,1.1912,-3.9116,-4.3371,-4.964,-5.3098,-4.0334,-6.2697,-5.8541,-6.1173,-3.6809,-3.388,-7.0824,-3.4464,-3.1541,-3.5335,-0.5514,-4.7797,-6.0344,-6.4631,-2.4579,-2.584,-4.7922,-6.4786,-4.0545,-2.9412,-2.2211,-2.475,-4.4241,0.2039,-1.0061,-2.5487,-7.1818,-6.3263,-7.4571,-6.7114,-6.7589,-4.1053,-7.1049,-8.139,-6.888,-6.3818,-4.4307,-1.8281,0.9061,-1.3551,-0.6846,1.0149,0.6108,5.0454,2.9375,6.349,8.4468,13.3368,11.4735,9.6847,13.803,13.9878,13.5797,14.8404,14.0315,17.327,16.6994,16.02,13.761,13.1333,12.9653,11.6826,10.9962,11.4381,14.2935,17.134,13.9776
-8.26341365240581,40.2827485368125,0.0145,-1.2453,0.4532,0.8585,0,-2.2522,0.4802,1.6338,2.5244,5.5226,1.7883,5.3069,2.4878,-0.4138,-1.6052,-2.4981,-6.7609,-3.0063,-3.0244,-7.3109,-6.9802,-5.4781,-3.6545,-7.9174,-7.3355,-7.4572,-8.1146,-6.071,-10.8186,-7.14,-6.5617,-7.3093,-12.3113,-13.8096,-19.7147,-18.9112,-14.1107,-14.1999,-14.1702,-16.112,-13.0545,-11.014,-12.6486,-12.2035,-13.0102,-13.2371,-12.4546,-11.3566,-9.1952,-7.4675,-10.2274,-12.271,-11.7124,-9.8072,-11.4499,-13.2291,-15.0628,-19.6905,-20.9855,-19.4093,-18.0728,-17.3534,-16.0767,-15.6862,-17.0423,-16.4566,-16.1145,-12.8325,-11.9915,-7.8783,-10.1008,-11.917,-9.1367,-9.0765,-7.4716,-5.6017,-6.5866,-6.3271,-5.2897,-10.1079,-9.746,-9.2052,-10.1647,-10.4467,-9.9405,-6.7621,-4.353,-3.1604,-3.1757
-8.26314415782058,40.2827485368125,0.0131,3.282,0.4825,0.9245,0,-6.4964,0.0775,-1.4963,-2.2044,-3.6765,-2.0284,-1.4706,1.8652,-1.6936,-0.5722,-2.8543,-9.9053,-13.5146,-10.0713,-12.7189,-14.7376,-12.3168,-14.0925,-16.0684,-12.1884,-14.3623,-14.8003,-13.9295,-14.2552,-14.6192,-13.7237,-13.7647,-11.7547,-15.4755,-11.8637,-9.6746,-10.3138,-14.2749,-8.1871,-8.8761,-7.2534,-2.8787,-1.2897,-6.0521,-6.5418,-8.0898,-6.4467,-3.6414,-4.653,-4.271,-4.0619,-6.0003,-2.5767,-5.6463,-7.247,-10.9784,-10.2675,-9.9652,-9.7652,-9.8938,-6.5558,-5.9024,-9.8811,-16.952,-14.7711,-15.7871,-15.3605,-12.5574,-11.6897,-9.2751,-12.6231,-11.4291,-14.5449,-11.6467,-11.5892,-9.428,-5.6444,-5.1397,-4.857,-7.7019,-8.2313,-7.4165,-8.9529,-7.7782,-7.8725,-4.602,-1.7204,-5.2733,-4.1617
-8.26287466323534,40.2827485368125,0.0149,0.9171,0.5062,0.9161,0,-5.9643,-1.6156,0.0073,0.8536,0.0981,-0.5316,-0.3484,-2.0202,-2.6256,-1.8084,-4.4435,-9.5894,-11.0047,-11.031,-8.4983,-8.5623,-8.1062,-8.9466,-7.9014,-8.4225,-10.1524,-12.297,-9.0822,-10.2857,-14.2234,-14.7874,-13.8434,-2.3243,-5.7631,-4.7042,-5.2064,-2.8379,-8.7073,-3.5871,-4.7178,-2.053,1.856,3.5996,-4.397,-4.0421,-3.7556,-3.7383,-0.6238,0.2747,-0.5982,1.5346,-2.491,1.8662,-0.3606,-2.4965,-7.1145,-8.834,-9.8189,-11.944,-12.5409,-7.5749,-7.9106,-8.6901,-13.0053,-12.7007,-11.9657,-12.8108,-9.3003,-10.9001,-8.5785,-7.8689,-8.4125,-9.7228,-6.1905,-6.7331,-5.8633,-3.2928,-2.5013,-3.5321,-5.2069,-6.399,-5.1573,-4.7204,-5.4704,-5.495,-2.4585,-1.9168,-3.6704,-3.9376
-8.26961202786624,40.2829541239585,0.0144,-10.1723,0.4564,0.9326,0,-1.5885,-3.5413,-1.2775,-2.0539,-3.7073,-1.6511,-3.9907,-1.8116,-2.5232,-0.0193,1.1014,1.7575,-2.844,4.1245,6.8028,6.724,5.7626,6.4467,5.0306,8.1356,2.112,2.3853,0.8077,-0.1763,0.8188,2.4103,0.7145,-1.6865,0.9302,5.4452,4.0959,2.734,-4.4478,-2.1667,-1.033,1.0871,1.9245,2.966,1.5486,-3.4629,-6.4817,-9.7704,-3.0542,-4.8313,-13.7779,-12.3704,-15.0699,-21.1352,-16.08,-15.6825,-18.5865,-17.9918,-18.2592,-19.0096,-22.6775,-24.8031,-26.0013,-25.7677,-23.2398,-25.4518,-22.3174,-24.5046,-26.0131,-25.1301,-23.9621,-19.1002,-21.6134,-23.7592,-22.397,-27.121,-25.9759,-30.9517,-27.859,-30.3267,-28.5495,-25.5459,-28.0874,-28.9291,-30.2303,-28.299,-24.109,-26.881,-25.1516,-30.054
-8.269342533281,40.2829541239585,0.0151,1.3118,0.4334,0.8961,0,-0.7638,-4.3336,2.2105,0.8337,0.5501,3.6952,1.4158,-0.6045,-1.9586,0.7445,-1.8378,-5.4662,-8.016,-1.5381,-2.2243,-3.2378,0.196,-0.3423,-0.7217,-2.2387,-3.2476,-2.3547,-4.0138,-4.6726,0.017,-0.7738,-1.4391,-0.8556,-0.5501,1.8309,5.0294,4.8412,-0.6739,4.1432,0.6598,-1.6781,-3.259,-3.6794,-7.1267,-7.7593,-3.3947,-3.4619,-2.1351,-4.3533,-6.6342,-7.0188,-5.6434,-8.9756,-7.1602,-4.0916,-3.7681,-3.3564,-3.4762,-2.6182,-7.2691,-8.2951,-11.0608,-11.2639,-8.0483,-8.1644,-5.8663,-7.4187,-9.4107,-8.8065,-6.4759,-2.3377,-6.4265,-7.3276,-6.0452,-4.2612,-3.6675,-3.7293,-0.293,-2.6641,-3.2805,-4.2708,-3.5304,-7.6869,-8.6798,-10.3746,-4.7119,-7.6325,-3.8642,-9.1229
-8.26907303869577,40.2829541239585,0.016,-3.3766,0.4859,0.9074,0,-1.4254,-2.3752,-0.3664,2.138,0.4002,0.3103,6.6154,6.7419,7.3794,7.9988,10.9606,10.4869,12.1981,7.0848,4.9371,5.0456,2.1835,7.0171,4.5034,4.2405,1.7087,3.3396,-0.4846,1.4755,4.0079,3.6997,3.2398,1.7083,0.6732,-3.4575,-5.502,-3.5503,-4.184,-7.7772,-11.841,-16.2643,-13.844,-12.2838,-11.4037,-14.5006,-11.6081,-5.4883,-7.3492,-7.6959,-9.9178,-13.4454,-11.5083,-8.6728,-7.9038,-11.0996,-12.6977,-12.2796,-12.4815,-10.4226,-3.8575,-4.8882,-6.1029,-5.6666,-7.3607,-6.2617,-5.3493,-8.0966,-8.0227,-7.9902,-8.1852,-11.0979,-8.9841,-11.4275,-11.0314,-11.5254,-12.0796,-11.5097,-10.0842,-12.9631,-13.5236,-17.2374,-16.1371,-16.6702,-15.6726,-17.9801,-15.6293,-17.2078,-13.0672,-12.3757
-8.26880354411053,40.2829541239585,0.0164,-18.0053,0.4598,0.9645,0,0.2429,-6.3555,-13.6479,-11.649,-12.3681,-13.3094,-14.6159,-16.0699,-16.2314,-17.4705,-12.8587,-11.9476,-14.9149,-15.2468,-14.3178,-15.1087,-18.3905,-15.7839,-15.4355,-13.6959,-15.7581,-14.7736,-16.764,-16.1239,-15.2561,-15.6699,-17.1675,-16.2403,-19.7193,-24.7454,-25.816,-27.9659,-33.2643,-35.0174,-35.0839,-33.4312,-34.0794,-35.8746,-31.5024,-31.2753,-31.4573,-26.675,-26.7884,-27.165,-29.7941,-29.2947,-26.982,-27.9714,-25.8777,-25.5497,-26.302,-25.3596,-25.91,-27.2604,-25.8229,-25.9438,-24.88,-25.2522,-26.2876,-30.2619,-32.522,-35.792,-36.3137,-38.0106,-35.4685,-38.8978,-36.3502,-39.4066,-37.3571,-37.5881,-39.4574,-40.5551,-42.4664,-41.1958,-42.3584,-41.9228,-42.563,-42.3118,-41.5339,-41.5208,-40.9897,-39.8176,-36.2767,-34.2446
-8.26853404952529,40.2829541239585,0.013,1.8594,0.4452,0.9377,0,1.9646,2.1571,1.8037,-1.7603,-3.5677,-1.2127,-2.3797,-2.8052,-2.5025,-2.3737,1.7895,-0.029,-3.0281,3.3079,2.4488,3.1404,2.7858,2.62,2.6572,-2.9623,-1.8563,-3.16,-2.1207,-4.8918,-5.3214,-9.084,-6.4146,-1.8247,-5.7258,-8.8286,-7.3733,-7.1075,-9.6053,-13.8525,-15.7907,-13.3011,-11.3802,-7.8558,-8.2785,-4.1138,-7.9388,-9.52,-12.2471,-11.83,-14.6348,-14.7455,-13.4476,-9.4434,-11.8318,-9.8927,-8.5652,-5.26,-5.06,-6.5677,-5.1918,-3.6554,-2.689,-3.4773,-6.0412,-3.7182,-6.5429,-9.4176,-6.9854,-10.4317,-6.7293,-9.3793,-8.8619,-11.1937,-9.5842,-11.1126,-10.6462,-9.4162,-10.4451,-12.008,-12.3012,-13.7619,-15.9064,-14.2662,-15.1146,-15.7933,-13.2893,-11.7142,-9.9658,-11.6228
-8.26826455494006,40.2829541239585,0.0166,9.4652,0.4875,0.9141,0,2.4054,-1.6,-1.3631,-2.4254,0.6677,0.8938,2.7245,0.1756,-1.4437,2.51,2.5292,2.3705,0.1396,2.7676,3.0027,-0.1632,-0.7201,1.6792,-0.0463,-4.5583,-3.391,-3.208,-2.159,-5.3408,-1.7855,0.5755,0.0964,4.3207,1.2167,1.4856,-2.9604,-4.1566,-5.6399,-10.733,-10.7967,-9.3984,-6.9849,-7.799,-3.1077,-2.0343,-3.6717,0.7137,-3.2831,-2.6013,-3.141,-1.6884,-3.0867,0.7433,-0.2583,-4.7263,-4.9283,-4.6525,-3.4253,-3.9213,-3.3063,-1.9841,-2.2232,-2.0974,-4.0608,-0.5179,-4.7512,-4.2324,-5.2136,-5.6891,-5.1989,-3.8536,-7.2384,-6.0315,-8.1974,-5.496,-7.1047,-8.3626,-8.4686,-10.5739,-9.5343,-8.9385,-12.0615,-9.6403,-10.2481,-8.2765,-4.5704,-4.3144,-2.7671,-2.0674
-8.26799506035482,40.2829541239585,0.0162,-3.953,0.4662,0.9056,0,-0.9551,0.5138,0.2953,0.8177,2.0944,0.7472,-2.7023,-2.2408,-2.2544,-2.7215,0.813,1.5011,2.3308,2.0429,-1.4357,-0.4088,-3.741,-5.3907,-2.8198,-3.9626,-4.0308,-5.5926,-5.4952,-3.976,-4.4289,-4.3507,-5.0903,-7.3552,-6.7312,-5.8675,-9.2708,-12.4969,-11.0289,-7.0115,-6.6512,-7.9968,-6.2546,-7.5115,-2.9802,-4.8843,-4.5615,-4.2795,-4.1778,-6.4336,-6.1332,-4.732,-8.4925,-7.0427,-5.9423,-8.1797,-7.2955,-8.1002,-7.2823,-6.9986,-7.8084,-8.5745,-7.4176,-7.1129,-9.2259,-10.0141,-11.7832,-9.1048,-9.3212,-12.1712,-9.5877,-10.654,-11.7497,-10.6116,-11.8906,-8.0024,-9.9169,-11.885,-13.8143,-15.5953,-15.8344,-14.6618,-13.4013,-14.786,-14.6224,-10.4751,-8.475,-7.0054,-4.7456,-5.2459
-8.26772556576959,40.2829541239585,0.0152,1.4965,0.4662,0.8978,0,-2.596,-2.3236,-0.6535,-0.3007,-1.3204,-2.0719,-5.9475,-7.6661,-8.3248,-10.0308,-8.8979,-7.6572,-11.0559,-6.7601,-6.9969,-6.3777,-10.3264,-8.8715,-9.0288,-9.1767,-11.3688,-9.2036,-8.886,-8.1315,-7.6844,-8.6525,-7.8483,-7.2579,-6.3591,-6.8314,-10.728,-10.6758,-11.1849,-10.7608,-8.3731,-10.3391,-12.7273,-11.2452,-12.0071,-9.2636,-13.6154,-14.1703,-13.0674,-12.7221,-11.4473,-12.4967,-12.2366,-8.4101,-9.4219,-11.5823,-11.4332,-9.3466,-9.271,-9.0082,-10.0602,-9.8405,-8.975,-8.8666,-8.5513,-9.0027,-10.3607,-11.7979,-10.3533,-11.2472,-11.8901,-16.1082,-14.6353,-15.9644,-16.5328,-15.1318,-15.1573,-13.8029,-14.6998,-16.7816,-15.9245,-14.0823,-15.6947,-16.5239,-15.4571,-12.9563,-11.5005,-8.4568,-7.6851,-8.154
-8.26745607118435,40.2829541239585,0.0165,2.7317,0.4352,0.8898,0,2.4548,2.6041,5.7388,7.4957,1.6607,0.6742,-3.4679,1.1455,0.3713,2.207,3.3775,0.5243,-3.8245,1.5757,2.7264,0.8592,-1.4884,1.4005,0.3388,-0.5745,4.8357,5.377,6.4652,7.2993,8.0322,8.6046,12.9448,14.1126,9.9682,9.2183,9.2462,6.4477,8.8721,5.8736,8.5937,7.1054,6.6492,5.7665,6.1201,-2.7385,1.3629,1.7149,2.3861,2.756,2.3399,1.7113,-0.1118,2.1323,-0.8645,-0.895,-2.467,-1.1516,0.0223,-0.0477,2.437,-1.7885,-2.2918,-3.2079,-4.7803,-4.6456,-4.0614,-8.432,-6.0585,-5.3066,-7.7752,-11.2633,-8.8795,-9.5673,-10.5711,-14.1264,-12.1298,-13.634,-13.4482,-10.2807,-9.3913,-10.6921,-12.9025,-9.2598,-10.854,-11.9536,-11.6561,-8.454,-9.3596,-7.2271
-8.26718657659911,40.2829541239585,0.0166,-9.1191,0.4298,0.8792,0,8.0915,4.9562,9.0423,9.5586,3.2468,0.885,1.1521,5.3603,6.3192,9.5845,8.577,15.9216,11.0513,14.0773,12.8487,9.3394,13.6254,13.7314,12.7464,11.6747,12.4999,14.3797,17.9367,15.5636,15.9722,19.1417,15.8396,15.7898,11.6817,12.096,11.2563,10.3706,14.0645,13.6974,16.2215,7.9388,4.2159,3.5906,8.298,6.4994,7.0303,3.9236,4.9679,3.1596,1.7809,1.4261,1.3259,-0.4441,-3.528,1.3238,-2.4586,-5.0722,-6.2908,-6.3541,-4.1594,-5.7558,-10.3943,-7.0162,-6.0204,-8.2112,-6.7231,-10.3751,-6.636,-8.9208,-4.4063,-10.9792,-5.483,-7.3895,-8.3494,-12.2519,-9.6239,-9.4948,-8.5597,-7.8584,-4.1351,-8.5533,-10.5635,-9.1645,-9.3498,-10.5437,-9.4702,-9.9089,-13.8025,-12.685
-8.26691708201388,40.2829541239585,0.0148,3.0745,0.4455,0.93,0,3.5995,-0.2016,-2.4026,0.9065,-0.4399,-0.6558,-1.7543,1.1108,2.9047,0.3189,2.0554,1.9403,5.7134,2.1866,1.0183,0.1544,-0.9354,1.9786,1.5525,3.533,4.292,4.3037,5.111,2.444,5.0524,4.2742,3.8166,-1.7115,6.1048,2.5064,2.0248,2.7189,2.1594,2.6592,6.735,1.8164,0.6555,2.8844,4.6291,0.5177,-6.1571,-3.0172,-5.7762,-7.9127,-4.496,-4.0069,-1.8688,-4.4226,-2.448,0.5898,-3.9309,-4.8357,-7.7063,-8.2718,-7.2367,-9.4666,-9.5532,-7.7249,-8.2683,-9.8944,-10.2732,-9.9144,-10.4855,-13.1268,-9.9126,-14.4502,-8.5466,-11.5514,-10.7563,-12.8453,-14.0925,-15.4191,-15.165,-14.4037,-14.5979,-14.0429,-16.0846,-15.273,-13.9702,-13.9802,-12.8491,-15.0044,-15.9021,-17.9223
-8.26664758742864,40.2829541239585,0.0167,-16.8104,0.4369,0.8421,0,2.7811,-2.5785,-0.8416,-2.2022,-2.2586,-3.3745,-6.2614,-5.6614,-5.7677,-6.5608,-5.27,-5.0824,-6.9237,-9.8021,-13.2872,-15.6237,-19.6645,-17.9239,-18.427,-17.9191,-18.0538,-16.7635,-20.1353,-19.7336,-22.0168,-19.977,-18.9176,-20.9331,-25.0768,-24.4882,-25.6951,-26.7656,-27.0528,-24.9639,-25.5837,-31.3918,-34.4812,-36.5903,-35.2649,-34.7892,-36.7056,-39.2718,-36.2099,-35.0536,-34.108,-35.0808,-34.7551,-38.5438,-39.8096,-39.3621,-40.0329,-41.563,-39.6429,-41.3171,-41.2366,-40.3613,-43.5105,-42.2917,-44.2608,-45.816,-45.2797,-44.5047,-44.5286,-45.2777,-44.2571,-44.3079,-44.1498,-45.444,-43.7489,-42.0152,-42.2804,-43.0147,-42.8499,-41.7732,-45.1293,-44.5551,-42.7357,-44.7972,-45.1449,-46.7955,-47.8703,-47.6099,-45.1976,-48.9936
-8.26637809284341,40.2829541239585,0.013,-22.4262,0.4779,0.8903,0,1.4918,1.6304,6.9532,6.4294,5.6653,4.3092,4.6021,5.9787,4.0673,4.3972,4.2359,5.9608,4.1278,1.4424,1.4672,0.1726,-2.1546,-3.066,-1.7846,-2.265,-3.564,-4.1092,-3.2323,-2.4728,-3.785,-0.8587,-0.9178,-4.932,-8.0967,-9.6064,-9.9554,-12.8095,-10.0911,-13.2437,-10.3796,-18.7338,-18.8966,-19.4888,-20.6505,-24.7611,-28.5767,-31.4654,-36.1842,-33.6756,-30.0031,-32.2942,-38.788,-41.3503,-40.9129,-41.7574,-42.0636,-41.0271,-41.7272,-39.9086,-42.729,-36.786,-39.3785,-40.4922,-42.3184,-43.3207,-41.1957,-39.0829,-43.2777,-41.1905,-43.3356,-39.4948,-41.6269,-44.6937,-47.2662,-42.9436,-45.2083,-47.2918,-44.8791,-47.0353,-47.9461,-47.0129,-49.1787,-49.8492,-49.4341,-50.6215,-49.3833,-48.9899,-47.6061,-48.2984
-8.26610859825817,40.2829541239585,0.0138,-4.5449,0.438,0.9605,0,3.5251,3.5156,5.2531,5.6789,2.1658,1.8952,-0.1385,1.4513,-0.7002,0.2854,-0.7366,2.6381,4.0118,4.992,6.9232,5.9099,6.7846,7.2426,7.9693,10.1331,4.9731,5.7186,5.8822,4.193,2.8604,2.1033,3.8902,1.3733,2.2123,-1.236,3.2673,6.4145,6.8436,2.9466,1.6699,-1.6784,-1.4912,-3.3442,-3.2698,-2.1872,-3.8252,-6.6689,-2.6148,-0.782,-5.8999,-8.6039,-6.3136,-7.5818,-8.9389,-8.9871,-9.9899,-8.7712,-11.1711,-10.6445,-9.8448,-10.9059,-10.2504,-11.5837,-12.3074,-12.4868,-14.5374,-11.7118,-13.9725,-13.488,-13.733,-13.7517,-14.7526,-11.982,-13.3436,-16.9143,-16.8268,-15.2932,-12.8566,-8.6936,-9.2828,-11.6525,-13.5853,-14.5001,-14.1665,-15.8115,-14.7426,-17.7475,-18.0263,-18.2348
-8.26583910367293,40.2829541239585,0.0146,4.7272,0.5896,0.919,0,-1.18,-0.7012,-1.3098,-3.0829,-3.4246,-3.1183,-0.8167,0.671,-0.0214,-1.8506,1.0004,2.2509,0.3509,-2.3529,-0.8403,-0.815,2.3068,0.3224,2.0328,3.3331,1.4725,-0.5658,-1.1347,-0.5817,-5.1858,-3.8786,-1.8589,0.9784,3.6392,3.9831,1.147,0.3188,1.7791,-0.3742,-0.3749,-2.8125,-3.0494,-5.4172,-6.8003,-3.3743,2.1028,0.9604,1.3071,1.5272,2.7097,-0.9103,-0.5982,-1.8042,-1.2822,-3.1801,-0.621,-2.586,0.308,-0.4538,-0.0445,-2.9199,-0.655,-3.4027,-5.7478,-3.0418,-7.0518,-5.9602,-0.7401,-2.8971,-2.1479,-3.7966,-3.8088,-5.5683,-1.2811,2.932,-4.1324,-6.2378,0.0544,0.761,0.1597,0.7018,-0.6395,-2.3817,-0.536,-0.1288,0.7565,-0.0493,2.6495,1.3421
-8.2655696090877,40.2829541239585,0.0122,5.7746,0.6754,0.9398,0,-2.9758,-4.4915,-5.2217,-6.918,-7.0323,-4.7092,-6.9931,-9.6926,-9.4275,-8.5956,-8.4565,-8.7271,-8.6545,-9.1463,-6.0422,-5.7203,-6.276,-7.5124,-4.4453,-1.2688,-2.3312,-6.2796,-8.2488,-7.7394,-11.9355,-7.3922,-4.2254,-3.6603,0.1377,-0.1905,-0.7975,-0.4786,-2.7001,0.7884,3.2108,-3.0509,-1.3022,-4.0727,-3.7206,-2.1392,1.9623,0.2464,3.0859,3.5185,4.9997,0.4234,2.026,-0.1619,-0.0991,0.0331,2.3714,1.8089,1.7144,2.5195,-0.4631,-2.0972,0.5595,-3.8322,-5.4761,-2.941,-3.7752,-3.1445,-1.7371,-0.8672,1.7813,-0.3905,0.0799,1.0947,1.0887,4.8894,2.4892,4.7098,5.6049,8.9794,6.3456,10.0351,6.4342,5.1855,9.3953,10.4911,12.212,14.5183,15.767,16.7769
-8.26530011450246,40.2829541239585,0.0153,3.9837,0.4967,0.8389,0,-9.0825,-7.4363,-8.28,-9.2261,-10.2626,-7.4865,-5.449,-8.0469,-10.1833,-5.2861,-6.2149,-6.6278,-2.2155,-8.2413,-3.3823,-5.6361,-7.2167,-6.7985,-9.5445,-5.7364,-5.9598,-6.1027,-7.3323,-5.397,-6.3979,-5.0826,-5.4786,-2.1797,-1.2561,-1.2672,1.6124,0.2088,-0.9537,-2.9579,-0.1898,-0.69,-0.2243,-3.5161,-1.8148,-0.6179,5.7783,2.1197,6.6672,5.0787,6.1403,2.8297,4.3407,2.3782,-0.4481,-1.1511,0.8644,0.6799,-0.6439,0.0091,-5.1068,-7.2494,-3.9527,-6.109,-11.4003,-9.2912,-8.6045,-9.3079,-8.4222,-8.7661,-7.6925,-10.0985,-7.8025,-8.7765,-11.2152,-12.6074,-10.1247,-11.063,-9.1375,-4.7156,-6.9858,-6.0486,-7.0377,-6.8641,-2.4171,-3.4942,-7.3802,-5.663,-4.771,-2.5926
-8.26449163074676,40.2829541239585,0.0183,-4.595,0.4362,0.847,0,-0.0136,0.8702,0.4927,1.1427,0.402,-1.829,-5.3227,-4.8274,-1.3772,-2.9531,2.6853,4.9032,3.1565,7.2231,3.964,5.5461,5.4873,6.2024,3.9184,2.4039,-1.088,4.4315,10.9217,12.1149,14.415,13.2416,12.7629,14.1159,15.657,16.5704,19.0056,15.1265,19.4904,22.9522,22.8069,26.8581,27.7868,30.0264,29.4148,24.4579,13.4596,14.0006,13.7724,12.3193,12.6279,12.2502,9.5042,11.5462,3.201,3.5525,-4.2376,-4.0179,-5.5832,-5.7856,-6.9549,-8.7052,-4.2969,-4.4249,-3.6919,-3.8192,-3.5197,-4.6749,-3.1901,-7.1496,-4.3409,-3.7493,-8.2741,-11.7827,-7.9021,-13.5528,-8.3098,-6.5512,-5.2948,-3.6726,-4.2087,-3.5723,2.1089,-3.5259,-4.6406,-8.3761,-7.2901,-5.4029,-5.6096,-5.3328
-8.26422213616152,40.2829541239585,0.0169,-5.8397,0.4273,0.8162,0,-1.5605,0.8715,-0.8484,-1.0249,-0.3288,-4.1562,-4.7783,-0.5823,-2.2278,1.1072,2.6195,8.4997,8.9149,13.2062,14.583,10.3568,13.1786,16.3565,13.3404,14.3162,13.9797,14.0714,13.7044,13.6296,14.7876,10.7632,9.8367,9.8244,10.1965,9.9643,11.8174,12.2264,14.3937,22.1613,21.3766,22.5782,22.7036,26.8576,26.9399,24.8556,17.7558,21.575,14.4474,12.3887,9.739,10.2523,5.6562,10.6303,6.5755,7.1047,4.0036,2.8362,4.1226,2.6626,4.0716,10.1734,7.8556,5.8098,8.3712,9.7999,10.0199,7.3122,11.7263,13.4262,15.4548,14.1579,13.5572,10.8096,10.7244,7.0745,7.483,11.9204,8.5044,12.9503,13.4855,16.9877,17.6857,20.2223,21.2028,19.2412,19.1617,21.1597,19.3336,19.1727
-8.26395264157628,40.2829541239585,0.0167,-10.506,0.4076,0.8512,0,-4.8188,-2.9828,-2.8988,-2.9798,-0.9631,-3.3672,-5.8495,-3.8131,-4.0407,-5.5649,-6.8082,3.5215,3.7787,-1.5462,2.7127,-3.5735,-0.0634,0.578,-3.7725,-5.3701,-9.1635,-8.411,-8.3839,-9.0569,-8.7046,-15.5551,-17.7938,-27.1288,-30.4773,-30.8466,-29.4543,-23.2331,-25.7519,-17.6823,-16.6932,-12.6074,-12.3171,-8.055,-11.0645,-13.4902,-17.9026,-17.5898,-27.4913,-24.2867,-30.9279,-30.1754,-36.8694,-28.9646,-27.6549,-29.7357,-33.3366,-32.2586,-30.5656,-33.1215,-32.6028,-25.98,-31.6529,-30.7013,-29.6369,-30.2089,-30.2089,-26.7604,-29.4335,-23.6154,-21.9366,-23.4031,-22.2195,-22.798,-25.7111,-33.3782,-31.6026,-28.1976,-33.0656,-28.8088,-29.5786,-28.1747,-27.1447,-16.3038,-18.8193,-19.3729,-16.021,-19.8542,-21.0406,-21.5565
-8.26341365240581,40.2829541239585,0.0134,7.9189,0.4427,0.8494,0,0.2689,2.8693,0.5666,0.4073,1.5398,0.8667,0.493,1.5076,0.5494,3.6498,8.7752,3.5524,3.5007,-0.468,1.1665,-1.159,-1.0107,1.3942,-1.8037,-4.6262,-8.0682,-4.5107,-0.528,3.9648,9.1461,3.0425,2.1945,-2.5734,-1.4973,-3.3013,-1.7387,-3.0432,-3.8812,-2.0129,-1.6606,3.0297,2.6446,-1.3082,5.5706,-3.4286,-2.7167,-1.2108,-4.0263,1.0773,-3.3705,0.4129,-6.2113,-3.2431,-3.3194,-3.966,-2.6909,-1.4466,-2.3003,-1.8591,2.3576,6.9689,1.6427,4.7579,4.6299,3.2872,3.4507,0.6141,0.2959,0.7608,1.6455,-1.2415,0.072,-1.6264,3.4086,-0.5456,0.6167,3.9752,2.9205,3.7592,0.4827,5.4338,4.4458,6.833,8.1036,6.639,9.3468,3.4296,-1.0335,-1.0725
-8.26314415782058,40.2829541239585,0.0145,-1.1917,0.4639,0.9736,0,-4.0314,-5.203,-2.3928,-0.1531,-0.0064,-2.7414,-2.666,3.7646,-0.4362,-1.5156,-1.6776,4.9755,0.6421,2.8157,3.2716,1.5381,3.192,5.8846,2.856,2.8647,3.1356,2.8253,8.7563,2.5942,2.9495,-1.8411,2.3238,-4.9586,-5.1121,-7.5662,-5.6444,-9.3033,-7.8881,-7.1787,-5.6239,-0.5155,-0.8181,-1.1501,-0.8061,-5.839,-11.001,-2.6099,-4.5035,-3.2753,-0.4331,1.5422,-3.8027,-8.011,-5.2341,-0.5055,-5.4878,-6.2435,-6.9276,-7.0339,-3.425,-3.1077,-7.4948,-8.648,-8.7188,-6.3008,-6.8576,-6.9484,-7.605,-7.7156,-7.1972,-8.0266,-6.7976,-9.1095,-5.0081,-8.0138,-3.3276,-1.9149,0.3009,1.0104,-1.1148,0.3218,-2.7958,1.7276,0.6461,0.1053,3.1401,3.2626,1.7399,1.0949
-8.26287466323534,40.2829541239585,0.0155,-3.8365,0.4908,0.9751,0,-3.4347,-2.3054,-0.1033,2.5879,2.4092,-0.1656,1.0099,6.9286,2.1206,2.2519,2.662,11.0893,8.7379,10.4789,11.4272,8.8354,8.3245,11.4543,8.2989,5.9267,8.9801,8.0735,12.6403,8.8503,8.6894,5.8249,8.8848,-0.1167,-1.4506,-1.1502,1.7855,-1.3726,-1.4109,-0.2002,0.282,8.2767,8.1804,8.627,7.2658,2.1619,-4.9028,1.19,-0.8464,-0.9384,1.069,2.4786,1.3601,-2.0608,-0.1159,4.5894,-0.0282,-0.3823,0.4437,-0.9936,1.8915,2.8851,-1.8726,-4.6513,-1.5753,-0.6044,0.347,1.0277,1.0473,0.237,0.5491,0.5714,1.8383,-0.8747,3.5985,-0.4289,3.4977,4.9281,6.0426,7.1352,5.2853,5.7666,3.5162,7.9093,7.3522,7.4746,7.9416,10.3853,8.8818,7.6528
-8.269342533281,40.2831597104792,0.0149,-12.8415,0.4615,0.8705,0,1.923,0.0887,0.7094,1.3537,-0.5393,-2.784,-3.1924,-6.6054,-5.7276,-7.003,-7.1062,-3.4973,-3.6464,-4.0838,-4.0012,-5.5936,-3.1405,-3.1838,-2.4897,-2.7574,0.1894,2.7553,1.3782,3.4143,5.792,2.8767,2.2152,3.7874,5.5908,2.8141,7.4128,7.0215,4.6649,5.8884,2.653,3.3096,4.7627,4.2887,5.3124,4.8751,4.8452,7.2855,6.1553,1.6268,1.5415,-2.5167,-11.0154,-9.596,-6.4779,-4.9492,-8.1203,-7.9376,-8.2804,-8.9241,-7.9886,-7.449,-7.0876,-7.3819,-10.5566,-9.5738,-9.7275,-7.8057,-8.2356,-10.3125,-7.8671,-8.1209,-7.3745,-9.7027,-11.8121,-12.5666,-15.2208,-18.6906,-11.4933,-7.2768,-9.5329,-10.0187,-8.2858,-8.1865,-8.3931,-10.4816,-11.6395,-11.4847,-10.2591,-9.8222
-8.26907303869577,40.2831597104792,0.0165,-5.3362,0.4804,0.8834,0,3.9055,-1.7955,-2.239,0.31,1.5503,2.484,1.3552,1.7699,1.1823,0.7169,-0.5627,-0.4042,-0.0593,2.39,-0.4513,-1.0662,-0.3676,-0.4445,-0.0414,2.9461,3.3953,3.4604,4.0779,4.9392,5.4443,6.2385,8.5451,8.3628,6.67,5.2141,5.013,4.4441,4.9027,4.5469,3.6549,0.8652,2.2958,4.7666,4.0371,5.3768,5.6162,13.4694,7.3774,7.6457,3.7562,2.7441,6.0272,4.7506,2.9675,4.3406,4.3537,3.5509,5.8251,5.6338,0.2022,3.8355,2.7961,-0.8622,0.0255,-0.8709,-0.8059,1.2807,3.862,2.4125,1.8101,-0.2432,1.2973,-1.3128,-1.9296,-4.264,-1.7033,-4.3548,-3.5682,2.7348,6.5,3.9563,4.7414,3.9701,1.4223,2.5998,-5.0393,-11.7805,-8.5275,-5.9752
-8.26880354411053,40.2831597104792,0.0154,-2.9517,0.4575,0.8789,0,3.3044,-1.3284,-6.2593,-5.5695,-7.033,-6.2704,-6.1024,-8.891,-8.7959,-9.6015,-9.4746,-11.0898,-6.9301,-4.6485,-3.3639,-4.2982,-4.5693,-1.5506,-0.5889,2.1124,-4.7146,-4.2327,-5.0637,-3.2265,-3.517,-1.7034,-2.2026,-1.9634,-5.2464,-8.8427,-9.7027,-7.6704,-2.7835,-6.092,0.1853,-4.5127,-2.3429,-1.2384,3.1473,-1.2152,3.1413,7.3949,2.3526,4.3078,0.9447,-5.4485,-5.2236,-0.4626,-4.481,-2.94,-3.4295,-3.3133,-3.396,-3.0015,-1.4669,-2.4132,-3.3188,-5.677,-7.3434,-5.0957,-4.8384,-4.4016,-5.5005,-4.9019,-6.1321,-5.4984,-6.8001,-7.67,-10.5538,-8.8901,-12.2954,-11.9921,-15.9381,-14.6045,-15.1893,-14.5127,-15.3642,-15.2221,-15.5763,-15.3219,-13.0949,-11.8106,-11.8446,-12.3955
-8.26853404952529,40.2831597104792,0.0172,3.6188,0.4798,0.8891,0,1.2307,4.7309,2.9364,3.1999,-0.5528,0.4577,-5.5426,-0.9078,0.8916,-0.8416,-0.1271,-1.1748,1.5599,3.1493,2.4541,2.0202,2.5271,3.1529,4.0726,3.5517,1.9802,3.2893,2.4734,0.8512,-4.0571,-4.0936,-4.0994,-3.122,-2.6458,-5.6795,-4.5004,-0.6402,0.5743,4.0368,6.5171,0.9607,4.0852,4.3442,4.6506,5.0903,8.654,9.5716,7.4297,9.4506,6.2739,5.6863,3.7388,4.771,5.6723,5.9383,13.0174,12.7364,10.8354,9.5433,10.0474,12.5541,11.1948,8.9674,7.2506,11.4955,10.8581,10.226,10.9578,8.6359,11.8753,8.244,9.9383,9.018,8.2128,8.6197,9.0684,8.9418,6.5968,8.1396,7.2457,5.8395,4.4358,6.7617,5.3591,5.5625,10.8113,12.7857,15.5926,13.7307
-8.26826455494006,40.2831597104792,0.0147,5.0764,0.4722,0.9194,0,-2.4005,-0.4293,2.4232,-2.689,-5.1764,-4.5265,-5.8692,-4.0657,-4.3487,-3.7,-3.0306,-1.4727,-2.6308,-0.6115,-1.6733,-2.1738,-1.2596,-1.9911,-2.6895,-3.0544,-2.6317,-4.3054,-5.2169,-6.9928,-7.8202,-10.5251,-9.6555,-4.7785,-3.2838,-6.5863,-8.1527,-0.7933,-1.3912,-2.57,-2.9666,-3.9254,-0.9871,-1.8578,-5.1431,-5.8976,-5.027,-2.7941,-2.5282,-0.7956,4.2707,0.5807,-0.0347,-1.4454,-0.182,-3.6777,-2.7855,0.2882,-1.436,0.7885,2.0366,0.3073,-1.7111,0.1159,0.9842,1.163,-1.0398,-2.2078,-1.0799,-4.8051,-4.7338,-8.4062,-7.6145,-8.8835,-10.3963,-11.5872,-12.263,-12.3812,-13.8444,-14.5961,-16.8254,-17.5249,-19.783,-20.8636,-21.9982,-19.6336,-13.0261,-11.0497,-10.9642,-10.3908
-8.26799506035482,40.2831597104792,0.0153,-0.0621,0.4696,0.8798,0,-1.9402,-0.5531,2.466,5.2718,1.5281,-1.4306,-2.2761,-5.3579,-3.9354,-6.3688,-4.6996,-7.2057,-4.3319,-8.2372,-7.7016,-6.9352,-8.6891,-11.1293,-7.6187,-8.2769,-5.5102,-7.8463,-3.8892,-3.8333,-6.7295,-9.0339,-7.3637,-8.0794,-6.2871,-6.8091,-8.3275,-4.5417,-2.2686,0.1197,-0.0738,-2.8189,-1.9286,0.2403,-2.9615,-8.3406,-4.552,-6.3188,-11.7714,-8.0514,-8.8915,-8.506,-7.097,-8.1998,-7.4299,-8.8355,-9.3778,-10.1214,-10.1018,-13.8641,-10.884,-10.5582,-9.4499,-9.0709,-10.2179,-12.9519,-14.5654,-14.999,-13.3492,-16.9336,-13.4359,-18.4203,-14.0864,-18.9958,-16.782,-19.1079,-19.4903,-19.71,-18.8377,-19.8758,-20.8545,-20.6402,-23.862,-21.5546,-21.9691,-22.6668,-20.1914,-19.4036,-20.5221,-22.3998
-8.26772556576959,40.2831597104792,0.0168,0.0125,0.4484,0.8453,0,-2.184,-1.5262,0.3379,2.7241,-0.8091,-0.7569,6.6847,4.291,4.0265,3.5712,1.2247,1.3485,-0.5477,2.1991,6.6865,3.9992,-0.7154,1.0764,0.1507,0.6547,6.717,7.1021,8.5834,11.3778,11.5851,12.0174,12.8284,12.6433,8.2497,11.9767,13.0719,15.0287,19.0923,24.9309,20.6699,24.4437,24.8376,24.3629,25.1634,32.2447,29.6855,27.3203,28.6121,31.2637,27.5624,32.6538,31.6403,35.3278,40.8659,40.5318,38.7818,33.577,36.4826,32.059,32.7488,34.4451,34.6568,33.4619,31.4473,32.4702,30.1808,30.4,30.6719,27.7656,31.8091,26.6603,32.1064,26.8237,29.2447,27.2655,28.8906,28.9768,28.3613,33.4532,30.5949,32.076,30.4487,30.1554,29.2838,29.5658,32.1537,31.6676,33.2849,34.5254
-8.26745607118435,40.2831597104792,0.0176,-5.3409,0.429,0.8365,0,1.0047,2.5624,5.3935,5.8908,0.4901,2.0199,-4.0572,-4.8907,-3.1961,-4.5822,-2.7694,0.7154,3.0393,4.3964,3.912,3.3522,0.0526,1.6742,0.7877,-0.7703,-3.0344,-1.8936,-2.8696,-2.3006,-3.2266,-1.3969,-0.2606,0.2169,-6.2505,-7.4824,-5.5662,-8.9093,-4.2808,-0.7406,0.6852,-0.1228,-3.331,-1.6213,-2.0014,-6.3594,-4.8437,-6.1746,-3.7402,-2.8486,-4.9741,-4.7613,-5.354,0.0168,-0.2024,2.0864,-3.9123,-6.4828,-3.3817,-5.3819,-5.8713,-8.2184,-10.0906,-7.1616,-8.7171,-10.0872,-9.9594,-12.8939,-10.6322,-13.7206,-8.6876,-14.1469,-9.0156,-12.1581,-12.9101,-14.0799,-12.9584,-13.0658,-12.7316,-11.81,-12.3413,-11.8805,-13.4278,-14.6788,-15.3909,-16.2672,-14.8178,-13.3363,-13.6572,-13.4721
-8.26718657659911,40.2831597104792,0.0166,1.5136,0.434,0.892,0,-1.0821,-2.0567,-2.5417,6.2555,-0.6928,-5.3379,-7.3692,-11.1693,-8.7117,-13.5636,-13.7392,-13.2966,-13.3632,-13.0735,-14.6521,-14.2671,-10.9045,-13.0649,-13.2218,-14.3286,-13.8151,-10.7344,-12.7016,-12.7989,-8.6011,-8.3122,-8.8255,-8.4073,-7.6695,-5.1892,-7.5384,-5.5057,-2.996,-1.2031,4.6438,6.5617,6.1226,7.2228,4.0473,0.1879,4.6576,4.4961,6.2318,6.4555,7.8536,11.7913,12.1694,6.3223,8.4366,11.8872,8.4631,2.2882,1.7844,2.2356,2.1402,-0.5178,-2.8621,2.241,-0.7809,-1.8527,1.0907,-0.102,3.9908,4.0579,3.4001,-1.995,3.5543,-0.3493,2.4219,-1.1254,0.7569,0.0927,1.1622,2.9283,2.4923,3.4023,4.4221,2.9418,6.3919,2.0216,-0.517,3.7426,4.4085,7.0394
-8.26691708201388,40.2831597104792,0.0163,-0.0619,0.4649,0.923,0,0.2989,-5.1914,-4.1423,-0.9438,-1.5026,-3.9419,-8.1011,-11.0107,-8.8056,-8.783,-8.5458,-12.1185,-11.6663,-14.409,-11.9184,-15.9403,-23.1794,-20.3419,-22.3386,-22.0075,-27.2583,-22.4004,-24.1219,-23.2731,-18.4404,-17.9416,-18.3933,-19.4582,-20.1715,-21.4221,-20.6258,-18.6356,-19.8607,-16.4431,-12.4835,-21.6506,-21.5861,-22.8028,-20.6124,-19.2919,-18.8056,-18.883,-14.0346,-16.5835,-18.2232,-19.239,-21.1156,-22.8512,-27.1923,-24.5646,-25.7245,-26.0142,-25.1428,-24.7263,-21.8658,-23.3201,-22.557,-21.7137,-25.6227,-22.9714,-24.3533,-21.6576,-22.0452,-23.6632,-22.3927,-25.2375,-20.5371,-28.2036,-25.4652,-27.7883,-26.3872,-26.6938,-24.8751,-25.5349,-24.2515,-23.8967,-23.4198,-24.6431,-19.7204,-22.2331,-21.7877,-18.5596,-17.4138,-17.5269
-8.26664758742864,40.2831597104792,0.0151,-9.7914,0.4704,0.9271,0,-2.9443,-6.8634,-1.6098,-1.5344,-0.5823,-0.5353,-3.6066,-0.4673,-1.1216,1.5087,1.8542,2.1352,-1.6295,-2.2942,-2.1973,-4.7184,-8.9551,-5.9836,-8.5158,-9.0959,-12.7419,-12.725,-9.9631,-9.4072,-9.0953,-5.582,-5.0491,-7.4395,-8.478,-8.3878,-8.2513,-8.732,-5.9755,-9.0227,-7.6445,-12.6355,-12.2513,-12.5638,-12.3286,-12.3814,-12.7001,-16.2285,-16.203,-14.5292,-15.415,-21.9289,-27.8568,-28.5385,-32.6833,-32.1711,-31.081,-28.7283,-31.5321,-29.6813,-30.4887,-28.2195,-30.2587,-29.9162,-32.5983,-30.0789,-34.1287,-30.9839,-33.699,-33.0108,-34.9165,-31.878,-32.9566,-34.7224,-34.7771,-34.0644,-33.8287,-34.2157,-33.7526,-36.4577,-34.3305,-32.9792,-32.6633,-31.9644,-29.6733,-30.5955,-28.0494,-26.8579,-25.5372,-26.3067
-8.26637809284341,40.2831597104792,0.0167,-17.0403,0.4335,0.9254,0,0.469,2.3306,1.1333,0.9609,1.7193,1.2768,3.6962,2.7881,3.0868,5.2837,10.3652,12.3565,12.5587,12.3434,14.1772,10.8981,10.1965,12.8263,8.6795,9.4763,6.161,6.4117,6.3168,4.5999,5.2995,4.0851,5.4995,5.7826,2.191,-0.2784,-4.9642,-4.9969,-8.4808,-4.3512,-2.1983,-8.4855,-9.7227,-11.1626,-12.7487,-10.662,-12.2525,-16.2021,-17.4261,-17.7561,-19.9302,-20.8671,-20.8552,-28.3949,-28.5142,-26.3745,-27.1837,-21.6517,-23.7159,-22.6233,-20.9337,-17.5977,-19.9273,-20.6227,-22.0832,-24.8472,-25.0685,-26.0927,-26.6254,-27.7505,-28.2998,-31.8441,-31.346,-31.6485,-32.4549,-34.4138,-32.0743,-35.7463,-36.9701,-35.2311,-32.9948,-34.6799,-33.2389,-33.0997,-32.0912,-33.7197,-31.4061,-27.6433,-27.392,-31.0516
-8.26610859825817,40.2831597104792,0.017,3.1204,0.4622,0.8877,0,4.8215,12.7262,9.6847,8.8839,9.1071,6.5203,4.004,5.0365,4.9954,4.3048,2.6367,5.1793,4.2614,-2.1995,-1.0782,1.1556,4.8148,5.8438,5.6957,11.0454,9.2707,8.5874,9.8442,8.5178,6.7575,3.0153,6.6849,5.753,1.1504,1.9217,2.357,-2.0081,0.1607,4.4225,3.3096,-0.4372,-1.7155,-4.3136,-3.8487,3.0111,1.6134,9.4847,5.0898,3.4526,4.1091,7.8593,12.003,5.7386,8.6068,14.8115,11.7371,14.0702,12.0199,12.1643,10.4131,7.1908,7.163,7.4702,6.1018,6.4043,3.3312,4.1648,4.276,4.2518,1.8722,2.3737,0.9758,-0.1757,1.5745,3.0941,-1.1544,-2.3195,-0.6844,6.3676,6.0921,3.33,3.5762,0.652,4.8838,4.2629,4.6255,3.7345,6.879,5.4167
-8.26583910367293,40.2831597104792,0.0175,-0.6428,0.4598,0.8813,0,1.0163,2.924,0.0592,-2.7211,-3.7248,-3.065,-9.8972,-9.6549,-9.6297,-6.8952,-9.6258,-11.2788,-10.3507,-11.6066,-10.9694,-13.2904,-10.3483,-12.7759,-13.9248,-8.7316,-7.7248,-5.3011,-9.3845,-10.0466,-12.5361,-8.5262,-12.0682,-15.6971,-10.8883,-9.5835,-8.2892,-9.864,-3.2908,-5.1269,-5.0796,-9.0052,-10.4486,-10.9126,-11.0561,-11.1577,-9.1303,-15.8802,-14.3766,-14.7759,-10.1795,-4.7686,-0.578,-4.6308,-6.4805,-7.8661,-5.0748,-5.6685,-7.7096,-7.4643,-8.27,-4.4989,-4.2197,-2.482,-5.411,-4.4095,-8.1739,-9.132,-8.5228,-9.4735,-6.9868,-6.5705,-6.2762,-9.3122,-5.7895,-2.4551,-3.4319,-3.8766,-0.1611,3.3452,3.4258,5.8992,4.4802,0.6975,2.0913,1.7784,0.1633,-0.2369,2.5744,3.5965
-8.2655696090877,40.2831597104792,0.0176,-9.0978,0.394,0.811,0,-1.8022,0.3367,-2.709,-2.7538,-3.1517,-4.1425,-4.9895,-3.8913,-4.5869,-7.717,-9.3463,-11.0088,-13.4467,-11.7539,-12.5854,-10.8598,-9.6361,-12.3346,-11.5321,-10.888,-10.244,-11.4563,-17.689,-14.6285,-15.3546,-13.3301,-14.6936,-16.5836,-13.7783,-13.0392,-11.552,-10.6332,-13.8561,-7.3891,-8.5661,-11.6203,-11.0603,-10.5122,-9.7364,-12.2453,-7.4061,-12.463,-12.8931,-14.5785,-15.3342,-15.8985,-14.4086,-11.7039,-15.3915,-14.6572,-12.3761,-13.519,-17.7713,-17.9609,-21.8052,-24.0368,-19.0471,-17.6801,-19.8596,-18.6604,-18.5987,-16.274,-16.6315,-16.5589,-18.3126,-16.573,-16.1879,-15.5478,-16.5462,-16.6114,-15.0649,-12.6756,-12.8261,-18.017,-18.1294,-15.1479,-15.9581,-18.6705,-16.7161,-13.3315,-10.8921,-8.9469,-7.5798,-4.6386
-8.26530011450246,40.2831597104792,0.013,-6.5779,0.37,0.8183,0,0.7874,1.1959,1.3168,1.2476,-0.9969,2.2572,4.3998,-1.0882,-0.2796,0.974,0.116,2.7762,5.3035,6.1509,10.3774,8.7948,9.7665,10.8292,8.7616,12.3261,8.1807,10.8726,12.3588,11.4585,8.5188,11.7341,8.5659,8.6553,15.3223,17.3216,15.2394,16.1586,16.9617,18.975,20.9033,19.6924,18.5088,21.4823,17.5623,18.413,18.7311,15.064,15.3618,13.3747,14.2507,11.6628,9.2451,11.1199,7.4522,6.7531,7.0924,7.8187,6.7192,5.5037,1.6816,-0.2275,3.4652,4.5627,3.1741,1.7999,2.4857,-0.2267,-0.9578,-0.2284,-2.4655,-8.4858,-5.0771,-7.325,-7.2106,-11.9788,-6.4711,-8.2352,-6.5563,-8.38,-11.4195,-10.0014,-10.8094,-9.9085,-8.5818,-6.4369,-7.6269,-6.593,-5.3576,-7.6647
-8.26503061991723,40.2831597104792,0.0164,16.6041,0.4742,0.9429,0,0.5275,-1.6013,0.3167,0.3378,1.4028,2.2627,5.503,2.8286,4.7783,4.3645,5.2665,8.3994,7.4673,10.6717,11.5571,10.1401,8.6628,9.5077,6.4877,6.8681,7.7685,7.4426,7.5271,9.8145,7.8877,9.6777,9.5231,18.0067,21.7762,25.8556,25.2346,25.1783,24.5901,29.1219,30.9543,30.4745,29.467,27.7391,26.3437,31.59,35.4606,35.6163,36.0642,35.457,30.1305,28.2215,27.9305,27.0078,27.2863,24.5524,24.9437,24.7823,26.2239,24.0902,25.351,22.3101,30.5595,29.2644,26.9999,25.7501,26.8795,24.6417,25.1546,23.7536,30.4337,29.2377,30.2433,27.6501,26.9608,26.192,26.5667,30.7896,31.3536,31.1144,30.0537,33.8863,34.8374,34.1964,31.9574,35.5974,31.5428,32.7505,32.346,31.1137
-8.26476112533199,40.2831597104792,0.0136,3.0907,0.455,0.937,0,0.9867,1.032,1.1546,-0.1042,1.313,3.7829,3.6437,3.4153,4.5901,4.3953,5.2694,7.4756,3.8287,6.2073,6.4102,4.0641,0.5934,2.0341,1.1984,3.4895,7.4974,6.3016,2.8245,3.632,4.1223,3.6775,3.5446,5.4755,7.4505,9.6567,12.7989,13.1665,9.2886,13.7353,13.4361,10.8015,8.6573,6.0003,6.4959,7.7875,7.4682,15.0879,12.816,14.2399,12.0345,8.9235,7.3011,8.3129,6.6087,7.5428,8.0292,8.387,7.4637,7.1741,8.9538,3.9933,8.6182,3.7133,2.4077,0.4078,4.0718,3.2534,4.3035,6.5081,7.2053,7.1148,4.7134,6.3373,3.0832,2.7108,2.1224,3.0344,5.9999,7.0363,8.1037,7.293,8.3738,7.8245,4.3197,5.8213,4.7848,6.0365,7.1167,6.225
-8.26395264157628,40.2831597104792,0.0176,-13.1587,0.4527,0.9091,0,-2.3986,-1.7682,-1.6304,-0.904,1.3651,-3.4802,-2.3357,-1.6503,-2.3024,-3.9395,-5.506,-6.0767,-4.0082,-4.1853,-3.9747,-6.8228,-4.0355,-2.5165,-4.1689,-2.3317,-5.814,-4.863,-2.5316,-6.0357,-9.71,-8.8233,-7.8678,-7.491,-11.7614,-14.4125,-12.9602,-11.7852,-7.5725,-5.8097,-3.2364,-2.3971,-1.867,1.1974,-6.1655,-12.2959,-15.2585,-18.2179,-18.1001,-17.4369,-22.9132,-21.7228,-27.0772,-20.2398,-19.7865,-23.6449,-23.2349,-22.1919,-21.6646,-22.3746,-24.8013,-21.5739,-24.1168,-24.7025,-24.2365,-22.7831,-23.0852,-19.9629,-22.6097,-24.3656,-21.0631,-24.7428,-24.1867,-24.1444,-22.4466,-20.9241,-21.6236,-17.9016,-18.7304,-17.2856,-20.6717,-16.883,-19.2717,-20.2204,-20.0822,-19.6964,-20.9138,-22.5814,-23.9378,-21.5037
-8.26368314699105,40.2831597104792,0.0165,-12.884,0.4825,0.8891,0,0.7895,2.7561,4.0407,6.3475,8.6574,2.66,5.0765,6.8161,6.3795,4.7802,-1.0221,1.6098,1.6041,-0.6007,0.5537,-0.2339,0.9196,2.6994,1.6949,0.252,4.2434,3.5682,3.8797,4.0808,3.3758,4.4044,0.9571,-0.6544,-2.6139,-0.7446,-0.8189,-0.1102,-3.5252,-3.969,-1.922,1.0871,-3.6585,-3.4574,-5.2445,-7.2971,-11.2592,-11.9272,-12.5721,-14.3127,-13.8239,-14.4406,-20.5518,-25.2043,-25.2136,-21.2165,-17.1954,-17.9459,-15.7296,-16.4744,-16.8794,-14.822,-18.6477,-14.3065,-14.2109,-10.4439,-13.0791,-12.9045,-16.9202,-17.3046,-14.6103,-17.9496,-17.4501,-16.8497,-15.7207,-18.4763,-15.9079,-15.9467,-14.6935,-13.0274,-15.5892,-11.3904,-12.838,-11.0137,-11.5607,-9.0039,-8.2143,-10.5772,-11.2807,-9.0216
-8.26341365240581,40.2831597104792,0.0164,-2.4508,0.5072,0.9086,0,1.5775,2.0416,0.1469,1.3832,-1.1782,-3.6692,-3.0673,-1.6991,-5.0632,-6.4242,-11.423,-9.8945,-8.4585,-13.9995,-14.4299,-15.2445,-14.9788,-13.2863,-13.2718,-19.7551,-16.6749,-18.5506,-17.1833,-15.3027,-15.9782,-15.433,-18.737,-20.0242,-21.2572,-22.1016,-22.2087,-21.6276,-20.2692,-19.5158,-17.413,-11.3947,-13.7067,-14.1112,-13.0723,-15.0852,-15.0873,-13.8938,-14.0583,-15.7104,-14.408,-12.6401,-12.5472,-17.1965,-18.2845,-17.0036,-15.8944,-17.3379,-14.1557,-15.1621,-10.389,-13.222,-14.5928,-9.945,-6.819,-6.4742,-5.9633,-4.2693,-8.2385,-9.8593,-8.5479,-10.9662,-10.8258,-10.2643,-8.7298,-12.8941,-9.8171,-7.0094,-9.034,-9.8099,-9.7708,-6.2279,-8.293,-9.6782,-7.665,-4.5925,-3.2259,-4.924,-10.9672,-10.6746
-8.26314415782058,40.2831597104792,0.0124,4.7007,0.4884,0.9736,0,-0.5083,0.8052,2.2628,3.4262,2.449,3.7201,4.9103,3.5721,1.9464,2.075,2.6769,0.1569,0.1593,0.2741,-2.1614,-0.7942,0.6835,2.0012,1.4837,-0.8867,-5.705,-4.3175,-3.646,0.1935,-1.7861,-2.0404,-1.5054,-1.9151,-3.4364,-4.7136,-4.3382,-3.0035,2.623,4.37,4.1333,2.3849,2.0263,0.4331,2.5624,0.5174,0.4621,0.2657,-1.0546,-4.1471,-5.3572,-5.4458,-2.2728,-3.334,-2.5334,-1.0272,-0.6418,-2.5793,-2.7713,-2.3987,-4.443,-7.0027,-7.265,-4.1527,-2.7284,-6.1581,-2.4514,-2.2203,0.2368,-0.8447,-1.826,0.8248,-1.7559,-0.9226,-1.6597,-1.0329,-2.8129,-2.1368,-1.924,-0.7503,-1.6326,0.2839,-0.2038,-3.4447,-2.1948,-0.5087,-1.0214,1.0405,1.3819,1.401
-8.26287466323534,40.2831597104792,0.0122,6.8259,0.456,0.9824,0,-1.2039,-0.3418,1.5731,2.5246,2.1625,2.8429,5.0851,5.3381,3.3264,4.0987,5.2803,3.0095,3.7145,3.6922,3.6192,3.7245,4.6098,5.7047,5.4404,5.0948,1.0663,2.3607,3.0665,7.1007,5.8052,5.7159,6.0738,4.382,3.5014,2.7707,2.837,4.8563,8.9111,10.4865,9.2715,11.1869,11.1923,9.1494,10.4802,8.125,6.3019,8.5813,8.9407,7.9124,6.4713,7.8001,12.5659,7.9415,8.3894,11.1032,11.0459,12.4412,12.1728,11.3776,9.7399,8.4234,8.2632,11.913,14.4843,11.854,15.7946,17.5376,18.2896,18.8275,16.069,21.1665,15.9965,20.5062,16.4668,17.8511,15.4395,17.8706,18.4536,20.318,20.1402,20.9528,22.4393,18.1277,17.8563,19.1572,19.5729,21.6878,22.2745,24.6471
-8.2626051686501,40.2831597104792,0.0115,8.1237,0.5249,0.9907,0,-0.5836,1.4799,1.6229,2.3634,2.8246,4.1177,4.9687,3.5483,3.1386,3.5347,2.3067,1.7081,2.8508,1.473,3.0136,0.1517,2.4513,2.5138,2.2033,2.6049,2.0136,0.8673,0.5115,3.6487,2.1812,0.7436,2.0772,1.318,0.4646,-1.0962,-1.4475,1.0357,4.2422,4.9153,4.3149,6.1282,4.6919,2.9693,3.2407,2.9591,3.0948,3.9974,4.0139,3.4928,4.2022,2.8126,6.5665,3.3399,3.6591,4.239,4.6457,4.9592,5.75,6.5654,7.4717,6.6526,6.6028,9.3965,11.4858,9.5418,14.6565,14.7146,14.4569,16.9366,15.3855,15.3798,16.2358,14.8918,14.8581,17.3515,15.2698,16.9725,17.7129,18.5727,18.4344,18.7038,19.6552,17.9331,18.7999,19.4491,22.1689,22.2759,23.1899,26.7287
-8.26880354411053,40.2833652963748,0.0147,-2.6406,0.43,0.9047,0,-0.3516,1.1888,-1.2689,-0.8543,-7.7554,-6.0029,-4.2324,-8.0096,-8.0596,-9.3241,-8.2852,-12.7039,-10.4296,-9.537,-10.4955,-7.5096,-12.0343,-11.4186,-12.3781,-11.5386,-8.8579,-9.1464,-11.0731,-12.1375,-9.1031,-8.3868,-9.3189,-11.2774,-12.3827,-10.1075,-10.3381,-10.6729,-7.454,-5.5197,-5.5787,-8.938,-10.4607,-11.8052,-8.8536,-5.6183,-4.4783,-2.4541,-3.8488,-2.6446,-5.6472,-8.2736,-7.8768,-6.0801,-8.9417,-8.6983,-8.9102,-6.7937,-7.542,-8.0305,-4.6747,-4.5363,-4.9131,-5.6068,-5.9208,-5.2679,-4.4162,-7.7476,-5.929,-9.4484,-7.7787,-10.6633,-7.2844,-10.5419,-8.1019,-10.5669,-9.965,-8.2407,-9.651,-7.6389,-9.9985,-11.6846,-16.3259,-10.9421,-10.3832,-12.4693,-11.6949,-10.0653,-10.3944,-10.907
-8.26853404952529,40.2833652963748,0.0151,2.2901,0.4434,0.8672,0,-1.2652,0.1233,-0.8128,-1.7717,-5.4504,-6.3437,-8.4652,-7.2408,-8.8384,-6.6958,-3.6151,-6.3343,-6.3471,-5.3999,-7.0413,-5.5285,-4.1666,-3.0854,-4.068,-6.0788,-6.4855,-8.2654,-8.7219,-6.5894,-7.4813,-7.5117,-10.2597,-10.4948,-13.9088,-12.4799,-11.2407,-11.2008,-7.7,-8.9775,-9.1783,-13.2313,-13.5982,-15.3324,-17.5499,-12.8534,-12.8638,-16.2776,-13.0768,-13.9111,-8.359,-8.2828,-6.8993,-4.7318,-6.6719,-6.4946,-3.5743,-2.443,-3.775,-1.0048,0.6977,-3.6318,-3.2229,-0.3713,0.1871,0.8233,0.8943,-3.0994,-1.329,-2.6994,-2.745,-5.3785,-4.6713,-5.5752,-4.2158,-6.0616,-4.344,-3.3381,-4.3247,-3.7409,-2.9615,-1.7755,-5.1301,-3.4735,-5.7423,-6.0463,-2.6767,-2.4208,-2.3587,0.4522
-8.26826455494006,40.2833652963748,0.0161,3.3786,0.4562,0.8781,0,-1.047,0.2323,1.5369,1.3141,-1.6997,-0.8999,-5.0621,-4.0008,-5.3035,-5.0522,-5.0854,-6.2094,-7.1783,-8.271,-6.1786,-4.7721,-5.6791,-5.5893,-7.5662,-10.8435,-8.3341,-8.1362,-10.3214,-8.9639,-8.9081,-9.0749,-5.8148,-7.0685,-7.9179,-9.2879,-5.6461,-5.3324,-6.1637,-5.4175,-5.9131,-9.6843,-8.3127,-9.7267,-11.5431,-8.0808,-7.7018,-8.7558,-10.4829,-7.3387,-6.027,-6.6805,-5.18,-7.8314,-7.4249,-5.197,-3.9289,-4.0369,-4.234,-4.3732,-5.8726,-6.6349,-4.7166,-1.5036,1.9606,-1.4559,0.8562,-0.1868,2.3294,-2.3913,0.3143,-5.2233,-0.64,-5.0081,-3.7924,-7.798,-6.2606,-7.1559,-6.8122,-6.6457,-9.2949,-12.6799,-14.0813,-12.6293,-13.2682,-12.469,-15.5735,-15.3883,-17.2941,-16.1991
-8.26799506035482,40.2833652963748,0.0148,0.4121,0.5005,0.9075,0,-6.5635,-4.7141,-2.4583,-3.1135,-1.4507,-2.2624,-4.4468,-5.676,-6.3989,-6.1147,-5.5667,-3.1726,-4.6441,-2.4881,-1.5962,-4.1313,-2.5524,-2.7174,-2.9115,-4.8595,-3.1376,-3.852,-2.9356,-2.2542,-5.4639,-6.2167,-5.5421,-5.517,-7.3355,-9.2487,-7.1578,-8.1939,-5.9399,-3.5628,-3.5089,-3.4941,-4.1586,-3.2408,-3.4603,-4.3195,-1.8768,1.529,-2.0789,-2.364,-1.9731,-3.5825,-6.2469,-4.6869,-3.5951,-1.6087,-0.9635,-3.4525,-1.3682,-5.1581,-6.1591,-5.4784,-3.986,-4.5897,-5.6736,-5.4896,-7.7201,-9.3017,-7.8759,-10.9537,-6.065,-12.1003,-6.9606,-12.4708,-7.5999,-10.1644,-9.4526,-9.0624,-8.8627,-7.2501,-11.0293,-11.7529,-11.5387,-11.1186,-10.2821,-9.6975,-9.1263,-8.5122,-8.1123,-7.5841
-8.26772556576959,40.2833652963748,0.016,4.5313,0.4625,0.9071,0,-2.2394,-0.4221,4.272,1.1586,1.0079,0.6759,0.2506,-2.2978,-2.29,-3.3597,-3.5112,-1.0287,-1.9425,0.5602,0.8836,-2.6376,2.0715,4.3239,4.4149,5.1292,12.0815,9.9456,9.0723,14.3315,13.7853,15.3609,15.6069,16.494,14.5009,14.4197,16.5346,17.1158,9.3323,9.6049,11.8604,15.7717,14.1195,15.3043,16.2785,22.4983,24.893,26.5126,24.6547,23.4399,24.8885,25.9938,26.1116,27.2841,29.7036,30.706,27.1001,26.2765,25.8659,24.4948,24.0776,23.5982,24.5828,25.1743,26.206,25.7335,25.5177,22.8026,25.6262,21.8893,25.8844,21.3997,26.081,23.4399,26.5076,25.6554,26.2058,26.4099,26.8626,29.1242,26.849,27.6129,26.7436,27.0995,27.2436,26.9097,27.7984,27.1923,28.0595,27.9779
-8.26745607118435,40.2833652963748,0.0159,5.3367,0.4374,0.9409,0,-0.0372,2.1321,3.3002,2.2167,-0.7885,0.0835,-6.597,-3.8611,-1.513,-1.7541,2.1446,3.7094,1.667,2.4572,4.8595,4.7869,6.0304,3.3526,4.1813,3.9368,5.636,6.214,6.6148,8.105,6.2892,6.2595,7.8002,9.5238,8.857,6.2607,9.2608,6.5405,5.7812,4.511,3.4607,2.6553,1.5688,2.4478,1.4706,1.1187,3.6929,3.6051,8.5713,8.7818,5.3276,4.2048,4.7491,7.3497,5.0975,6.9338,6.3286,8.1298,9.8785,6.7272,8.9207,7.4295,8.1325,10.9796,10.7972,9.4501,8.506,8.0822,9.5339,4.8128,9.4744,4.2356,8.1866,5.3011,9.0667,8.6037,8.4028,7.7871,7.4393,7.8081,8.3702,8.5315,9.6986,8.4201,6.9777,8.2305,8.4994,7.7462,7.8323,6.7912
-8.26718657659911,40.2833652963748,0.0168,-22.2485,0.4719,0.9472,0,-1.3012,1.9193,0.9945,3.2179,-1.4373,0.4681,-5.0986,-2.7803,-1.7151,-5.1864,-5.2078,-9.4724,-8.5216,-9.9229,-9.1044,-10.5907,-6.5464,-7.9506,-6.8313,-3.2035,-6.4704,-4.1848,-3.5611,-3.5129,-2.3095,-7.3377,-5.1897,-2.9857,-5.1301,-5.0383,-4.5227,-8.2472,-2.4492,-4.1111,2.1601,-0.0479,-3.6409,-4.0602,-10.237,-9.3374,-2.6202,-5.3812,-1.0925,-2.831,-4.9024,-6.8496,-9.4921,-11.9804,-14.5133,-13.9068,-15.5621,-15.4584,-15.2674,-15.9168,-14.5693,-15.6829,-14.3376,-13.3081,-16.5536,-16.603,-16.9734,-20.0863,-17.422,-21.4083,-17.3713,-23.4083,-16.7704,-21.7025,-21.1766,-26.2427,-22.8349,-24.1182,-23.0733,-20.0078,-21.7211,-22.9243,-23.4425,-24.6442,-22.8416,-22.2793,-26.4822,-22.0062,-20.6839,-19.6066
-8.26691708201388,40.2833652963748,0.0178,4.4902,0.4824,0.9899,0,-2.4826,-1.0871,-7.5572,-4.4666,-7.4075,-8.5463,-8.9829,-6.5304,-6.2544,-7.1608,-3.559,-6.1321,-3.2938,-4.2585,-5.0231,-5.0323,-4.2287,-5.7796,-5.4064,-3.4146,-3.4871,-2.3564,-1.4247,1.3836,4.1433,1.3615,-0.9764,0.8739,-4.6008,-4.3588,-3.2823,0.9482,-1.8689,-1.5521,1.6293,-4.1269,-6.9293,-6.3274,-13.6464,-7.1352,-4.1481,-3.9955,-0.6432,0.3009,-0.0089,-4.705,-5.8628,-9.0136,-10.7745,-7.3964,-6.9989,-5.6872,-5.9478,-6.0027,-3.9366,-3.7756,-3.0718,-1.706,-3.5318,-1.3471,-0.7089,-5.0378,-3.0575,-6.6612,-4.5412,-9.2074,-3.6903,-8.7233,-7.575,-13.4591,-10.4663,-11.3284,-11.3099,-13.5895,-11.1716,-11.4391,-11.6659,-10.0158,-10.0211,-12.7579,-17.098,-19.4256,-17.7681,-20.2822
-8.26664758742864,40.2833652963748,0.0136,-15.0179,0.4499,1.0,0,-1.7787,-3.3116,-6.7986,-7.0158,-5.5549,-3.4516,-2.9772,-1.7107,-1.8888,-1.1114,0.2611,2.5765,4.5814,4.3644,4.3726,3.1965,2.2552,3.3194,2.092,1.5725,1.792,5.1194,3.3239,5.414,3.7239,1.4086,1.8221,1.4337,-4.7518,-2.6092,-6.0586,-4.8028,-2.1315,-7.1284,-10.5227,-12.4551,-10.7431,-12.6447,-12.3117,-9.6369,-9.5856,-9.6274,-9.1312,-8.4698,-13.0763,-13.9095,-15.9992,-22.3317,-23.8484,-21.3114,-22.8934,-20.6953,-20.0883,-19.1637,-19.4939,-20.4549,-20.9716,-21.9484,-21.6851,-19.9256,-20.5249,-23.8951,-22.8884,-24.6109,-24.6422,-28.1781,-26.2851,-28.2459,-29.011,-26.1086,-25.5879,-28.7226,-26.2809,-27.5664,-22.7476,-23.8642,-24.5535,-26.4643,-28.367,-29.7135,-31.5553,-33.7464,-31.0254,-35.911
-8.26637809284341,40.2833652963748,0.0085,-2.9873,0.4421,1.0,0,-0.4981,3.3191,-0.5351,-0.235,-0.6107,-2.71,-0.1213,-1.011,-3.8145,1.9407,2.0609,3.0319,1.4924,-2.2291,-3.4661,-4.6653,-3.5937,-2.5944,-2.7405,-3.1597,-2.1,-2.0572,-3.1044,-1.4468,-3.4736,-2.4584,-2.8762,-2.4649,-3.7125,-6.825,-12.6071,-14.9757,-16.6499,-15.7339,-18.644,-21.6391,-20.7765,-24.1533,-21.5173,-19.2228,-15.3094,-16.3822,-10.0417,-9.7768,-14.7257,-15.7526,-22.742,-26.8204,-28.5455,-24.1819,-25.2641,-24.0678,-23.9101,-22.7915,-22.4216,-20.3355,-26.3758,-24.9908,-23.8006,-22.2346,-20.407,-21.9706,-22.2738,-22.8826,-26.0053,-25.6479,-26.8764,-25.5907,-25.8824,-27.7807,-27.7583,-28.8251,-27.3994,-30.0977,-27.1953,-27.1229,-26.1709,-21.882,-22.839,-22.607,-23.874,-22.6029,-19.3804,-23.7935
-8.26610859825817,40.2833652963748,0.015,-2.5329,0.4463,0.9782,0,-0.8125,3.687,3.3228,3.1635,1.6015,-0.3293,1.5175,0.8082,-0.5476,-0.9799,-5.4763,-2.7964,-3.9464,-6.1022,-6.0896,-6.5837,-5.2598,-7.668,-8.6583,-8.4175,-9.4717,-9.0022,-7.7384,-10.8543,-9.781,-8.4343,-7.791,-8.4815,-11.5756,-12.2499,-12.5814,-18.3749,-16.8634,-14.2002,-17.3536,-20.5549,-20.656,-21.1374,-21.5143,-20.8926,-22.9794,-22.1491,-24.5322,-23.0395,-24.3775,-22.0669,-19.272,-27.0693,-26.8923,-22.1686,-22.903,-24.2817,-23.3761,-23.0133,-22.364,-23.94,-23.7292,-24.5573,-21.9327,-23.3242,-20.8522,-18.399,-15.6792,-17.777,-17.124,-18.494,-20.2793,-19.3541,-17.6031,-18.2048,-19.3037,-18.0011,-15.1356,-14.2501,-11.5477,-14.7232,-14.1132,-13.2518,-13.6285,-14.8377,-15.0886,-16.5167,-14.4296,-13.9773
-8.26583910367293,40.2833652963748,0.015,-15.2305,0.5436,0.9876,0,-0.964,-0.482,-2.0953,-2.8046,-5.1613,-6.8809,-1.6066,-1.3881,-3.0075,-3.7768,-8.1548,-7.832,-8.7502,-7.7507,-10.46,-12.1091,-12.4771,-12.8095,-14.4068,-12.3159,-13.1273,-13.1847,-16.8739,-14.3178,-12.1905,-11.4141,-11.6011,-17.2464,-16.4263,-15.3808,-17.9592,-16.1123,-17.806,-15.4316,-12.5533,-18.9231,-18.19,-19.4205,-20.4902,-25.4934,-25.8474,-28.2506,-30.7931,-29.9912,-34.0442,-31.4062,-25.3727,-24.7157,-24.033,-22.2029,-22.802,-23.2258,-23.8767,-23.4008,-26.1629,-26.0724,-25.505,-28.959,-33.7886,-35.2786,-32.4677,-28.0233,-27.5938,-26.5292,-22.6682,-22.0059,-22.6602,-24.0854,-19.777,-22.6874,-20.8959,-18.2786,-19.9353,-21.3132,-25.9287,-23.9259,-23.7613,-24.7086,-28.9874,-31.2088,-31.4052,-29.7854,-28.8862,-26.5036
-8.2655696090877,40.2833652963748,0.0131,-8.6968,0.4918,1.0,0,-1.8357,0.1477,0.3471,1.7981,4.1027,0.4969,2.5228,0.5323,0.505,-1.3385,-5.7023,-10.6531,-15.1001,-11.6488,-12.122,-12.9653,-13.5855,-15.3894,-15.1145,-17.8716,-16.558,-16.8619,-21.5915,-18.442,-18.1698,-18.9195,-19.6054,-21.3571,-21.9897,-16.6095,-19.6,-14.4315,-18.1686,-11.8571,-13.1349,-17.203,-16.6852,-16.6279,-20.4502,-15.7586,-17.0398,-23.6282,-21.2706,-23.118,-26.5314,-26.9707,-27.4899,-22.5085,-27.894,-24.6564,-24.7062,-24.88,-26.3778,-26.2358,-26.7224,-31.9666,-29.8945,-28.2667,-30.6188,-33.0668,-31.0759,-31.0776,-29.5781,-29.9745,-30.8012,-30.3722,-31.0198,-30.618,-30.7564,-27.5105,-28.325,-28.0155,-28.7615,-29.6897,-26.8012,-27.9066,-26.7898,-33.8052,-32.8821,-32.5369,-31.6202,-28.4976,-25.9004,-27.9816
-8.26530011450246,40.2833652963748,0.0147,-2.4237,0.4832,0.9473,0,0.5714,5.1801,5.8824,7.0603,9.3598,11.1825,12.1724,6.8339,9.3129,10.3633,3.892,-0.0492,-2.9221,-4.6397,-3.5717,-4.6939,-5.9481,-7.1692,-5.6729,-6.9051,-4.1025,-4.8809,-6.6757,-7.8153,-8.7938,-9.9875,-10.1497,-7.6421,-4.0481,-5.2365,-7.415,-6.7066,-6.8652,-1.8924,-11.1418,-7.3236,-6.5736,-5.0813,-6.4707,-5.0809,-5.9842,-9.9148,-5.7632,-7.0681,-3.3172,-3.4864,-7.8331,-2.8813,-5.368,-6.5761,-5.2091,-5.0993,-4.3189,-2.8232,1.4983,-0.7564,2.0559,8.2463,0.1246,-0.6375,-4.1364,-7.9997,-5.8064,-5.1786,-4.8868,-7.6444,-9.239,-8.4664,-9.6169,-3.6918,-0.6726,-4.506,4.3702,5.0706,9.2791,12.7595,11.9591,8.163,9.1462,8.496,11.098,12.2069,17.2299,11.7375
-8.26503061991723,40.2833652963748,0.0172,15.5745,0.4017,0.85,0,-0.05,-3.4193,-3.8287,-4.4707,-5.4519,2.2288,2.9836,3.8027,3.6667,4.465,6.9604,7.6961,5.6921,6.721,6.9886,6.5416,6.8325,8.4936,5.7453,6.7644,1.938,4.9011,8.0835,8.5767,8.2741,6.3726,6.8888,10.4815,11.6106,15.2805,13.3059,12.5605,12.8648,14.3719,20.0618,12.9272,14.5313,13.6652,5.3362,10.2093,14.3534,15.2722,17.8318,16.0227,17.2724,17.4421,20.1455,16.5715,17.6601,18.9395,19.2657,18.5489,18.4735,18.2927,20.2546,16.5306,18.642,20.4574,20.9173,21.367,19.3184,19.3131,21.1584,19.5783,20.6434,20.6631,18.4488,20.2134,19.3539,21.3195,17.8249,21.4095,18.8909,19.4907,18.5361,19.5066,17.5878,16.5512,16.7833,14.0925,11.8327,10.6264,12.7692,11.0514
-8.26476112533199,40.2833652963748,0.0176,13.5302,0.437,0.8835,0,-2.4526,-0.3076,-0.6703,-0.4172,-2.0083,6.2501,10.4412,8.3272,9.2314,8.9795,9.7059,11.1121,8.273,10.2002,9.3784,9.3472,8.7567,7.0941,6.1492,4.1703,2.8441,1.7399,-0.0691,-0.193,-3.38,0.4673,1.6604,1.713,3.087,7.0387,5.8219,5.2836,8.2115,10.6942,14.3427,13.3312,12.3352,13.9629,11.2774,12.899,11.1358,16.1314,11.9881,17.5664,13.2874,12.7203,15.1101,13.6439,13.3808,13.6245,12.9314,13.5284,15.6118,16.8342,21.2886,15.3579,20.4802,22.6676,19.8717,21.6458,19.4512,19.583,17.9723,20.6432,15.1773,15.41,13.499,15.128,14.7663,13.3468,11.705,14.0318,13.3347,13.5322,15.4636,14.836,12.7561,14.0926,13.5726,12.4743,14.8724,14.3868,17.3609,15.1022
-8.26449163074676,40.2833652963748,0.0171,-11.557,0.4717,0.8654,0,-5.2056,-0.8721,2.6689,3.6046,0.4623,-0.2253,0.7791,0.6136,0.4025,-0.2655,-1.9493,-4.477,-0.8448,2.2927,-1.7531,-3.871,-1.743,-2.7917,-5.5576,-8.0444,-7.1678,-6.8472,-10.9186,-8.1443,-8.007,-7.9751,-9.1613,-15.4031,-15.3162,-16.1497,-11.0828,-12.8814,-15.3207,-12.779,-13.3941,-14.29,-17.1315,-13.4302,-17.6173,-20.4973,-23.6083,-23.766,-25.522,-19.8775,-18.2408,-17.6323,-22.1495,-17.892,-20.5738,-21.4837,-24.4376,-23.1018,-25.6969,-24.8407,-26.3031,-28.8716,-24.9132,-27.3967,-28.4086,-28.116,-27.8976,-27.4556,-29.2297,-28.855,-27.3214,-29.7271,-31.1476,-31.009,-31.5219,-31.8098,-33.6066,-32.5463,-31.715,-32.1791,-33.3993,-34.9496,-32.0274,-34.0735,-31.3019,-31.9204,-28.214,-28.4826,-29.7861,-30.8871
-8.26422213616152,40.2833652963748,0.0142,-9.2604,0.4838,0.9234,0,-2.7019,-0.8503,1.3709,1.4616,0.7158,-2.7833,-2.2376,-0.8543,-0.2298,-3.6271,-2.3052,-3.7261,-1.1718,0.1112,-2.726,-3.5311,-3.5271,-1.6956,-0.9844,-1.6077,-4.0256,-1.5001,-0.4107,-0.7365,-5.0189,-6.6913,-6.4879,-8.3426,-7.4983,-3.8119,-1.6093,-4.1039,-4.5124,-4.4844,-1.7974,-2.1448,-6.229,-6.206,-6.4676,-8.9696,-12.0594,-6.0916,-8.5999,-7.0906,-6.2154,-5.6323,-9.1259,-6.7216,-8.0282,-12.3762,-11.5577,-12.0496,-13.0434,-13.3671,-11.524,-16.1339,-12.0054,-12.4758,-12.5775,-13.0416,-13.1756,-10.5071,-13.8852,-12.8183,-13.2694,-15.2625,-16.6069,-14.1054,-17.6107,-16.6173,-16.5001,-14.9272,-13.0414,-11.1806,-11.4042,-11.2153,-11.9809,-12.3612,-11.4552,-11.204,-11.3153,-12.114,-11.8226,-11.8619
-8.26368314699105,40.2833652963748,0.0131,-1.1447,0.5113,0.9428,0,1.543,4.401,4.2235,5.2101,5.6168,5.7547,6.9528,5.6943,6.5692,5.1267,4.7186,2.5777,4.3671,0.5323,1.8023,1.6213,2.5296,1.3865,0.3938,-2.9116,-5.9338,-4.385,-2.8753,-5.1846,-3.105,-4.8323,-4.5316,-1.5125,-7.0117,-4.239,-3.6287,-0.5158,-1.6587,-4.1031,-0.4928,1.8848,2.9567,5.3848,4.3858,-0.3622,-1.6449,-1.5945,-3.0879,-5.0168,-3.3405,-2.2215,-3.1281,-2.8201,-3.9131,-3.9974,-4.1795,-4.1202,-4.7256,-5.6894,-1.3164,-4.6214,-0.3861,1.062,1.3903,1.9327,1.9182,1.8712,0.9899,1.2875,2.8056,0.9245,0.0618,1.1756,1.0165,-1.9132,-1.4473,1.7787,3.4823,2.6913,1.9376,4.889,4.1993,4.5577,3.3754,8.6246,9.3931,9.3067,9.5504,11.4166
-8.26341365240581,40.2833652963748,0.0144,4.7382,0.5736,0.9451,0,-1.4461,0.1346,-0.9355,0.6456,-2.2232,-0.6353,-1.9321,-3.8522,-3.4293,-2.4661,-5.6582,-6.9388,-6.2461,-9.6923,-6.7762,-7.1506,-6.5468,-8.9385,-8.6304,-9.1175,-13.8875,-12.1692,-13.4673,-10.6742,-10.2046,-10.7617,-11.8632,-11.1287,-12.0356,-11.322,-11.0115,-11.7474,-10.2403,-11.7462,-9.3223,-9.8167,-10.8042,-9.8537,-12.5476,-14.7687,-9.3236,-9.8939,-10.4102,-9.3347,-8.2337,-6.1221,-8.9235,-10.3759,-12.8206,-11.3496,-8.7024,-8.567,-6.7094,-7.2168,-2.562,-5.3113,-3.235,-2.3315,-4.2909,-2.0279,-3.503,-2.3391,-0.0186,-2.2138,-1.6135,-5.861,-5.1076,-5.6011,-2.9306,-6.2773,-1.4281,0.0439,-1.6113,-0.9669,-1.9848,0.9591,0.3546,-0.5006,0.4002,6.5834,7.1463,9.9519,7.8584,8.9369
-8.26314415782058,40.2833652963748,0.0114,10.3667,0.5847,0.9762,0,-1.8246,0.5455,0.9361,1.7215,0.2626,2.8125,0.9262,0.3761,-0.7539,-2.0516,-1.6843,1.1272,2.0248,-3.8434,-4.4801,-2.0427,-3.8657,-4.4176,-6.14,-6.6436,-7.1722,-3.2771,-4.6749,-8.6801,-5.8123,-3.8994,-8.6112,-4.2253,-3.6895,-4.0056,-1.359,1.4046,0.7862,-0.4473,-0.6154,-3.172,-1.9173,2.4648,-3.0099,-2.7441,3.4279,-1.8474,-0.3048,1.5352,3.182,2.8504,-1.2949,2.1817,-0.1949,1.193,1.8312,1.4975,1.5428,2.0403,0.7388,-2.517,0.4309,2.7663,3.2672,3.3974,4.3227,2.9502,8.1607,5.115,5.3131,1.163,1.9275,1.0572,3.9119,0.5198,4.9558,9.1139,7.3804,8.6026,9.3687,11.0164,8.2784,9.8469,10.7387,11.2518,14.2698,10.9538,11.5072,9.25
-8.26287466323534,40.2833652963748,0.0137,2.021,0.4587,0.9884,0,0.0526,-0.4734,-0.2039,-0.5498,-1.6372,-0.0709,-2.5051,-4.3569,-3.8458,-4.6896,-1.7675,3.3224,2.6315,2.2483,2.9944,3.8087,2.9436,2.7237,2.8406,1.534,1.6278,5.5409,3.5198,0.6576,2.0471,2.1178,-0.044,-6.6398,-9.8456,-11.9693,-10.2726,-7.2173,-10.0581,-7.5704,-9.7499,-10.6987,-10.7728,-7.3605,-12.6545,-12.5221,-7.1544,-9.6334,-8.9889,-7.4366,-6.8646,-5.7648,-7.9899,-9.1641,-9.4251,-9.2111,-8.5324,-8.2446,-7.5646,-8.0397,-9.0103,-12.8744,-9.2286,-7.1023,-7.6676,-7.7096,-6.194,-6.7963,-3.8601,-5.1085,-5.3448,-8.9822,-7.5497,-11.5543,-6.3638,-10.1274,-4.8512,-2.8975,-1.8683,-0.4833,0.3991,2.1935,0.0332,-2.2361,1.132,2.4885,3.2083,2.5838,1.9339,2.2619
-8.2626051686501,40.2833652963748,0.0142,-7.0827,0.4623,0.9479,0,2.8746,1.9363,2.6578,4.633,2.7331,3.2044,2.3495,-1.6066,-1.6475,-2.28,-5.8767,-1.7878,-2.9235,-1.6846,-3.782,-2.6121,-6.7307,-6.5741,-4.8584,-4.5257,-4.5836,-4.9984,-3.2832,-4.808,-5.5156,-3.9299,-4.7814,-8.428,-9.1687,-9.7962,-7.4295,-8.8802,-11.5673,-9.952,-10.6107,-11.1429,-11.6415,-10.7115,-14.0408,-17.0201,-16.2083,-16.6988,-18.0306,-16.9232,-17.234,-14.7591,-17.212,-17.3727,-18.0283,-17.0926,-16.7738,-16.8789,-16.2084,-16.1876,-17.7254,-20.1036,-18.1507,-16.1774,-18.3281,-16.4742,-22.8247,-24.9356,-23.1452,-22.1463,-21.5284,-23.376,-21.6159,-24.7711,-22.8427,-23.4092,-22.4721,-21.3727,-21.9888,-20.8335,-20.6452,-22.1939,-21.8185,-23.4647,-22.5353,-19.1749,-19.5733,-16.9249,-16.0851,-13.9787
-8.26233567406487,40.2833652963748,0.0155,-3.6653,0.4892,0.9542,0,0.5635,0.7728,0.5979,1.1883,-1.9105,1.0784,0.0157,-0.8833,-1.4466,-2.8229,-2.4388,-4.6328,-5.1492,-4.3521,-3.0036,-6.2704,-6.9143,-6.5127,-6.006,-4.083,-11.0925,-8.8309,-11.8603,-12.2981,-10.3024,-8.7645,-9.222,-7.4545,-7.8657,-7.8502,-7.5558,-6.2495,-5.7338,-5.4382,-5.4393,-6.3841,-6.7366,-7.7335,-6.8532,-6.8834,-7.5895,-8.8318,-7.8651,-6.0166,-6.2972,-6.8704,-5.0215,-5.4406,-7.6885,-5.7624,-7.0355,-7.1497,-5.2827,-5.0517,-6.2656,-5.5689,-4.9475,-5.9587,-8.7183,-5.8684,-6.8821,-8.6418,-9.0715,-8.2979,-8.765,-7.6228,-7.195,-7.4839,-8.8464,-6.6224,-7.9783,-6.7049,-6.8202,-5.9091,-6.3009,-5.406,-7.9118,-6.9869,-7.6813,-9.4757,-8.9389,-7.3003,-8.7949,-9.1846
-8.26799506035482,40.2835708816451,0.0137,-6.995,0.4859,0.9549,0,-0.2666,-7.5388,0.0843,-3.7238,-5.0968,-3.3138,-0.8158,0.9465,0.8946,0.0662,3.9682,2.1675,1.9214,1.6841,2.4049,-1.3129,-1.3342,1.798,2.0494,6.0628,10.158,11.5997,16.5123,14.7883,14.7999,16.2638,16.9665,16.3537,15.6044,16.3228,16.43,13.4783,12.3785,13.6182,14.666,13.6718,11.0428,16.3285,15.3522,14.6425,16.3843,16.077,14.1162,13.9987,20.6731,15.7198,19.0829,19.0259,20.8531,20.7982,17.2665,17.2829,19.007,16.7058,14.0857,17.8839,17.1255,13.7936,15.3515,14.1258,14.0322,12.9627,12.1017,9.9915,12.9306,7.7579,12.301,6.4175,11.2059,9.3184,9.8524,11.8151,12.0282,12.0248,8.282,9.7895,9.6159,9.3243,10.8224,10.8443,12.5071,12.567,13.4494,12.3732
-8.26772556576959,40.2835708816451,0.0169,7.7404,0.4815,0.9711,0,-3.9855,-4.6924,-4.1859,2.525,-5.3765,-6.5705,-6.6128,-5.264,-5.0902,-4.8598,-8.7517,-8.6456,-7.9371,-10.6137,-17.6797,-13.301,-6.2293,-8.7897,-8.8456,-5.6979,-5.2229,-4.2698,-7.6779,-7.4247,-5.5414,-6.295,-6.7522,-6.9826,-1.6489,-0.061,-5.7099,-5.2309,-12.0491,-9.2406,-10.424,-8.1048,-5.2541,-7.2846,0.258,-0.3506,3.4596,2.7443,-2.2624,0.8295,8.8637,10.7044,11.5891,14.9975,12.5308,14.9359,12.4296,13.0028,13.4888,12.1314,12.7835,13.7965,13.8028,13.4689,13.5363,11.9975,13.1053,9.788,10.0519,8.5793,10.3267,7.6225,8.0411,5.3011,7.635,6.2819,6.5904,7.1007,7.4273,6.9577,6.7583,6.9775,6.7921,9.0549,8.5559,8.7006,7.9377,1.3253,4.9875,2.2961
-8.26745607118435,40.2835708816451,0.0152,-4.2941,0.4682,0.9265,0,-2.1744,0.773,0.7401,-1.9831,-4.0707,-5.9814,-9.1438,-3.5284,-3.5241,-5.3529,-4.5826,-6.5822,-3.9196,-3.096,-2.1826,-2.5939,-1.009,0.8044,0.0153,3.9672,5.9357,7.8199,6.597,6.6207,5.8835,1.5072,4.6028,4.9233,4.5812,7.2445,9.9101,7.1797,6.0498,3.1898,-4.3536,-1.9136,-4.2932,-3.2951,-3.7013,-1.4105,1.3022,3.7978,12.3094,16.0125,7.4296,4.7521,11.119,7.1497,8.1129,7.8296,8.5827,8.2634,7.0595,7.1736,15.9934,14.4737,12.7593,12.4612,7.6185,11.5255,9.3075,9.4083,10.2667,8.5843,9.6965,6.4051,7.2674,5.5573,6.7746,8.5195,6.2713,6.737,6.7131,6.7629,5.8635,6.4956,5.8849,7.0549,6.4761,8.4987,14.0602,9.6263,10.7472,9.3148
-8.26718657659911,40.2835708816451,0.0147,-11.4462,0.4416,0.9465,0,-5.2031,0.8886,0.1716,-2.1532,-5.5368,-2.9765,0.6557,-0.7138,-1.5808,0.1652,-0.6744,-3.1611,-2.6173,1.9082,0.8785,1.4864,1.1788,2.8474,-0.6816,-0.7346,-2.602,-1.9878,0.6052,1.2622,-1.8898,-2.9752,-0.0045,0.2936,-0.1349,4.1812,2.0821,2.7937,10.2592,4.5689,8.7053,5.5631,4.404,3.3055,3.9558,4.1341,0.3788,1.6767,3.1808,2.9973,5.9137,5.3155,10.0855,7.1701,5.3398,5.8209,5.6182,10.4058,8.6054,10.4429,16.0849,10.5636,11.0921,12.8716,11.2319,12.6306,11.411,9.4102,14.5062,13.6838,11.9001,9.1222,8.4109,8.8985,5.2428,9.0583,13.0275,12.4678,12.9783,9.614,13.4225,11.0706,8.3718,10.5166,10.5904,9.6132,8.1585,1.3712,4.2575,0.7755
-8.26691708201388,40.2835708816451,0.0138,-23.6223,0.4805,1.0,0,-2.4831,1.9298,-0.0923,0.0919,-0.2935,-0.0756,3.9582,0.1147,-0.7875,2.5999,2.1325,0.191,-0.6594,2.3435,3.1071,2.2901,0.5023,4.3462,2.3633,-1.8786,-1.8384,1.1511,-3.1637,0.6586,-0.8756,1.1964,-0.0118,0.4176,0.7333,-0.9518,0.3104,-3.1718,-3.848,-7.343,-10.9782,-12.562,-13.3899,-10.6124,-12.9991,-14.1562,-13.1737,-14.3288,-10.868,-14.2324,-20.2276,-19.276,-22.541,-27.2443,-30.0592,-25.6867,-28.9598,-27.5866,-26.801,-26.1099,-23.5969,-24.3446,-26.8228,-28.9579,-27.2858,-27.444,-28.2845,-27.285,-27.7041,-28.2842,-30.0995,-28.4051,-26.2056,-25.2947,-28.8058,-25.4729,-17.5033,-17.8932,-17.1911,-11.7646,-10.9701,-9.9528,-18.5341,-14.4831,-16.6948,-19.3093,-22.3998,-30.2175,-25.992,-25.9138
-8.26664758742864,40.2835708816451,0.0114,-32.7449,0.4534,1.0,0,-2.8705,1.449,1.0588,1.7725,3.3149,1.1314,1.5333,3.5086,1.8995,7.9022,5.7999,6.8054,5.9557,6.7216,4.509,4.7498,0.3486,5.7428,7.3533,1.5145,-1.0634,-2.3304,-2.2029,0.7363,0.7368,3.7393,-0.0951,2.6623,-1.3305,-7.5001,-9.5012,-18.6954,-23.1121,-27.1653,-29.9674,-32.1397,-29.7938,-30.1832,-27.1016,-26.3088,-29.4337,-32.3555,-23.8418,-24.0379,-32.921,-36.7272,-40.9512,-40.4419,-43.1037,-43.1256,-42.6571,-45.3317,-47.1688,-49.7492,-47.5521,-46.3607,-49.0012,-53.2472,-46.8319,-47.1698,-48.2165,-48.4227,-53.318,-52.2793,-53.8415,-52.9628,-54.19,-56.5349,-55.6987,-61.6419,-63.3661,-63.5732,-61.476,-64.5382,-66.0186,-64.9431,-66.531,-68.1534,-70.4305,-69.672,-67.5219,-71.1684,-70.7799,-70.1564
-8.26637809284341,40.2835708816451,0.0073,-53.384,0.4467,1.0,0,2.9642,-0.2949,-5.081,-4.8475,-4.6047,-4.8087,-9.1933,-7.0664,-8.0462,-5.0894,-5.5844,-9.2834,-14.5916,-9.2826,-10.8579,-11.2803,-17.3099,-18.0725,-18.8487,-16.2759,-23.9162,-22.6466,-21.0864,-20.7959,-19.6809,-16.9658,-17.6958,-18.1088,-20.5381,-18.4656,-15.5737,-20.282,-31.1645,-26.2363,-26.0129,-26.5187,-25.514,-27.6428,-34.4267,-40.4135,-43.2614,-49.905,-49.0466,-51.6396,-51.0442,-54.4336,-66.4066,-60.1281,-61.7807,-67.4454,-69.3457,-73.508,-71.4033,-73.1677,-69.8318,-77.4579,-76.4956,-82.4692,-79.5277,-79.8117,-79.8117,-87.0258,-90.2936,-88.8618,-89.099,-85.2472,-91.883,-88.3913,-92.6804,-92.6222,-93.6777,-96.0487,-92.4664,-92.4713,-98.6245,-97.1085,-97.9704,-102.3886,-109.3214,-112.7765,-118.1559,-122.9493,-120.0886,-121.5638
-8.26610859825817,40.2835708816451,0.0141,6.7433,0.4407,1.0,0,-0.4931,0.5417,3.49,5.4433,5.7473,3.1297,-6.6437,-7.8744,-10.1345,-9.1751,-13.6436,-16.4154,-13.0441,-15.7304,-19.174,-15.3049,-18.958,-19.7525,-19.1973,-18.5172,-19.8264,-17.6973,-17.5196,-17.6107,-16.4401,-14.7262,-13.1687,-13.9671,-14.6375,-17.1546,-18.2739,-22.3582,-22.7528,-19.0733,-23.1811,-32.6292,-28.7227,-27.3351,-33.0241,-34.561,-36.3304,-39.4298,-41.298,-41.0782,-40.6879,-40.7347,-38.2584,-40.7262,-42.3134,-42.2211,-44.5123,-44.7151,-43.4999,-42.0396,-44.5911,-46.9104,-43.9876,-44.6374,-45.1944,-44.0598,-43.2815,-42.4116,-41.2815,-41.77,-42.2945,-37.0341,-42.1385,-37.6666,-40.5243,-41.3197,-40.3927,-34.2116,-30.6696,-30.8301,-30.6515,-33.6421,-30.6723,-34.3564,-36.89,-37.1954,-40.027,-40.1938,-36.1437,-41.8133
-8.26583910367293,40.2835708816451,0.0165,-15.6037,0.4799,1.0,0,-4.9333,-0.6186,-2.4003,-1.7703,-4.2287,-4.6443,0.3127,-0.6712,-0.3257,0.3763,-2.6908,-0.2827,-4.3606,-6.9804,-6.5627,-5.6939,-9.2626,-9.4534,-8.9009,-10.7249,-10.0355,-9.9424,-8.6243,-6.4543,-5.6114,-4.9215,-5.2131,-9.1747,-9.8079,-10.8431,-15.9009,-9.6308,-14.4664,-14.688,-15.5001,-24.4258,-24.7935,-24.245,-27.3352,-26.0469,-31.7478,-37.1181,-39.7522,-40.024,-40.3488,-38.0389,-35.0378,-37.008,-34.9975,-35.7459,-40.4535,-40.2334,-38.7946,-37.6178,-41.2165,-42.0311,-40.236,-44.4774,-45.8838,-46.2389,-44.493,-45.2001,-45.0596,-44.2357,-44.4828,-42.7763,-41.3829,-42.4587,-36.8969,-40.4121,-34.0406,-26.2693,-36.1135,-33.8076,-35.2097,-40.3289,-38.4011,-39.994,-47.0038,-48.9449,-42.822,-37.768,-41.8297,-41.626
-8.2655696090877,40.2835708816451,0.0108,-10.0826,0.437,1.0,0,0.0,0.0,0.0,0.0,-0.4532,-0.3513,10.4438,10.8883,12.3881,12.237,6.1787,-0.7527,-3.3432,-1.7925,-7.1196,-10.9026,-12.0124,-13.348,-12.6862,-12.6862,-12.6862,-12.1287,-16.8518,-15.1491,-6.9576,-7.0432,-6.5722,-7.2387,-15.413,-8.1811,-9.425,-2.1097,-8.163,-3.3446,1.8495,-4.2431,-8.4549,-3.2844,-10.7582,-4.6994,-6.2088,-10.6438,-15.8827,-17.7265,-18.1984,-19.8389,-21.1326,-9.8117,-15.7872,-11.8859,-14.0952,-13.6479,-9.4757,-8.407,-14.5626,-11.0633,-15.4689,-21.7637,-28.0477,-30.0731,-27.9363,-30.984,-27.9167,-27.2497,-25.9389,-26.9889,-30.6972,-29.8333,-26.8754,-26.3645,-23.9288,-17.2859,-18.3191,-17.2724,-16.5297,-17.1896,-15.4621,-16.3088,-23.8155,-26.6613,-28.0315,-26.2288,-22.4838,-20.742
-8.26530011450246,40.2835708816451,0.0112,9.3394,0.5965,1.0,0,2.7695,12.384,13.6912,16.3777,19.6138,22.1855,20.3153,15.2837,19.143,23.9806,18.5285,12.2126,2.8713,9.2487,15.179,15.857,13.6035,10.0724,9.5268,4.6029,3.0042,2.3121,0.3266,1.4821,-2.2105,1.0085,3.1878,6.3342,10.6458,11.0906,8.2118,15.9685,14.6141,21.616,16.0398,21.8517,27.3726,28.6153,20.0954,15.9323,15.321,14.1473,17.2175,16.2552,17.2872,14.431,7.7964,14.4795,18.5504,18.7645,20.1705,20.7096,25.5777,27.116,25.6548,30.6964,30.7111,35.3479,22.8796,26.2346,23.0302,21.8399,27.4791,32.8618,32.9686,31.7739,31.1377,32.1889,33.5023,43.4718,45.2146,43.9701,52.9009,59.3643,63.4302,65.5375,65.591,63.7002,60.4878,56.2444,66.4436,66.9834,73.8727,63.6962
-8.26503061991723,40.2835708816451,0.0146,13.0228,0.3983,0.8333,0,5.8046,3.3036,5.1671,7.4241,6.3954,3.7705,0.0118,1.5572,-0.8276,1.493,-0.5317,-1.8294,-7.6795,-12.0476,-10.0708,-8.4071,-9.411,-12.4065,-11.1421,-13.0942,-14.5061,-14.1587,-13.7968,-14.5767,-20.8832,-20.1456,-17.1413,-14.0892,-11.7315,-12.1645,-8.6516,-10.191,-10.274,-9.1868,-9.9501,-12.6255,-10.2004,-10.015,-15.3748,-11.5245,-7.2438,-3.8212,-1.999,-2.6233,-6.3512,-6.9686,1.0162,-2.334,-4.8084,-5.473,-5.2978,-5.5195,-3.1287,-2.9479,-4.305,2.4908,1.7969,2.5631,3.7384,4.3398,5.1923,1.7885,1.6301,1.7754,2.9886,1.9839,-1.5835,1.0003,2.7461,-1.2465,-3.4609,2.8145,2.9532,4.2848,4.3136,10.1237,11.8209,14.9412,10.1686,7.1096,5.7515,1.1254,9.785,3.3043
-8.26476112533199,40.2835708816451,0.0139,0.3805,0.371,0.8214,0,-2.162,-5.9431,-5.6022,-3.9578,-5.8228,0.3776,-0.4869,-3.454,-6.0171,-3.4989,-4.1744,-6.3841,-11.2266,-10.4163,-7.6201,-7.4585,-8.8444,-10.0532,-8.4688,-12.3328,-12.4368,-14.8256,-21.1629,-21.7553,-18.6853,-19.5499,-21.7516,-20.6485,-20.1513,-22.7316,-24.5596,-23.1679,-20.1063,-16.3285,-20.0279,-24.3878,-24.777,-24.0784,-26.4589,-32.8261,-31.5412,-23.5988,-22.1038,-25.8873,-21.1952,-21.938,-27.0963,-20.0859,-21.0285,-23.0004,-21.4794,-21.8682,-24.4598,-24.2662,-25.5466,-16.8456,-15.3467,-15.8498,-12.8082,-11.6191,-9.5533,-7.3022,-13.1869,-14.8132,-13.4438,-17.6005,-16.0587,-16.2079,-13.7341,-12.4811,-15.8569,-16.5711,-19.5665,-18.53,-17.4385,-20.8386,-20.2338,-17.446,-20.8099,-24.9341,-25.2146,-23.3072,-22.5269,-23.1002
-8.26449163074676,40.2835708816451,0.0159,-3.6282,0.4161,0.9184,0,-4.5942,2.6383,2.0565,2.826,2.3634,4.3822,3.3345,0.6473,-0.5131,0.0325,0.5689,8.5868,-1.2091,6.9732,8.5565,7.2913,2.8128,2.4844,2.0102,3.959,6.0864,6.9345,11.4067,10.9252,8.1803,4.9313,7.6473,4.039,6.0333,6.346,4.6946,4.764,7.045,9.8035,8.1871,6.5855,-2.812,-0.2248,-2.8298,0.0951,-4.1875,-2.8195,-0.7219,5.1536,9.079,7.2528,3.7422,7.7394,-1.4102,1.2213,-1.4226,-1.113,0.0012,-1.7137,-3.2624,-9.2166,2.4557,3.3959,5.602,6.2658,8.1287,7.3265,6.2126,6.9893,7.6374,2.4449,0.7379,-0.0726,4.1078,3.9243,2.4516,1.9704,1.4813,2.1932,0.9093,0.7546,-1.1317,-2.3988,-6.6336,-7.1661,-6.3091,-4.7181,-3.1255,0.9589
-8.26422213616152,40.2835708816451,0.0154,2.4303,0.4437,0.963,0,1.1861,0.0418,2.7195,2.5785,2.4242,0.4388,1.7472,1.3978,-1.4203,-1.5519,2.737,2.7318,-1.2924,3.6089,4.0147,5.2044,4.1982,3.509,1.5197,1.9158,1.4294,-0.556,0.0146,2.048,-3.1263,-4.8046,-2.4324,-4.8357,-5.1448,-6.0498,-4.2728,-6.0475,-3.4518,-2.3168,-1.7127,-0.7435,-7.2944,-12.3035,-6.9587,-9.6458,-0.6711,2.5703,1.3688,6.602,0.8093,0.4157,-5.5752,2.9741,3.4739,-3.7998,-0.0614,-0.446,1.3497,3.975,6.7629,3.8844,5.4525,4.6226,1.9605,1.4748,1.3102,3.9299,3.9332,6.1571,9.9491,7.0307,8.4241,7.0825,7.3427,5.0312,6.5526,8.5394,9.9704,13.0899,12.4812,12.3625,15.7595,13.5864,13.8623,16.6257,16.1028,17.4383,17.8261,23.9115
-8.26395264157628,40.2835708816451,0.0159,7.6564,0.5119,0.9519,0,-0.7778,-1.0007,0.8723,1.721,0.983,-1.6608,0.1002,0.4745,-0.6052,-1.2861,-1.4155,-4.2629,-2.8175,-3.4863,-0.387,2.6837,0.6347,-0.0045,-0.9471,-0.5631,4.0466,10.2421,6.1122,7.183,5.8999,5.6386,8.8776,8.4423,5.7188,3.1448,5.4205,5.0529,2.7339,5.5103,4.7941,4.9367,6.3385,6.7975,9.6001,8.8965,16.0514,12.9493,15.0067,16.5571,12.1937,14.0922,18.5876,17.7347,16.7648,13.5497,13.3042,14.6315,13.2,12.8211,14.9677,6.908,11.4816,11.2479,9.1868,8.5626,6.5049,8.6465,7.4849,6.7955,11.4308,7.4657,9.9508,5.853,9.6805,6.051,6.7002,9.9585,11.3731,12.9341,13.7431,13.3486,15.7138,14.1614,15.4705,21.0008,20.0107,19.9995,23.1857,23.4398
-8.26341365240581,40.2835708816451,0.0082,2.5771,0.4452,1.0,0,-2.7481,-3.2816,-2.3494,-2.2397,-1.6483,-0.6217,-1.1525,-1.8351,0.9602,0.49,1.8701,1.1741,-0.2066,-0.1023,-0.0653,-1.4833,-1.9487,-0.2034,-0.7881,-0.5281,0.64,-0.7509,-1.461,1.5381,2.1947,3.978,0.8741,-2.1298,-2.437,-3.0821,-0.7789,3.2327,-1.2361,0.881,1.9301,0.8906,2.1824,-1.6332,-0.572,0.5617,1.7853,1.3286,1.4961,1.3821,1.3398,0.8705,1.9404,0.2683,3.5058,3.2914,4.2953,4.996,4.1499,4.4376,2.2603,3.2512,2.6332,1.7706,2.4333,0.3207,4.2722,0.2113,4.6159,-2.2196,0.0956,-4.9122,-2.2957,-6.2043,-2.7379,-5.9584,-3.4518,0.5422,2.1403,2.5793,2.9796,4.4472,4.7778,4.7347,3.8707,1.7353,6.911,6.4726,9.1783,10.3835
-8.26314415782058,40.2835708816451,0.0094,-2.7006,0.5461,0.9877,0,-2.5709,1.4444,-0.1586,-0.7226,-3.6108,4.136,4.1998,2.9583,2.4575,3.0725,-0.4454,6.6536,7.3982,7.7724,4.9763,9.1761,9.7668,7.8065,8.6416,7.9015,10.0354,5.1584,5.2957,3.2571,5.7906,6.0337,3.8216,-0.2579,2.5095,0.5342,1.3302,0.6508,0.818,3.694,1.158,4.6428,4.9021,5.3442,4.3432,5.7363,0.7847,2.5359,2.127,3.6655,0.2568,4.0779,1.388,3.6235,4.1989,5.0792,3.06,1.0704,2.3141,1.6195,-3.4992,-3.6905,-6.426,-3.0188,-0.2101,-5.2068,-4.5877,-9.534,-4.8481,-11.8459,-12.1518,-14.3919,-13.8583,-15.2133,-12.8555,-16.8962,-13.756,-9.1165,-8.0065,-10.459,-8.9414,-8.4389,-5.8013,-6.7233,-9.2342,-13.2713,-6.0977,-10.7696,-4.9445,-0.1623
-8.26287466323534,40.2835708816451,0.0157,-5.0643,0.5249,0.9392,0,0.3937,2.6565,5.3938,3.0025,3.1656,6.1221,0.0829,3.7108,0.7631,2.111,3.9826,11.9338,2.8845,4.2106,4.3949,3.0007,9.3523,6.7151,8.3494,15.6957,14.2074,8.0372,9.2589,10.1543,14.9151,9.4751,8.7644,10.2301,11.8773,9.1605,13.099,8.0829,4.6851,5.538,3.755,3.5758,3.5758,1.7999,-2.8439,-4.4333,-7.057,-5.939,-6.1872,-6.6989,-6.4291,-4.0905,-6.6956,-3.3551,-2.4493,-2.9053,-4.5114,-5.0016,5.5884,5.5833,4.0794,-6.3725,1.3653,6.8561,1.9979,-0.037,3.207,6.1441,4.5608,6.6438,4.38,7.2728,6.5403,8.7896,7.4675,4.6703,8.4793,7.1598,12.5912,12.5722,13.3005,13.4734,12.8629,13.9877,18.0667,10.3291,11.7858,9.546,11.6512,21.6427
-8.2626051686501,40.2835708816451,0.0134,2.836,0.5097,0.9308,0,1.8986,3.1138,4.5517,5.9745,5.5842,4.756,3.417,9.5594,3.7304,2.2645,9.9344,14.8381,13.7859,12.9422,14.7861,13.2359,14.9988,15.8571,14.6538,17.3888,14.3697,12.2771,14.7024,13.7842,13.0741,12.7094,14.9667,19.6544,20.0313,19.0283,21.1439,17.2393,12.7346,13.4212,10.2214,12.3005,12.546,12.4066,14.7536,9.6459,9.0823,6.7456,6.8742,5.5876,7.5014,5.7964,2.4627,1.0358,0.6499,1.0305,-2.1451,-4.2197,7.5968,5.2534,5.0105,-3.9054,3.1758,6.0782,6.485,5.5205,6.5641,10.3742,7.3445,10.0589,7.2521,10.846,8.651,8.4722,7.5402,9.0082,8.2382,8.3773,8.5284,9.5632,11.5899,9.0997,7.8386,12.6511,12.6034,7.5479,4.4571,4.8975,4.9796,4.8021
-8.26233567406487,40.2835708816451,0.0162,2.7416,0.5003,0.9127,0,2.2472,3.058,6.12,6.198,7.0985,5.7327,6.4123,3.6496,3.4629,3.2958,6.3484,7.9824,8.3505,2.3871,7.3325,2.3869,4.9133,4.948,1.6557,3.6316,0.6622,1.7191,0.2398,0.0937,1.2785,-0.5845,1.9313,3.6741,1.4619,3.5478,3.9663,7.9828,2.769,3.7029,2.6611,1.6782,2.1924,3.0612,5.0197,3.4844,-1.6228,0.2463,0.0757,2.726,2.9823,6.6501,0.8302,10.1596,3.0285,1.8467,1.1779,0.197,8.1718,5.9092,4.7294,1.6822,5.9185,5.0609,4.305,2.3735,3.7755,3.7116,4.0641,2.8586,5.302,3.4483,4.111,2.5914,5.6429,5.9984,5.6949,5.3231,5.5277,5.7281,4.9238,5.5534,6.0493,4.6521,6.25,8.2976,10.9971,6.7987,5.1516,5.7604
-8.26610859825817,40.2837764662903,0.0148,-7.7389,0.4397,1.0,0,3.3696,8.3644,3.1514,3.275,6.6148,7.9498,3.6897,3.774,2.3945,4.7769,2.5845,-1.7551,2.2175,-2.9393,-2.5577,-1.9604,-4.6527,-4.4051,-4.6779,-5.9139,-9.4677,-10.4278,-9.2474,-9.6361,-7.716,-7.7243,-3.051,-2.8185,-6.7611,-12.391,-9.3596,-9.8522,-17.042,-16.196,-10.7291,-14.0236,-12.8661,-11.0097,-15.3093,-19.0001,-15.6324,-17.2,-21.1179,-22.8136,-21.2485,-20.7342,-25.3588,-21.8129,-24.042,-22.4039,-25.4797,-26.1833,-26.9239,-25.7238,-27.4063,-28.0466,-25.3782,-27.6678,-28.1829,-28.0738,-27.9452,-29.6452,-32.0077,-30.39,-30.1493,-27.0106,-28.3075,-25.7265,-24.8213,-24.7064,-20.4417,-20.0714,-24.7495,-19.5052,-22.5533,-22.3429,-24.2503,-26.4038,-21.4917,-22.3162,-17.1282,-19.0114,-17.1128,-19.5926
-8.26583910367293,40.2837764662903,0.0145,-7.9218,0.4025,1.0,0,-2.2868,2.8326,0.1052,0.9582,1.1706,2.5596,-0.3939,-2.275,-4.6552,-5.0004,-1.0941,0.6195,1.0152,-2.9063,0.7217,1.1499,0.0343,-0.6447,-0.8202,-1.7115,-1.0894,-2.6456,-5.0402,-4.0329,-2.2412,-1.0479,0.2784,-2.3244,-5.3292,-11.7116,-7.6351,-8.7604,-11.9332,-6.7725,-4.8706,-7.2587,-6.2026,-5.2057,-9.2966,-14.5318,-12.465,-14.8324,-19.6918,-20.6386,-19.3972,-20.0209,-22.2325,-20.4447,-17.6041,-17.6563,-21.0018,-21.7106,-21.0366,-20.0137,-26.3205,-26.818,-24.1995,-24.9141,-25.4534,-22.9007,-21.42,-21.6258,-18.4016,-19.3069,-17.835,-18.7233,-17.5664,-17.9537,-16.8133,-18.4681,-13.086,-16.8462,-16.1069,-9.9454,-11.1614,-17.0232,-20.2204,-18.0583,-19.796,-20.7326,-18.4463,-21.253,-17.2251,-19.4963
-8.2655696090877,40.2837764662903,0.016,-10.5912,0.4052,1.0,0,3.6749,1.1587,0.0413,0.3671,0.8719,7.2255,4.0385,5.4413,3.3173,4.6786,6.4913,2.7063,6.0984,1.7987,0.9801,4.4352,2.3593,3.2513,4.4424,2.7258,2.6206,0.7855,3.569,2.0136,2.4716,2.0007,1.9623,1.2883,-0.7449,-2.3916,1.2106,-0.9139,-1.5509,0.9054,1.383,1.0078,-0.5016,-1.0157,-0.572,-6.1586,-5.7051,-7.4835,-4.1822,-4.9278,-6.005,-7.4054,-9.3137,-8.4576,-8.6088,-7.8805,-10.855,-9.6318,-9.5633,-8.7586,-8.3029,-6.7058,-7.6671,-8.0216,-9.0332,-7.3783,-7.6474,-4.1381,-2.0056,-0.7869,0.3039,-2.4922,-3.6667,-0.8395,-5.6511,-0.2873,-2.494,0.8053,-3.1691,-3.6411,-5.0292,-6.4101,-7.0142,-4.7558,-7.1009,-9.3869,-8.053,-9.4648,-10.6726,-8.4229
-8.26530011450246,40.2837764662903,0.0102,11.4962,0.47,1.0,0,7.1562,-0.2273,1.5113,1.8954,3.1534,7.9567,2.7809,3.0087,-0.0259,1.8896,1.3153,-7.5836,-0.1291,-3.8543,-6.6377,-3.1255,-7.4521,-8.064,-2.6298,-0.3609,-0.6149,-7.622,-3.1464,-7.2706,-6.5453,-5.3944,-4.9086,1.1381,0.7438,6.0343,6.9077,8.7518,9.2808,17.8016,11.5466,14.1274,8.0663,10.4121,9.8871,9.9062,5.9821,6.3618,9.212,3.1257,3.5913,2.9877,9.3385,3.6913,8.7318,9.4942,9.0379,9.0483,6.8363,7.4704,6.005,1.7369,8.7514,10.4528,5.36,10.8729,8.8404,14.7694,13.0789,12.6445,11.261,12.5532,6.8617,12.5462,8.0889,17.8071,14.7958,20.9654,20.1609,26.4174,26.4174,26.4174,26.7492,29.7574,28.1555,24.2586,26.2537,29.2064,24.0022,20.1785
-8.26503061991723,40.2837764662903,0.0148,5.8552,0.5057,1.0,0,8.7093,4.3206,5.6535,7.5178,8.5103,10.0006,6.672,6.586,8.3583,10.975,8.4224,8.3549,10.9636,4.6896,3.1245,4.0771,4.7088,4.1887,4.8886,1.9144,2.9394,2.9827,-1.4452,-3.7802,-5.3353,-2.3386,-2.5233,-2.1652,0.1818,-3.5558,0.2131,-1.6271,-6.5598,-1.5667,1.7659,-0.9826,-0.7214,-0.2817,-1.1675,-2.1764,3.9256,2.17,2.218,-1.4789,0.6778,1.4184,4.9985,5.8849,4.4743,9.66,11.3081,12.3674,8.9188,10.7204,8.0706,10.9056,9.4427,8.3188,8.4018,7.8679,8.591,9.9707,5.6269,5.8176,0.0249,1.0925,-0.0322,-0.9053,0.3811,2.0379,4.6535,11.5219,14.1629,12.2513,12.3345,16.7164,17.7578,19.5036,19.7283,17.4834,18.3049,17.1194,22.5152,19.3576
-8.26476112533199,40.2837764662903,0.0152,-0.5035,0.4408,0.9654,0,5.4858,2.8059,2.3268,2.1298,2.2052,6.1609,2.353,0.7236,1.8191,3.7972,4.7206,4.6713,5.6088,1.7246,5.366,4.9371,3.5251,2.997,5.3536,2.2033,-0.3432,-1.6904,-4.0377,-9.9879,-10.1984,-9.2655,-11.2663,-13.3824,-8.8085,-9.9619,-7.5845,-7.3893,-12.701,-9.4716,-12.5713,-10.9428,-14.2059,-15.0622,-13.0806,-17.4892,-15.5224,-16.6225,-14.6663,-17.1231,-9.3604,-10.6362,-11.9623,-11.2364,-8.6792,-3.9437,-3.7552,-3.2255,-4.1414,-3.7652,-6.7773,-11.3649,-5.7587,-7.9079,-7.1763,-9.0747,-7.9414,-9.9405,-10.509,-9.1258,-9.6628,-8.7767,-9.2931,-13.0346,-10.5687,-5.3838,-4.2001,-0.8909,2.0679,1.7232,6.7423,-0.3253,0.8283,0.3915,-3.2772,-4.5661,-5.7066,-4.4909,-1.9348,-1.8102
-8.26449163074676,40.2837764662903,0.0143,5.9507,0.3767,0.8645,0,-2.3917,0.6991,2.3634,4.7181,4.6627,3.2848,0.5784,-0.663,-0.7155,0.9546,4.5499,7.2835,5.7009,6.7845,10.6761,10.8196,10.086,6.1945,6.6768,6.9489,7.1443,7.4261,4.7455,5.5713,4.2399,3.1745,4.8435,8.5622,10.5169,14.0721,8.852,7.8556,4.8544,4.4321,6.2613,3.1451,-0.946,-0.1006,6.7217,6.1109,4.5668,2.5168,4.5797,3.5823,6.3705,6.1798,3.2153,-0.0391,-2.4899,-2.351,-0.4099,0.6022,2.2849,-0.2534,-0.1626,-3.5827,4.9962,4.4963,4.393,4.8725,5.5995,5.4813,4.936,2.8257,2.3768,-0.7796,-0.2065,-0.5175,-0.4084,1.4076,1.5372,0.5863,0.5217,2.4198,2.0378,1.4094,2.0236,3.2357,0.2567,-0.3179,-0.7607,-1.5531,-2.6493,0.3214
-8.26422213616152,40.2837764662903,0.015,7.4892,0.4671,0.8844,0,-1.5892,-2.1406,-0.4694,1.8893,-0.1542,-1.2466,0.8492,-0.1821,-1.3389,-1.9989,-3.8334,0.0261,-0.4366,0.4293,-1.6049,0.1743,-1.2805,-0.8453,0.9246,-0.8622,1.6153,-1.7595,-4.5651,-3.915,-4.0581,-5.6582,-3.8956,-3.3125,-3.6919,-0.7617,-1.5941,-3.6993,-9.0866,-6.1689,-3.3984,-9.3692,-9.3391,-9.9761,-3.2954,-1.9499,-0.0174,-0.2953,-3.4244,-3.3933,-7.6838,-7.5469,-9.4688,-9.8092,-10.9062,-7.1206,-4.6036,-4.8031,-3.3742,-3.5215,-3.0392,0.421,0.0956,-2.5296,-0.807,1.0949,1.508,3.691,2.1478,2.983,1.6488,-0.2557,1.0847,-0.9293,1.4516,-0.4137,0.9684,0.5364,2.6703,5.612,5.6471,7.0889,8.4618,4.2085,6.1933,8.0167,7.8315,8.1241,4.9306,5.5998
-8.26395264157628,40.2837764662903,0.0147,1.9235,0.4712,0.9325,0,0.3305,-0.5298,-0.4823,0.6659,1.2421,1.4299,2.3333,-0.0436,-0.2952,-2.4016,-4.3409,-5.1098,-1.1029,-3.7406,-6.629,-1.7894,-6.4641,-5.8626,-5.7171,-4.5216,-4.2896,-5.9236,-3.8542,-3.374,-3.7323,-5.8844,-4.8167,-7.687,-3.8443,-4.2646,-4.8007,-6.5007,-4.2228,-3.5159,-2.0429,0.4939,-0.853,-1.4611,-2.1428,1.254,8.2964,6.8215,4.4435,2.5719,2.4667,1.3181,0.6126,0.1144,0.0161,-1.4749,-0.5539,0.4634,-0.5831,1.1347,1.6527,0.7312,0.3978,-1.6987,-0.3939,-2.7841,-1.5622,0.5078,0.3233,1.6486,-0.2118,-0.7554,-0.5984,0.1205,-0.9199,-0.4773,-0.6019,2.1719,2.7197,2.7635,3.5417,3.357,1.9112,1.0051,3.4585,8.0994,6.5749,6.6427,6.1973,4.5915
-8.26341365240581,40.2837764662903,0.0122,7.5755,0.4027,0.9486,0,0.7475,4.1533,3.7502,3.9359,4.5598,3.4397,3.9858,-1.4596,1.7588,1.8552,-0.7252,-1.117,-1.9586,1.9578,1.4243,4.7928,3.2064,1.3763,5.594,8.0653,6.1298,4.6108,3.5144,4.0505,5.667,6.1269,3.8313,2.9986,3.8267,3.6917,5.4305,7.5049,7.4002,10.5327,12.098,15.1461,13.7167,13.0889,13.8655,14.9243,23.5042,22.2382,23.4057,22.7405,23.053,22.9014,23.2125,21.7056,21.4345,20.54,19.9985,18.4865,20.2318,19.1077,19.9906,21.1391,19.7859,18.406,19.9704,17.6965,15.9995,16.3601,16.4629,17.3267,18.391,14.3143,15.483,13.2366,14.6179,12.6179,16.2623,17.1465,16.553,17.509,16.7128,17.4965,19.676,17.6469,18.6375,22.8727,24.3189,23.4829,22.1771,22.7677
-8.26314415782058,40.2837764662903,0.0129,-3.666,0.4834,0.943,0,0.1816,3.4029,2.562,2.1861,-1.27,1.2353,1.5675,-0.1515,-0.6852,1.4066,4.4158,0.4843,0.5382,2.0144,1.793,-1.7719,-0.4651,1.3805,-0.7876,-1.0246,-2.5676,-0.6712,-2.2934,-1.5752,-1.363,-0.1566,0.1584,-1.1786,-1.8173,-1.4634,0.1874,-0.8017,-5.1653,-2.7835,-1.8403,-1.094,-1.9754,-0.8864,4.4492,2.4269,-1.637,-0.0925,0.9087,0.4673,0.0579,1.7758,-4.1416,0.4495,-1.7556,-0.5874,-4.3165,-5.9616,-5.3202,-7.2954,-5.511,-5.9768,-7.7912,-6.9993,-2.1756,-4.9033,-3.7679,-5.8476,-4.585,-5.651,-2.6601,-2.1481,-4.2902,-2.916,-1.7522,-3.4944,-3.618,-1.7759,-0.7688,-0.899,-3.3791,-2.1668,-2.5666,-0.7555,-1.1442,-3.9564,-1.0908,0.0264,-0.7864,-0.0189
-8.26287466323534,40.2837764662903,0.0127,-3.0544,0.5278,0.9272,0,-3.5788,2.0347,1.9536,3.6959,2.3161,5.2798,7.3273,3.9809,5.1547,7.9218,9.6841,15.9309,12.8307,14.7969,16.8828,12.4252,12.7688,15.7252,14.0691,17.8408,19.5909,19.9665,21.5803,18.6843,18.0838,18.552,19.67,15.8881,15.5558,13.6597,17.8444,17.7334,18.5538,22.4331,19.3758,20.0404,18.8514,20.3031,18.071,20.2321,19.586,20.6388,20.6842,22.2034,21.3133,21.0328,16.9744,18.2818,15.8842,16.2289,14.1092,13.6323,7.2676,7.1247,8.5871,7.4017,5.2642,6.0572,11.5855,10.7695,9.4667,8.9363,8.8227,8.3697,12.6771,13.9218,12.9509,12.7215,11.9563,12.4083,12.9926,15.7226,14.5693,15.1475,15.456,14.0262,12.2498,14.8169,15.0531,14.5434,14.342,14.6926,13.0774,13.1962
-8.2626051686501,40.2837764662903,0.0132,-12.3993,0.5035,0.9178,0,0.6491,2.1817,0.4961,-0.5552,2.4615,5.6195,9.1537,7.9141,8.8813,11.2778,10.0261,16.3273,13.8645,11.105,13.286,9.361,9.2981,12.4663,9.8243,7.3054,9.5925,8.2984,7.3984,8.6441,4.5705,3.8542,5.7426,5.8357,3.7599,3.1627,3.4211,6.9133,2.7699,4.8174,3.7325,2.4521,1.5955,3.6587,-0.5972,-1.9687,0.7256,-0.3024,0.716,1.4336,-2.8379,-5.1264,-9.7542,-7.7657,-9.5027,-10.1756,-12.0219,-13.2163,-19.543,-17.6127,-18.956,-18.4426,-16.6765,-18.0293,-17.3585,-19.1273,-24.0333,-24.872,-23.6908,-22.054,-23.5615,-20.3239,-21.4724,-22.2891,-23.3113,-22.1999,-26.1456,-26.7154,-25.8445,-28.3062,-23.7562,-22.6726,-23.8365,-22.0565,-23.3607,-19.5801,-16.9005,-17.116,-13.7015,-13.9987
-8.26233567406487,40.2837764662903,0.0144,-8.8796,0.5103,0.8964,0,-5.7713,-3.6269,-2.5437,-1.8541,-1.9082,0.166,-0.2142,0.3616,-0.9831,-0.633,-1.5787,-0.7512,-0.9281,-3.0125,-4.2339,-3.0556,-3.0563,-2.3974,-2.7394,-2.8156,-0.338,-1.4207,-6.1425,0.09,-1.0147,-1.674,-2.3946,-1.7669,-2.0091,-3.3039,-3.0411,-0.4186,-3.0277,-0.8579,-1.892,-1.0792,-3.2125,0.4707,-3.291,0.0144,4.0573,0.0169,-3.6441,-4.1587,-4.1406,-3.8909,-5.0363,-3.0921,-5.2649,-4.8455,-6.6245,-7.0645,-8.6684,-9.9425,-8.6056,-10.3337,-9.1198,-7.2159,-8.5041,-9.8268,-9.5046,-8.9346,-7.237,-7.5315,-6.8483,-4.4764,-7.1444,-6.6245,-7.8244,-5.6661,-8.3424,-6.9102,-7.6624,-7.1088,-7.445,-6.3682,-7.0062,-4.4599,-4.0382,-4.2766,0.6273,0.3113,5.0734,3.9411
-8.26206617947963,40.2837764662903,0.0144,-5.4358,0.4853,0.9435,0,-1.6076,-0.9971,-0.5673,0.7439,0.9976,1.3571,-0.502,-0.3848,-2.2156,-1.9201,-0.4377,-3.2623,-2.0268,-3.8882,-5.1166,-2.7839,-4.977,-4.549,-4.9845,-3.1691,-3.6884,-4.7807,-10.4346,-5.2475,-4.8517,-4.3723,-4.1289,-5.2407,-6.2495,-8.3259,-8.002,-7.7758,-7.4445,-6.8363,-7.7485,-6.3899,-9.2613,-7.3295,-9.1261,-7.3979,-6.2867,-9.1784,-14.7299,-14.6197,-15.4113,-14.8376,-14.0017,-15.6884,-17.2125,-18.6533,-19.22,-19.4956,-22.3075,-23.3765,-23.8601,-22.9636,-23.6362,-22.9097,-26.8074,-26.41,-26.3031,-25.1234,-23.5801,-24.3284,-21.4039,-23.8839,-22.8386,-25.9226,-24.1555,-24.8326,-25.1861,-24.0499,-24.4133,-23.0728,-23.0144,-23.9773,-27.5649,-24.4732,-24.8079,-22.7461,-23.4412,-22.2832,-22.2103,-24.7082
-8.26503061991723,40.2839820503101,0.0099,-1.0361,0.3828,1.0,0,8.0887,1.8919,4.8804,5.9475,7.1936,11.8992,8.5872,7.4373,9.0285,14.5955,14.4751,15.9624,24.5959,17.0914,18.0229,17.3143,18.4413,17.9509,18.9918,14.7814,16.3325,17.4796,15.5269,6.5737,9.2841,11.4369,8.3473,3.218,6.3958,2.2508,0.8351,-1.6528,-5.7422,-5.0357,1.3418,0.9742,0.7886,-1.117,3.6109,-1.9185,8.1049,2.3152,3.8452,-0.6413,5.1684,4.7882,4.5454,5.7579,5.7579,13.7902,14.6591,16.0735,10.8776,11.6994,10.2194,9.2066,4.3088,2.0576,2.8381,2.4087,1.6204,6.0137,2.518,3.3489,-7.2623,-5.0217,-6.2055,-11.4138,-9.4023,-2.7404,-0.7432,2.9825,11.5564,8.5848,7.6115,13.1074,12.3809,11.1621,15.1405,11.5726,12.4095,13.4435,14.973,14.5314
-8.26476112533199,40.2839820503101,0.0083,-4.0232,0.4135,1.0,0,-4.3584,-9.0702,-12.7336,-14.1015,-10.5387,-2.2849,-11.3236,-11.9358,-8.4535,-13.8967,-12.8952,-14.0825,-18.9487,-10.9034,-10.5115,-10.4872,-12.0166,-5.453,-7.6114,-7.329,-9.7559,-9.6502,-18.1462,-6.7946,-3.7671,-0.406,-0.512,-3.7896,-4.9661,-5.0315,-3.4438,-3.0971,-1.488,-3.2186,-8.7685,-5.6289,-5.2886,-2.3036,-6.9531,-5.2139,-15.156,-5.9895,-5.2079,-0.8038,-4.5056,-3.6227,-2.5627,-1.4267,-10.1034,-12.7306,-10.9165,-11.2933,-8.0677,-7.7871,-10.6341,-10.8216,-5.9946,-11.3821,-12.1208,-10.5367,-11.6196,-3.6441,-7.2091,-7.9681,-18.1264,-13.9156,-14.0168,-13.2401,-13.4884,-25.1922,-25.0183,-27.4274,-24.8474,-21.5185,-18.1079,-24.3623,-25.3329,-20.7079,-26.3801,-25.4091,-27.1237,-24.3786,-24.0814,-25.6429
-8.26449163074676,40.2839820503101,0.0123,4.2123,0.374,0.7963,0,5.3926,-1.2481,-3.9645,-5.0371,-5.8941,-0.843,-4.9536,-4.9234,-3.8818,-4.0132,-5.1928,-5.4273,-3.5777,-3.2623,-6.1176,-6.4606,-5.0725,-3.2659,-3.5274,-7.5827,-4.4029,-3.9842,-3.8804,-4.3157,-3.5231,-7.0295,-6.3979,-11.1566,-6.2701,-6.2479,-8.8247,-2.5119,-6.074,-10.8926,-7.3431,-6.4339,-10.2563,-9.237,-5.7295,-4.2084,-11.8627,-5.5774,-10.8602,-11.907,-15.6795,-13.8604,-14.1506,-8.6652,-4.8766,-8.8373,-4.0599,-1.3606,0.9398,1.8553,-3.7721,-0.2058,1.2735,-3.7596,-2.1738,2.5163,-2.7545,3.8753,3.7525,7.0992,6.0614,7.8821,4.6732,9.3684,11.6129,11.8864,13.1478,12.3746,11.3199,13.5951,13.8952,13.4037,10.9229,12.291,15.6796,15.7426,15.8843,17.9419,11.5459,10.3029
-8.26422213616152,40.2839820503101,0.017,9.392,0.462,0.8597,0,-1.3205,-1.5058,-0.0819,2.7717,0.4794,-3.789,-1.0366,-3.0103,-1.2985,-4.9006,-6.4643,-8.1349,-4.9632,-7.4341,-7.3527,-8.1457,-8.4345,-7.8486,-5.7988,-5.6632,-2.9768,-6.4086,-5.0324,-4.9849,-4.0305,-2.508,-0.5291,-1.6617,-3.3541,-2.8404,0.3183,-0.862,-1.6623,0.2782,0.3653,-1.1239,-3.3819,-2.8095,-0.7825,0.0083,0.7618,3.4105,3.4765,3.3914,5.5999,7.4662,1.4377,5.7678,5.9656,5.8987,6.2664,5.601,8.1573,7.1928,3.1285,-1.3043,1.8354,1.1554,6.0597,8.4263,4.7805,8.8377,10.7244,10.04,13.6538,12.4251,14.4659,13.6812,12.137,8.6063,10.0149,6.6854,11.7542,12.9536,13.9942,13.3892,13.3195,10.3867,13.1363,14.308,10.5128,7.844,13.8086,14.572
-8.26395264157628,40.2839820503101,0.0129,5.8343,0.423,0.9723,0,-2.1437,-1.4101,-0.1206,-0.8714,-0.7535,-6.101,-3.2341,-9.9422,-8.4405,-9.4553,-7.0083,-12.5861,-10.4977,-11.3922,-9.0563,-12.4494,-10.6142,-10.0819,-11.5568,-6.6595,-11.0678,-14.0841,-10.2261,-10.1814,-11.0899,-9.1731,-8.4878,-10.7287,-10.9447,-13.456,-9.1333,-13.0708,-9.6704,-7.7457,-9.1678,-6.7431,-14.1439,-12.0342,-12.2613,-12.4894,-6.6346,-7.6294,-5.2629,-6.3709,-4.4259,-8.8041,-7.8253,-8.6166,-6.4613,-10.0417,-13.0689,-11.1969,-10.4189,-9.788,-13.4814,-12.1458,-9.1162,-9.6557,-4.0436,-5.3605,-5.0402,-6.5008,-2.4655,-0.0354,-2.7206,0.8969,-4.4378,-1.9482,-6.1283,-2.313,-3.3127,-1.7202,1.9612,2.0157,3.1185,2.9206,5.8707,1.0038,3.3861,11.0158,11.054,14.0616,14.9667,15.5549
-8.26368314699105,40.2839820503101,0.0123,11.8371,0.5228,0.914,0,2.1279,4.553,4.7601,4.7216,3.4355,3.2561,3.815,5.2101,5.5826,6.7155,6.494,8.9592,5.8982,6.4967,6.097,6.4126,3.4632,5.0734,6.7998,3.3052,5.9519,3.1411,3.1282,1.5904,6.577,3.3185,5.9161,8.4994,6.5957,6.0482,6.801,7.5456,12.0423,13.0119,13.0787,17.5638,18.2137,19.51,20.6091,21.8508,24.6738,25.6131,25.1404,25.6019,23.8736,21.2797,26.102,23.9102,25.6319,21.3305,19.0272,19.9452,20.3975,20.7091,15.9908,16.4511,17.4485,16.6272,15.6378,16.3294,19.087,19.7072,18.7041,22.3613,18.2894,20.8036,13.4496,19.6794,17.5094,19.8,17.3662,19.6312,22.9228,24.6616,23.8445,25.0804,26.0162,23.5966,22.921,22.5476,22.4861,22.4202,18.9688,24.46
-8.26314415782058,40.2839820503101,0.0079,0.3372,0.4713,0.9889,0,0.7221,-0.4248,-0.6781,2.921,0.7899,-2.2689,0.0925,3.395,-2.1408,0.2084,1.1555,1.3306,0.4823,-1.8643,0.4314,-1.5203,0.0378,-1.6916,0.3737,-3.3869,-3.4569,-1.0297,-1.5368,-1.8939,-1.5292,-2.4029,-2.6259,-2.8535,-1.9409,-2.4184,-1.3556,-0.4237,-1.8462,-2.6242,-3.4815,-0.2735,-0.575,0.0022,2.2883,-0.7649,0.2592,-1.9799,2.1827,2.5116,2.5284,3.3763,-0.6736,1.2561,-0.2074,-0.2799,0.584,-1.5514,-1.5719,-2.4078,1.9296,0.0364,0.1451,-1.3919,-3.035,-1.1012,-0.8591,0.5929,-0.9776,1.0702,3.8622,0.3568,0.1884,0.241,0.4861,-4.299,-3.5025,-1.3796,-1.5668,0.259,2.433,2.5444,3.7458,4.0552,1.5913,3.5115,2.3792,1.235,-1.1546,1.1607
-8.26287466323534,40.2839820503101,0.0097,-13.8629,0.6126,0.975,0,-0.1421,-0.2318,-0.47,1.7802,2.7116,-3.1472,0.2925,-1.0014,-0.8053,-2.4383,-6.8159,-0.774,0.6995,1.1378,5.5655,3.0324,3.8669,1.2264,0.3316,6.2304,2.2108,7.1077,8.6064,6.7785,7.0414,3.9152,3.6888,-0.8809,-1.1914,-7.6812,-2.245,-4.7385,-0.8749,3.283,1.2713,-3.6875,-7.6875,-3.8613,-11.6613,-7.6994,-12.5173,-9.5255,-11.1399,-13.9185,-11.7573,-10.1381,-21.2012,-15.8141,-17.5748,-20.5806,-20.4886,-20.2084,-21.2332,-20.9335,-20.194,-19.4016,-22.1068,-23.7036,-23.6902,-23.1708,-21.2997,-22.2084,-19.1328,-22.7519,-18.7048,-21.2636,-17.6559,-21.3057,-18.8213,-26.9306,-23.348,-22.0364,-21.5829,-21.1971,-19.0095,-19.9203,-20.5055,-19.9748,-23.872,-23.7598,-19.6459,-22.4278,-21.1046,-21.5275
-8.2626051686501,40.2839820503101,0.0153,-3.5854,0.4737,0.8735,0,1.5878,1.7735,-0.5404,-1.7318,-0.6361,-1.97,-2.715,-3.5291,-3.1543,-3.2424,-0.8419,-1.174,1.2025,-0.898,3.7093,3.5323,0.9296,0.8358,1.3462,2.6511,1.8106,2.5973,5.5189,0.9379,-0.5502,-1.0592,-0.5539,-0.6062,-1.9751,3.2776,5.8042,3.8551,11.6154,14.4552,15.6458,4.6943,1.4217,4.8182,-0.1703,0.7129,-2.4343,3.6058,-1.7692,-4.4061,-6.0617,-5.3986,-11.7301,-2.9,-5.1818,-6.0076,-5.7893,-8.19,-9.7955,-10.5597,-9.5789,-9.0937,-9.0362,-9.685,-8.599,-11.8971,-10.816,-10.5407,-9.8722,-10.8447,-7.155,-8.7142,-4.5674,-7.7598,-6.2923,-8.5608,-7.7517,-9.3838,-7.8236,-6.7736,-6.7903,-11.1239,-10.6658,-2.9436,-7.605,-9.9126,-5.7679,-8.4184,-7.4302,-6.6832
-8.26233567406487,40.2839820503101,0.0163,-7.8355,0.5008,0.8765,0,0.0783,2.9631,2.6063,0.5173,2.4049,3.5445,-1.2908,2.006,-0.1411,1.0731,6.106,4.7642,2.7697,2.7894,8.2803,7.2957,5.4028,4.6595,7.4384,7.135,6.9714,7.412,7.1236,8.3739,8.8019,6.8813,10.8077,6.7286,5.7565,9.486,12.0888,13.6427,18.8877,20.0607,20.2929,18.0967,12.0232,6.7053,13.9796,12.6489,15.3107,14.9791,6.5171,0.7982,-1.1072,-4.7428,-4.3247,-6.0832,-4.3128,-2.0608,-4.8797,-4.2978,-7.8952,-7.9422,-1.7514,-1.6347,-5.8427,-4.9247,-5.266,-8.8196,-3.6273,-5.4596,-4.6862,-4.7531,-0.3317,-2.349,-1.2903,-2.4069,0.1292,-0.8709,1.6203,-0.7667,-1.517,0.5355,-2.2382,-3.262,-1.972,0.3986,-2.6089,-3.3625,-4.8065,-4.6549,-8.9402,-7.5681
-8.26206617947963,40.2839820503101,0.0133,-6.1469,0.5497,0.9848,0,-3.11,0.7647,3.138,2.4803,1.1341,1.3701,-0.3808,-0.0737,-1.0183,1.2804,5.1534,2.3469,-1.0679,0.6175,3.2945,4.4114,5.0644,3.9156,6.6934,6.0515,8.0541,6.7215,4.5631,7.2001,8.3683,5.0604,5.0703,2.2714,0.7275,0.5716,0.9758,7.979,5.8902,5.8563,7.1414,4.8594,0.375,-4.8059,-1.9628,-2.0602,-1.5892,1.1267,-2.4358,-10.5246,-10.3056,-7.5812,-6.8557,-10.7495,-8.0926,-9.4401,-9.6651,-14.4312,-16.4124,-17.0306,-11.2558,-10.7534,-13.4063,-13.0424,-7.392,-10.2447,-8.1941,-4.4134,-9.1627,-10.8321,-7.7365,-9.474,-9.7213,-11.4141,-9.6826,-7.8949,-7.415,-3.9696,-1.917,-2.8418,-4.1488,-3.1958,-1.2126,-5.2806,-3.0883,-2.4325,-1.5713,2.6387,-4.3801,-5.4975
-8.2617966848944,40.2839820503101,0.012,1.3139,0.5487,1.0,0,1.8148,1.4985,3.9208,4.6292,4.5952,3.9726,5.0416,3.3964,3.4068,4.9992,9.8326,5.1366,4.7049,6.9382,6.2289,7.4768,7.2636,7.7331,9.6488,9.4115,9.6845,8.7137,7.7829,8.5165,9.1478,8.3347,8.2729,6.6633,5.3973,4.8514,5.5983,9.9021,8.6357,8.6914,6.0114,5.9808,6.3343,6.998,6.655,6.275,8.9538,8.0602,8.3917,8.2238,6.252,4.7607,3.8283,1.5019,3.6442,3.4363,1.3403,-0.6765,-2.3553,-2.3599,-1.17,-0.1169,-1.8973,-1.3624,1.6803,0.0697,1.4662,1.4145,0.7827,0.4796,-0.5024,-0.1659,-2.2471,-1.3071,-1.9349,-0.0822,-3.163,-2.2535,-0.7836,-0.4312,-0.6004,-0.9666,-1.5527,-2.649,-2.6902,-4.4289,-4.752,-4.0407,-5.8571,-6.0233
-8.26476112533199,40.2841876337048,0.0133,2.7926,0.4611,1.0,0,-2.9262,-2.7545,-2.9806,-5.3836,-4.8401,2.6491,-4.2687,-2.7729,-3.5618,0.0583,4.5303,1.0702,-1.042,4.5955,2.8612,1.8888,-0.0802,3.505,0.9313,4.2595,7.6125,8.1639,5.2158,9.7872,9.8393,11.26,9.1617,7.9741,5.8046,3.5993,5.9848,7.0171,10.5216,8.7821,-0.2746,-0.9761,0.3778,3.8037,-1.5232,1.5759,-0.9024,0.1451,3.6993,6.3596,3.9945,5.7526,5.4268,2.9493,0.4647,-0.9671,-2.6609,1.2254,1.5241,2.5066,4.5059,5.5795,5.3056,2.3285,3.9658,4.9557,3.2205,4.6592,5.7234,2.1672,-1.6988,-2.0193,-1.9441,-3.0882,-3.6705,-6.2571,-9.1395,-5.7689,-6.4189,-5.0932,-4.1451,-4.6018,-5.0101,-3.9437,-1.2639,0.1303,-5.6311,-0.7681,-0.8582,-2.5423
-8.26449163074676,40.2841876337048,0.0143,0.7869,0.3492,0.986,0,5.7908,0.6521,1.8279,1.9955,-1.0355,1.1727,-7.762,-6.9564,-9.4064,-7.8667,-5.7426,-9.9499,-14.5698,-12.7025,-14.1061,-13.5673,-16.3387,-15.4353,-18.0461,-16.7555,-12.8466,-12.6269,-17.2762,-13.3444,-14.9544,-14.3707,-16.8912,-13.3727,-14.7932,-13.7275,-17.6076,-14.8389,-18.7448,-18.0885,-16.0825,-9.1351,-11.2202,-9.4844,-4.8378,-3.4081,-3.9926,-6.0546,-6.8216,-8.9088,-6.4335,-3.8314,-3.8604,2.1266,-1.7264,-2.3528,-2.6299,0.3455,-0.7373,-0.9065,5.6239,8.2947,5.8504,0.5303,3.4466,2.6732,-6.8596,-5.1793,-2.0908,-0.8754,2.156,0.6324,1.4985,2.3401,1.2481,4.3637,3.0782,5.0032,4.1128,2.6127,3.9982,6.8559,6.5647,3.3649,4.6206,4.7514,8.4947,11.4631,8.0807,9.3554
-8.26422213616152,40.2841876337048,0.0149,-6.3029,0.4554,0.9139,0,0.1337,-0.9181,-0.7722,-0.2738,-3.6376,-1.1896,-6.1071,-5.7118,-3.9932,-5.3753,-4.4268,-8.8417,-8.2089,-8.7635,-8.8542,-9.5945,-10.9096,-8.9498,-8.8418,-8.7603,-9.6554,-9.5269,-10.5662,-12.3527,-10.8259,-10.3288,-11.227,-10.5196,-10.1583,-9.27,-10.6279,-8.2084,-9.1436,-5.3542,-2.3428,-5.2124,-5.7031,-6.9691,-1.8545,-8.1807,-8.2175,-2.8244,-7.1982,-5.2458,-4.975,-2.9283,-8.0033,-8.0699,-11.9062,-8.4574,-9.8221,-10.1468,-8.7127,-9.3473,-10.9356,-12.7196,-13.8566,-14.8582,-12.0505,-12.5607,-12.3721,-13.5346,-10.6985,-7.5869,-9.2879,-7.8386,-10.9646,-9.7767,-12.3612,-15.337,-16.3032,-15.9512,-14.6882,-14.5646,-12.4624,-12.4374,-13.4664,-12.3153,-12.9801,-14.0284,-14.755,-15.0127,-18.7505,-14.9239
-8.26395264157628,40.2841876337048,0.0137,4.0895,0.4606,0.9159,0,0.1748,0.2061,-0.3081,-0.6113,0.7734,-0.8708,1.677,1.9835,1.7582,2.6944,0.867,0.6959,-0.1368,-3.026,-4.8714,-2.3421,-3.4228,-1.9199,-0.9866,-5.8497,1.0756,-1.5045,0.0395,-2.4075,-2.4571,-2.7258,-1.0962,-0.4491,-3.1057,-1.6033,2.0347,1.0661,7.006,9.1305,4.9358,8.0664,6.7287,8.8176,8.8529,10.0468,5.7163,4.5702,1.6072,1.58,1.5729,3.17,4.4131,3.7562,6.2457,1.4462,2.0399,2.7438,6.2282,7.8759,3.2622,2.9732,3.9418,7.4957,3.7064,5.1342,4.5213,4.7797,6.1399,7.0188,10.3918,7.2246,8.3593,7.3665,7.6203,8.8314,9.3017,12.8455,13.0616,16.0373,18.6005,16.2338,18.2028,14.3376,14.9429,12.1769,13.3622,16.2226,16.6838,16.4762
-8.26368314699105,40.2841876337048,0.0163,-5.0025,0.4752,0.9309,0,-0.224,-2.0141,-1.4808,-1.4531,-1.4365,-0.7318,-0.2957,-0.2336,-2.075,-1.2416,2.511,2.7277,3.7142,1.8554,2.5636,2.9596,4.5166,3.0727,1.4628,0.3771,-3.2448,1.9154,2.1898,0.724,-2.0312,-1.6341,0.4366,-4.3181,-2.6658,1.6326,2.4062,1.2474,1.1561,4.0586,3.0176,3.9015,3.2808,2.393,3.9734,5.7477,4.7215,2.0349,-1.6094,-3.9479,-3.2953,-3.5516,-3.9105,-2.8517,-5.0558,-7.1982,-6.5222,-8.381,-5.803,-5.4125,-8.312,-6.2903,-7.5083,-2.9366,-6.7649,-3.8814,-5.1413,-4.3879,-4.6846,-6.1045,-2.5047,-6.2719,-4.0883,-5.4938,-1.696,-3.7354,-1.4376,0.1179,0.4644,1.0476,2.7453,1.9691,0.7992,1.2355,0.6436,-0.3127,-2.3234,-1.1249,-1.4103,1.8686
-8.26341365240581,40.2841876337048,0.0135,-5.2104,0.4944,0.8537,0,-2.4124,-2.2134,-2.9039,-3.8319,-4.4741,-1.3668,0.8867,-0.2334,-2.0336,-0.4414,-0.0116,0.5107,-0.7273,-1.238,0.3402,-1.9598,0.2683,0.5739,-2.8004,-4.4277,-8.9454,-4.5381,-4.8313,-5.8986,-9.2715,-9.2196,-13.789,-14.3622,-13.48,-11.9576,-10.8511,-11.9685,-9.8634,-7.8192,-7.8989,-5.5106,-4.627,-6.1839,-4.3105,-6.2355,-7.8919,-9.3878,-11.056,-14.1393,-16.7328,-17.6799,-19.0068,-17.5452,-22.2676,-21.4162,-20.4456,-20.7736,-20.0113,-20.5373,-20.2639,-18.1164,-20.8863,-13.804,-15.6606,-15.0757,-14.3429,-15.2785,-11.4247,-12.668,-7.5111,-12.1166,-9.6753,-10.7847,-9.1282,-10.3731,-8.4511,-8.1484,-7.3488,-8.5363,-9.7184,-10.1514,-10.3274,-7.2946,-9.1969,-10.6521,-11.6264,-11.8201,-11.2654,-11.9315
-8.26287466323534,40.2841876337048,0.0139,1.3402,0.4799,0.9046,0,3.0123,2.1734,3.7462,3.1129,4.07,6.0762,6.0838,5.8869,6.1911,3.4337,-0.2768,1.0434,0.6427,5.6701,4.7503,5.1596,3.2417,2.9546,2.8003,2.5855,1.3307,1.4015,0.1124,-0.8534,4.0574,2.586,2.7743,-2.8108,-4.9024,-4.1378,-0.4376,-2.2433,1.8841,4.6908,4.9381,7.0059,7.0376,7.6083,5.0481,10.8897,6.2444,10.4055,9.6701,11.7788,6.4286,3.4591,-1.0596,-1.554,-3.5326,-0.4474,-0.0865,-0.5208,-1.5376,-1.6151,-0.7797,5.0155,0.1939,0.2678,0.3999,-1.5468,-0.1046,-0.6069,1.7705,0.848,1.0319,1.0555,0.5271,0.9944,2.4746,0.5962,-0.2602,0.1847,0.7818,2.1439,-0.3367,1.4032,-0.6324,-1.8428,0.35,-0.4397,5.0046,6.1488,7.26,8.5208
-8.2626051686501,40.2841876337048,0.0148,-1.1459,0.4942,0.8803,0,0.3004,0.3918,-0.6142,-1.0523,0.4287,4.2115,7.3316,6.213,4.6244,3.3714,-1.8074,4.3402,4.405,4.3896,6.0507,6.5376,6.3721,4.7497,2.5812,8.0653,1.7796,5.0801,4.9691,3.2456,6.0014,7.2709,4.3657,-4.1301,-2.0818,-0.8466,0.3008,-1.6805,2.019,5.7427,3.7549,6.4342,5.4919,4.2772,4.3243,3.4093,4.1401,4.7591,4.2673,3.952,1.8371,3.1248,-1.5775,0.9815,2.9465,1.6847,3.5214,2.4537,0.2198,-0.4334,1.8596,8.6598,7.1924,5.4694,5.9755,1.7746,1.8176,3.6802,2.7183,4.1416,5.3362,2.1576,3.4647,0.5766,3.1501,1.0358,2.7391,2.4573,5.5476,4.7703,1.0711,3.1213,1.7378,-1.1615,-0.0699,-1.4068,1.6241,1.7624,2.5146,3.8176
-8.26233567406487,40.2841876337048,0.013,-7.9351,0.5787,0.9526,0,-0.846,2.3449,-0.7639,1.8409,3.0207,5.27,4.4687,2.9471,2.2671,2.2585,4.4485,9.5867,5.873,2.0859,3.1569,4.4548,3.4562,5.3091,3.4442,2.1157,2.1646,5.5484,4.3341,2.4463,1.7762,4.5933,2.8962,2.322,3.4041,4.736,2.4644,3.6468,2.8959,-0.6238,-1.8095,-3.5849,-1.6332,-5.9763,-7.4025,-7.3996,-12.0461,-8.2888,-6.2835,-5.1734,-6.3372,-5.7105,-6.4017,-5.8445,-4.8867,-1.7374,-1.6624,-0.2037,-2.7186,-1.3524,-2.5545,-6.8768,-1.4005,-4.1049,-3.7306,-4.2234,-8.4565,-6.9199,-4.6052,-6.6398,-6.5704,-7.6744,-9.9514,-10.4369,-10.653,-8.8107,-10.9997,-7.3429,-6.105,-2.9389,-6.6395,-5.3295,-8.5398,-7.9519,-8.4097,-8.3772,-8.0289,-7.2938,-7.4442,-7.0399
-8.26206617947963,40.2841876337048,0.0126,4.8933,0.6077,0.9263,0,-2.3888,-0.9418,-3.3602,-7.0333,-5.4992,-1.1032,-8.1842,-0.978,-0.2273,-0.6136,6.9086,9.6253,8.5009,8.1735,11.6718,16.9179,15.1629,15.0551,16.9774,14.9619,12.8628,15.2443,12.4473,12.4473,12.3339,12.6307,13.1827,9.3092,10.2875,17.6888,19.3791,15.463,19.6331,19.4509,18.7536,20.2659,18.4447,12.5168,22.8848,22.9752,19.6798,22.8533,24.5095,27.7747,26.9434,26.4246,23.8043,21.9728,25.4945,30.0502,23.9096,25.9413,24.4875,24.5506,26.8009,21.0902,27.9223,28.8956,27.102,24.9565,24.1628,22.0625,23.1696,20.791,18.691,17.4027,12.4576,17.4584,13.2554,24.5598,20.5324,22.6304,16.4426,24.1745,20.1451,21.336,16.4469,15.7136,16.6148,16.0141,16.3001,17.1976,13.3832,17.8587
-8.2617966848944,40.2841876337048,0.0141,3.9084,0.3964,0.9602,0,0.5786,-0.1312,3.2259,1.8829,2.6712,6.3079,3.0222,1.4226,2.0007,8.2289,15.8185,18.3232,20.1341,24.3028,22.7173,28.5796,21.358,19.0787,21.4025,22.6175,27.1689,25.1872,24.4487,25.2784,27.2762,27.1701,27.0024,24.6751,21.3924,23.8218,20.5631,21.7466,12.4223,7.2618,5.0224,3.522,2.1688,1.6048,-0.059,4.0648,2.5784,7.894,3.1553,5.5766,2.9178,1.492,1.314,-0.4237,-6.1029,-3.0044,-1.9976,-4.5243,-0.4868,-1.0573,1.9118,1.7972,1.081,0.1796,-0.1439,-2.3292,-0.6788,0.4337,0.3574,3.359,-5.1088,-0.1522,-6.5073,0.3762,-5.7938,-8.683,-12.478,-13.8884,-14.0502,-6.0966,-12.097,-7.8284,-8.9769,-10.7785,-14.0896,-14.5249,-18.3431,-15.9688,-18.7628,-18.5801
-8.26152719030916,40.2841876337048,0.016,4.1366,0.434,0.9618,0,-4.3891,-3.2597,-3.435,-5.4274,-3.3442,1.5324,0.8494,-0.9653,-1.1214,1.642,2.3088,2.3498,5.6245,5.5043,1.3497,6.0722,5.4441,2.8396,4.4193,3.4501,4.9412,2.3801,4.7158,5.9236,9.325,9.2738,7.5975,7.0601,9.2653,8.0554,6.6834,6.7527,1.4112,0.8784,4.6046,6.7492,5.9492,4.8186,4.447,6.0993,5.4969,5.9891,4.1139,5.9581,9.8792,6.7295,8.8424,7.8805,5.5109,7.1324,7.1965,6.362,7.1978,6.8163,8.0278,10.4722,8.3571,7.4471,6.4379,4.0452,5.2209,7.7159,4.5514,7.5053,1.7612,6.8409,1.7227,6.0819,2.1059,-1.1082,-3.5763,-4.7791,-7.613,-1.2437,-7.2929,-2.6094,-4.5967,-4.8371,-3.1338,-1.2927,0.8214,-2.7719,-2.6637,0.6746
-8.26449163074676,40.2843932164742,0.0169,-4.3919,0.3626,0.9913,0,-1.2839,-0.7194,2.0515,3.4162,7.6274,2.5728,2.6739,4.9401,4.5966,12.0368,9.9943,10.0667,11.8873,10.7455,8.3665,8.7881,7.565,8.8135,7.2962,2.637,4.9278,6.4243,10.8189,11.9632,8.0837,7.8269,6.2882,9.404,6.5965,10.3978,7.8105,10.9738,10.4649,14.5023,14.297,14.3403,14.285,15.0817,15.2544,20.0337,14.9518,11.3463,9.6403,12.1677,10.6919,10.2013,11.1662,17.9952,13.8818,18.8772,15.128,15.536,14.2064,14.6458,11.2952,10.4697,11.5337,4.6774,5.1386,3.214,0.6099,4.8662,5.5104,5.8753,-2.5903,-1.6835,-2.057,-5.6788,-5.6995,-2.1416,0.8415,-1.1089,1.3165,-2.1639,-0.9285,-1.2339,-2.3772,0.9818,0.2937,1.0851,-6.1529,-2.9596,-6.3431,-10.242
-8.26422213616152,40.2843932164742,0.0142,10.7113,0.4561,0.9572,0,2.3394,-2.5406,-3.5088,-4.8442,-1.1653,2.0902,-2.7107,-3.1203,-1.4238,0.3745,-1.5615,-0.4146,-2.7677,-2.6787,-1.6786,0.7277,-1.7358,0.209,1.9157,-4.1707,3.4761,0.2046,0.8418,0.7481,-1.8248,1.8808,1.6104,3.7132,2.9151,4.9576,3.4305,4.4121,2.0633,0.4172,4.3884,4.8345,7.0143,7.8074,9.8562,6.2622,7.9037,12.4582,11.9115,12.5239,13.1903,12.4295,16.7076,15.8655,18.2244,18.6576,18.7326,19.7434,17.6499,19.3047,16.9795,18.4477,17.0282,15.0541,15.5094,17.2,16.2772,14.5878,15.6779,16.1479,16.0659,15.6497,15.8983,13.9302,13.549,11.3059,13.3907,17.1882,15.7159,11.3913,15.3028,15.1771,14.6497,19.1212,16.7072,13.7575,12.0791,10.5411,10.3644,12.4002
-8.26395264157628,40.2843932164742,0.0168,10.4436,0.4488,0.8498,0,-0.8515,-2.0477,-4.1865,-6.4288,-2.7969,-2.3613,-5.8851,-6.7,-6.3923,-4.6522,-4.7658,-6.3249,-8.4827,-5.9883,-5.5283,-3.0644,-6.2337,-4.7699,-5.383,-6.2924,-3.5859,-2.5425,-4.8467,-3.5854,-4.7756,-2.4472,-2.8904,-2.6163,-1.0918,1.8438,2.6841,4.4905,8.1982,8.5548,7.6381,8.8738,8.024,7.4829,9.0334,9.2825,9.1976,10.4626,9.2439,6.8727,9.1355,10.3314,11.4061,8.6724,6.39,4.506,3.2169,3.7127,2.242,2.6805,2.1779,4.5061,6.0863,5.5598,8.0919,8.5907,10.3278,12.1587,10.1429,9.3313,9.6272,7.6249,8.0389,6.0396,7.0268,6.4585,7.4603,11.6465,12.8749,15.0539,16.659,18.8759,16.1807,14.7081,15.7022,13.3201,15.5275,15.0839,16.3336,10.9817
-8.26368314699105,40.2843932164742,0.0155,-4.2086,0.5229,0.9312,0,0.1421,-3.3792,-2.7844,-1.6658,-1.3644,-5.6317,-4.6797,-4.5105,-4.4194,-2.8644,-2.9628,-4.0813,-5.6141,-7.2901,-5.5746,-8.3795,-7.7026,-5.6659,-6.5813,-3.0517,-4.083,-3.4372,-2.2147,-3.7031,-4.0546,-5.687,-6.538,-4.2602,-4.6931,-4.3617,-3.9303,-5.7386,-3.5418,-0.4241,1.5002,-0.1613,0.0315,-2.9249,-3.4943,-4.1504,-6.2589,-6.0647,-7.0222,-8.7292,-9.7127,-8.2091,-9.2783,-10.5534,-11.3234,-8.7781,-10.9169,-11.7201,-11.7848,-12.4415,-12.0149,-10.7986,-11.2969,-12.4038,-10.261,-8.5905,-8.4007,-6.7271,-7.0201,-7.2734,-6.0617,-9.2739,-7.8383,-10.2975,-9.6992,-10.9471,-12.1691,-10.773,-8.3573,-10.2321,-11.2663,-9.7727,-10.6283,-11.1088,-12.8607,-10.4551,-10.6052,-10.6213,-9.5381,-11.1073
-8.26341365240581,40.2843932164742,0.0116,-0.7091,0.4561,0.9687,0,0.1539,0.3567,2.5916,3.5285,3.3415,0.1566,1.8849,2.0983,1.4294,1.4422,-0.5667,-1.3266,1.3897,0.2998,-1.7879,-1.43,1.0089,-0.1797,0.1099,-0.1592,-0.8148,-1.3136,1.0978,-1.1962,-1.29,-1.4494,-2.6536,-3.0168,-3.6086,-3.5022,-2.7722,-6.5076,-4.3518,-3.0846,0.0544,4.1633,-0.6526,-1.3691,-1.3014,-1.7741,-5.1989,-5.0468,-5.2441,-5.0449,-6.8056,-6.0828,-6.7901,-6.0323,-4.6659,-4.6214,-5.9253,-6.4957,-2.7903,-3.6057,-1.9771,-1.2617,-1.9207,-1.5746,0.1135,-2.1893,-2.8905,-3.2804,-3.1646,-2.4786,-2.7009,-3.5941,-2.3176,-5.3906,-2.3107,-3.3654,-2.4397,-2.8048,-1.8982,-3.687,1.0071,0.2911,4.2136,1.9507,2.0652,2.666,1.4313,0.9161,1.8595,2.1982
-8.26314415782058,40.2843932164742,0.0155,-4.6071,0.4713,0.9171,0,0.4361,2.4273,1.6114,2.8747,1.9417,0.6594,0.9725,3.4119,1.7326,3.3537,0.9925,-0.9213,-0.0204,-1.3615,-1.4806,-3.322,0.216,-0.9552,-3.3788,-4.0197,-5.6803,-3.3769,-3.4936,-4.5529,-1.6736,-1.1292,-1.0539,-4.7219,-4.6892,-5.1942,-4.2226,-4.2221,-3.7024,-5.4301,-1.3031,-1.8447,-2.3014,-3.5507,-5.2554,-3.316,-5.8721,-0.6808,-4.8089,-5.8595,-8.2901,-8.7593,-5.1568,-7.8485,-10.4266,-9.3614,-10.6159,-9.1508,-10.1395,-10.1851,-11.5077,-7.3501,-12.6797,-9.2307,-7.316,-7.7091,-9.2874,-8.357,-7.1015,-13.0511,-12.0155,-12.2347,-14.4653,-14.4004,-12.2449,-14.8096,-13.3614,-10.8323,-12.2402,-12.2815,-10.9647,-11.9617,-9.9657,-11.1847,-10.126,-11.18,-10.1815,-6.3934,-8.8013,-7.3708
-8.2626051686501,40.2843932164742,0.0097,-2.2794,0.5701,0.9944,0,0.6706,0.8561,1.391,1.34,0.2654,-0.3943,1.1671,0.7665,1.2676,0.4372,-3.4813,-1.2049,-2.2705,-1.3234,-1.179,-1.5936,-3.3603,-2.948,-2.2798,-0.6759,-3.9655,-1.6819,-1.0044,-2.0856,-3.2507,-4.3186,-5.152,-4.971,-6.0559,-7.1187,-5.6571,-8.908,-7.9778,-4.6514,-6.7079,-5.4014,-6.5936,-5.6986,-9.1049,-9.3368,-9.1195,-8.8019,-9.2367,-9.9348,-6.989,-6.4932,-7.8731,-9.4393,-9.3473,-10.4263,-10.2126,-10.1632,-11.1611,-11.6664,-10.9514,-8.5927,-8.6996,-10.2388,-13.4201,-9.8507,-9.3358,-7.6542,-9.8258,-8.6707,-11.1608,-9.6185,-12.2,-11.4519,-14.4219,-12.6758,-14.5055,-12.6142,-13.5089,-11.8867,-11.3076,-8.9202,-9.7754,-10.6426,-9.4688,-9.6444,-9.1247,-7.4326,-3.5362,-3.2221
-8.26233567406487,40.2843932164742,0.0127,-3.9311,0.4969,0.9446,0,0.5379,-0.6301,-2.7121,-4.8244,-5.765,-6.6918,-6.4412,-6.74,-6.5505,-3.0564,-4.2117,-1.3842,-0.6804,-2.2577,-0.8943,-1.7683,-0.4977,1.5227,-0.6083,-3.6333,-3.9179,-1.3087,0.6594,-2.0197,-3.7877,-5.5036,-4.8706,-6.3568,-6.83,-9.1536,-10.924,-9.5628,-7.8476,-8.2124,-9.5039,-8.7478,-10.6638,-8.8582,-11.5155,-14.2349,-15.0309,-14.3501,-14.516,-15.9988,-16.5827,-15.9277,-15.0482,-16.2282,-13.7546,-14.6302,-13.9065,-15.4455,-15.0514,-15.518,-15.7338,-11.5536,-13.8768,-14.361,-11.9113,-15.3507,-14.7558,-14.6069,-11.5592,-14.5665,-13.5141,-14.3436,-15.6147,-15.8112,-16.7967,-16.343,-16.69,-16.1079,-13.9657,-12.3731,-10.0535,-9.8405,-9.147,-9.1823,-10.818,-11.1687,-11.3373,-10.8821,-7.4849,-10.4678
-8.26206617947963,40.2843932164742,0.0156,-10.7073,0.4662,0.8754,0,-1.5273,0.0277,-3.2131,-2.341,-3.392,-5.514,-7.7015,-7.8752,-8.2383,-2.999,-4.7973,-3.9995,-0.8182,1.6627,2.357,1.0261,5.4153,10.1844,6.22,3.3455,0.693,2.1019,4.5584,1.9688,-1.9026,-5.8366,-4.8935,-6.6668,-9.3333,-11.466,-15.3139,-12.0696,-13.4968,-13.2414,-15.8347,-12.7604,-13.0275,-13.8408,-7.6048,-11.5348,-11.4993,-8.4393,-11.98,-13.1281,-14.3784,-13.4822,-8.4086,-13.8668,-12.4068,-12.9828,-11.4069,-11.664,-13.2973,-12.5864,-17.9052,-13.0671,-13.0484,-12.7155,-13.7698,-17.4732,-16.9788,-21.5133,-17.426,-21.2616,-20.3077,-18.6785,-24.7782,-23.2669,-25.3215,-21.3141,-22.7263,-21.2576,-22.5482,-21.5243,-18.4284,-16.4576,-14.2845,-13.7966,-13.8983,-14.5816,-13.3559,-17.4824,-15.2609,-20.1712
-8.26152719030916,40.2843932164742,0.0153,-6.8276,0.4574,0.9414,0,0.9417,5.161,2.5931,0.4526,0.4522,-1.2722,0.0198,-3.3123,-3.9094,-1.4579,-2.0971,-3.2852,-1.7732,-0.2839,-1.1336,-0.0287,0.4379,2.0256,0.9437,-4.5226,1.1881,-1.1846,2.0242,1.265,-1.7535,-1.7535,-1.7535,-3.0876,-7.9396,-6.7688,-13.1606,-10.2458,-9.9239,-13.0912,-14.607,-1.4995,-4.4357,-3.9994,0.3733,0.5334,-3.8346,-3.9419,-5.7304,-5.8195,-5.5485,-6.308,-4.6513,-9.3323,-5.7289,-7.7236,-5.8015,-5.8833,-6.7344,-7.2325,-12.5745,-13.1249,-8.126,-10.231,-10.6437,-14.0949,-10.5113,-10.1481,-12.7092,-15.0018,-12.662,-12.4907,-15.3061,-13.7924,-16.9391,-15.337,-15.9759,-20.0139,-16.3988,-18.2619,-21.9788,-20.1432,-18.2912,-18.8285,-17.3492,-20.1433,-14.5027,-19.5139,-18.4849,-20.8943
-8.26422213616152,40.2845987986184,0.0139,15.4325,0.3546,0.9904,0,1.8529,-2.8292,-4.0607,-5.372,-3.9848,-1.2581,-1.362,0.2332,2.3099,4.9911,4.0581,5.9094,1.5575,5.1423,5.4033,13.3155,6.1313,9.3522,11.23,10.3987,12.544,11.1406,11.6943,9.2914,11.4563,14.1196,11.7363,14.2986,17.981,16.0679,13.2081,13.4035,12.5634,0.38,6.6893,6.0001,9.0254,8.0805,9.8955,5.3687,6.0478,5.0223,8.9521,10.1823,11.1636,13.6325,13.3029,14.7424,16.4537,15.3104,15.242,15.4506,12.8416,13.4551,10.172,6.8155,8.8196,9.8171,10.925,12.158,12.7568,10.4764,11.3421,11.2963,9.271,10.527,11.8861,12.2778,13.0592,13.0405,15.222,8.7227,13.0595,11.8298,18.6848,16.151,17.5689,19.7766,19.1516,17.255,16.7285,16.6215,19.1612,18.2089
-8.26395264157628,40.2845987986184,0.0159,10.3935,0.3815,0.9113,0,-1.0764,-4.4142,-4.834,-3.6237,-5.0795,-7.562,-5.3796,-3.1324,-3.7017,-3.5312,-4.0987,-5.4537,-8.5073,-10.4745,-14.6519,-10.6339,-13.1565,-14.3735,-14.9241,-20.8283,-18.3512,-15.8001,-16.1432,-17.9148,-18.3979,-16.7064,-17.4103,-12.3866,-12.6807,-11.7453,-10.5588,-11.3162,-12.6666,-15.2066,-16.8987,-21.2736,-17.408,-18.198,-16.6724,-15.6492,-15.0026,-15.6536,-13.6344,-11.695,-13.2314,-13.2801,-12.3551,-8.8027,-11.1518,-6.6125,-8.6219,-9.3883,-11.0807,-11.5442,-5.2206,-8.5187,-14.4607,-16.8266,-15.4166,-14.6833,-14.0622,-13.3616,-15.2606,-14.2054,-11.865,-10.5733,-11.2176,-8.4718,-8.3605,-8.7413,-0.9206,3.805,1.9248,2.7282,-0.3351,-0.7037,0.4427,-3.5252,2.3162,0.8035,1.6294,-1.0856,1.2206,1.6984
-8.26368314699105,40.2845987986184,0.0154,3.0924,0.4191,0.8326,0,-1.4436,-0.5984,-0.8626,-2.0876,-1.3675,-0.8898,-5.5923,-3.3852,-3.5675,-4.8456,-5.678,-5.443,-5.3147,-6.9713,-8.908,-6.5455,-8.0004,-7.8501,-5.98,-2.9405,-3.13,-7.1939,-4.5936,-7.8634,-10.1335,-7.4866,-7.7667,-10.2322,-11.5832,-11.9011,-8.5387,-8.1541,-12.1249,-9.3922,-8.4258,-7.1189,-10.376,-10.2025,-5.6707,-11.8909,-6.672,-13.1494,-10.6198,-8.8437,-8.912,-11.7667,-11.2733,-6.9138,-10.1095,-6.295,-7.421,-7.3575,-6.222,-4.8909,-0.7177,-5.6797,-3.4475,-6.7811,-5.104,-6.8903,-4.4298,-5.2081,-8.4299,-7.5373,-9.528,-9.9548,-11.1782,-11.5815,-10.5239,-12.6518,-11.9192,-11.0862,-7.1813,-6.6924,-7.5971,-8.6932,-10.3961,-14.0843,-17.0248,-11.7177,-16.4333,-14.0342,-12.2908,-10.1682
-8.26341365240581,40.2845987986184,0.0161,-7.3028,0.4714,0.9538,0,-4.4265,-4.4797,-1.2878,1.1194,-0.5572,-1.2547,3.3641,0.1283,2.9174,1.0359,-3.2249,-1.73,-0.3131,0.7421,-1.8107,1.7947,-1.5134,-2.0987,-3.3793,-0.3767,0.9608,1.8756,4.1157,1.1767,-0.7097,-0.5184,-6.2849,-4.2932,-7.7356,-6.5627,-0.1079,0.7725,-0.6929,0.4941,3.6889,2.9596,0.6601,-2.0294,0.1342,-4.563,-1.9095,-6.9038,-9.946,-12.5483,-15.4692,-15.5518,-12.5653,-10.1728,-11.5619,-13.3338,-14.1711,-14.1565,-14.6374,-14.5516,-15.9497,-14.2493,-22.0813,-15.7938,-16.648,-14.027,-12.5523,-9.3731,-11.5117,-9.9652,-12.9075,-11.3458,-12.8864,-10.6734,-8.9828,-10.7148,-11.0154,-11.5518,-9.8801,-10.4193,-11.5283,-10.2052,-7.9307,-8.9111,-9.8637,-8.7563,-1.7616,-4.4566,-3.5703,-7.9655
-8.26314415782058,40.2845987986184,0.0144,-11.6161,0.4762,0.9358,0,-0.6829,-0.8429,0.5518,0.2072,0.5819,-4.4832,-1.5352,-10.9835,-7.4197,-8.625,-12.5708,-8.6276,-14.3828,-14.5233,-14.0676,-11.0011,-15.7747,-14.1074,-15.9991,-9.3896,-11.4187,-8.3354,-5.7929,-5.059,-7.8444,-7.1382,-11.5593,-11.5162,-14.0905,-10.6622,-10.3485,-12.2511,-9.4978,-8.9782,-10.0103,-6.3679,-9.3243,-14.3124,-15.1376,-15.3873,-17.4926,-16.1161,-12.7434,-16.9598,-20.0072,-12.4233,-17.7726,-14.5106,-16.117,-20.7158,-22.6908,-19.7835,-21.0861,-18.4938,-21.4226,-19.3635,-23.0581,-24.0743,-21.1412,-21.645,-21.1484,-24.173,-20.9468,-22.2905,-21.8729,-23.5149,-22.5808,-22.8593,-21.0902,-24.5348,-23.614,-19.9057,-20.0287,-22.9697,-20.3273,-21.8949,-27.9086,-20.2779,-18.9535,-25.0497,-19.1217,-19.9501,-22.8637,-27.0504
-8.2626051686501,40.2845987986184,0.0142,3.8952,0.499,0.8912,0,0.507,-0.7874,2.0058,4.3579,1.7918,-1.2351,4.2654,2.3917,2.1423,6.0865,7.603,3.3541,2.2688,9.1063,10.4659,9.9402,6.5699,3.3459,4.2718,6.8936,11.2455,9.3741,10.2877,11.5432,4.2762,6.3079,6.3389,3.9381,2.7879,3.4237,0.6445,5.5157,1.7979,4.0565,0.3913,1.141,5.014,9.8841,1.949,2.586,-3.2653,4.5842,-5.6139,-9.2042,-4.118,-4.1832,-6.8019,-1.1112,-0.6549,-2.8713,-3.8323,-2.5888,3.3888,4.9843,0.6746,-0.4229,4.5491,4.792,4.8137,3.4045,8.3236,9.091,8.297,5.9868,8.0425,6.9971,3.8528,3.5926,3.0014,10.7289,2.8026,7.2014,5.1583,9.0317,7.1702,9.9541,9.5001,11.5056,7.9968,8.6015,6.9629,6.1695,4.3601,7.4536
-8.26233567406487,40.2845987986184,0.0172,-12.8988,0.4608,0.9939,0,2.8895,4.9621,-4.1379,-5.5949,-5.8074,-9.3562,-6.7744,-8.2349,-7.6734,-4.9713,-5.7119,-11.2178,-13.7532,-8.1528,-8.0329,-8.6341,-10.7825,-10.2357,-11.1989,-10.2274,-9.6237,-6.1439,-7.4151,-7.1172,-9.765,-10.8016,-12.6034,-18.0138,-17.1134,-17.0078,-22.8107,-21.2185,-27.2878,-27.3878,-24.9118,-26.5004,-23.0096,-19.5978,-24.1506,-28.1149,-32.5,-26.8948,-28.7109,-34.6031,-30.9404,-31.0488,-34.5467,-26.0853,-27.1796,-32.1244,-32.4448,-35.9564,-35.5552,-37.2934,-38.148,-36.736,-33.9152,-35.1883,-35.0293,-35.9095,-37.3596,-37.765,-38.7936,-40.5007,-39.9991,-38.8771,-42.1728,-42.1646,-43.5915,-40.7874,-41.2766,-39.4522,-39.8699,-36.6098,-37.907,-38.8912,-37.7475,-38.1323,-37.0499,-35.4945,-36.7998,-35.1679,-33.8659,-36.5732
-8.26206617947963,40.2845987986184,0.0191,-15.658,0.4882,0.8961,0,5.3772,7.4778,-5.249,-12.2153,-12.2603,-18.8189,-14.6805,-13.5744,-13.7394,-12.8322,-12.8243,-14.6899,-18.2047,-10.192,-9.9392,-10.2778,-9.9552,-9.4987,-7.505,-0.0703,-6.0878,-4.2798,-4.0341,-9.1402,-11.6695,-20.1306,-15.5065,-23.0648,-23.1928,-24.6248,-28.6967,-27.6718,-32.5487,-31.3157,-28.2142,-28.6752,-28.5169,-22.5001,-25.9697,-30.2323,-29.081,-29.6409,-33.4765,-36.9309,-32.3486,-33.4159,-36.0936,-30.8624,-31.1993,-33.7744,-35.1433,-38.2206,-41.5983,-41.68,-38.5475,-37.03,-34.994,-35.0311,-35.8081,-34.5101,-32.0276,-28.0114,-29.9663,-29.2256,-25.3809,-27.7467,-30.9466,-30.8598,-31.5152,-38.6465,-28.9297,-26.2887,-30.7153,-30.7474,-32.5654,-30.4764,-27.9952,-29.2904,-25.4241,-25.3664,-28.6496,-30.7983,-30.2794,-30.0614
-8.26422213616152,40.2848043801374,0.0112,7.4524,0.4847,1.0,0,-0.219,0.0279,-1.2719,-1.1059,-1.6715,0.3295,0.619,-1.9868,-1.6645,-1.5686,-3.3123,-2.6987,-5.6286,-1.6779,-0.1667,3.292,0.7104,8.7432,11.514,11.5659,5.2639,5.381,7.8377,6.1115,6.1046,6.0164,5.0153,5.2807,9.1966,5.6526,1.6306,2.1049,-2.9049,-1.1047,-6.9288,-3.313,-3.5662,-5.432,-3.7133,-12.1111,-13.5713,-7.28,-4.5258,-3.9724,-3.8245,-6.3569,-0.6015,-0.6187,1.5163,3.3163,4.5812,4.9543,2.8236,3.5409,0.3611,4.3511,1.54,-4.1406,-1.4064,0.2183,3.255,6.7632,3.842,5.3257,2.9793,6.0523,2.7337,4.4732,6.2587,13.7254,8.7848,9.6126,9.6682,7.8212,9.8479,8.566,9.9476,6.677,3.2821,0.9573,3.1187,4.4647,3.0898,-2.0732
-8.26395264157628,40.2848043801374,0.0117,-4.9379,0.3712,0.9861,0,-0.443,-5.4358,-5.101,-4.9242,-6.3772,-0.266,-3.3481,-3.415,-3.8401,-4.2502,-6.7786,-12.3523,-10.7221,-13.8624,-13.6733,-11.8992,-11.0615,-13.2722,-11.6627,-11.2554,-15.7616,-14.6711,-15.2384,-15.2163,-14.0099,-13.3505,-15.5715,-12.6744,-11.6721,-9.7838,-15.4988,-16.5616,-16.4574,-13.055,-12.3108,-12.2088,-11.2043,-11.4611,-6.8942,-9.7093,-7.7847,-9.1287,-7.4918,-10.1657,-15.4135,-17.2036,-18.2612,-17.436,-16.1314,-21.7481,-21.395,-22.6815,-22.2393,-23.7246,-19.1397,-21.1933,-22.5398,-26.2509,-24.9856,-24.3011,-25.2146,-24.9226,-27.1092,-26.9772,-26.9949,-27.9107,-30.7477,-27.9925,-30.897,-30.5047,-21.519,-27.1623,-21.3701,-17.9,-26.1613,-22.5799,-22.6089,-24.9671,-23.0743,-25.4357,-26.5488,-25.4523,-21.7045,-27.6892
-8.26368314699105,40.2848043801374,0.0162,5.1712,0.352,0.9505,0,4.3579,9.0203,9.5002,8.687,5.119,3.4015,6.049,4.4389,6.8227,5.5123,5.6233,2.7424,2.1948,0.6438,2.3872,3.0732,6.3589,5.9765,5.7336,6.0168,5.4583,4.9524,4.3411,5.6762,5.1025,2.4769,2.7341,1.224,4.6285,6.8869,10.195,7.3035,6.9583,12.6691,11.4167,9.336,8.5513,8.0632,10.8296,8.5549,9.8789,6.7727,8.993,4.0771,5.1666,4.5421,6.9096,9.0664,4.4803,4.1066,7.0235,6.9884,7.6075,7.7347,10.4543,6.5776,4.0617,5.2175,2.6317,3.5926,-1.1589,-8.8459,-5.7224,-5.5109,-6.1373,-5.9708,-7.2765,-6.1563,-7.49,-10.9728,-8.2426,-3.919,-4.6139,-1.1298,-3.4465,-4.9577,-5.8917,1.5221,4.6727,3.3667,1.9455,0.3879,1.0032,0.8958
-8.26341365240581,40.2848043801374,0.0163,-4.1542,0.4119,0.8916,0,-0.0791,1.316,1.5149,0.1658,1.5734,-0.5189,1.8215,-0.7232,0.8387,-1.0462,-5.5247,-0.8857,1.2162,-0.9198,-2.5011,-3.2777,-3.9267,-5.2588,-7.4462,-7.0346,-7.6498,-6.0084,-5.1524,-6.4305,-5.4308,-6.446,-8.6285,-5.7044,-10.098,-13.537,-9.5881,-4.76,-8.3211,-7.5113,-9.0469,-10.9513,-12.3874,-10.8345,-11.3603,-15.9949,-16.798,-15.5047,-15.5805,-14.5157,-14.071,-15.7546,-14.1254,-16.0964,-19.1125,-16.8961,-18.3672,-17.3121,-21.4483,-19.6995,-20.5285,-22.8661,-21.3982,-19.2011,-19.7712,-18.2097,-17.4917,-18.1905,-16.6389,-16.5858,-21.1048,-20.3981,-23.6711,-18.0151,-18.3745,-20.6619,-19.2855,-20.7885,-22.2561,-15.7822,-12.8353,-13.7828,-15.1962,-15.8327,-15.7966,-18.4256,-15.7217,-15.5334,-18.4587,-22.2636
-8.26314415782058,40.2848043801374,0.0171,-9.3043,0.4713,0.8967,0,1.8983,1.312,2.3698,3.1685,5.2351,-0.3445,-2.4014,-9.5521,-6.2209,-7.8433,-11.982,-9.2445,-4.8677,-7.5842,-7.1136,-7.0692,-7.5505,-5.963,-9.825,-11.1367,-11.6512,-8.797,-14.4815,-13.275,-11.3833,-11.3468,-10.6607,-16.4894,-22.4793,-20.5794,-23.2526,-20.0273,-23.3704,-22.863,-21.299,-18.1067,-15.1736,-12.9258,-14.269,-17.8496,-17.2845,-19.5429,-20.1276,-21.6861,-21.8981,-19.3052,-20.3272,-22.3403,-24.1163,-27.2289,-26.2337,-27.0215,-26.0735,-26.415,-25.1289,-27.3697,-29.7388,-24.8345,-23.4364,-24.8056,-24.7829,-22.8933,-22.4109,-21.5644,-23.464,-23.7351,-25.256,-22.9442,-25.6714,-25.4473,-26.143,-27.0275,-26.6128,-26.4236,-23.0437,-24.6741,-23.6169,-24.3757,-25.2151,-25.5232,-23.2402,-23.4808,-26.1148,-26.5179
-8.26287466323534,40.2848043801374,0.0182,6.7553,0.467,0.9227,0,0.0387,-0.3101,-0.5577,0.0494,0.9152,-2.3714,-3.2303,-2.6234,-5.1764,-5.708,-5.9348,-2.3947,-0.8655,-2.7518,-2.6077,-7.1151,-6.4342,-0.6425,-4.4405,-1.1284,-0.7531,2.2491,-1.6711,-0.8549,0.7003,-1.8757,0.8754,-0.9348,-4.9781,-4.1686,1.8403,1.6885,7.2794,7.2569,7.1552,10.076,11.9582,12.9339,8.6238,8.3124,5.8634,4.8861,9.0974,8.6458,8.6843,6.1558,10.7281,7.066,6.6375,6.5478,5.8303,6.3441,7.9474,8.6202,12.2058,12.9033,10.8936,11.4625,12.6698,11.7393,11.4411,10.0668,7.6535,8.8613,8.0357,8.6908,7.1461,8.1473,7.2002,6.6739,6.9642,9.5961,9.8781,9.8565,11.1058,11.0752,8.8122,8.764,8.1844,8.0454,10.5649,7.0754,9.6138,7.0338
-8.26233567406487,40.2848043801374,0.0144,-8.0746,0.5152,0.9429,0,-1.2858,-0.0386,-1.734,-3.5786,-6.878,-8.1102,-8.9218,-8.2508,-7.2065,-5.1415,-7.2337,-8.2181,-4.913,-5.5148,-5.5696,-5.5426,-2.7435,-1.334,-3.1256,-1.4755,-3.4612,-0.8604,0.2881,-2.9201,-2.9267,-2.981,-6.6659,-8.3793,-8.5966,-9.4415,-12.6538,-17.1795,-21.9838,-18.2451,-16.4934,-20.1619,-21.0003,-21.6994,-22.9282,-23.0559,-15.5672,-22.5622,-23.1567,-24.5055,-27.8819,-26.84,-24.3934,-26.3697,-25.8565,-25.2416,-27.0422,-26.7355,-24.3848,-24.4086,-28.2,-27.0049,-30.5902,-29.6464,-27.6592,-28.6545,-27.4771,-27.1864,-26.4876,-27.2622,-25.9127,-26.3682,-28.389,-28.6387,-30.4584,-27.6132,-33.4376,-36.6293,-36.2354,-34.2443,-35.5128,-35.113,-34.5488,-32.9727,-34.5358,-36.4154,-31.8134,-33.5599,-33.2981,-31.1166
-8.26206617947963,40.2848043801374,0.0153,-5.9961,0.4987,0.9346,0,-0.8672,0.3482,3.7627,4.1854,4.2208,6.6804,3.5074,-0.8708,5.6688,7.0601,3.3267,1.0772,4.7533,2.6924,2.8641,3.4281,4.8671,9.9181,8.4805,11.0926,10.4989,11.787,14.6952,9.8538,10.6876,10.2671,6.0226,6.2744,4.3718,3.344,1.2128,0.0249,-2.1681,-3.313,0.836,-0.6016,-1.4024,-0.9092,-0.3706,1.2426,4.7657,-4.8767,-3.0511,-4.7299,-5.3716,-5.4274,-5.1957,-5.8678,-7.1717,-3.121,-2.4798,-2.1849,2.0105,0.749,-0.0994,1.5423,-4.2814,-1.0727,-0.5658,1.1998,3.9994,4.8506,9.565,7.6442,9.0595,6.3137,7.5923,4.726,3.4777,4.65,-2.7056,-1.4666,-1.8087,0.8218,-0.1285,-0.8753,-1.8383,-4.0583,-4.3614,-3.3909,-3.2638,-4.341,-3.3271,-1.7745
-8.2617966848944,40.2848043801374,0.0145,-2.2021,0.4744,0.9284,0,-0.7452,-1.9847,0.9691,-1.4016,-1.0047,1.904,-1.1984,-3.2921,0.2346,0.1376,-2.2188,-2.9933,-2.639,-3.5177,-0.8625,-0.5795,-0.1291,5.4179,2.624,1.9642,-0.1594,1.9227,5.4963,1.5738,4.0647,2.4476,-2.5075,-0.9441,-5.8389,-7.0306,-5.3234,-5.1991,-7.4927,-9.4738,-2.842,-1.1646,-3.557,-1.762,-4.7368,-2.3255,0.0674,-5.3776,-6.2737,-10.4546,-12.7168,-12.7168,-14.3967,-13.9791,-15.5336,-14.3687,-11.0562,-9.8144,-7.6964,-7.8564,-6.5472,-5.6219,-10.8238,-8.1694,-8.8685,-3.2902,0.8382,-2.1042,1.6512,-2.8814,1.4595,-2.2637,-1.3077,-5.9726,-5.3468,-6.7353,-12.3002,-12.8282,-10.4977,-8.6327,-7.3086,-11.6813,-12.2764,-13.6495,-12.5138,-11.5218,-12.4918,-12.4774,-12.713,-13.0028
-8.26098820113869,40.2848043801374,0.0184,3.7948,0.4742,0.9039,0,-0.2701,0.8816,-4.3763,-3.1145,-4.1801,-1.4483,-0.5854,-3.1334,-2.9188,0.7859,7.4722,11.3773,7.9867,3.7108,9.1856,6.0872,8.8449,9.2898,6.8452,3.1206,8.9256,12.6762,11.0754,11.2845,9.3037,5.6115,7.8188,8.6901,5.5874,5.1496,9.7316,6.107,6.1246,2.2348,1.7025,-1.8048,-2.1686,-2.9697,4.4578,-1.6393,-1.1272,-0.5244,-1.5408,2.4903,0.7451,-3.3664,-1.2877,1.4839,0.8451,2.3155,3.0668,4.8134,5.1659,5.4692,2.9217,6.6588,4.9655,3.7437,2.6455,3.0057,5.3786,5.3364,-1.9602,1.2039,-0.5878,-0.8218,-2.0389,-1.5287,-0.5113,-4.0082,-3.0405,-4.649,-3.9038,-1.8115,-1.7933,1.7609,1.6724,-5.4058,-4.3803,-1.4366,-4.7818,-3.7537,-5.9826,-8.0409
-8.26395264157628,40.2850099610312,0.0136,-2.0551,0.4778,1.0,0,-11.9419,-4.9512,-2.89,-3.6402,-5.3856,0.982,-9.9423,-12.3025,-12.1138,-11.5033,-12.085,-13.781,-12.3918,-18.8184,-12.8843,-14.2685,-16.8094,-17.7168,-21.7445,-21.4379,-29.416,-30.7226,-23.1754,-24.4768,-21.4606,-20.3549,-24.5643,-25.4178,-20.9294,-23.5261,-23.7989,-25.9453,-27.4788,-15.819,-7.0782,-15.4256,-16.7073,-16.3301,-9.6597,-4.146,-4.9436,-7.5291,-11.6663,-4.7802,2.5207,0.6522,-3.1539,-10.3929,-12.3627,-21.1422,-17.7914,-18.708,-16.2624,-15.8941,-18.2062,-26.2695,-22.9191,-23.0432,-22.0888,-22.7315,-23.2919,-22.8795,-22.7074,-23.2773,-18.1041,-18.4152,-21.6726,-23.5553,-20.3949,-23.1694,-23.1658,-23.5429,-29.1443,-31.3843,-27.4004,-21.0131,-21.6083,-12.0101,-15.4999,-18.5049,-17.9085,-15.6298,-18.437,-8.2128
-8.26368314699105,40.2850099610312,0.0167,-10.0077,0.5191,0.9469,0,-6.0994,-4.7704,-2.7939,-3.8724,-5.4542,-1.4679,-0.7802,-0.2581,0.3154,1.4875,0.9242,2.8107,-0.5282,0.8424,-0.3662,0.9727,0.4526,-6.3818,-6.8588,-5.1748,-5.569,-7.9541,-3.7388,-6.6313,0.6729,-0.0039,-3.7694,-3.1291,-4.0775,-5.0652,-3.1028,-0.727,-5.2231,1.2554,0.4653,6.4325,4.8739,2.9928,-4.0452,3.0302,-0.7403,-2.9281,-2.3714,-6.4343,0.9445,1.7913,0.7947,-5.5426,-8.563,-5.8704,-6.7113,-7.5002,-8.8735,-9.4084,-8.5053,-8.5561,-9.6115,-12.1579,-11.3604,-10.1229,-8.1733,-11.5658,-11.5065,-13.2578,-13.2815,-12.5982,-18.2666,-14.7547,-13.7695,-8.8101,-12.8689,-12.8807,-15.4641,-16.5837,-12.9241,-20.8327,-20.7812,-13.147,-12.801,-10.5955,-10.6933,-11.027,-17.3967,-17.4961
-8.26341365240581,40.2850099610312,0.018,19.7519,0.4045,0.9123,0,2.865,6.2458,7.6914,3.836,1.4255,9.5164,5.8763,8.2327,9.8382,12.4715,13.2836,10.7407,9.6719,14.1927,13.8312,13.8063,12.8791,15.8661,15.4224,14.9724,13.0072,11.9101,12.9303,11.242,12.5626,15.9098,16.4161,9.707,11.8771,9.9457,12.5803,16.1175,10.9466,11.0554,9.9788,3.8281,4.797,4.3757,3.6632,6.3691,15.3947,17.4405,18.437,22.5063,25.7767,23.7705,19.0866,18.2081,20.6998,21.0301,19.5756,19.9564,21.8029,23.2391,20.3266,18.5545,22.0947,23.5545,24.8077,21.7307,22.8199,21.4315,21.9764,20.6321,22.733,22.7455,19.4336,24.085,22.4344,23.1435,23.8566,22.1105,24.7476,25.5818,22.4043,24.6339,21.1955,24.9559,32.2025,31.9722,27.961,24.4301,26.8761,21.2216
-8.26314415782058,40.2850099610312,0.0161,5.3872,0.4605,0.9253,0,0.0384,3.9255,1.4323,1.0653,2.1169,-0.6662,-0.3342,-3.29,-0.5816,-0.3644,4.3669,4.8919,4.4707,1.5045,0.796,-0.2642,2.1671,4.3548,0.9974,4.6225,5.7859,3.7461,3.2541,6.6277,4.0194,3.9726,7.0689,7.5836,8.2127,9.4001,8.6396,3.4001,11.0492,11.1687,12.0614,21.3992,23.5103,28.5842,24.3276,30.4267,22.1068,27.2923,27.8311,24.544,31.9394,32.5191,28.6787,23.5887,20.6576,22.6657,25.8338,25.9253,27.3021,27.414,20.1366,18.4118,20.6598,29.6525,29.1378,29.8498,21.8874,18.985,19.9746,17.0086,16.4959,14.3112,9.9024,12.3044,10.7363,12.2502,13.4311,12.7346,13.2521,10.3973,12.3479,12.0411,12.6341,13.3482,12.9626,13.7307,15.2959,17.1042,16.2868,13.3082
-8.26287466323534,40.2850099610312,0.0174,7.1283,0.469,0.9263,0,2.0413,1.2466,-2.0195,3.0033,-0.3739,-3.2097,-1.0315,-2.7292,-1.9422,-2.0534,-4.0508,1.885,0.3228,2.105,-0.3689,0.4609,-0.6607,3.0068,2.4794,6.8805,3.224,3.4929,4.6725,7.5329,4.0184,7.0604,5.2989,3.7682,6.797,12.5294,6.9587,6.1618,7.8542,9.3864,9.7271,12.8688,13.862,14.4168,10.9994,13.3856,3.2233,7.7179,8.429,9.0871,10.111,8.057,6.874,7.3528,5.1801,3.6662,6.8964,5.2934,5.3052,4.0683,9.0888,5.4911,2.3993,5.2806,2.8746,4.0446,5.0431,4.416,5.3421,5.8914,5.1608,1.8384,3.0017,0.1987,4.3017,2.6518,4.2889,5.906,7.3814,10.8714,10.6639,9.7053,9.5969,9.368,7.0397,4.894,7.7454,4.9185,2.0167,1.4411
-8.2626051686501,40.2850099610312,0.0133,-1.6121,0.4906,0.8962,0,1.1837,2.0567,-0.0989,4.2102,4.0791,-2.4872,0.5557,0.2651,0.2942,3.8599,4.5685,7.3933,1.8626,5.5317,4.0473,1.4011,4.582,4.5033,5.1885,7.5558,6.7564,6.9015,5.3517,5.9104,7.8617,5.0398,6.0284,6.9119,7.5284,11.6896,11.5606,8.3567,10.2653,15.8831,17.3467,18.7611,11.1719,10.9102,6.1695,8.5447,7.1927,8.0638,10.1122,8.2807,6.986,7.1249,7.9879,8.1419,7.1651,4.8409,3.8198,1.7221,-3.2507,-5.485,0.9309,3.2202,0.6213,2.2013,0.537,0.8488,1.1223,3.464,4.6292,5.5944,5.4992,4.8493,5.1739,4.1236,5.2425,2.8495,3.5037,1.8406,4.6583,8.7588,8.32,7.3367,7.9532,8.4823,7.22,6.0167,6.7965,4.0342,9.7156,6.9126
-8.26206617947963,40.2850099610312,0.0149,-14.7705,0.4838,0.8545,0,3.7372,2.234,-0.7296,0.8624,0.8749,-0.5438,-2.9577,-4.2928,-6.3782,-7.6334,-10.0918,0.9384,-2.4892,-9.6239,-11.781,-17.066,-9.3303,-11.3072,-11.8688,-11.5275,-12.1549,-11.7979,-11.3583,-11.6867,-12.3305,-10.5124,-15.1812,-17.7007,-22.2123,-20.0347,-21.7441,-21.4467,-26.4397,-25.6892,-29.3564,-36.2876,-35.5293,-33.5012,-35.4415,-38.8373,-43.4909,-40.9048,-43.9329,-48.2038,-48.3859,-50.5564,-53.0808,-43.8422,-40.3883,-39.7215,-39.4381,-39.4283,-40.1928,-39.7238,-39.7297,-43.2701,-40.4481,-45.1339,-44.7382,-44.8091,-44.73,-46.562,-46.0549,-44.8863,-48.8761,-47.2699,-47.1787,-43.2472,-51.2457,-44.486,-57.3903,-59.6078,-54.5361,-52.8752,-55.7869,-50.4985,-57.0653,-53.3068,-54.3522,-60.6512,-55.0489,-59.9256,-59.8563,-58.6398
-8.2617966848944,40.2850099610312,0.0152,-10.7294,0.4751,0.8341,0,1.4527,1.9149,4.694,8.1521,9.9264,5.0655,5.5539,3.181,0.9863,3.4351,2.2274,7.7135,6.268,0.9552,-3.3021,-6.7027,-0.9259,-5.5541,-4.6661,-3.2511,-3.583,-7.6372,-4.8169,-5.9438,-4.861,-2.0351,-2.5087,0.7764,2.2751,4.5912,2.4355,2.4125,8.1105,6.7154,-0.3151,-3.8901,-3.827,-2.4507,-3.9018,-6.6855,-14.229,-12.8468,-10.3662,-14.4267,-16.3916,-16.07,-19.8964,-6.2583,0.0649,-2.0432,-1.7518,-4.9053,-2.4623,-3.1456,-1.9385,-7.4049,-4.9559,-8.8492,-8.2145,-5.6172,-2.698,-3.7314,-2.526,-2.6505,-6.8856,-5.9151,-6.3537,-2.2288,-9.2306,0.2232,-9.0373,-8.0598,-4.1219,-4.0724,-8.861,3.8695,-6.6312,-2.8814,-3.9254,-10.9966,-2.4645,-5.3525,-6.9233,-5.3499
-8.26152719030916,40.2850099610312,0.0139,-14.1419,0.4487,0.8834,0,-0.3545,-0.7364,-0.0977,1.8627,-0.8443,-4.1583,-0.7672,-3.6735,-4.013,-4.4123,-4.5919,-6.0234,-8.3097,-13.5506,-13.1313,-23.8191,-14.8277,-13.4493,-19.4053,-23.1014,-27.1924,-20.6816,-21.673,-21.3484,-19.5193,-16.1418,-20.9413,-31.126,-25.1899,-24.6294,-23.7618,-24.1212,-15.7533,-14.6381,-20.5509,-25.9007,-24.276,-25.1674,-28.8233,-25.5044,-33.4993,-28.5638,-32.7583,-33.3142,-37.0575,-39.0151,-28.6386,-41.7929,-40.5561,-41.4302,-41.8605,-41.84,-41.5088,-42.0701,-41.4739,-46.9329,-43.4528,-45.7159,-46.1836,-46.7625,-46.567,-44.7191,-45.3918,-45.3594,-44.2495,-46.027,-39.9717,-42.9363,-44.0962,-43.1913,-44.2244,-46.4831,-40.8145,-41.0295,-41.7729,-40.9555,-41.2373,-31.5088,-33.223,-43.4006,-42.3105,-43.5116,-43.0423,-42.8578
-8.26125769572393,40.2850099610312,0.0184,-17.195,0.4612,0.924,0,0.5407,-1.4651,3.1333,2.6514,2.4251,-0.5525,-0.3568,-7.5111,-1.0244,-0.6537,-1.5021,-3.7559,-0.6633,-3.779,-3.0827,-3.2307,-1.5892,0.3529,-5.7381,-6.6134,-9.5747,-7.5514,-6.763,-7.314,-4.1235,-3.9286,-3.8262,-3.6271,-7.3691,-11.1837,-12.7471,-7.4967,-11.9025,-11.2431,-17.9817,-16.3366,-14.6856,-14.3519,-17.4977,-18.5448,-25.1904,-23.9081,-24.4984,-25.0866,-25.8226,-28.5173,-21.4185,-28.9325,-21.5283,-25.7078,-22.9174,-23.172,-24.0882,-23.5703,-29.4096,-27.1601,-28.3449,-34.7699,-41.7097,-37.2675,-39.3873,-39.2123,-38.8242,-39.087,-37.3434,-39.1754,-36.0934,-37.0961,-34.5881,-27.4451,-31.5287,-30.2876,-28.7121,-29.4127,-34.0844,-26.933,-27.426,-18.0377,-17.0649,-17.2816,-19.9957,-14.8764,-12.8079,-9.4325
-8.26098820113869,40.2850099610312,0.0162,-3.4856,0.4809,0.9068,0,1.2251,-0.0966,3.9109,3.7373,2.0698,-0.9449,2.2432,-0.2963,1.56,2.9005,2.9369,0.8271,5.3098,3.5354,3.2987,4.3359,1.6782,5.3381,0.8775,2.1711,-2.3336,-0.5744,4.2009,2.1222,5.4958,5.7848,5.925,6.4298,1.1175,-4.8409,-1.4497,-0.6868,-1.9607,-3.586,-6.5138,-10.697,-11.0205,-9.1881,-9.2795,-11.6094,-9.3649,-4.2515,-5.9832,-6.9495,-9.0247,-7.6623,-2.7146,-6.1064,3.3881,-5.0231,-2.9094,-2.9094,-2.6016,-2.2937,-2.1855,-1.2478,-1.523,-0.3517,-3.1057,-0.8881,-10.1267,-10.1267,-10.1267,-10.296,-6.3448,-9.4808,-6.3055,-9.8568,-10.046,-11.7507,-13.0693,-13.7033,-10.5161,-10.5849,-13.6791,-14.1021,-14.6273,-4.8354,-8.0152,-7.7964,-9.4693,-6.0653,-5.2599,-2.47
-8.26368314699105,40.2852155412997,0.0186,-1.8085,0.5056,1.0,0,3.0535,-1.4611,-1.9921,0.7887,2.0033,2.6951,0.2591,-0.3402,2.2497,4.6321,9.7935,12.007,6.6293,10.74,13.6219,15.2294,16.0574,13.0436,15.9334,26.0409,18.857,18.1927,12.948,12.054,16.5959,16.7863,9.6681,8.3428,4.9459,3.6107,-0.813,4.6857,-0.4767,-3.8393,-1.5035,-0.8715,-3.9959,-1.662,-2.5785,-4.3847,8.2172,13.2498,17.4022,10.5361,14.4807,17.3699,14.19,21.1487,16.1048,18.7071,16.1628,15.3967,14.3604,12.3003,13.5195,13.8348,10.4855,8.4787,15.8877,17.1951,18.7207,15.9671,13.7291,12.6316,14.7271,19.115,15.6115,18.6134,20.9856,18.7483,10.0081,15.1756,17.8488,16.2553,16.8769,13.5258,15.718,14.2125,13.8801,16.1208,13.3732,14.6813,12.8392,16.5851
-8.26341365240581,40.2852155412997,0.0142,-2.0893,0.5644,1.0,0,0.88,-0.3764,-1.9299,1.0469,-1.1086,0.3817,-0.9593,0.8952,0.8006,6.135,12.2138,7.6668,5.4856,9.1953,10.7759,11.1854,10.5525,9.679,12.8415,13.8712,17.1305,14.3405,21.5857,13.2308,16.8252,14.866,9.6889,7.9649,2.0012,4.2715,1.9158,6.6212,0.1729,-5.287,-6.1836,-10.4971,-10.7229,-9.9027,-10.1384,-15.2899,-1.2602,0.4047,1.8052,2.8694,4.3238,-3.7876,-5.0753,-0.7103,2.6408,1.8944,1.0285,-0.3957,0.6455,-3.4159,1.2716,-2.6473,-1.9357,-3.6573,-1.9811,-1.4722,-0.2775,0.2305,-0.5913,-2.9067,-1.9572,3.6026,-0.3819,3.1955,2.0069,2.3402,6.2248,-0.0255,5.2926,5.3012,1.5282,7.4441,8.8169,9.1795,9.6048,11.6402,12.5521,12.2764,12.3703,12.7519
-8.26314415782058,40.2852155412997,0.0169,-14.0924,0.4141,0.9516,0,-1.4898,1.8053,1.222,4.3043,-1.9906,-1.9965,-1.6374,1.0864,0.5659,4.7884,4.6685,4.6399,5.7089,3.9152,4.5492,3.0097,2.198,5.466,5.8263,9.9142,7.206,6.7634,9.3804,6.3756,4.4896,3.0651,2.9407,1.0289,-2.1408,-0.7564,-0.2347,-0.664,-5.372,-7.2089,-7.3885,-10.4919,-12.7175,-15.2742,-14.826,-18.2453,-17.0516,-18.0551,-16.8339,-15.9235,-14.9909,-19.428,-19.1993,-18.5073,-16.3701,-23.9285,-21.6321,-23.3637,-23.1909,-23.6688,-25.1578,-26.7142,-20.454,-25.3618,-22.3907,-21.254,-24.6084,-24.2729,-27.3383,-27.4141,-29.3797,-27.6598,-28.1747,-30.5357,-28.4829,-28.1599,-27.636,-26.8914,-26.6248,-24.9122,-25.2393,-22.841,-23.5659,-23.8529,-23.5986,-26.1658,-25.3388,-25.3432,-24.6214,-25.7905
-8.26287466323534,40.2852155412997,0.0187,-12.8869,0.4698,0.9084,0,0.7147,3.3416,6.6565,7.458,-0.2854,-1.8045,-7.4299,-3.3017,-6.8092,-7.6851,-6.9654,-6.3751,-9.5499,-9.8598,-8.6847,-6.3256,-9.0948,-6.3664,-7.8372,-6.3865,-9.4296,-8.8067,-8.024,-12.8281,-12.5609,-8.6415,-10.5248,-10.5955,-10.1551,-9.2386,-12.9786,-12.5304,-17.5267,-17.8957,-16.6943,-20.1763,-15.7382,-13.8384,-18.9329,-17.4299,-17.4671,-19.1581,-23.5505,-18.7727,-18.4078,-22.4966,-21.7486,-22.7758,-25.0397,-23.2708,-22.7747,-22.0575,-24.0183,-24.109,-19.5825,-20.8141,-21.1034,-20.7793,-21.8734,-20.8974,-21.0092,-22.5429,-21.0952,-23.29,-22.1328,-23.4478,-25.0027,-23.9844,-23.9869,-21.0328,-24.2555,-24.9715,-24.9206,-21.1224,-20.5253,-23.3437,-26.5255,-24.2735,-24.8724,-28.6317,-30.4522,-27.4121,-29.4844,-28.0593
-8.2626051686501,40.2852155412997,0.0171,-13.9853,0.4802,0.9172,0,0.0855,1.5947,2.1594,3.5377,3.6533,1.326,-0.3317,2.0407,-1.9692,-3.244,-4.7955,-6.6292,-4.8575,-6.8927,-8.2614,-6.8007,-9.3767,-6.5752,-9.4697,-9.6944,-10.1799,-10.2551,-8.5038,-12.3472,-14.3724,-15.7022,-16.3497,-16.2923,-19.9483,-18.7243,-20.8148,-23.6651,-26.784,-29.018,-27.0171,-26.4867,-24.8966,-24.8882,-29.9677,-27.6049,-30.5996,-31.955,-30.8319,-27.5057,-30.5036,-33.09,-31.3733,-28.6389,-35.1408,-28.9644,-36.6498,-36.1616,-35.9615,-35.3299,-35.5257,-36.604,-33.0217,-30.1851,-28.465,-30.2859,-24.0744,-26.0434,-25.0401,-27.0495,-26.7065,-29.1253,-28.1306,-29.8269,-30.3283,-28.7889,-32.154,-29.5291,-30.275,-31.3832,-26.5591,-26.6548,-28.7897,-28.7105,-25.5604,-29.9991,-28.9507,-29.509,-30.8527,-30.3546
-8.26206617947963,40.2852155412997,0.0155,20.709,0.4702,0.9139,0,2.4486,1.7052,0.8598,-3.4487,-2.8146,-0.358,-2.2825,-3.4654,-4.7684,-4.4998,-6.8266,0.1144,-2.5464,-4.5053,-3.8924,-5.3172,-1.7752,-2.2335,-1.3415,-3.6931,-2.268,-2.4178,-1.621,1.1073,2.8154,4.6286,6.7895,3.7778,0.962,4.4316,1.252,-0.2332,2.5458,7.0302,4.9334,6.8093,6.2051,6.9279,9.4952,15.3905,13.6352,20.2165,19.3245,20.583,24.9177,23.8618,24.5925,22.5782,25.295,26.4288,27.8366,27.6522,27.1353,26.8959,24.7248,28.6283,23.943,24.6645,23.6448,24.5539,25.5534,23.8458,22.6677,25.1842,29.6819,27.6146,28.8431,24.7263,24.7643,26.218,23.0026,23.8384,26.8903,24.011,27.0262,28.345,27.5901,28.2622,26.423,31.2229,40.6839,38.618,42.124,42.8612
-8.2617966848944,40.2852155412997,0.0143,22.698,0.4683,0.9138,0,-1.2796,-2.9865,-0.8302,-2.5789,-0.1806,-2.988,-2.0975,0.4503,-0.8052,2.9585,1.7105,5.1648,2.7528,2.6104,1.4898,3.1873,2.5944,-0.6732,2.8352,2.1062,1.6044,0.0984,2.4994,3.9873,6.6101,8.6128,11.4407,12.8914,10.6028,12.9458,10.3638,12.7238,16.0793,15.5882,10.4354,16.1694,15.6824,16.1314,24.0926,26.8231,27.1132,30.7254,32.2868,33.2729,37.4402,37.3786,37.9211,37.1609,41.4608,43.3868,42.2483,40.7941,41.5706,42.1941,37.1065,40.4492,37.8419,38.3287,38.5084,40.6656,41.52,42.3769,42.0186,43.5173,48.4689,46.3932,48.1823,43.8893,46.0259,49.061,46.2345,48.567,49.9779,47.788,47.3114,48.0912,47.2925,45.179,48.9637,53.8466,61.6005,61.9819,64.0679,66.3236
-8.26152719030916,40.2852155412997,0.0144,19.2164,0.4761,0.9195,0,-1.0124,-1.9228,-1.0433,-2.7168,-2.3625,-3.3566,0.4189,0.3183,-1.2959,-1.0439,-2.119,0.9444,-0.4191,-0.4378,-2.6687,-1.0296,-0.6665,-2.8759,-0.8208,-4.2284,-3.8771,-4.3963,-3.8273,-0.4525,1.2578,4.4236,5.161,2.3236,1.9622,1.7396,0.8791,1.1393,2.5483,5.3437,3.123,3.5192,3.5871,4.8193,7.4621,10.4037,7.917,13.6945,11.7611,14.3129,15.859,16.6322,18.8413,13.3934,16.9164,18.2631,17.4902,17.874,17.0647,17.654,11.5103,16.2713,16.2403,15.2889,16.1183,15.558,15.769,18.7378,18.0679,19.8942,23.9622,21.6289,24.4847,18.2019,20.0563,21.5127,21.3989,21.6768,24.1859,21.6938,21.1093,24.2054,24.1313,22.9576,24.9907,28.5017,35.1295,30.7875,32.8254,33.5222
-8.26125769572393,40.2852155412997,0.0132,-8.7552,0.5366,0.9541,0,3.2184,-0.7691,3.5769,3.8901,5.1749,1.2718,4.6028,2.3793,2.4576,2.571,3.1632,0.8133,2.4986,0.1349,-0.0393,-0.2648,-2.3693,-3.9496,-0.0495,-0.03,-0.6019,-4.5228,-3.5095,-2.8807,-1.6076,-2.0034,-4.1637,-2.9665,-3.1222,-4.2162,-4.4654,-2.3587,-5.0442,-5.5818,-7.4988,-3.9358,-4.0851,-2.7723,-1.0049,-0.4884,-4.7569,1.0569,0.7654,0.287,0.1441,-6.0721,-5.5336,-10.5017,-8.0428,-6.2031,-8.8272,-10.0116,-10.5343,-10.7088,-13.6362,-13.0369,-10.3235,-14.6516,-16.7081,-17.2029,-18.701,-16.9681,-17.8951,-16.1533,-14.0427,-14.5369,-12.8265,-21.5105,-17.118,-18.4601,-17.5345,-17.873,-13.161,-10.1013,-11.8092,-11.8527,-12.5059,-12.7454,-11.8715,-10.9682,-12.3446,-13.1212,-13.0193,-12.3352
-8.26098820113869,40.2852155412997,0.0153,-8.1847,0.5506,0.9716,0,4.6578,2.4237,8.812,5.3311,5.2697,2.3501,4.0931,2.3189,1.0796,2.1919,-4.2605,-5.2453,-2.4973,-1.7441,-0.4983,-0.3931,-0.1154,-4.3706,-0.567,-0.2068,0.8853,-0.5221,1.4316,1.2225,1.2432,-0.0117,-2.2346,-0.6717,-1.0544,-1.3089,-3.3302,-0.4461,-4.7076,-3.9343,-4.9869,-5.5736,-1.8613,1.0529,2.8256,1.295,-3.0782,0.13,3.471,2.5647,2.3928,-0.1145,4.4352,-0.027,1.5641,1.4788,0.4652,1.5059,-0.4192,1.5717,-0.9408,-2.6007,-2.1835,-3.3286,-6.3598,-5.391,-6.6577,-6.7612,-6.2952,-6.7774,-4.0727,-6.6509,-3.913,-10.7166,-9.5825,-7.8571,-9.4442,-11.3588,-7.9887,-10.017,-12.2725,-7.4647,-6.2212,-6.1198,-6.5855,-5.9954,-6.7123,-4.5901,-3.7103,-0.9793
-8.26071870655345,40.2852155412997,0.0162,-9.0154,0.5197,0.9363,0,2.1052,0.6031,0.9178,-0.4572,-0.5067,-1.2316,1.2277,-4.8197,-3.4758,-5.1894,-0.9029,-0.9524,3.9285,5.1453,5.3395,1.7919,0.2069,-4.3196,-1.6617,-3.1123,-3.6225,-5.8579,-2.9963,-2.8059,-3.8878,-5.4884,-6.5268,-6.2673,-8.6619,-11.8327,-10.4918,-10.9357,-7.8692,-7.1062,-6.5188,-10.6372,-12.9719,-12.7265,-12.6738,-19.0182,-22.3182,-24.1691,-21.8015,-24.3689,-27.9071,-29.6395,-33.4939,-32.9889,-32.698,-31.9182,-29.8029,-28.0187,-28.501,-28.4439,-25.0398,-22.5624,-20.6043,-24.0685,-24.9093,-24.2061,-23.5934,-24.726,-24.4115,-25.5781,-25.6048,-23.6841,-27.926,-22.9446,-30.4142,-29.7608,-32.0308,-30.0337,-31.5335,-29.3975,-30.5021,-30.9536,-33.0965,-34.5952,-34.8892,-31.8215,-28.4524,-29.6025,-24.6177,-26.727
-8.26314415782058,40.285421120943,0.014,-8.1475,0.4093,0.9629,0,3.4475,10.5604,13.1333,16.9161,11.4198,11.5773,12.0079,12.7252,12.0116,7.8869,8.4046,9.8526,8.9392,11.9152,10.5564,9.6171,12.082,7.6913,7.5573,8.362,6.8952,5.9319,3.2325,3.6391,2.6017,6.3006,5.2994,5.3696,7.6185,12.2298,7.2957,6.9354,1.6797,3.1032,1.534,3.6928,1.779,0.5269,4.5559,-1.4761,-0.2173,-2.6952,-4.1622,-6.623,1.1578,0.1398,-1.4446,-2.3085,1.8293,-8.5218,-2.0411,-2.8677,-3.4655,-4.201,-0.9109,0.1773,1.4264,2.0911,1.2309,2.9198,0.9139,-0.1118,-1.077,-3.0607,-0.3343,0.5713,0.2909,0.103,3.497,3.2891,10.8232,8.6689,8.4082,7.4329,2.7361,11.6478,11.475,9.3164,11.4861,12.1493,13.8044,13.909,10.131,9.8745
-8.2626051686501,40.285421120943,0.0153,-2.2139,0.4714,0.8773,0,-4.2594,-9.4737,-14.8376,-15.1592,-10.9301,-11.2375,-10.6112,-11.9756,-12.6575,-12.989,-12.9835,-12.3037,-11.8027,-12.4709,-12.1166,-11.6679,-9.4807,-11.3304,-12.2505,-13.2382,-12.6623,-11.2567,-14.452,-12.5529,-11.102,-13.1062,-12.2055,-17.8795,-19.2822,-17.6922,-22.1892,-23.6711,-21.5047,-24.5176,-27.0081,-28.2845,-28.9782,-29.1123,-29.3946,-23.939,-20.5153,-15.6452,-23.8741,-19.9532,-21.9865,-21.8279,-22.4412,-21.602,-22.0523,-19.2547,-23.1318,-22.3543,-22.2967,-20.518,-21.7802,-23.088,-18.3854,-16.383,-15.5254,-13.0981,-11.264,-15.1733,-10.8288,-13.8589,-13.2357,-14.2243,-14.496,-15.8406,-16.155,-15.4093,-14.4495,-11.7189,-14.3501,-11.1226,-12.9504,-8.7188,-8.8629,-5.6797,-10.7455,-7.1507,-11.5246,-5.3402,-5.262,1.7414
-8.26233567406487,40.285421120943,0.0162,11.5396,0.4705,0.8764,0,-1.0878,1.2639,4.5078,2.4768,5.3363,3.9451,3.2409,-0.064,-1.5744,-2.1055,-5.247,-0.2707,-0.9339,-0.6824,-1.128,-4.6939,-2.182,-1.4887,-2.5956,-2.9918,-3.3089,-2.3125,-1.0239,0.6167,-0.8933,-1.5531,-2.0735,-5.8076,-0.7052,-2.1024,0.7703,1.4037,-0.0087,0.116,0.1966,-0.8945,0.0715,0.372,1.0248,5.4854,11.659,9.1938,9.6318,10.5853,8.6806,8.8322,8.092,10.9323,7.4217,10.9716,11.7567,12.8915,17.9799,19.1632,16.2285,12.605,15.5937,15.5844,16.3995,18.697,17.3027,19.0136,17.4516,17.3398,16.9269,17.9595,14.9407,20.074,16.8901,16.1544,15.0895,13.3277,8.5959,7.2549,5.8565,5.6112,3.4546,8.1576,6.6429,5.0182,5.6428,6.0635,4.4376,9.0102
-8.2617966848944,40.285421120943,0.0162,1.0454,0.4544,0.8627,0,-0.307,-0.915,2.0028,5.6524,2.593,0.7821,2.2204,4.1322,1.9552,0.6485,0.5552,8.0039,5.5977,3.3022,4.7138,3.6969,6.0985,7.9469,7.1989,5.1296,5.6086,7.3992,7.6901,5.981,4.7058,5.7071,5.9073,7.5007,2.4025,2.4912,2.5049,3.7325,3.7766,5.1319,-7.2619,-2.8045,-3.3378,-3.6293,2.688,3.0316,7.712,4.052,5.5975,8.1868,5.5549,7.1146,5.3479,8.2124,9.121,7.3861,8.0255,7.1622,7.3274,7.6545,11.4703,9.2318,8.2123,10.2803,6.4474,10.3516,6.638,11.5214,10.8971,12.4833,8.7325,12.0107,7.0821,12.8526,5.6566,4.739,2.8363,3.0421,8.2038,7.6674,8.4437,10.2301,8.2824,11.3486,12.1066,11.5426,11.0137,14.3801,8.9813,10.7379
-8.26152719030916,40.285421120943,0.0153,-2.8668,0.4828,0.8951,0,1.3009,0.9249,1.3143,3.5707,0.9308,-0.4444,1.3296,2.8936,-0.635,-2.4544,-3.3976,0.3494,1.937,-1.4119,-2.0969,-0.7766,-1.6682,-0.1447,0.6143,0.3321,0.4218,-0.4163,-3.4036,-3.5148,-4.3224,-3.7683,-2.5586,-3.0078,-3.141,-5.6582,-5.6644,-1.8769,0.549,4.9679,-3.4276,-4.0231,-5.2548,-5.0728,-5.2545,-4.5045,-2.4629,-7.1424,-5.5963,-3.8474,-7.4333,-5.2533,-4.6628,-6.0915,-4.9463,-6.9724,-6.0353,-6.3961,-5.4517,-5.0516,-4.1895,-5.8887,-5.6156,-3.5392,-7.5487,-5.5501,-9.3193,-4.4249,-8.0133,-5.9408,-9.9858,-7.1936,-11.9871,-6.0597,-13.5581,-14.8297,-12.64,-13.2605,-10.9274,-11.7292,-10.2041,-6.8984,-7.819,-4.8571,-5.5661,-6.3403,-5.9324,-5.4701,-8.6829,-8.8071
-8.26125769572393,40.285421120943,0.0146,-11.2388,0.4706,0.9605,0,2.795,0.128,-1.9565,-3.7791,-2.8713,-0.524,2.0389,0.4669,0.3728,0.4606,0.9107,-1.3654,3.9823,1.0383,-1.5149,6.7789,2.4854,1.9758,4.5645,6.1794,3.0084,4.479,-1.2163,-4.3521,-2.9023,-2.8639,-5.3975,-6.1004,-6.9372,-7.6135,-6.2807,-4.1191,1.5963,1.5372,4.1571,-3.1871,-9.4434,-11.1824,-10.1323,-7.7947,-6.1514,-11.0702,-11.7357,-10.9874,-11.4739,-14.0283,-14.1841,-16.5763,-14.4647,-13.9277,-13.185,-14.5978,-13.1053,-14.8419,-15.317,-16.0982,-11.8837,-15.1077,-20.5486,-18.0739,-21.4086,-18.8255,-20.5999,-19.132,-18.8119,-17.9372,-19.9369,-17.6004,-21.2849,-19.3255,-22.4706,-23.3496,-20.1685,-18.9468,-17.5541,-17.0919,-15.511,-16.6942,-15.9857,-16.534,-14.3435,-17.6308,-17.9011,-19.0979
-8.26098820113869,40.285421120943,0.015,-5.8441,0.5313,0.9291,0,2.1322,-0.0416,1.2685,-0.688,0.1024,1.8197,1.529,0.0532,1.0271,1.1823,5.9096,-0.3838,1.477,1.3719,1.9943,1.3263,-1.71,-1.8132,-1.9343,1.5754,1.6264,1.2421,-4.601,-6.4077,-4.9679,-6.0361,-7.6778,-5.0038,-6.5496,-6.2532,-4.0017,-2.4824,-2.8285,-1.5673,0.6768,-2.3907,0.89,-0.6361,0.639,1.923,-2.4334,-1.0246,-2.4801,-1.4564,-2.477,-4.7682,-1.8226,-4.2704,-1.9043,-3.5734,-2.1241,-2.7724,-2.0496,-2.9634,-4.511,-1.2038,0.9852,-3.0546,-4.6359,-2.7485,-4.3955,-3.4807,-6.2693,-4.2839,-4.5042,-8.7251,-6.9325,-9.5604,-8.8726,-5.1251,-7.8561,-8.3633,-6.7856,-6.5195,-6.3772,-7.1402,-6.2218,-7.2691,-7.5247,-8.0231,-10.7637,-9.9653,-10.5555,-11.9913
-8.26071870655345,40.285421120943,0.016,-2.6899,0.481,0.8905,0,-0.285,1.3174,-1.2623,-2.0991,-1.0168,2.4281,6.949,2.1687,3.4642,5.8431,6.4943,3.4078,3.8549,6.8932,9.6259,7.992,5.6016,5.0873,6.6017,11.1292,6.3002,7.5299,5.6252,3.2704,4.5334,4.6737,5.9371,7.9267,2.3175,-0.7113,3.8437,5.3035,2.3536,1.2852,0.3146,0.3712,0.5883,2.3239,9.3772,6.216,4.2036,0.7153,-3.1949,-2.4759,-4.0225,-10.3249,-2.0137,-1.735,-2.4499,-4.0015,-1.9409,2.5452,3.2555,2.5055,-1.7168,-1.5341,1.2078,-4.6451,-7.6985,-4.071,-2.5968,-1.062,-5.6912,-4.3601,-3.469,-6.1649,-4.1726,-6.2775,-7.8903,-13.0504,-7.9108,-12.5914,-8.9395,-5.65,-5.4729,-5.9147,-4.8866,-1.9464,-2.001,-6.2103,-10.9758,-7.4685,-3.0972,-3.8404
-8.26044921196822,40.285421120943,0.0167,4.5902,0.4687,0.8694,0,-3.7128,-3.9353,-7.9387,-10.4177,-7.7298,-8.1587,-6.5115,-12.0252,-9.1177,-8.692,-9.6965,-9.1641,-9.8534,-7.2817,-6.6585,-7.3978,-10.5849,-9.4434,-8.0199,-7.4417,-10.0271,-7.8263,-9.2564,-12.169,-8.8431,-8.0302,-8.6072,-0.2364,-3.2161,-0.4718,-0.2296,0.9724,1.7858,1.4122,1.1668,-2.0778,2.0755,1.2919,5.4488,4.7535,5.4829,3.3735,-2.5075,-3.3271,-2.5192,-3.9307,3.3019,2.1169,4.1165,1.6464,5.7049,8.9729,7.072,7.234,6.324,6.0197,5.79,3.6976,0.3398,3.4086,2.3931,2.3405,0.0454,2.0647,3.6031,3.2837,2.3749,1.0395,0.1786,-0.1088,3.0749,0.7876,3.0621,3.9117,1.8867,-0.7509,-1.5091,2.8519,0.8605,1.4062,-1.0611,1.0526,1.7458,-0.3457
-8.26314415782058,40.2856266999611,0.0078,13.6013,0.3387,1.0,0,1.6833,12.0132,14.8084,22.7697,15.4501,19.4904,21.1376,20.1193,22.9842,12.2632,12.0498,17.5227,20.4528,23.197,22.3769,21.4852,21.1395,21.4266,19.9522,22.7171,32.4515,30.9904,31.4086,31.2272,31.4038,32.1234,31.9712,32.1567,31.004,30.4638,26.4862,30.8294,20.3844,18.2061,8.5657,11.0513,10.1934,9.5697,12.1356,4.7211,12.1818,9.5749,9.8066,12.0673,16.8858,17.8884,17.3654,26.6425,29.2998,17.1808,22.8895,19.2163,27.1949,25.5964,31.9661,32.3868,35.837,37.8042,37.1918,37.9063,36.4766,33.3976,31.28,32.5135,33.797,35.5561,37.1052,34.4741,38.8157,33.9776,34.1617,31.4796,30.6296,30.8703,33.0574,40.8712,43.844,40.8533,43.3885,45.3779,49.673,50.7032,51.4659,55.9943
-8.2626051686501,40.2856266999611,0.0182,-12.5536,0.6676,1.0,0,-2.8039,-7.9413,-9.1691,-8.8814,-7.6216,-1.6279,-7.7937,-6.8603,-8.7374,-13.329,-12.526,-11.0958,-15.0096,-11.5591,-11.5591,-8.1888,-12.6117,-17.6827,-21.227,-26.2356,-26.9869,-25.3194,-24.7532,-25.636,-24.4895,-26.9779,-26.1491,-35.6348,-34.2572,-29.6412,-34.0453,-31.6384,-18.8541,-21.3707,-29.2677,-29.8637,-35.1487,-35.9609,-36.6108,-31.4635,-28.2053,-23.6238,-27.9906,-27.9456,-27.4599,-27.9703,-29.651,-27.5481,-28.0097,-32.0279,-31.9348,-32.948,-31.6968,-32.0189,-36.6049,-37.4466,-35.5261,-38.0354,-40.3928,-34.5802,-35.0483,-34.2679,-28.7021,-30.4052,-31.0688,-32.1269,-34.4442,-35.5923,-36.3192,-33.6766,-32.6965,-33.7569,-36.8931,-36.5104,-43.6201,-37.7111,-35.4027,-29.3998,-36.9277,-32.5276,-35.2447,-30.4363,-29.1734,-21.5706
-8.26233567406487,40.2856266999611,0.0182,22.8479,0.4526,0.8643,0,0.1808,5.0996,8.9296,11.6538,13.2393,17.9717,17.4155,13.3651,12.2193,11.2742,10.9281,13.484,13.6815,17.4089,16.944,15.633,16.6033,18.3662,16.7465,19.6552,13.2104,13.4764,17.4259,19.8761,16.8358,22.7169,24.238,20.2296,26.0872,25.4783,25.8012,27.791,25.6755,21.1062,20.98,19.5168,22.2942,19.4999,21.6658,19.8059,22.8687,26.9068,31.4755,24.7453,25.3743,24.2902,30.451,26.3051,26.6829,34.6623,28.9411,29.1199,28.3007,29.2778,33.6868,30.0559,29.0915,34.2414,36.1198,36.7409,37.9458,36.7962,38.1012,39.2558,42.0147,42.5412,44.889,43.41,40.2435,37.3804,29.9527,24.5114,29.5218,30.7425,28.9802,23.6693,20.5823,26.452,22.8653,23.5998,20.9474,26.9116,22.8085,24.097
-8.26206617947963,40.2856266999611,0.0237,5.6518,0.4501,0.8566,0,-1.3949,0.5559,1.2958,6.0761,3.1714,3.3182,4.313,6.0331,3.2469,8.0096,11.8634,15.9366,12.0047,13.4247,13.9028,11.0302,12.3974,14.2786,14.5052,9.785,18.3679,20.4406,20.1955,17.961,14.5602,17.5726,17.9386,16.9398,20.0797,23.5072,25.2803,30.9489,28.4813,25.178,25.9204,26.7506,26.8389,23.255,29.7489,24.869,25.2923,26.4339,22.343,20.7277,22.1365,22.8537,24.0272,24.5307,12.8989,8.7269,9.9657,11.2682,13.1879,14.5598,18.6309,15.8886,20.3814,21.3919,26.0686,25.6473,26.9405,23.6041,28.173,23.2102,25.9753,23.4348,23.1975,23.5435,19.8123,26.1741,25.6095,26.876,26.9882,32.2618,30.8806,34.5762,29.3536,29.4994,29.7958,35.3451,35.4993,36.9713,35.1134,38.3801
-8.26152719030916,40.2856266999611,0.0121,-0.354,0.5467,0.9679,0,-1.5949,-1.9378,-3.3686,-5.4287,-6.4513,-2.9032,-0.8469,0.8447,-1.5943,-0.872,0.5938,1.582,0.6394,0.634,3.7946,0.828,-0.7767,3.4077,-1.295,-3.4682,-0.9491,-1.1089,-2.8148,-2.0108,-1.1032,-1.21,-3.5859,-2.2176,-1.3948,-0.7765,-1.4358,-0.3198,-0.7523,-0.7768,1.5562,0.6458,-0.6035,0.6399,0.9514,-0.8371,1.0767,2.0446,-2.3491,-2.217,-2.2665,-2.4994,-3.2827,-3.2835,-4.7512,-3.1885,-5.1165,-5.2821,-4.2621,-4.0386,-1.2995,-1.6879,-0.6203,-2.298,-0.6416,-0.6609,-0.2261,-0.858,-3.6125,-0.7821,0.1658,0.5939,-1.635,-0.6415,-1.0841,-3.0062,-1.5474,-1.6908,0.0331,2.5546,-0.4168,-0.8972,-4.6222,-3.8936,-1.9359,-3.4597,-6.3632,-1.9461,-1.6643,2.2242
-8.26125769572393,40.2856266999611,0.0114,-2.7996,0.5319,0.9204,0,-0.6532,-4.1211,-10.0208,-9.764,-13.4426,-6.4162,-8.5981,-5.9125,-8.7575,-8.173,-10.7433,-7.9102,-8.2075,-8.3417,-7.4987,-8.1488,-5.1309,-2.8631,-5.637,-5.5664,-6.143,-2.519,-3.7276,-3.994,-3.7369,-2.1478,-3.2658,-3.4683,-3.7708,-5.8195,-3.8024,-2.8362,-1.885,-2.448,-2.2897,-2.6508,-3.123,-4.1332,-5.6068,-7.7224,-5.5547,-6.1872,-8.5187,-8.9898,-14.288,-16.8304,-11.8598,-16.1191,-14.5722,-14.6522,-14.2586,-14.9917,-11.9541,-13.1232,-13.0143,-11.5856,-12.2603,-12.9173,-12.6096,-12.6747,-12.4013,-11.8487,-12.79,-12.5046,-12.8534,-13.0149,-14.9257,-17.4936,-15.7738,-12.6489,-14.5416,-13.0357,-12.5571,-10.4628,-13.2927,-14.2925,-22.6113,-17.3905,-17.3157,-23.1595,-26.4159,-25.3139,-25.0397,-27.3848
-8.26098820113869,40.2856266999611,0.0143,-6.1245,0.4385,0.8835,0,1.2206,-0.5799,-5.4868,-4.8303,-4.406,0.3434,-3.1625,-2.8267,-3.5512,-2.4069,-3.9827,-3.5382,-2.8671,-2.3374,-7.4238,-12.7148,-6.1045,-5.3608,-7.6363,-5.159,-9.0321,-9.5234,-6.2356,-7.1862,-4.9344,-6.7275,-6.5652,-6.5444,-6.1191,-9.2192,-7.9479,-5.5576,-4.3388,-2.375,-4.3227,-4.982,-6.3176,-6.807,-7.2861,-6.9849,-7.2441,-1.8972,-5.8954,-6.8461,-10.3518,-10.2723,-8.2365,-6.5115,-4.2829,-7.5968,-8.6044,-5.9485,-18.4664,-18.4836,-22.7596,-19.6727,-25.0879,-24.0164,-23.6391,-25.6074,-23.3471,-21.8003,-26.2939,-28.5273,-25.6226,-29.4581,-26.9799,-28.6782,-27.3352,-27.9942,-28.2757,-25.8304,-25.4197,-23.8366,-22.5484,-22.9845,-22.1087,-18.2001,-17.0803,-23.0247,-22.7711,-21.2709,-22.0757,-25.4878
-8.26071870655345,40.2856266999611,0.0155,-3.1619,0.4648,0.884,0,1.6698,-4.6807,-2.9023,-6.7646,-7.2954,-5.3321,-1.0904,-6.0996,-8.0185,0.2542,-4.6786,-5.3038,0.3435,2.0346,-2.2982,-7.5421,-8.3191,-8.3743,-6.8799,-5.8711,-11.6745,-6.6024,-5.2966,-7.4118,-7.1366,-5.7516,-8.4419,-5.6443,-4.6422,-6.9947,-5.9692,-1.9107,-6.2771,-5.0132,-8.2046,-6.7196,-10.0765,-10.6855,-11.8984,-11.4929,-12.5691,-5.8795,-9.7652,-14.7244,-13.8793,-14.2502,-16.2893,-12.6655,-8.9622,-11.7733,-9.1909,-8.9885,-11.2497,-11.0473,-11.5175,-9.5091,-9.6909,-9.7599,-6.6021,-9.7684,-8.1086,-10.3765,-15.9367,-19.0581,-14.406,-9.8628,-14.5495,-11.7172,-15.9962,-7.2717,-15.8573,-11.7259,-11.7851,-14.5864,-15.805,-14.0028,-17.5966,-15.0096,-12.4291,-20.0313,-14.9818,-15.1824,-18.175,-20.7762
-8.26044921196822,40.2856266999611,0.0182,-7.8585,0.5054,0.9336,0,0.9924,-2.7966,-7.3705,-7.2711,-15.7104,-20.2523,-16.0669,-19.7609,-20.5653,-19.1913,-16.908,-21.0396,-20.7807,-21.4145,-19.4323,-23.8847,-22.6149,-23.4852,-22.0888,-23.2975,-23.0688,-25.6774,-20.4706,-22.6256,-22.9416,-19.6342,-18.5803,-24.93,-20.9065,-22.0182,-21.1583,-18.09,-21.2077,-23.2368,-18.6578,-19.1003,-19.4875,-23.0815,-19.45,-22.3579,-20.4683,-24.0185,-28.3021,-26.9301,-26.5635,-30.4723,-32.1754,-29.4085,-32.8514,-32.6193,-34.5792,-32.8727,-33.9865,-33.9816,-37.5122,-36.3973,-32.6777,-32.2334,-36.8957,-35.2083,-33.6603,-43.3866,-42.5642,-43.9451,-39.532,-38.4331,-41.9023,-40.4802,-41.3911,-38.5434,-42.3766,-41.1553,-44.7843,-44.3382,-46.5052,-40.8993,-41.9675,-42.6889,-41.198,-49.0223,-52.3137,-50.3657,-52.4091,-55.6354
-8.26287466323534,40.2858322783539,0.01,16.3415,0.3233,1.0,0,-0.407,-5.8482,-5.3294,-0.7257,3.9094,10.0817,7.6375,11.5913,7.776,1.4646,3.2216,7.4228,0.6221,-0.5548,1.3956,-5.8258,-3.0838,4.7188,4.2866,3.961,6.2514,7.072,8.2961,9.2707,9.3344,7.0043,7.6154,7.5881,3.7185,9.321,10.1736,11.2611,-1.153,2.9491,-0.3916,-7.1068,-6.0793,-4.4975,6.0766,11.6024,0.1143,10.8918,11.1948,16.3119,15.2881,19.6614,24.253,19.3957,16.7788,17.8406,13.977,14.9252,15.5407,14.5441,9.3853,7.6133,13.6562,8.3357,7.1042,6.9063,6.9063,10.2103,11.9769,12.4929,6.526,7.0898,9.6973,4.044,2.8014,6.5174,6.321,13.2441,1.7262,2.2146,6.5478,12.0005,10.3953,17.6514,12.9345,13.9205,16.9374,20.0477,27.9942,25.9545
-8.26233567406487,40.2858322783539,0.0168,-8.8073,0.4495,0.896,0,0.8933,5.7809,2.2432,4.4331,0.9296,-0.0935,2.6666,-3.5241,-3.4246,-7.7542,-5.4759,-2.4361,-4.8674,-3.8534,-5.1342,-4.135,-4.9766,-7.2162,-5.5825,-5.0702,-11.5367,-11.7824,-12.4609,-11.3963,-10.2019,-10.1334,-10.5582,-13.4357,-13.837,-16.3775,-15.965,-15.5289,-12.0695,-16.5928,-16.0416,-12.4974,-13.627,-13.1834,-20.5357,-20.3527,-24.5091,-26.3737,-29.4584,-32.9573,-34.9592,-37.1745,-34.9449,-37.8253,-40.912,-39.2059,-38.7741,-38.386,-39.2681,-38.3594,-35.7788,-37.4227,-38.0174,-39.7696,-36.78,-37.2206,-34.2773,-34.3226,-34.5009,-31.5936,-33.6117,-34.8211,-32.7933,-31.9586,-34.1208,-30.388,-33.4857,-38.3494,-35.5266,-35.5586,-32.4169,-28.5957,-36.6686,-35.3793,-33.8938,-33.8148,-35.0366,-30.1819,-28.6564,-32.6939
-8.26206617947963,40.2858322783539,0.0182,-7.0742,0.4588,0.8967,0,-1.1862,0.2131,-3.9369,-3.1951,-6.529,-7.8746,-7.9084,-9.0218,-10.7419,-10.8138,-10.7629,-13.4019,-16.5335,-16.2345,-20.8833,-18.3092,-19.1719,-24.5453,-21.5914,-19.493,-22.2607,-23.3301,-25.5263,-22.389,-18.5316,-20.6143,-24.2074,-21.7714,-22.8716,-18.0096,-16.6423,-14.4908,-16.9595,-17.6836,-12.7417,-15.3344,-19.9955,-18.1843,-15.7159,-18.0614,-21.5629,-21.2221,-22.5728,-21.2795,-23.4299,-24.759,-25.2992,-28.1256,-31.1709,-30.3654,-31.9518,-32.2309,-35.1379,-33.9865,-29.723,-32.5994,-37.2183,-37.5304,-40.6372,-40.06,-39.0014,-36.8207,-38.5528,-39.6159,-39.0369,-39.2881,-37.6373,-37.83,-39.8945,-40.9506,-36.0037,-29.1411,-32.4944,-31.4004,-28.4056,-31.6536,-32.385,-32.1941,-34.0941,-30.7337,-24.5088,-26.194,-24.1831,-24.4638
-8.26152719030916,40.2858322783539,0.013,-6.0591,0.4436,0.9992,0,0.2663,-0.7561,-3.7785,-4.7472,-5.6405,-7.2461,-6.9631,-10.6733,-9.7969,-8.9331,-5.2422,-7.1996,-7.7256,-6.7949,-5.5484,-6.2158,-8.8151,-8.4217,-10.0053,-10.9273,-10.2321,-10.1227,-10.955,-12.7379,-13.0878,-16.4402,-16.5422,-17.9898,-21.3701,-22.5205,-20.6353,-19.5265,-17.5686,-16.8985,-16.4458,-14.2166,-15.0729,-16.7781,-16.8033,-20.2124,-19.0532,-17.864,-19.2933,-18.5373,-17.9935,-16.8741,-18.187,-16.5373,-17.7396,-19.3656,-19.6998,-19.6447,-21.2067,-21.3839,-21.0726,-20.6383,-20.2231,-18.7076,-18.3097,-17.7023,-17.7015,-17.0888,-18.4598,-18.3971,-18.4251,-18.0407,-18.9953,-19.4615,-22.1079,-22.1351,-22.1351,-19.4595,-18.7222,-17.953,-15.9364,-15.656,-17.873,-16.8109,-15.3618,-16.9768,-17.2756,-15.5555,-15.0193,-13.2319
-8.26125769572393,40.2858322783539,0.0099,-8.8776,0.5505,0.9947,0,0.3333,0.3692,0.2583,-0.2269,-1.7993,-2.0788,-2.1765,-3.2695,-2.7809,-2.8585,-2.3486,-6.0182,-6.1198,-6.8391,-7.2883,-7.6867,-7.3802,-7.4337,-6.5084,-6.1966,-7.7858,-7.8209,-8.8329,-12.2062,-11.7009,-12.4281,-14.7979,-15.743,-17.8313,-18.2957,-17.2275,-15.8012,-14.7696,-13.9643,-14.9964,-15.2601,-14.8557,-13.1489,-12.0047,-13.1952,-15.8982,-14.1693,-12.9766,-14.7428,-14.0383,-10.459,-13.2151,-11.9294,-12.7229,-13.6663,-14.5672,-17.463,-15.5796,-17.6501,-20.3486,-19.0134,-20.7721,-20.656,-22.3137,-21.3034,-23.7687,-27.3114,-25.4074,-26.0929,-26.1542,-25.9638,-25.9937,-26.3571,-26.6535,-27.2957,-26.4275,-24.4019,-23.4281,-22.147,-21.9312,-20.5801,-22.2191,-22.376,-22.4734,-23.9546,-23.1011,-25.3788,-24.5414,-24.4173
-8.26098820113869,40.2858322783539,0.0138,-17.281,0.4771,0.9766,0,1.414,0.2727,1.4428,1.4248,-0.3329,-3.4379,-4.0574,-6.6322,-5.8269,-9.0643,-11.0732,-16.3422,-17.6781,-16.9329,-15.263,-15.0073,-16.681,-15.3232,-13.5286,-14.3923,-14.4019,-13.4161,-14.9442,-16.9447,-16.9467,-15.4478,-17.9937,-19.9485,-23.9119,-20.4019,-20.8375,-19.3025,-20.6873,-19.781,-20.6655,-19.8615,-20.3482,-17.8533,-12.545,-15.1925,-18.318,-17.7289,-22.1746,-24.3991,-26.236,-25.0443,-28.9432,-27.3291,-29.2399,-29.1961,-30.8933,-31.4545,-27.889,-30.2919,-29.8741,-29.4939,-32.4436,-32.3263,-34.21,-32.6035,-38.0732,-41.0231,-36.6645,-39.3299,-35.7114,-35.0187,-35.4514,-35.2338,-38.012,-42.4117,-38.5071,-38.2559,-37.1943,-37.7121,-38.2858,-37.5658,-33.7688,-38.5491,-38.7807,-38.0248,-36.7689,-36.8803,-38.9135,-38.8012
-8.26071870655345,40.2858322783539,0.0122,-14.3379,0.5488,0.9924,0,3.4303,3.2099,1.8617,1.5947,0.5497,-0.5825,-1.0695,-5.197,-4.0557,-5.9693,-7.771,-7.8094,-10.0366,-10.7269,-9.4487,-10.6597,-9.4908,-9.186,-7.395,-7.7052,-10.0653,-7.1462,-14.3685,-14.0304,-14.9531,-15.441,-12.4675,-7.1947,-11.1183,-9.4783,-8.7432,-7.6839,-10.0288,-9.3867,-11.4293,-9.9521,-12.9357,-10.3163,-3.8827,-9.6486,-8.6313,-9.3911,-11.7267,-15.6538,-16.4142,-20.0226,-22.4985,-19.7663,-19.4968,-21.9204,-22.8387,-23.8593,-21.3539,-20.2155,-22.8264,-26.2862,-29.8993,-29.7991,-26.7159,-27.3552,-31.0104,-33.2308,-28.8598,-31.5551,-28.8039,-30.4166,-28.8996,-30.4857,-32.4123,-29.4221,-29.3096,-29.6291,-28.7134,-27.8669,-28.1174,-28.5354,-25.6754,-27.7582,-27.1771,-27.794,-28.2111,-26.7853,-29.67,-29.8423
-8.26044921196822,40.2858322783539,0.0137,-11.398,0.499,0.9831,0,2.3836,0.942,-2.0593,-0.2967,-2.6605,-1.4362,-1.6325,-1.966,-2.9318,0.1496,2.4435,-1.802,-0.5573,1.9301,0.54,-0.2773,0.9948,3.7844,3.4801,2.1269,3.4871,6.355,3.4447,4.4652,5.7595,7.489,6.4261,3.3579,-1.104,0.0827,-0.6524,2.3348,-2.309,-1.5646,-3.1053,0.7402,-0.7377,-2.456,0.3355,-3.3203,-0.8832,-4.4777,-3.3663,-3.7665,-1.349,-1.4991,0.4825,-4.6652,-5.417,-2.479,-0.9317,0.539,1.1098,1.8459,5.0706,2.2876,-0.9417,-0.2556,-1.9152,-2.3745,-3.0318,-2.8073,-1.0554,-1.5389,-0.2893,-1.3397,-1.0427,-0.6696,-3.6917,-5.4118,-1.8611,-4.8073,0.8926,-1.8003,-6.6091,-7.0073,-5.7011,-7.2968,-7.6335,-8.2704,-7.3188,-8.6054,-7.6635,-10.3808
-8.26017971738298,40.2858322783539,0.0151,-4.2789,0.4884,0.9287,0,0.2751,-1.3975,-0.514,-2.5386,-2.9086,-1.0943,-2.3791,-2.1375,-5.3517,-3.3287,-3.737,-4.3419,-5.7697,-4.7214,-5.4581,-5.4196,-6.005,-3.3894,-4.1169,-8.038,-2.8408,-0.8978,-3.9053,-6.9101,-2.977,-1.0741,-1.2101,-3.2434,-6.3653,-9.1575,-15.1073,-14.2265,-10.5708,-11.7135,-13.3004,-16.4668,-18.9721,-20.5959,-17.9116,-21.8649,-19.293,-21.3079,-20.7401,-21.9614,-21.7591,-22.7559,-18.736,-22.0748,-21.3037,-16.5724,-14.8157,-13.7274,-14.8566,-13.9917,-6.7288,-9.6616,-10.6402,-9.9222,-12.8508,-11.1655,-14.6297,-16.5907,-12.0289,-11.5086,-14.0061,-14.4708,-15.0203,-13.6612,-15.9794,-18.1902,-14.6298,-18.8835,-13.2764,-15.3417,-24.1171,-21.3201,-19.4234,-19.5621,-18.274,-15.3307,-17.23,-19.1085,-18.086,-19.954
-8.26206617947963,40.2860378561215,0.0155,-8.7156,0.4577,0.8946,0,-1.3058,3.4099,2.8111,0.7672,1.3299,2.1889,-3.6809,-5.048,-7.2516,-7.6334,-6.6531,-10.0391,-4.7326,-4.5896,-8.5196,-10.5565,-13.6762,-21.5704,-19.6506,-8.6721,-11.5439,-13.7378,-9.3049,-8.3045,-6.9077,-4.5046,-6.2186,-9.105,-6.8426,-5.3809,-10.4586,-6.2773,-12.8008,-1.9088,-10.2955,-16.16,-22.3392,-14.8468,-25.5347,-19.4011,-24.5627,-24.3733,-22.9576,-22.269,-19.5264,-20.424,-14.8427,-20.9749,-19.7406,-18.0888,-14.0811,-14.6721,-14.326,-14.4312,-13.3307,-16.2883,-8.442,-8.6039,-10.0229,-10.0824,-10.2835,-8.6056,-7.1286,-5.482,-6.3369,-6.4107,-3.3413,-4.6575,-3.8767,-6.7888,-10.3289,-11.8023,-15.5662,-13.0511,-18.704,-12.1545,-16.9948,-14.2965,-19.8525,-15.3825,-12.3428,-14.7445,-22.1637,-20.9208
-8.2617966848944,40.2860378561215,0.0154,11.5342,0.4975,0.8739,0,-5.8586,-3.8539,-10.4333,-9.1843,-9.1672,-0.1848,-2.2508,-11.9339,-9.1734,-10.2576,-9.8879,-11.6031,-13.7089,-16.211,-16.8205,-21.6061,-20.949,-28.6673,-27.7399,-23.1667,-24.1772,-24.5212,-20.2023,-23.153,-20.7983,-19.8072,-20.0801,-19.6692,-22.56,-21.939,-24.9939,-23.5981,-26.1288,-26.3668,-21.3059,-22.6534,-23.403,-22.0324,-31.0715,-26.224,-26.6006,-22.3269,-20.3509,-15.1509,-11.4073,-6.9773,-8.5863,-6.1113,-8.4352,-3.5092,2.3731,5.1145,2.5567,6.26,10.4039,10.7019,6.4505,8.9998,9.8412,10.2933,10.3979,8.4803,10.4638,10.192,12.2201,11.3272,11.5859,8.4328,8.0169,3.0247,7.0494,5.0798,5.8048,9.1433,8.0632,14.119,10.4744,10.3481,13.2921,14.1812,15.282,13.7067,10.7438,12.7758
-8.26125769572393,40.2860378561215,0.0083,1.1104,0.4657,0.9995,0,-2.0598,-1.4449,-0.3289,-0.1448,-0.0694,-1.6683,-1.9768,0.1387,-2.111,-2.5319,-0.8197,-0.0874,-0.7137,-0.1348,1.7717,2.1149,-0.7496,-1.6022,0.1773,3.4865,3.7432,-1.559,-1.5554,-1.2177,-1.1172,1.4201,4.6776,4.3244,3.7665,3.3291,4.4453,8.0863,7.8896,8.3053,7.843,11.8609,11.626,14.5021,9.1977,6.4361,8.4146,7.8135,8.6108,7.6111,7.4287,9.6112,7.0435,7.788,8.9147,9.1291,7.2808,7.1274,5.8086,6.1347,5.3527,6.332,5.5413,5.3413,5.3108,4.1946,5.8306,3.8545,7.0236,7.1805,6.0241,2.6103,2.7389,1.8067,2.7425,0.2982,1.6092,2.4022,2.3922,4.7213,5.8111,3.4581,2.9055,4.8899,5.8075,4.8429,5.7131,6.9583,6.2824,6.4508
-8.26098820113869,40.2860378561215,0.0134,8.8496,0.4516,0.9632,0,-0.8215,-0.971,-0.1407,-1.5112,-1.9044,-3.7019,-5.7556,-2.8799,-7.3594,-7.9244,-6.5548,-7.7303,-9.5404,-7.7987,-5.0929,-9.3639,-5.8641,-5.894,-6.4308,-3.1089,-4.1347,-3.9856,-4.5262,-4.2714,-3.4442,4.0727,7.4786,6.8727,9.5775,8.7877,7.9622,9.9496,15.4586,16.2153,14.4137,19.6576,16.5768,15.7951,17.7399,16.047,17.8499,18.5198,15.3154,17.1443,15.717,18.9697,15.2182,16.4893,16.9777,17.0677,15.8132,17.4726,16.6795,16.0467,15.5332,18.577,15.522,13.9357,13.4406,14.605,14.4905,12.6545,12.1782,13.3534,12.3341,11.8845,8.9397,9.6582,7.2712,2.3463,4.9578,7.6586,8.3176,9.218,10.2704,7.0638,8.3034,8.8311,9.433,7.7315,9.4246,4.9359,7.0747,5.7124
-8.26071870655345,40.2860378561215,0.0131,16.0844,0.4635,0.9481,0,2.4186,-1.0027,3.0313,3.0546,2.0011,0.066,0.2417,-0.3631,-3.9793,-6.2335,-2.3593,-4.8697,-8.9118,-9.9387,-10.0222,-17.0606,-14.3563,-10.4114,-15.053,-13.7567,-14.5134,-9.4316,-4.6193,-6.7888,7.5098,12.4636,5.8357,4.4588,5.8892,6.4437,4.2261,6.7106,16.6598,15.5065,12.5751,15.4693,13.7355,14.077,27.6037,24.3913,27.6036,28.955,25.288,26.9865,24.1897,31.2721,28.0467,28.6614,25.7632,24.9835,25.3551,24.9009,24.9267,25.6533,24.7655,26.2601,25.6177,24.0416,24.8977,24.0765,24.3741,25.3011,25.3762,25.1159,24.6845,21.7237,21.2194,20.643,17.5506,13.9457,16.3409,17.8433,17.7112,18.0556,18.8497,18.0244,19.4761,17.282,18.1555,17.9591,18.9206,18.5204,18.815,21.5244
-8.26044921196822,40.2860378561215,0.0145,-3.4826,0.4649,0.9278,0,2.6819,2.0439,3.279,2.2729,2.2875,0.273,0.6426,-0.9172,-1.6539,-4.4069,-2.8442,-2.5306,-5.3522,-4.0452,-4.5162,-7.1994,-7.2058,-2.7808,-6.7633,-0.0324,-6.195,-4.7588,-0.2467,-5.4185,-4.7293,-3.0532,-5.6923,-8.0476,-7.6772,-6.5283,-6.8835,-3.5897,3.9806,2.3465,1.7415,3.2335,0.8635,0.5957,9.9364,6.7389,8.9751,12.9585,11.6225,11.8818,11.5289,12.9814,17.0044,16.6375,14.634,14.0055,14.5226,11.5909,8.7116,6.4893,6.7962,6.0963,6.5088,4.2441,2.9994,5.4398,3.0536,-0.1444,0.8342,-1.2798,-1.7105,-1.6918,-3.4612,-4.3059,-6.5693,-9.6418,-6.534,-7.3679,-7.1999,-10.8671,-4.4469,-6.1763,-3.8765,-6.4909,-6.257,-5.8083,-7.4137,-6.6228,-5.3599,-11.8577
-8.26017971738298,40.2860378561215,0.0184,-9.8428,0.4712,0.917,0,0.4313,-3.4825,-4.7699,-7.2032,-5.4854,-9.0441,-7.0979,-7.4125,-9.289,-10.0512,-6.0261,-3.5911,-5.9453,-5.2562,-2.9153,-5.3112,-7.1807,-2.185,-5.2123,-4.4486,-3.9823,-5.6674,-1.0138,-9.1917,-6.3118,-7.3516,-10.0195,-10.2733,-12.9183,-13.3572,-11.7906,-10.8641,-8.0643,-10.0065,-8.6481,-9.1741,-11.5782,-16.0149,-16.2235,-15.178,-14.9244,-9.7236,-13.584,-16.1942,-17.6109,-15.4981,-7.9513,-7.336,-6.7724,-11.516,-7.6518,-9.1102,-11.5697,-13.3867,-12.6855,-14.2077,-17.6458,-15.0581,-18.2168,-15.3284,-20.6964,-21.353,-19.8641,-21.9679,-18.573,-18.3725,-18.5123,-18.952,-19.7028,-17.357,-17.7423,-19.4049,-18.1425,-17.9403,-10.1959,-13.6185,-13.0454,-11.6743,-12.0999,-14.0441,-14.5457,-13.8762,-7.7979,-9.2863
-8.25991022279775,40.2860378561215,0.0162,1.0927,0.4818,0.9219,0,-0.8351,-5.0369,-7.1731,-6.0097,-6.2127,-8.3744,-7.8329,-11.6769,-13.3291,-14.2463,-9.1639,-11.066,-8.5847,-16.1409,-13.4,-14.3976,-14.9271,-12.9075,-12.4278,-15.697,-7.4623,-9.2836,-6.5071,-8.0668,-9.3668,-9.7319,-7.7334,-10.7022,-9.6158,-13.0551,-12.8875,-15.1361,-12.2611,-13.0118,-12.6689,-12.7813,-15.1557,-15.2407,-22.6719,-17.7249,-14.8702,-8.5496,-7.5034,-7.2975,-8.341,-7.44,-3.2657,0.2604,-1.3586,-6.0674,-5.0286,-4.1015,-5.7046,-3.6904,-4.0752,-4.4509,-6.5992,-6.0588,-11.6003,-7.8013,-7.2204,-6.2285,-2.0374,-5.6789,-1.9783,-2.5951,-3.4124,-4.9683,-4.0725,-2.8314,-5.3664,-4.8818,-5.4847,-4.5917,-4.296,-4.6101,-8.2043,-6.4589,-6.0696,-7.3016,-5.5381,-6.5614,-3.1504,-1.0618
-8.26206617947963,40.2862434332639,0.0173,4.2659,0.4343,0.8612,0,3.8607,-2.585,-9.6424,-8.1556,-12.621,-14.2493,-14.2747,-11.6538,-14.1335,-13.4984,-14.1356,-12.7963,-13.4725,-11.8195,-15.0677,-16.1017,-14.9669,-16.7264,-16.9603,-12.8261,-16.0048,-12.9876,-10.1067,-7.5081,-6.5209,-4.8747,-7.349,-0.4241,-6.2196,-8.6067,-6.8562,-6.8851,-8.0915,1.8812,1.21,-5.3417,-4.2325,0.7369,-4.7783,-2.2883,-9.161,-2.4946,-2.1551,-4.0136,1.1328,0.3012,6.8724,1.4885,0.8246,5.7259,6.1612,5.6337,3.2446,1.7233,3.5669,8.8255,2.5862,1.9728,0.3742,3.8393,-2.6779,-7.746,-5.1798,-3.8728,-2.7741,-2.2188,0.4162,-0.6484,2.1321,2.0447,4.7145,9.2793,7.5232,8.3591,3.9782,10.5295,11.7097,10.5445,12.137,12.5237,12.5237,12.2571,16.0261,12.7651
-8.2617966848944,40.2862434332639,0.0169,3.9989,0.4503,0.8648,0,0.301,0.164,-6.6384,-9.2597,-8.2878,-12.9708,-14.0624,-10.4918,-11.5157,-7.9505,-8.4723,-7.4148,-4.9991,-10.3507,-10.1122,-10.6206,-10.1944,-11.1576,-10.773,-7.3283,-8.2033,-1.6528,-2.5275,-1.2522,-2.2174,-0.4524,-2.1373,-3.1494,2.2327,2.3291,-3.5384,-4.8098,-5.745,-2.6434,-0.5093,-0.8555,0.7465,-1.4904,2.2673,3.1772,5.4111,8.5388,8.0814,4.0283,6.034,7.2827,12.1919,11.1455,9.9491,9.3577,6.574,7.9317,6.6911,7.4495,11.5361,14.4121,8.1656,7.1695,2.1512,6.5315,5.6543,2.6262,7.0728,8.026,7.982,9.7129,7.005,8.4485,11.8764,6.7344,10.9473,10.7018,13.9981,19.0259,19.2786,21.5958,26.1288,15.6454,18.2063,22.3287,22.432,20.461,22.3715,18.8155
-8.26152719030916,40.2862434332639,0.0154,-6.9851,0.48,0.9237,0,1.595,-3.0527,0.2706,-2.3329,-1.4534,0.5968,3.1384,2.846,2.0188,2.2916,4.9994,3.3551,5.111,1.8217,7.4387,4.4953,7.3432,7.2101,8.0966,11.2873,8.0337,6.6729,2.6327,3.5715,2.4533,3.844,4.4168,2.7913,2.3108,2.0764,3.0685,6.0224,7.6043,11.5142,4.9508,10.5148,12.808,10.1847,12.6934,9.7658,5.7159,6.5358,6.9724,5.2335,-0.3147,0.1217,-0.194,-0.5756,-2.634,-3.0214,-3.1907,-2.032,-2.5185,-1.5175,0.279,-0.5934,-2.519,-4.5527,-8.5376,-6.8991,-4.0161,-6.1585,-7.1045,-7.8637,-5.312,-6.2881,-8.0909,-8.553,-7.1969,-8.7484,-9.7052,-7.9476,-6.9524,-5.4897,0.2687,-0.6773,1.8467,-3.8635,-0.0615,-1.1078,3.0898,2.5136,5.9716,3.7236
-8.26098820113869,40.2862434332639,0.0124,-4.8056,0.4872,0.9885,0,0.3821,0.6678,0.7612,0.9718,1.5254,0.1857,0.7594,-0.9847,-2.2971,-1.7524,-0.148,-1.9099,-2.023,-2.3376,-2.7958,-3.6377,-1.3408,1.9711,2.4282,5.4189,2.6917,0.4803,0.4596,0.3821,5.1933,2.6569,-2.6827,-3.0856,-2.5236,-4.8282,-5.5034,-4.4822,-3.4916,-2.3433,-5.2348,-5.2554,-5.1061,-6.7209,-12.2143,-9.3534,-10.2043,-10.2566,-9.1894,-9.2241,-9.1148,-7.7736,-6.0475,-7.2241,-6.2904,-9.0387,-10.213,-10.3509,-11.8051,-10.6566,-10.278,-10.991,-11.0883,-10.9456,-9.0317,-12.1141,-11.5231,-15.1581,-11.7409,-16.0195,-13.6335,-16.0563,-15.4,-16.0761,-17.4249,-18.481,-19.6041,-18.6823,-17.3632,-14.7947,-16.3622,-14.2982,-19.5723,-18.2143,-17.3459,-19.7272,-16.5122,-16.8961,-15.4328,-15.182
-8.26071870655345,40.2862434332639,0.0135,-9.3328,0.5103,0.9958,0,2.2689,2.7555,4.7258,5.7177,4.618,2.6543,2.3865,1.6183,1.181,1.5212,0.1,-3.8906,-6.8038,-3.5649,-3.5197,-7.693,-8.5334,-3.6283,-4.0478,-1.9442,-4.9368,-5.3507,-5.5717,-4.3149,-2.6801,-5.2664,-5.4213,-6.0535,-7.8865,-7.144,-7.7597,-4.4911,-3.8836,-5.0141,-5.4007,-2.5613,-3.4365,-5.4223,-8.4223,-8.334,-5.6648,-3.7823,-4.9225,-4.7421,-6.739,-7.4696,-5.7775,-6.9494,-7.0069,-9.6339,-13.7457,-12.4309,-16.0759,-16.3472,-18.6658,-16.818,-19.2996,-18.7819,-15.4662,-20.294,-20.2765,-20.8129,-21.4564,-22.8285,-22.3645,-23.7848,-24.2562,-23.1713,-25.309,-22.4076,-24.7603,-25.3914,-23.8267,-22.425,-23.5483,-22.8371,-24.6813,-24.6726,-24.6775,-23.7118,-19.412,-20.6947,-19.8554,-20.5797
-8.26044921196822,40.2862434332639,0.013,1.6657,0.4681,0.9676,0,1.3503,0.0371,0.6279,-0.7463,-2.6968,-2.2474,-0.5388,-3.9789,-3.0589,-4.0251,-0.371,-3.267,-4.3291,-0.3462,-0.8635,-1.9869,1.7407,3.6665,0.8196,0.3541,1.7963,8.1957,6.4128,8.816,9.246,10.6599,10.2984,9.3394,9.1895,7.9627,10.4335,11.2583,10.2849,12.6132,15.4593,14.2057,16.0947,15.383,9.7112,14.7166,18.3757,20.7246,21.4049,22.564,19.3291,19.005,20.7206,21.6716,19.8768,17.7619,16.6519,16.8861,16.8336,17.6582,14.3119,15.2299,14.3383,14.8344,14.1334,14.3747,11.2444,12.7644,8.7219,9.367,6.0935,7.9401,6.8291,6.9402,2.9743,8.2153,4.2153,5.3158,4.8166,6.2396,6.1158,5.2943,4.3382,4.627,4.7875,5.8186,8.5381,8.6708,9.0947,8.7756
-8.26017971738298,40.2862434332639,0.0126,3.3943,0.497,0.9466,0,0.1494,0.6468,1.7757,-0.7251,-0.3052,3.138,2.9842,1.36,2.2215,3.9496,6.6626,1.5876,0.1583,2.9508,3.3975,-0.3838,0.9475,2.7164,-0.7718,-3.9164,-4.6958,-5.9747,-5.3231,-3.7139,-3.1913,-0.0834,-1.8985,-3.7731,-2.0948,-3.7072,-2.6024,-2.5424,-5.4188,-4.5703,-3.2664,-6.5674,-4.9332,-4.4595,-5.5171,-1.6049,3.7699,5.3507,5.8237,7.3018,6.5149,5.8909,8.245,8.5917,6.825,2.7248,2.2384,1.7343,1.9322,1.3146,1.946,-1.1794,2.2778,3.0731,1.0943,2.7358,1.3383,2.8143,0.6351,0.869,-2.1097,1.6043,-2.3616,0.5011,-5.5581,0.4681,-4.9074,-2.865,-3.282,-3.0453,-3.2965,-2.5927,-5.1612,-4.2014,-4.2679,-0.8614,0.5006,2.6991,2.4262,1.9824
-8.25991022279775,40.2862434332639,0.0139,-15.66,0.5383,0.95,0,-0.1981,-0.0732,1.688,-0.8257,1.5867,0.9486,2.1811,-0.2791,-0.7723,1.1471,1.0277,-1.9344,-1.4312,-1.9906,-5.1035,-7.0143,-3.4578,-4.7308,-7.0369,-5.5265,-5.5394,-6.6447,-4.5273,-5.2661,-7.1045,-7.0896,-6.5457,-8.5767,-7.7711,-9.6312,-13.0566,-13.0071,-14.952,-14.0895,-15.2843,-13.9754,-15.0696,-15.4558,-14.7208,-14.1018,-16.762,-15.1585,-15.4868,-15.5362,-17.1531,-16.835,-17.9935,-17.4843,-17.6403,-23.1153,-21.9097,-23.2397,-23.8569,-25.1777,-26.6395,-28.7,-26.5036,-25.9294,-27.7884,-25.1771,-27.3698,-25.5924,-27.5251,-27.9344,-28.361,-26.3404,-30.5319,-28.1705,-31.116,-29.9677,-31.8342,-32.3073,-30.5338,-31.5495,-29.8674,-32.2294,-32.8698,-33.9724,-33.0681,-30.8934,-32.3378,-31.244,-33.6438,-31.7604
-8.25964072821251,40.2862434332639,0.0153,-0.8855,0.5292,0.9249,0,-0.4379,0.5511,-0.7106,-2.1103,-6.7416,-4.6077,-6.048,-5.935,-7.5788,-8.0487,-8.6215,-11.3478,-11.226,-10.8238,-13.0825,-13.2896,-13.8418,-15.0728,-11.9432,-11.6322,-13.2317,-13.1846,-12.8329,-11.8928,-11.6815,-12.8207,-14.7033,-11.5237,-10.5314,-10.9264,-12.7559,-15.7947,-15.2102,-18.1765,-18.3573,-17.369,-17.1134,-16.0483,-20.1363,-19.4817,-22.4689,-20.9084,-18.668,-20.3725,-18.8396,-20.7778,-19.147,-15.8083,-15.806,-14.9869,-13.5552,-14.9218,-13.7304,-14.5654,-15.6921,-13.8604,-14.3248,-16.7671,-17.3099,-15.2015,-17.1021,-17.8252,-17.0931,-20.1461,-20.4405,-19.4058,-23.5264,-20.4954,-23.2319,-23.7532,-23.8281,-25.1459,-22.547,-21.6048,-23.8063,-25.3963,-26.7002,-24.243,-23.3371,-24.8282,-22.5361,-22.4205,-21.469,-19.72
-8.26206617947963,40.286449009781,0.0135,36.1719,0.5441,0.9889,0,1.6225,-0.6047,-1.3637,-3.0632,-1.1286,-4.6401,-4.9954,-4.5846,-4.4049,-5.0343,-4.8612,0.1681,1.4623,0.7106,0.1082,0.5485,6.5076,7.8366,5.221,10.587,15.5183,21.7739,20.1187,20.908,19.7097,21.2165,19.9196,27.9575,26.2536,29.8493,32.6989,31.2711,26.8525,33.6473,37.7892,44.1203,48.7654,54.9369,58.8001,56.3128,57.0737,54.745,59.8549,64.5607,68.6527,68.6284,67.4415,66.0676,63.328,64.3076,64.3252,65.3782,65.7828,64.1653,62.3794,63.6821,61.1681,63.0437,58.7041,62.4088,56.4321,54.8806,50.6387,49.521,52.092,49.1589,50.9933,50.9481,48.9821,47.423,53.0811,50.2627,44.1591,46.5261,43.1417,46.7475,47.5398,50.7078,54.2539,53.7787,53.5007,55.7596,59.2932,61.7399
-8.2617966848944,40.286449009781,0.0176,-8.8579,0.4242,0.8834,0,-1.9216,-1.234,-2.6282,-3.1403,-6.7462,-2.412,-5.1537,-7.7792,-4.03,-4.1963,-3.9714,-8.9477,-8.4979,-11.0609,-12.5593,-12.1642,-11.1354,-10.7284,-12.5383,-6.0589,-7.6773,-6.8174,-10.49,-9.1003,-17.2432,-10.2415,-9.9807,-10.3678,-8.4011,-6.3238,-8.4189,-8.1721,-5.5295,-7.984,-12.4166,-13.6754,-14.7961,-13.8156,-13.7759,-15.5392,-11.6797,-17.3149,-9.5034,-9.0112,-7.4311,-10.4117,-7.4874,-9.8069,-10.1786,-6.7263,-5.8264,-4.3712,-4.7642,-4.5535,-7.4526,-8.5243,-7.5058,-9.6783,-11.6814,-9.0258,-14.1891,-14.1145,-12.5816,-16.0736,-14.0318,-13.9952,-12.5384,-16.536,-13.9646,-17.2659,-14.4706,-15.2002,-16.0377,-12.1724,-15.6938,-15.7083,-17.9294,-19.0373,-15.3688,-14.8688,-14.5602,-12.3585,-15.3677,-16.8115
-8.26152719030916,40.286449009781,0.0156,-7.6912,0.4217,0.8555,0,-2.8871,-6.2185,-5.4881,-5.6748,-4.9782,-8.145,-6.6671,-8.4461,-9.1355,-7.5763,-6.135,-9.7291,-12.2381,-10.3099,-15.9071,-15.8956,-14.9646,-14.4017,-13.0965,-16.9129,-13.5856,-15.0861,-12.5683,-14.3509,-17.6744,-10.6429,-10.3403,-11.1095,-12.223,-9.9055,-9.6789,-10.7954,-12.4966,-13.8347,-14.7315,-10.6714,-9.6112,-9.7734,-11.6438,-9.9542,-16.7364,-13.3206,-12.3477,-12.4764,-8.8553,-8.9072,-9.5821,-10.8762,-14.4095,-16.1473,-16.8426,-15.9218,-17.9244,-17.6568,-22.1994,-21.6251,-18.5772,-21.7465,-17.7849,-17.0452,-18.8887,-20.0811,-18.4556,-19.4922,-18.2213,-20.1879,-19.0539,-22.6648,-20.074,-25.7713,-28.0526,-30.5608,-26.333,-29.7798,-27.4511,-31.3871,-30.8462,-29.4719,-28.9206,-27.8052,-23.1341,-25.1135,-24.0031,-24.9564
-8.26125769572393,40.286449009781,0.0164,-10.8744,0.4505,0.8906,0,1.5188,1.7362,1.0079,1.6992,1.2594,-0.4405,1.5902,1.3389,-3.083,-1.5806,-0.8355,2.5989,4.2769,-1.1162,-3.2973,-0.9621,-6.6367,-5.0545,-4.8128,-4.9189,-3.9192,-5.1992,-3.7316,-6.7377,-1.0354,-1.2614,-4.0815,-4.2197,-9.2406,-11.7423,-10.0834,-7.6688,-9.0521,-9.9607,-8.9838,-6.2499,-6.2038,-3.2447,-7.1554,-7.5671,-5.8402,-8.0337,-11.5164,-14.2707,-15.1107,-11.261,-13.3544,-13.9936,-9.9871,-16.4404,-19.1633,-19.2654,-21.6549,-20.7177,-21.0977,-25.1961,-25.5004,-26.2351,-25.5748,-27.2598,-27.5925,-27.3099,-29.6599,-28.4896,-27.7963,-29.4278,-28.2144,-29.1608,-29.103,-28.2439,-27.7919,-26.65,-25.1134,-23.8504,-23.6707,-22.6196,-23.0581,-27.4753,-23.2474,-19.224,-18.815,-20.769,-19.3989,-21.1531
-8.26098820113869,40.286449009781,0.0118,4.9254,0.442,0.9829,0,0.1242,-0.444,-0.7098,-1.4024,-2.8014,-0.3463,-1.5786,-2.8142,-3.7143,-3.9627,-4.4302,-2.8237,-0.2759,-1.5474,-2.9285,-3.1154,-3.5718,-1.8496,-5.4807,-5.1532,-6.6353,-1.5377,-2.9192,-3.6372,-1.7086,-2.4157,-4.2579,-3.3455,-3.1893,-3.0972,-4.8346,-4.8008,-7.2969,-5.3329,-6.0087,-6.5984,-5.2751,-3.3756,-0.3407,-1.9747,-0.8318,-0.653,0.2885,0.6444,-0.454,2.4404,2.6705,1.0911,-0.5884,2.3438,0.2933,1.5402,0.8144,2.0587,2.0649,2.208,2.9141,2.3303,0.5011,3.0543,1.4091,1.9435,1.3122,-1.0425,-0.5537,-3.0355,-3.5306,-2.4827,-4.9277,-4.9342,-5.682,-5.3498,-4.1568,-3.0751,-3.6083,-3.179,-5.4524,-6.8402,-4.4028,-3.9136,-3.143,-0.4209,0.1602,-1.2881
-8.26071870655345,40.286449009781,0.0107,0.9685,0.4876,0.9947,0,1.3218,0.425,0.7339,1.0738,0.2045,0.4796,0.043,-0.3079,-1.0404,-0.3411,-3.1312,1.2715,2.2041,1.8286,2.487,-0.9593,-0.9793,0.4093,-2.595,-3.0381,-2.716,-1.0297,-1.9281,-1.4063,1.6065,0.4605,-1.2832,-0.7271,-2.7027,-1.6315,-1.7208,-2.8934,-4.0328,-2.5106,-4.4321,-4.2631,-3.4628,-4.7513,-7.1259,-5.2265,-2.518,-4.4639,-2.5686,-1.721,-3.2119,-0.8665,-0.9659,-1.621,-4.5465,-3.9266,-3.8146,-3.5741,-5.0192,-4.2967,-4.5425,-5.4629,-7.0149,-5.0947,-8.4443,-5.8138,-8.5974,-8.1902,-7.7241,-9.3385,-9.0908,-8.7201,-10.6224,-7.4136,-12.8019,-9.9391,-12.8307,-12.2487,-11.616,-7.9776,-7.4244,-9.6845,-8.0284,-9.9515,-8.3794,-7.2421,-6.1345,-4.6299,-4.0838,-4.2948
-8.26044921196822,40.286449009781,0.0157,-6.5741,0.5492,0.9741,0,0.8665,-0.1502,2.8517,3.5916,3.0678,-2.1289,-2.0484,-3.4991,-3.8859,-4.2302,-0.6356,-1.4672,-0.3515,0.3666,1.7358,-4.8055,-0.92,-0.8306,-2.2503,-4.6599,-2.1222,-2.2506,-3.2255,1.4847,3.8295,2.7271,1.1543,-2.2463,-4.1785,-5.3116,-5.3238,-5.0604,-5.6339,-4.4948,-6.0418,-6.3236,-7.3796,-6.0897,-8.3707,-8.0099,-5.3814,-5.4044,-5.4714,-4.2622,-5.3177,-6.4428,-7.6309,-8.3268,-8.6052,-8.9907,-7.9787,-8.2314,-6.8946,-7.7355,-9.532,-12.6329,-13.1675,-10.091,-10.834,-10.4911,-11.2254,-11.0211,-11.5073,-10.5326,-12.6041,-11.4472,-14.3717,-13.2532,-16.3402,-12.8535,-17.0687,-18.9397,-16.6507,-13.8939,-12.5963,-15.6685,-13.8871,-13.8121,-13.8363,-15.3085,-13.9435,-13.6779,-14.8506,-14.7126
-8.26017971738298,40.286449009781,0.0136,-5.778,0.5718,0.9464,0,0.7533,-0.1699,-3.2574,-3.3496,-3.9413,0.1041,0.4478,-2.8138,-1.0077,-0.6085,-2.45,-4.1237,-3.6251,-2.5508,-2.0654,-9.0826,-6.8366,-4.8604,-8.307,-5.6012,-3.6021,-1.733,-1.6832,1.485,4.7703,4.1127,3.3451,1.6998,1.1789,-0.6442,-0.8288,2.206,3.1328,3.7004,2.0821,-0.2628,-3.0193,-3.269,2.0947,0.2945,1.0218,-0.0736,-0.5809,-0.0959,-1.849,-2.5874,-6.5708,-5.5473,-6.7919,-9.3787,-8.6893,-6.9273,-7.0888,-6.0273,-8.2168,-12.9879,-14.9075,-11.229,-11.8348,-11.8294,-12.1651,-10.1176,-12.8877,-10.4787,-11.9621,-8.9693,-12.9569,-10.1064,-15.7142,-8.8132,-15.348,-18.4069,-14.811,-14.1083,-13.8568,-13.8827,-14.0625,-13.4597,-12.701,-13.3322,-13.7808,-12.1315,-12.2798,-12.4493
-8.25991022279775,40.286449009781,0.0139,-9.6102,0.5481,0.9188,0,0.7185,-1.024,-0.0277,-1.2576,-1.5042,1.1619,2.3118,-2.1885,-1.0657,-1.4354,-3.9524,-1.3068,-2.2992,-1.7334,-2.1348,-5.3504,-4.4407,-2.4241,-4.8919,-5.0479,-4.2656,-4.9442,-4.4535,-4.6457,-2.8084,-3.5748,-6.2023,-9.8162,-8.8034,-10.0114,-12.8527,-11.0175,-9.2069,-9.5049,-11.6137,-13.0452,-15.5518,-16.1444,-11.3966,-12.5023,-12.1361,-13.591,-11.9147,-12.8157,-14.5119,-14.1385,-16.4787,-14.9125,-16.1647,-19.0676,-18.3498,-19.0634,-15.7882,-16.6578,-18.5746,-20.0695,-18.2595,-18.8944,-20.0461,-19.6631,-20.2035,-18.435,-19.8333,-18.4139,-19.6532,-16.4121,-19.0226,-17.9055,-21.3777,-18.6424,-20.6451,-21.7787,-20.0067,-20.3963,-19.1353,-20.6511,-20.5331,-19.6407,-17.7231,-18.7948,-19.3726,-19.6234,-19.4643,-18.6568
-8.25964072821251,40.286449009781,0.0159,-7.7487,0.4726,0.8885,0,0.6967,0.3628,0.7004,-1.0534,-1.5181,-0.1975,-1.1798,-5.966,-3.6727,-4.7368,-8.0285,-5.3544,-4.9224,-7.7079,-9.1833,-10.5595,-14.299,-10.3894,-10.2322,-10.2512,-10.5747,-10.3215,-15.698,-14.1604,-15.2829,-14.3762,-14.1426,-16.1089,-16.4553,-14.9563,-16.2599,-18.4435,-18.9203,-20.5598,-17.2042,-20.345,-24.3658,-23.8644,-24.6657,-26.3445,-26.7053,-25.8449,-26.806,-25.9589,-27.671,-27.8649,-27.9219,-29.0509,-27.3237,-28.1035,-27.9465,-26.7373,-27.2321,-26.4258,-29.8832,-30.4043,-27.2258,-28.8872,-28.1959,-27.7028,-26.5532,-24.8543,-25.4912,-25.1204,-24.7522,-26.1558,-26.2646,-28.7515,-29.3483,-28.0743,-27.4857,-28.858,-27.9811,-24.1901,-21.0247,-22.8293,-23.3323,-21.8199,-20.9776,-20.4464,-19.4148,-19.6233,-19.3576,-21.4521
-8.26206617947963,40.2866545856729,0.0101,16.1074,0.5923,1.0,0,-3.5141,-4.9244,0.9745,-0.9467,-2.7594,2.4413,-0.0415,2.1569,4.4836,6.8175,9.3063,5.2331,11.601,17.4162,17.9783,19.0169,20.6408,21.684,20.9357,23.4477,25.5153,27.6638,25.1614,28.1475,37.3247,35.2569,36.1192,37.663,39.6807,43.2118,37.4352,35.2263,31.014,32.6322,39.6854,38.7305,46.0531,45.0565,47.8158,38.5735,28.7083,39.5335,38.2772,44.9275,49.3647,47.3913,36.1293,29.3145,31.2163,28.4137,27.3755,28.5976,29.333,27.3514,21.9609,28.219,26.7408,26.9631,30.2197,33.6951,29.6325,31.3824,28.6692,33.5438,34.1856,32.4082,35.0734,32.2992,34.0419,30.8066,42.1917,37.2822,33.4016,31.4021,25.9654,30.1916,29.3446,30.8278,31.0274,27.1644,25.6876,26.0423,24.1139,26.7907
-8.2617966848944,40.2866545856729,0.0149,3.2371,0.4872,0.9563,0,-4.5037,-3.5407,0.0501,-0.8225,-1.9361,-0.0045,-0.0556,2.3945,2.349,3.8169,5.6632,0.8564,4.1748,13.0292,14.2637,12.8289,14.011,19.2674,19.1226,14.5498,20.1585,21.5106,22.8443,24.0575,35.5089,32.9568,31.9514,30.8682,37.5027,41.524,33.6009,39.0992,32.3807,32.483,24.2502,26.2749,26.4162,26.3432,31.6198,24.7262,19.7641,16.6441,19.1592,20.9698,21.4545,18.2764,20.5737,11.6885,15.3289,16.3136,15.9254,17.9306,15.9321,18.517,15.5589,15.9549,14.9153,14.8778,19.0332,20.5902,19.128,20.1016,16.4726,17.694,16.793,13.7207,16.4743,13.5771,13.6191,11.847,12.3706,16.2963,12.8738,9.1438,6.4024,8.7505,10.5974,13.3652,15.5514,9.8643,13.5756,14.8933,11.402,13.3916
-8.26152719030916,40.2866545856729,0.0167,-5.2324,0.3849,0.8378,0,0.4772,2.0232,1.5753,-0.209,-1.6626,0.2043,-1.7446,-4.6501,-3.5018,-0.9419,0.4153,-2.9759,-1.8693,-1.3958,-4.8862,-3.1432,-0.9355,0.1921,1.0927,-0.9078,-4.5327,-3.9955,-6.2688,-8.4305,-2.9416,0.1965,-3.9422,2.7834,2.1843,-2.6759,-1.1956,2.4061,2.4984,10.3562,10.3922,8.4181,4.5156,2.1921,4.1539,1.8437,-6.2875,-0.4874,1.3146,0.049,-3.8919,-1.3083,5.129,-1.0684,-5.024,-9.0244,-10.2498,-9.9616,-11.7705,-10.6369,-17.6944,-17.5547,-15.8312,-14.3807,-16.5195,-13.8911,-17.3197,-19.3614,-20.6626,-23.1038,-23.5447,-23.1887,-22.622,-25.6748,-24.2317,-27.0574,-22.1843,-16.5339,-19.0026,-23.1163,-22.9499,-21.041,-22.501,-19.585,-19.8149,-15.0319,-12.3294,-12.3675,-9.6874,-5.3463
-8.26125769572393,40.2866545856729,0.0158,6.2331,0.4951,0.8928,0,-0.8871,0.8386,4.7527,5.8633,5.3666,1.7188,2.8212,5.548,1.1382,2.8865,4.4754,8.9677,8.9974,9.6993,6.3482,6.1963,10.0971,8.0747,7.3617,6.1526,7.2247,5.63,10.4977,9.7927,8.228,3.958,2.4754,6.6115,4.2605,-1.6949,0.686,2.3727,3.2136,6.2544,3.7786,9.5973,11.8458,14.4823,20.0481,12.6436,10.3623,15.3465,13.6103,12.0288,9.339,7.5626,16.5091,15.4735,13.4974,12.1513,12.8422,13.6003,12.8249,13.3832,13.2797,9.6484,7.111,12.8234,15.4556,17.4163,14.3953,15.7735,12.7096,14.0138,14.0255,12.2165,14.2252,13.5005,14.139,10.3878,16.1976,19.6787,20.474,19.3582,29.7075,25.286,28.5392,24.7759,25.5614,28.3375,30.3273,26.8067,30.507,31.5646
-8.26071870655345,40.2866545856729,0.0138,-0.0694,0.5139,1.0,0,-0.4829,-0.4804,0.852,1.0689,0.2043,-0.9484,-2.4609,1.6503,-2.0217,-3.1609,-1.4483,-2.753,-2.0824,-2.7292,-0.6664,-4.821,-3.474,-1.7276,-5.3545,-6.8622,-5.6532,-6.9732,-8.2713,-7.8393,-5.7401,-5.0341,-6.8268,-5.0523,-3.639,-3.5501,-3.8196,-3.3889,-8.3084,-8.0725,-7.4017,-8.3952,-5.9924,-8.83,-6.1571,-7.096,-4.4389,-7.3105,-4.8702,-3.2225,-3.1759,-5.9617,-6.422,-3.9554,-5.608,-5.8655,-4.8225,-7.2629,-0.6754,-3.2062,-5.921,-4.9842,-3.4043,-4.6629,-3.5336,-5.1679,-3.752,-4.7593,-0.8474,-2.0667,-1.2882,0.0957,-2.4194,-1.1478,-3.0449,0.1183,-2.9529,-2.3113,-1.8768,2.7526,1.7621,2.2946,2.242,0.9026,1.1152,8.7356,7.1957,7.8301,4.3621,8.4458
-8.26044921196822,40.2866545856729,0.0111,-7.9133,0.4937,1.0,0,-1.2499,-1.6648,0.0075,0.9255,0.987,-2.4684,-1.4083,1.031,-3.4249,-4.4254,-1.8016,-1.7774,-2.6278,-3.3879,-3.2877,-4.8467,-3.0796,-4.8164,-4.5622,-6.1836,-7.165,-6.5143,-6.3436,-5.6386,-5.257,-2.5834,-5.0753,-7.0913,-6.7116,-8.4239,-6.9018,-6.6039,-8.7188,-8.4453,-9.2675,-10.5767,-11.1904,-10.1632,-13.1854,-14.1079,-12.454,-12.6607,-13.013,-10.7354,-10.3184,-13.554,-14.5637,-13.7809,-14.0968,-15.7277,-16.0316,-18.3688,-13.5101,-16.919,-17.8127,-16.3732,-16.7032,-16.4059,-16.9649,-16.8545,-19.7928,-16.4229,-17.9555,-14.1026,-17.3779,-12.6042,-17.9411,-13.6573,-18.4673,-12.8653,-18.3276,-18.8656,-17.0953,-12.8933,-13.6386,-12.5597,-11.8986,-12.8212,-14.3527,-17.8596,-18.1852,-18.7741,-18.8587,-13.6818
-8.26017971738298,40.2866545856729,0.0109,-17.9037,0.5567,1.0,0,-1.0082,-1.2137,2.6767,4.4501,6.305,-0.671,0.5306,4.973,-1.5569,-2.2335,2.375,-0.0223,0.7623,-1.1125,-2.6419,-3.7983,-2.0302,-1.698,-2.8284,-3.786,-6.5684,-5.1835,-1.8908,-4.5719,-3.6413,-2.3455,-6.5061,-8.6943,-9.0764,-11.8606,-10.3565,-10.0816,-8.6965,-9.8764,-10.97,-14.0205,-17.2187,-17.8968,-26.3162,-26.2145,-26.6154,-25.8374,-26.6094,-25.0907,-26.4945,-25.2633,-27.9109,-26.2964,-28.2016,-29.3604,-31.0433,-32.7437,-30.9989,-32.3076,-28.3894,-25.8312,-28.4364,-27.0747,-27.3812,-27.9887,-31.4318,-24.285,-28.3757,-24.3666,-30.9389,-24.8486,-30.3076,-26.4485,-32.2014,-24.6978,-32.0956,-34.1349,-32.1121,-29.7841,-32.6034,-31.6512,-35.273,-32.3193,-32.5415,-42.5435,-41.6204,-45.6036,-42.9567,-42.6094
-8.25991022279775,40.2866545856729,0.0129,-3.8545,0.5997,0.9776,0,3.4393,2.2079,0.1241,1.1712,2.2635,2.4571,5.9496,7.6969,4.2868,3.6894,5.0655,6.7769,6.4411,5.3601,2.5815,1.2041,2.0384,3.514,1.8439,0.8674,1.132,2.6254,3.1813,7.1101,6.9137,4.8766,2.2224,-1.4972,-1.5361,-2.3754,-1.2574,0.5688,2.9886,3.3978,-0.4419,-0.0238,-0.7596,1.3895,1.1682,1.5152,-2.1478,0.6404,0.5896,-0.4448,-4.1653,-1.6268,-4.8114,-3.6973,0.335,-4.7668,-2.7599,-2.2239,-3.9414,-3.3304,-2.6097,-0.6432,-1.4631,0.3381,1.6189,-0.8884,-1.8128,2.081,0.114,2.5551,-2.0654,-0.0522,-0.6471,-0.5918,-2.9013,3.6784,-3.3458,-4.7901,-2.2798,-6.6301,-4.8611,-6.239,-10.1232,-2.2221,-4.5086,-9.5695,-6.9173,-8.2553,-1.9186,-2.5368
-8.25964072821251,40.2866545856729,0.0141,-0.9092,0.4939,0.8979,0,2.325,1.8123,5.0938,3.11,2.2219,3.9522,4.6779,3.2972,1.996,2.2505,2.1917,4.5854,2.9248,2.6516,2.3282,2.9622,2.6467,2.2409,1.3947,-2.9008,0.6518,1.0823,-1.2057,-0.9197,-1.6354,-0.4819,-1.7376,-7.8261,-6.4685,-10.8577,-10.6514,-11.3214,-12.0366,-11.6805,-12.0539,-8.516,-5.2121,-7.4036,-5.6779,-5.6642,-7.9173,-8.9111,-8.0296,-9.6073,-7.9604,-9.7632,-7.4218,-12.5082,-8.1569,-6.9067,-6.9171,-6.1237,-7.9008,-5.5405,-5.3901,-8.011,-9.3029,-7.1402,-7.0545,-5.5206,-4.9181,-1.0706,-5.0391,-4.0713,-5.0508,-3.046,-5.897,-3.03,-5.8336,-1.2835,-1.7793,-1.6107,-0.2766,0.7685,0.4383,0.4617,-2.1002,-1.3541,-1.7719,-3.2537,-1.1986,-1.433,1.371,4.7312
-8.25937123362728,40.2866545856729,0.015,-2.052,0.4268,0.8716,0,-2.4356,1.3863,4.6164,4.0724,1.1776,1.8078,2.4913,0.7835,1.0964,-1.2337,1.7349,-2.5443,-0.2019,3.0334,4.7217,7.3896,4.4519,3.8575,4.1631,0.9759,-0.7307,-4.0469,-7.5227,-6.4267,-0.432,-2.8935,-3.1008,-7.1013,-5.1616,-6.4773,-10.3745,-16.1552,-10.8544,-6.3368,-10.4181,-4.2663,-8.201,-8.6132,-12.7922,-9.4046,-8.8344,-11.0769,-10.8326,-5.7136,-7.0943,-8.7161,-9.9227,-8.7399,-8.3722,-8.6551,-7.3611,-5.4899,-6.9046,-4.4687,-4.3186,-7.1707,-8.1811,-4.5145,-4.3893,-2.8445,-8.6563,-10.7038,-11.9621,-14.5841,-11.6637,-12.9522,-8.0303,-10.3424,-8.3855,-7.1464,-8.7806,-9.6347,-10.7725,-8.5283,-9.4302,-13.1327,-19.1862,-14.7868,-13.6468,-14.2239,-13.1224,-10.0516,-9.1351,-12.3242
